Total itemsets found: 10097
Elapsed time: 7224ms
[52977] - 18.029999999999998
[30263] - 18.200000000000003
[30255] - 18.28
[52957] - 18.369999999999997
[18711] - 18.599999999999998
[51933] - 18.68
[30335] - 18.680000000000003
[30327] - 19.33
[18699] - 22.490000000000006
[47707] - 23.2
[27385] - 24.830000000000002
[18515] - 25.810000000000002
[52961] - 25.96999999999999
[18839] - 26.049999999999994
[52965] - 26.13000000000001
[10893] - 26.459999999999997
[52425] - 27.939999999999994
[18827] - 28.819999999999997
[18467] - 28.949999999999996
[47249] - 29.229999999999993
[30283] - 29.79
[30315] - 30.62
[18535] - 31.49
[18751, 18763] - 19.993100000000005
[18763, 18747] - 19.202299999999997
[18763, 18743] - 17.965400000000006
[18763, 18767] - 21.305199999999992
[18763, 18755] - 20.138999999999996
[18763, 18595] - 18.033799999999996
[48647] - 31.65
[18751, 18759] - 20.694200000000002
[18759, 18747] - 18.261199999999995
[18743, 18759] - 19.657499999999995
[18759, 18767] - 19.650200000000005
[18759, 18755] - 19.721399999999996
[12359] - 32.86000000000001
[18519] - 34.01000000000002
[18495] - 34.690000000000005
[18715] - 34.99
[47257] - 35.960000000000015
[47261] - 36.32999999999999
[30319] - 40.75999999999999
[18663, 18655] - 19.16100000000001
[18655, 18659] - 18.5293
[18655, 18651] - 18.788999999999998
[18719] - 42.77
[18571, 18539] - 19.562799999999996
[18567, 18539] - 19.5906
[18555, 18539] - 19.266
[18543, 18539] - 22.946599999999997
[18539, 18559] - 18.331500000000005
[18431, 18539] - 18.346300000000003
[18583, 18539] - 18.188599999999997
[18551, 18539] - 20.488599999999998
[18563, 18539] - 20.1986
[18587, 18539] - 18.9212
[18539, 18547] - 19.149699999999996
[18751, 18747] - 20.5968
[18751, 18567] - 18.0832
[18751, 18451] - 18.6551
[18751, 18743] - 23.210999999999995
[18751, 18679] - 18.339499999999994
[18751, 18767] - 23.050500000000003
[18751, 18555] - 18.9534
[18751, 18755] - 21.248299999999993
[18751, 18431] - 18.1438
[18751, 18595] - 19.038100000000004
[18443, 18751] - 18.562299999999997
[18751, 18551] - 20.0966
[18751, 18599] - 19.2388
[18751, 18459] - 19.4402
[18751, 18563] - 20.1083
[18751, 18683] - 18.252999999999997
[18751, 18603] - 19.419300000000007
[18751, 18447] - 17.8861
[18751, 18427] - 18.2979
[10837] - 44.07
[51929] - 44.79999999999999
[18543, 18571] - 19.2379
[18571, 18559] - 17.8856
[18571, 18551] - 18.327200000000005
[18571, 18563] - 18.8835
[18587, 18571] - 18.152400000000004
[48635] - 45.660000000000004
[51937] - 46.690000000000005
[20803, 18779] - 22.731499999999997
[20807, 20803] - 20.6707
[12423] - 47.129999999999995
[18743, 18747] - 19.141799999999996
[18767, 18747] - 20.684400000000007
[18755, 18747] - 22.928499999999996
[18443, 18747] - 18.148500000000002
[18551, 18747] - 18.6601
[18555, 18567] - 17.913999999999998
[18543, 18567] - 21.0235
[18567, 18559] - 18.3285
[18567, 18583] - 18.4439
[18567, 18551] - 21.286299999999997
[18567, 18563] - 18.485699999999994
[18587, 18567] - 20.805
[18567, 18547] - 21.746599999999994
[30311] - 47.92999999999999
[47703] - 48.8
[48695] - 49.44999999999999
[18631, 18639] - 19.3239
[18631, 18627] - 19.998400000000004
[18631, 18635] - 20.3804
[18631, 18643] - 20.540200000000002
[47281] - 51.09
[18639, 18647] - 18.289900000000006
[18663, 18647] - 19.5651
[18647, 18659] - 18.143600000000003
[18651, 18647] - 20.702500000000004
[18451, 18679] - 19.200900000000004
[18451, 18767] - 18.023200000000003
[18555, 18451] - 18.1404
[18543, 18451] - 18.220899999999993
[18451, 18439] - 18.9352
[18451, 18595] - 18.40199999999999
[18443, 18451] - 22.018500000000003
[18451, 18551] - 19.1457
[18599, 18451] - 19.445900000000005
[18451, 18459] - 19.640699999999995
[18451, 18563] - 19.091799999999996
[18451, 18683] - 20.4878
[18451, 18603] - 18.2411
[18675, 18451] - 18.957599999999996
[18451, 18447] - 20.388399999999997
[18775] - 52.079999999999984
[47265] - 52.63
[18471] - 53.79999999999999
[18743, 18767] - 20.386600000000005
[18543, 18743] - 17.9428
[18743, 18755] - 21.284299999999995
[18743, 18431] - 18.0261
[18743, 18551] - 18.629700000000003
[18743, 18563] - 18.420900000000003
[18743, 18683] - 18.030300000000004
[18587, 18743] - 19.0695
[18483] - 54.910000000000004
[47285] - 55.449999999999974
[18411] - 56.649999999999984
[18475] - 57.35999999999999
[47269] - 57.55000000000002
[18875] - 57.839999999999996
[18431, 18679] - 18.007199999999997
[18671, 18679] - 21.4596
[18595, 18679] - 20.079400000000003
[18443, 18679] - 19.085800000000003
[18599, 18679] - 23.623199999999997
[18563, 18679] - 19.302599999999998
[18683, 18679] - 20.0933
[18679, 18603] - 22.277299999999997
[18675, 18679] - 20.353199999999998
[18627, 18639] - 18.5507
[18639, 18659] - 17.9001
[18651, 18639] - 18.589199999999998
[18639, 18635] - 19.8456
[18643, 18639] - 20.4025
[18807] - 59.94000000000003
[35189, 35197, 35193] - 19.791005999999996
[35205, 35189, 35197] - 19.399243000000002
[35201, 35189, 35193] - 19.017125999999998
[35189, 35209, 35193] - 18.207589
[35205, 35189, 35193] - 18.946596999999997
[35205, 35201, 35189] - 18.393132999999995
[35189, 10853] - 17.916199999999996
[35189, 12443] - 19.532399999999996
[35189, 35161] - 21.174
[12859, 35189] - 19.068600000000004
[35189, 12899] - 19.393299999999996
[35189, 12863] - 20.7708
[35189, 12799] - 18.560400000000005
[33445, 35189] - 17.9618
[35189, 10829] - 18.370500000000003
[35189, 12851] - 18.448099999999993
[35157, 35189] - 20.4366
[12891, 35189] - 18.268199999999997
[35189, 35165] - 23.803600000000003
[35189, 35153] - 22.342999999999996
[35189, 34917] - 18.213299999999997
[35189, 35177] - 20.560199999999995
[12839, 35189] - 17.9522
[35149, 35189] - 21.582000000000004
[12803, 35189] - 17.984900000000003
[35169, 35189] - 23.1031
[35189, 34925] - 17.962199999999996
[35189, 35181] - 20.517900000000004
[35189, 34913] - 18.5599
[10865, 35189] - 17.950799999999997
[35189, 12887] - 20.642599999999995
[35189, 12871] - 19.227099999999997
[12879, 35189] - 19.1442
[35189, 12531] - 18.329400000000003
[35189, 12523] - 18.169500000000003
[10857, 35189] - 18.5699
[12527, 35189] - 18.350199999999997
[12847, 35189] - 18.732899999999997
[12867, 35189] - 19.0458
[35189, 12883] - 20.4167
[35189, 12299] - 19.942999999999998
[12807, 35189] - 18.4155
[35189, 35185] - 23.203799999999998
[12407, 35189] - 18.811099999999996
[12827, 35189] - 18.0896
[35189, 12355] - 18.986800000000002
[35189, 12875] - 18.27519999999999
[35189, 12895] - 17.9963
[18555, 18767] - 18.394
[18767, 18615] - 24.4674
[18755, 18767] - 21.7812
[18595, 18767] - 18.57
[18443, 18767] - 18.390900000000002
[18551, 18767] - 19.615100000000005
[18599, 18767] - 18.057099999999995
[18459, 18767] - 28.801199999999998
[18563, 18767] - 18.167599999999997
[18683, 18767] - 17.893999999999995
[18767, 18603] - 18.2468
[18675, 18767] - 20.2925
[18767, 18427] - 28.8435
[18619, 18767] - 25.294599999999996
[18731, 18727] - 19.680600000000002
[12695, 12699] - 27.3778
[12703, 12699] - 29.76929999999999
[18579] - 63.22999999999998
[18543, 18555] - 20.1712
[18555, 18559] - 21.021800000000002
[18443, 18555] - 18.428800000000003
[18555, 18551] - 21.191999999999997
[18555, 18563] - 24.655600000000003
[18555, 18683] - 18.486200000000004
[18587, 18555] - 18.76980000000001
[18555, 18447] - 17.907500000000002
[18555, 18547] - 20.654000000000003
[18627, 18659] - 19.09240000000001
[18651, 18627] - 17.972000000000005
[18643, 18627] - 18.6843
[18663, 18659] - 19.405100000000004
[18663, 18651] - 19.4041
[18663, 18643] - 18.8677
[18663, 18423] - 18.606599999999993
[18663, 18619] - 19.1701
[18543, 18559] - 19.7977
[18543, 18755] - 18.110599999999998
[18543, 18431] - 21.025600000000004
[18543, 18583] - 18.9659
[18443, 18543] - 22.888999999999996
[18543, 18551] - 23.5304
[18543, 18563] - 21.171
[18543, 18643] - 23.341
[18587, 18543] - 20.894500000000004
[18543, 18423] - 21.298
[18543, 18547] - 20.623300000000008
[18543, 18427] - 19.628599999999995
[18543, 18619] - 20.029
[18735] - 65.13000000000001
[54645] - 65.82000000000002
[12519, 12503] - 24.62650000000001
[12515, 12503] - 22.86300000000001
[18575] - 66.95
[18419, 18615] - 19.508500000000005
[18431, 18419] - 23.242099999999994
[18611, 18419] - 23.203399999999995
[18675, 18419] - 19.8351
[18423, 18419] - 20.817499999999995
[18419, 18427] - 24.838099999999994
[18419, 18619] - 23.826899999999995
[10343] - 67.17999999999996
[18819] - 67.91
[12515, 12511] - 24.7456
[48575, 47695] - 21.4523
[18479] - 68.73
[48643, 48639] - 22.981899999999996
[48663, 48651] - 17.9072
[48667, 48651] - 18.3845
[18595, 18439] - 22.782699999999995
[18443, 18439] - 22.706599999999998
[18551, 18439] - 19.2087
[18599, 18439] - 19.131899999999998
[18459, 18439] - 17.9753
[18563, 18439] - 18.368599999999994
[18447, 18439] - 18.1413
[18423, 18439] - 18.467599999999997
[18651, 18615] - 18.778399999999998
[18431, 18615] - 18.6879
[18611, 18615] - 23.406499999999994
[18459, 18427, 18615] - 19.646001999999992
[18675, 18615] - 18.584099999999992
[18619, 18427, 18615] - 19.537822000000002
[18583, 18559] - 18.6626
[18595, 18559] - 19.397399999999998
[18551, 18559] - 20.545400000000008
[18563, 18559] - 24.3939
[18587, 18559] - 19.1383
[18603, 18559] - 18.049699999999998
[18675, 18559] - 17.939999999999998
[18547, 18559] - 19.2324
[35157, 35173] - 18.781
[35165, 35173] - 18.610599999999998
[35169, 35173] - 20.463499999999996
[35201, 35197, 35193] - 21.317864999999994
[35197, 35209, 35193] - 20.535672999999996
[35205, 35197, 35193] - 21.067685
[35205, 35201, 35197] - 20.3786
[35205, 35197, 35209] - 20.532013000000006
[12443, 35197] - 18.983600000000003
[35197, 35161] - 19.7387
[12859, 35197] - 18.1543
[35197, 12863] - 19.5126
[35157, 35197] - 21.168599999999998
[35165, 35197] - 21.264200000000002
[35153, 35197] - 21.309299999999997
[35177, 35197] - 18.315400000000004
[35149, 35197] - 19.703300000000002
[35169, 35197] - 21.705800000000004
[35197, 35181] - 19.771500000000003
[35197, 12887] - 18.916099999999997
[12867, 35197] - 18.316200000000002
[12883, 35197] - 19.001299999999997
[12299, 35197] - 19.4919
[35197, 35185] - 20.789899999999996
[12415] - 71.56
[18651, 18659] - 18.9259
[18619, 18659] - 19.2278
[47293] - 73.13000000000001
[47253] - 73.9
[48691] - 74.16000000000001
[18651, 18635] - 18.055
[18651, 18619] - 18.0139
[47289] - 76.05
[12539, 12535] - 25.347300000000004
[12539, 12523] - 21.042200000000005
[12539, 10295] - 19.575799999999997
[48703, 48699] - 19.2515
[48703, 48679] - 19.796
[18595, 18755] - 18.636600000000005
[18443, 18755] - 20.080499999999997
[18551, 18755] - 19.6691
[18563, 18755] - 18.5315
[18683, 18755] - 18.3048
[18619, 18755] - 18.261799999999997
[47273] - 78.89000000000001
[10877, 10869] - 38.30739999999999
[12375, 12435] - 26.34310000000001
[12399, 12443, 12435] - 19.923731999999994
[12419, 12443, 12435] - 19.589458999999998
[12299, 12443, 12435] - 19.151158
[12407, 12443, 12435] - 19.065118
[12443, 12431, 12435] - 19.296297999999997
[10829, 12435] - 19.132499999999993
[12371, 12399, 12435] - 18.077926999999995
[33441, 12435] - 18.240099999999998
[12355, 12343, 12435] - 18.235373
[12395, 12399, 12435] - 18.533229000000002
[12395, 12367, 12435] - 21.219481000000005
[12395, 12403, 12435] - 17.95586
[12395, 12299, 12435] - 18.069962999999998
[12395, 12431, 12435] - 18.495701
[10865, 12435] - 18.9309
[33465, 12435] - 18.022000000000002
[12451, 12399, 12435] - 18.206972999999998
[12407, 12451, 12435] - 18.089265999999995
[34929, 12435] - 18.3421
[12419, 12399, 12435] - 19.191115000000003
[12399, 12367, 12435] - 18.737025
[12399, 12447, 12435] - 18.321299
[12399, 12403, 12435] - 19.139440999999998
[12299, 12399, 12435] - 19.979527
[12407, 12399, 12435] - 20.090508000000003
[12399, 12411, 12435] - 18.869596
[12355, 12399, 12435] - 18.06101200000001
[12399, 12431, 12435] - 19.328843000000006
[12419, 12299, 12435] - 18.720458999999998
[12407, 12419, 12435] - 18.061485000000005
[12419, 12431, 12435] - 18.829332000000004
[12367, 12403, 12435] - 18.44612099999999
[12299, 12367, 12435] - 18.244912
[12367, 12431, 12435] - 18.488742000000002
[10857, 12435] - 19.697599999999994
[10861, 12435] - 18.8622
[12407, 12299, 12435] - 18.989072999999998
[12299, 12411, 12435] - 18.174508000000003
[12299, 12431, 12435] - 19.930947999999997
[35185, 12435] - 18.618899999999996
[12407, 12411, 12435] - 19.377788000000002
[12407, 12431, 12435] - 18.917042
[12683, 12435] - 18.229800000000004
[18611, 18431] - 18.490899999999993
[18595, 18431] - 19.299199999999992
[18443, 18431] - 25.626700000000003
[18551, 18431] - 18.874800000000004
[18431, 18635] - 18.911500000000004
[18599, 18431] - 18.761199999999995
[18431, 18459] - 18.6553
[18563, 18431] - 18.096999999999998
[18643, 18431] - 20.4718
[18683, 18431] - 19.4423
[18431, 18603] - 20.1262
[18675, 18431] - 20.2141
[18431, 18447] - 18.8371
[18423, 18431] - 27.327599999999997
[18431, 18427] - 24.3596
[18431, 18619] - 20.3358
[48679, 48699] - 20.7847
[12451, 12443, 12375] - 18.65427
[12399, 12443, 12375] - 18.582109000000006
[12419, 12443, 12375] - 18.185140000000004
[12443, 12375, 12447] - 18.000323
[12407, 12443, 12375] - 18.795513
[12443, 12375, 12431] - 18.179772
[33445, 12375] - 18.670199999999998
[33457, 12375] - 17.988200000000003
[10829, 12375] - 18.242300000000004
[12371, 12375] - 28.949200000000005
[33441, 12375] - 18.9482
[12451, 12375, 12343] - 17.901913
[12355, 12375, 12343] - 19.743304
[12395, 12375] - 25.149200000000008
[33465, 12375] - 19.647399999999998
[12451, 12375, 12447] - 19.044956
[12407, 12451, 12375] - 18.220977
[12451, 12355, 12375] - 18.385135000000002
[12407, 12399, 12375] - 17.896269
[12419, 12375, 12431] - 18.836620000000003
[12367, 12375] - 29.152800000000006
[12375, 33437] - 17.964999999999993
[12375, 12403] - 24.114500000000003
[33425, 12375] - 18.560200000000002
[12299, 12375] - 24.937700000000007
[12375, 33429] - 18.6198
[12375, 34901] - 18.4789
[34905, 12375] - 18.554799999999993
[12407, 12375, 12431] - 18.443867
[12683, 12375] - 18.308499999999995
[12411, 12375] - 24.2096
[33433, 12375] - 19.2245
[12375, 33449] - 17.979400000000002
[18815, 18811] - 19.5063
[35201, 35209, 35193] - 18.637387999999998
[35205, 35201, 35193] - 20.042448999999998
[35205, 35193, 35209] - 19.002392999999994
[35161, 35193] - 20.956
[12859, 35193] - 18.335500000000003
[12899, 35193] - 18.133200000000002
[12863, 35193] - 19.748099999999997
[10829, 35193] - 18.2996
[35157, 35193] - 21.332100000000004
[35165, 35193] - 22.6502
[35153, 35193] - 23.343
[12371, 35193] - 18.5216
[35177, 35193] - 19.5871
[35149, 35193] - 21.609899999999996
[35169, 35193] - 23.544600000000003
[35193, 35181] - 21.1191
[34913, 35193] - 18.403
[12887, 35193] - 20.029799999999998
[12399, 35193] - 21.637500000000003
[12871, 35193] - 17.926299999999998
[12367, 35193] - 18.015299999999996
[12403, 35193] - 20.657599999999995
[12847, 35193] - 17.899499999999996
[12867, 35193] - 18.1446
[12883, 35193] - 19.231199999999998
[12299, 35193] - 23.677099999999996
[35185, 35193] - 22.14259999999999
[12411, 35193] - 19.4016
[12355, 35193] - 18.534
[12431, 35193] - 18.792500000000008
[35193, 12875] - 18.212599999999995
[12507, 12519] - 21.81639999999999
[35205, 35201, 35209] - 18.821184
[35201, 35161] - 22.280600000000003
[12859, 35201] - 18.7738
[35201, 12899] - 18.674399999999995
[35201, 12863] - 19.871199999999998
[35201, 12799] - 18.2056
[35157, 35201] - 20.8475
[35201, 35165] - 22.2503
[35201, 35153] - 22.799500000000002
[12371, 35201] - 18.2347
[35201, 35177] - 20.270600000000005
[35149, 35201] - 28.05569999999999
[35169, 35201] - 22.9088
[35201, 35181] - 27.367300000000007
[12395, 35201] - 19.140099999999997
[35201, 12887] - 19.821599999999997
[35201, 12399] - 19.1195
[35201, 12871] - 18.3544
[35201, 12523] - 18.6648
[10857, 35201] - 18.001099999999997
[12847, 35201] - 18.261000000000003
[12867, 35201] - 19.8531
[35201, 12883] - 19.1734
[35201, 12299] - 18.252000000000002
[12807, 35201] - 20.147900000000003
[35201, 35185] - 22.172700000000006
[12407, 35201] - 19.007800000000003
[35201, 12683] - 18.843100000000003
[35201, 12411] - 19.529400000000003
[35201, 12795] - 18.6305
[35201, 12355] - 19.512900000000002
[35201, 12431] - 20.280299999999993
[34893, 35201] - 19.2855
[35201, 12875] - 20.344
[35201, 12895] - 21.4412
[12443, 10853] - 18.3809
[35161, 10853] - 18.805000000000003
[12859, 10853] - 19.7254
[12899, 10853] - 19.161200000000008
[12863, 10853] - 19.882500000000004
[12799, 10853] - 19.751599999999996
[33445, 10853] - 21.768399999999996
[33457, 10853] - 18.591100000000004
[12475, 10853] - 21.004599999999996
[10865, 10829, 10853] - 19.014545
[10849, 10829, 10853] - 19.963419
[10857, 10829, 10853] - 21.338089
[10829, 10861, 10853] - 19.996893999999998
[12355, 10829, 10853] - 18.719271
[12851, 10853] - 17.938499999999994
[12471, 10853] - 22.792999999999992
[35165, 10853] - 18.8352
[35153, 10853] - 18.8932
[34917, 10853] - 22.005900000000004
[34909, 10853] - 21.04169999999999
[33441, 10853] - 20.007
[12839, 10853] - 19.424500000000002
[12343, 10853] - 20.1738
[35149, 10853] - 17.952699999999997
[12803, 10853] - 19.060699999999997
[35169, 10853] - 19.5896
[34925, 10853] - 20.8509
[34913, 10853] - 21.877000000000002
[12395, 10853] - 18.3594
[10865, 10857, 10853] - 19.269465999999994
[10865, 10861, 10853] - 18.839986
[33465, 10853] - 19.441599999999998
[12887, 10853] - 20.655900000000003
[10833, 10853] - 17.916599999999995
[10857, 10849, 10853] - 19.994509000000004
[10849, 10861, 10853] - 18.963879
[34929, 10853] - 21.889300000000002
[12399, 10853] - 18.401400000000002
[34921, 10853] - 20.992199999999997
[12459, 10853] - 19.2383
[12367, 10853] - 18.240299999999998
[33437, 10853] - 19.5543
[33425, 10853] - 19.248199999999997
[12531, 10853] - 19.8796
[12491, 10853] - 21.1567
[10853, 12523] - 20.207600000000003
[10857, 10861, 10853] - 21.378633000000004
[12527, 10853] - 19.380799999999997
[12847, 10853] - 19.8123
[12467, 10853] - 19.0416
[12867, 10853] - 17.974600000000002
[12883, 10853] - 23.013600000000004
[12835, 10853] - 18.854299999999995
[12495, 10853] - 19.7903
[12299, 10853] - 18.557199999999995
[33429, 10853] - 19.011499999999998
[12823, 10853] - 18.790300000000002
[34901, 10853] - 19.025900000000004
[35185, 10853] - 19.4108
[33453, 10853] - 18.3535
[34897, 10853] - 20.0319
[12687, 10853] - 20.6292
[34905, 10853] - 19.8908
[10853, 34889] - 19.039600000000004
[12407, 10853] - 18.1945
[12683, 10853] - 20.1203
[12411, 10853] - 18.5422
[12463, 10853] - 20.425099999999997
[33433, 10853] - 21.077899999999996
[12795, 10853] - 20.063000000000006
[34885, 10853] - 17.981099999999998
[12691, 10853] - 20.861300000000004
[12827, 10853] - 20.5012
[10853, 12831] - 20.105
[12431, 10853] - 19.111300000000007
[34893, 10853] - 21.8225
[10853, 12875] - 20.3126
[12695, 10853] - 20.9908
[12679, 10853] - 18.9278
[12703, 10853] - 21.840399999999995
[12483, 10853] - 23.20039999999999
[12487, 10853] - 23.70639999999999
[12895, 10853] - 18.1625
[10853, 33449] - 21.773199999999996
[35161, 35209] - 21.399199999999997
[12899, 35209] - 17.9328
[12863, 35209] - 19.4732
[35157, 35209] - 20.5394
[35165, 35209] - 20.200499999999998
[35153, 35209] - 22.248199999999997
[35149, 35209] - 21.16250000000001
[35169, 35209] - 20.692900000000005
[35209, 35181] - 18.5259
[12887, 35209] - 19.384
[12879, 35209] - 18.034899999999997
[12867, 35209] - 18.262700000000006
[12883, 35209] - 18.618599999999997
[12299, 35209] - 20.313799999999997
[35185, 35209] - 20.300900000000002
[12411, 35209] - 19.335500000000003
[12431, 35209] - 19.187300000000004
[18583, 18551] - 19.177
[18583, 18563] - 20.154100000000003
[18583, 18683] - 17.998999999999995
[18587, 18583] - 26.5786
[18583, 18547] - 23.763200000000005
[48679, 48639] - 18.3184
[18611, 18595] - 18.5533
[18443, 18611] - 19.837600000000002
[18599, 18611] - 18.6465
[18675, 18611] - 22.6041
[18423, 18611] - 22.731500000000004
[18611, 18427] - 27.968200000000003
[18611, 18619] - 35.9804
[18671, 18595] - 21.078400000000006
[18443, 18671] - 18.883999999999997
[18671, 18551] - 19.053900000000002
[18599, 18671] - 21.816400000000005
[18671, 18683] - 20.2982
[18587, 18671] - 24.930300000000006
[18671, 18603] - 22.4454
[18675, 18671] - 22.284499999999994
[18671, 18547] - 21.240800000000007
[18671, 18619] - 18.3194
[18443, 18595] - 22.942500000000003
[18551, 18595] - 20.9009
[18599, 18595] - 23.355799999999995
[18595, 18563] - 19.418300000000002
[18683, 18595] - 21.825300000000006
[18595, 18603] - 22.858900000000002
[18675, 18595] - 22.80329999999999
[18595, 18447] - 21.9162
[18595, 10849] - 17.886999999999997
[18423, 18595] - 23.9044
[18595, 18547] - 19.058000000000003
[18595, 18427] - 19.2467
[18595, 18619] - 23.9393
[18595, 12687] - 18.7844
[18595, 12795] - 19.594099999999997
[18595, 12691] - 18.259299999999996
[18595, 12875] - 19.2419
[12703, 18595] - 18.1034
[18443, 18551] - 27.6915
[18443, 18599] - 24.028900000000007
[18443, 18459] - 20.729799999999997
[18443, 18563] - 19.962399999999995
[18443, 18643] - 19.778399999999994
[18443, 18683] - 22.520099999999996
[18443, 18587] - 18.102599999999995
[18443, 18603] - 21.130399999999998
[18443, 18675] - 19.4419
[18443, 18447] - 27.210499999999993
[18443, 18423] - 23.959899999999998
[18443, 18547] - 18.953600000000005
[18443, 18427] - 18.840199999999996
[18443, 18619] - 24.743299999999998
[18443, 35185] - 18.194699999999997
[12807, 12811] - 18.0143
[12895, 12811] - 19.713899999999995
[18599, 18551] - 18.8971
[18551, 18459] - 17.926899999999996
[18551, 18563] - 23.721299999999992
[18683, 18551] - 18.553299999999997
[18587, 18551] - 20.933100000000003
[18551, 18603] - 18.432100000000002
[18551, 18447] - 19.5053
[18423, 18551] - 24.2191
[18551, 18547] - 26.7382
[18551, 18427] - 19.9289
[18551, 18619] - 19.196999999999996
[35205, 12443] - 19.377299999999998
[33445, 12443] - 19.1189
[33457, 12443] - 18.168899999999997
[12443, 10829] - 20.038700000000002
[12443, 35165] - 19.4274
[12443, 35153] - 18.835199999999993
[12451, 12371, 12443] - 17.995543999999995
[12371, 12399, 12443] - 18.357925999999996
[12419, 12371, 12443] - 18.205365999999998
[12407, 12371, 12443] - 18.352906
[12443, 34917] - 18.868799999999993
[33441, 12443] - 19.252100000000002
[12451, 12443, 12343] - 18.086858000000003
[12399, 12443, 12343] - 18.217119
[12419, 12443, 12343] - 18.075577000000003
[12407, 12443, 12343] - 18.426644999999997
[12355, 12443, 12343] - 19.419057999999996
[12395, 12399, 12443] - 18.103344000000003
[10865, 12443] - 17.9982
[33465, 12443] - 19.8042
[12451, 12399, 12443] - 19.301692
[12419, 12451, 12443] - 19.185947000000006
[12451, 12443, 12447] - 20.326725999999997
[12451, 12299, 12443] - 18.192483000000003
[12407, 12451, 12443] - 20.734880999999998
[12451, 12443, 12411] - 18.137731999999996
[12451, 12355, 12443] - 19.083741999999997
[12451, 12443, 12431] - 18.526612999999994
[34929, 12443] - 18.691599999999998
[12419, 12443, 12399] - 20.500088
[12443, 12399, 12367] - 18.508499
[12443, 12399, 12447] - 18.979704000000005
[12443, 12399, 12403] - 18.990707999999998
[12299, 12443, 12399] - 20.443097000000005
[12407, 12443, 12399] - 20.296698000000003
[12443, 12399, 12411] - 18.994533999999994
[12355, 12443, 12399] - 19.408126999999997
[12443, 12399, 12431] - 19.408867000000004
[12419, 12443, 12367] - 19.166884000000003
[12419, 12443, 12447] - 19.288521999999997
[12419, 12443, 12403] - 19.760788
[12419, 12299, 12443] - 22.182737999999997
[12407, 12419, 12443] - 21.754662999999997
[12419, 12443, 12411] - 19.325857000000003
[12419, 12355, 12443] - 19.289418000000005
[12419, 12443, 12431] - 21.489185999999997
[34921, 12443] - 18.5767
[12299, 12443, 12367] - 19.195725000000003
[12443, 33437] - 18.3937
[12407, 12443, 12447] - 20.54123600000001
[12355, 12443, 12447] - 18.935222000000003
[12299, 12443, 12403] - 18.929979
[33425, 12443] - 19.327499999999997
[12491, 12443] - 17.9811
[10857, 12443] - 18.349600000000002
[12443, 10861] - 18.4051
[12407, 12443, 12299] - 20.809673999999994
[12443, 12299, 12411] - 18.96099
[12443, 12299, 12431] - 20.724295
[12443, 33429] - 19.069600000000005
[12443, 34901] - 18.884700000000002
[12443, 35185] - 19.639500000000005
[33453, 12443] - 18.304299999999994
[12443, 12687] - 18.025699999999993
[12443, 34905] - 18.922299999999996
[12443, 34889] - 17.975100000000005
[12407, 12443, 12411] - 20.798278999999994
[12407, 12355, 12443] - 19.420627000000003
[12407, 12443, 12431] - 21.85010100000001
[12443, 12683] - 18.554
[12355, 12443, 12411] - 18.424707000000005
[12443, 12411, 12431] - 18.217554
[33433, 12443] - 19.242800000000003
[34885, 12443] - 18.195199999999996
[12483, 12443] - 18.7337
[12487, 12443] - 19.1145
[12443, 33449] - 19.265200000000007
[54665, 54657] - 19.427600000000005
[54669, 54657] - 33.43690000000001
[54653, 54657] - 36.76199999999998
[54673, 54657] - 40.5729
[48659, 48675] - 21.566399999999994
[18795, 18799] - 45.07119999999999
[46289, 46285, 46293] - 23.446908
[46285, 46293, 46281] - 22.547573
[33469, 46285, 46293] - 19.289288
[46285, 46293, 33449] - 19.936825999999996
[33445, 46293] - 19.2415
[46289, 46293, 46281] - 23.448803999999996
[33465, 46289, 46293] - 19.277749999999997
[33469, 46289, 46293] - 21.851249000000006
[46289, 46293, 33449] - 19.846553
[33457, 46293] - 22.866100000000007
[33465, 46293, 46281] - 19.97026499999999
[33469, 46293, 46281] - 20.04632399999999
[46293, 33449, 46281] - 20.232809000000003
[33441, 46293] - 24.0578
[33465, 46293, 33437] - 18.625383999999997
[33433, 33465, 46293] - 18.355668
[33469, 33465, 46293] - 20.054828999999998
[33465, 46293, 33449] - 18.564395
[46293, 33437, 33449] - 19.413243
[33425, 46293] - 20.1985
[46293, 33429] - 25.5874
[46293, 34901] - 23.7774
[33453, 46293] - 25.905200000000004
[34897, 46293] - 19.593599999999995
[34905, 46293] - 24.1388
[46293, 34889] - 21.615200000000005
[12683, 46293] - 21.133099999999995
[33469, 33433, 46293] - 19.415184999999997
[34885, 46293] - 20.602800000000002
[46293, 12831] - 20.313299999999998
[12695, 46293] - 21.065699999999996
[12483, 46293] - 18.120900000000002
[12487, 46293] - 18.7875
[33469, 46293, 33449] - 23.941177
[54665, 54653] - 25.367699999999992
[54673, 54665] - 32.8375
[54661, 54665] - 20.33449999999999
[10315, 54665] - 18.0613
[18527, 18703] - 24.8227
[18691, 18703] - 23.67
[20807, 18779] - 30.3072
[18511, 18695] - 25.3517
[10845, 10881, 10841] - 18.382314000000004
[10877, 10845] - 34.7773
[12859, 35161] - 18.978499999999997
[12899, 35161] - 19.027700000000003
[35161, 12863] - 20.0512
[35205, 35161] - 21.138299999999997
[33445, 35161] - 18.6477
[10829, 35161] - 19.852300000000003
[35157, 35165, 35161] - 19.871057000000004
[35157, 35153, 35161] - 23.749642
[35149, 35157, 35161] - 22.264148
[35169, 35157, 35161] - 24.305747000000014
[35157, 35161, 35181] - 17.947527
[35165, 35153, 35161] - 25.304637999999997
[35177, 35165, 35161] - 19.050386999999997
[35149, 35165, 35161] - 23.340460999999994
[35169, 35165, 35161] - 24.216150000000006
[35165, 35161, 35181] - 20.124296
[35165, 35185, 35161] - 18.081953
[35177, 35153, 35161] - 18.918074999999998
[35149, 35153, 35161] - 23.194318
[35169, 35153, 35161] - 25.504173999999995
[35153, 35161, 35181] - 20.223898
[35153, 35185, 35161] - 18.152345999999998
[12371, 35161] - 18.516899999999996
[34917, 35161] - 20.941899999999997
[34909, 35161] - 18.414399999999993
[35149, 35177, 35161] - 18.559057000000003
[35169, 35177, 35161] - 18.965849000000002
[33441, 35161] - 19.075899999999994
[12343, 35161] - 19.165399999999998
[35149, 35169, 35161] - 23.248739000000004
[35149, 35161, 35181] - 18.588489
[12803, 35161] - 19.0785
[35169, 35161, 35181] - 19.972061999999998
[35169, 35185, 35161] - 18.862682
[34925, 35161] - 21.727
[35185, 35161, 35181] - 17.980192
[34913, 35161] - 20.779399999999992
[12395, 35161] - 18.0689
[33465, 35161] - 19.0502
[12887, 35161] - 20.756600000000006
[12451, 35161] - 17.988800000000005
[34929, 35161] - 20.549799999999994
[34921, 35161] - 20.5292
[12367, 35161] - 18.5663
[35161, 33437] - 18.2509
[12879, 35161] - 18.1683
[12531, 35161] - 19.924599999999998
[35161, 12523] - 20.2411
[10857, 35161] - 19.0926
[12527, 35161] - 18.8266
[12847, 35161] - 18.855299999999996
[12867, 35161] - 18.700500000000005
[12883, 35161] - 21.294800000000002
[12835, 35161] - 17.948199999999996
[33429, 35161] - 18.600199999999997
[35161, 34901] - 18.350299999999997
[33453, 35161] - 18.6886
[35161, 12687] - 19.8911
[34905, 35161] - 18.892400000000002
[12407, 35161] - 18.0726
[12683, 35161] - 19.793199999999995
[12411, 35161] - 18.981499999999993
[33433, 35161] - 19.940000000000005
[12795, 35161] - 20.1421
[34885, 35161] - 18.058000000000003
[12691, 35161] - 18.949199999999998
[12827, 35161] - 19.171199999999995
[12355, 35161] - 25.8462
[35161, 12831] - 20.219999999999995
[12431, 35161] - 18.1063
[34893, 35161] - 19.001600000000003
[35161, 12875] - 20.391799999999996
[12695, 35161] - 18.607500000000005
[12679, 35161] - 18.295199999999998
[12703, 35161] - 17.980300000000007
[12483, 35161] - 18.8722
[12487, 35161] - 18.790499999999998
[12895, 35161] - 20.148899999999998
[35161, 33449] - 21.105099999999997
[12859, 12899] - 25.004599999999996
[12859, 12799, 12863] - 19.553043000000002
[12859, 12891, 12863] - 18.774589
[12803, 12859, 12863] - 18.231879
[12859, 12887, 12863] - 19.477062999999994
[12859, 12867, 12863] - 19.780469
[12859, 12883, 12863] - 19.421299
[12859, 12795, 12863] - 17.970675999999997
[12859, 12827, 12863] - 18.932833000000002
[12859, 12863, 12875] - 18.7949
[12859, 35205] - 18.26
[12859, 12891, 12799] - 18.305623
[12859, 12867, 12799] - 18.259144000000003
[12859, 12883, 12799] - 19.726001000000004
[12859, 12827, 12799] - 18.800389
[12859, 12799, 12875] - 18.455367
[12859, 12895, 12799] - 18.292707999999998
[12859, 33445] - 19.998899999999995
[12859, 12475] - 21.722999999999992
[12859, 10829] - 22.313600000000005
[12859, 12883, 12851] - 18.174979000000008
[12859, 12891, 12883] - 18.356974000000005
[12859, 12891, 12895] - 18.481067000000007
[12859, 12471, 12887] - 18.121809000000002
[12859, 12471, 12883] - 20.086042000000006
[12859, 35165] - 18.867800000000003
[12859, 35153] - 18.6438
[12859, 33441] - 18.1034
[12859, 12839, 12883] - 18.174225999999997
[12859, 12835, 12839] - 18.080489000000007
[12859, 12343] - 18.424900000000004
[12803, 12859, 12883] - 18.199132000000002
[12803, 12859, 12795] - 17.907301
[12803, 12859, 12875] - 18.111939
[12859, 35169] - 19.793299999999995
[12859, 34925] - 19.6147
[10865, 12859] - 19.3767
[12859, 33465] - 18.048999999999996
[12859, 12867, 12887] - 18.442196000000003
[12859, 12883, 12887] - 22.331126999999995
[12859, 12887, 12875] - 18.502458
[12859, 10849] - 19.5148
[12859, 34929] - 18.119000000000003
[34921, 12859] - 18.141000000000002
[12903, 12859] - 22.885400000000004
[12859, 12871] - 24.831700000000005
[12859, 12879] - 25.864399999999996
[12859, 12531] - 22.0115
[12859, 12855] - 22.202800000000003
[12491, 12859] - 19.034499999999994
[12859, 12523] - 24.25
[12859, 10857] - 20.374900000000004
[12859, 12527] - 21.941399999999998
[12859, 10861] - 19.415100000000002
[12847, 12859, 12883] - 18.321795000000005
[12859, 12467] - 20.9379
[12859, 12867, 12883] - 18.493538000000004
[12859, 12867, 12827] - 17.947423
[12859, 12835, 12883] - 17.986636000000004
[12859, 12807, 12883] - 18.128636000000004
[12859, 12795, 12883] - 19.194181999999998
[12859, 12827, 12883] - 19.278786999999994
[12859, 12883, 12875] - 19.063645
[12859, 12703, 12883] - 18.268307000000004
[12859, 12883, 12895] - 18.784617000000004
[12859, 12823] - 23.169699999999988
[12859, 35185] - 20.168900000000004
[12859, 12687] - 21.745400000000004
[12859, 12683] - 22.807599999999997
[12859, 33433] - 18.1227
[12859, 12691] - 20.1231
[12859, 12827, 12875] - 18.153297000000002
[12859, 12827, 12895] - 18.576932
[12859, 12355] - 20.853
[12859, 12831] - 25.427599999999998
[12859, 34893] - 18.403799999999993
[12859, 12695] - 20.829900000000002
[12859, 12679] - 22.431699999999996
[12859, 12483] - 22.110400000000002
[12859, 12487] - 21.6663
[12859, 33449] - 18.504800000000003
[48679, 48675] - 18.547600000000003
[10339, 10319] - 29.656799999999993
[10319, 10311] - 20.7596
[10307, 10319] - 21.649999999999995
[10315, 10319] - 20.7684
[33445, 46285] - 22.840300000000003
[46289, 46285, 46281] - 22.244493999999996
[33469, 46289, 46285] - 19.743803999999994
[46289, 46285, 33449] - 19.597288000000002
[33457, 46285, 33449] - 18.032724
[33465, 46285, 46281] - 20.241844999999994
[33469, 46285, 46281] - 21.411976999999982
[46285, 33449, 46281] - 22.331270999999994
[33441, 46285, 33449] - 18.189260000000004
[33465, 46285, 33437] - 18.898446999999994
[33433, 33465, 46285] - 19.170500999999998
[33469, 33465, 46285] - 20.599827000000005
[33465, 46285, 33449] - 20.394578999999997
[46285, 33429, 33449] - 19.317859999999996
[46285, 34901] - 21.896300000000004
[33469, 33453, 46285] - 20.205165000000004
[33453, 46285, 33449] - 21.39021
[34897, 46285] - 19.261899999999997
[46285, 12687] - 18.731799999999996
[34905, 46285] - 21.4789
[46285, 34889] - 20.0534
[12683, 46285] - 22.142899999999997
[33469, 33433, 46285] - 21.417752
[33433, 46285, 33449] - 19.786776000000003
[12795, 46285] - 18.627200000000002
[34885, 46285] - 18.7951
[12691, 46285] - 20.0823
[46285, 12831] - 20.242099999999997
[34893, 46285] - 18.226799999999997
[12695, 46285] - 23.575799999999997
[46285, 12679] - 18.812400000000004
[12703, 46285] - 19.536099999999998
[33469, 46285, 33449] - 28.694141000000016
[12895, 46285] - 18.431599999999996
[54653, 54669] - 36.9839
[54673, 54669] - 45.40450000000002
[10315, 54669] - 25.657500000000006
[12339, 12387, 35185] - 21.464686000000004
[32221, 32217] - 25.669400000000003
[12883, 32217] - 18.142799999999998
[32209, 32217] - 21.9311
[32201, 32217] - 28.330599999999993
[32205, 32217] - 30.3591
[32213, 32217] - 34.221199999999996
[12891, 12899, 12863] - 18.283730000000002
[12867, 12899, 12863] - 17.928444
[35205, 12899] - 18.122100000000003
[12799, 12899] - 21.0634
[33445, 12899] - 19.8942
[12475, 12899] - 36.25230000000001
[10829, 12899] - 22.641599999999993
[12851, 12899] - 22.175699999999996
[12891, 12895, 12899] - 18.722307000000004
[12471, 12899] - 24.2048
[35165, 12899] - 19.3337
[35153, 12899] - 18.840500000000002
[35177, 12899] - 18.5905
[33441, 12899] - 18.023000000000003
[12839, 12899] - 21.386899999999997
[12343, 12899] - 18.6135
[35149, 12899] - 18.2148
[12803, 12899] - 24.74430000000001
[35169, 12899] - 19.727
[12899, 35181] - 18.950300000000002
[10865, 12899] - 18.244500000000002
[12883, 12887, 12899] - 18.214394
[10849, 12899] - 18.252000000000002
[12903, 12899] - 22.90320000000001
[12871, 12899] - 24.123400000000004
[12879, 12899] - 25.2813
[12531, 12899] - 20.4672
[12855, 12899] - 21.58630000000001
[12491, 12899] - 20.065999999999995
[12899, 12523] - 21.053200000000004
[10857, 12899] - 20.5548
[12527, 12899] - 21.6994
[10861, 12899] - 20.482800000000005
[12847, 12899] - 19.596799999999995
[12899, 12467] - 18.063499999999994
[12835, 12899] - 23.732099999999992
[12807, 12899] - 22.6968
[12823, 12899] - 20.729899999999994
[35185, 12899] - 20.924500000000005
[12899, 12687] - 20.6215
[34905, 12899] - 19.036299999999997
[12899, 34889] - 17.890800000000002
[12683, 12899] - 21.076200000000004
[12463, 12899] - 20.9249
[33433, 12899] - 18.116099999999996
[12795, 12899] - 27.78269999999999
[12691, 12899] - 21.446499999999997
[12827, 12899] - 23.957200000000004
[12355, 12899] - 18.6234
[12899, 12831] - 26.26889999999999
[12899, 12875] - 27.49140000000001
[12695, 12899] - 21.175500000000003
[12679, 12899] - 21.8499
[12703, 12899] - 21.9972
[12483, 12899] - 23.644099999999998
[12487, 12899] - 23.535200000000007
[12899, 33449] - 21.605800000000002
[12515, 12519] - 51.819700000000005
[12407, 12519] - 20.402299999999997
[48687, 48683] - 18.9142
[35205, 12863] - 20.058600000000002
[12851, 12799, 12863] - 18.951482000000006
[12891, 12799, 12863] - 21.131896
[12839, 12799, 12863] - 18.308427000000002
[12803, 12799, 12863] - 19.452976
[12887, 12799, 12863] - 18.006380999999998
[12871, 12799, 12863] - 18.620411000000004
[12879, 12799, 12863] - 19.721427999999996
[12847, 12799, 12863] - 18.338006000000004
[12867, 12799, 12863] - 21.329551000000002
[12883, 12799, 12863] - 18.281148999999996
[12835, 12799, 12863] - 18.229152999999997
[12807, 12799, 12863] - 17.997560000000004
[12795, 12799, 12863] - 18.310574000000003
[12827, 12799, 12863] - 20.062588999999996
[12799, 12863, 12831] - 18.023476999999993
[12799, 12863, 12875] - 19.155437000000003
[12895, 12799, 12863] - 20.184590999999998
[33445, 12863] - 18.110899999999997
[33457, 12863] - 18.757099999999998
[12475, 12863] - 19.537200000000002
[10829, 12863] - 19.999999999999996
[12891, 12851, 12863] - 18.377469999999995
[12847, 12851, 12863] - 18.985815
[12867, 12851, 12863] - 18.825530999999998
[12807, 12851, 12863] - 17.975626
[12827, 12851, 12863] - 18.606666
[12891, 12839, 12863] - 18.40568
[12803, 12891, 12863] - 19.632458
[12903, 12891, 12863] - 18.298417
[12891, 12871, 12863] - 19.396651
[12879, 12891, 12863] - 19.038921000000002
[12891, 12855, 12863] - 18.048084
[12847, 12891, 12863] - 17.898958
[12867, 12891, 12863] - 20.637297
[12835, 12891, 12863] - 18.738768999999998
[12891, 12795, 12863] - 20.045513
[12891, 12827, 12863] - 19.181127999999998
[12891, 12863, 12831] - 18.337434000000002
[12891, 12863, 12875] - 18.820089999999997
[12891, 12895, 12863] - 22.860856999999996
[12471, 12863] - 19.970799999999997
[35165, 12863] - 20.015499999999992
[35153, 12863] - 19.5118
[35177, 12863] - 19.4309
[33441, 12863] - 20.673900000000007
[12867, 12839, 12863] - 19.373332999999995
[12835, 12839, 12863] - 19.067908999999997
[12827, 12839, 12863] - 18.971880000000002
[12839, 12895, 12863] - 17.977380999999998
[12343, 12863] - 18.171499999999998
[35149, 12863] - 18.919099999999997
[12803, 12871, 12863] - 18.043337
[12803, 12879, 12863] - 17.961335000000002
[12803, 12867, 12863] - 19.458209000000004
[12803, 12895, 12863] - 18.677859
[35169, 12863] - 20.516700000000004
[12863, 35181] - 19.414799999999996
[10865, 12863] - 19.9242
[33465, 12863] - 20.7206
[12867, 12887, 12863] - 19.561027
[12883, 12887, 12863] - 19.339289
[12451, 12863] - 18.1461
[10849, 12863] - 18.93
[34929, 12863] - 18.089199999999998
[34921, 12863] - 18.2211
[12459, 12863] - 18.504199999999997
[12879, 12871, 12863] - 18.471879
[12867, 12871, 12863] - 19.757549
[12827, 12871, 12863] - 18.871017
[12895, 12871, 12863] - 18.533262
[33437, 12863] - 19.4684
[12867, 12879, 12863] - 19.119003999999997
[33425, 12863] - 20.1762
[12531, 12863] - 23.17440000000001
[12491, 12863] - 20.940299999999993
[12827, 12863, 12523] - 17.943563
[10857, 12863] - 22.1987
[12527, 12863] - 23.2826
[10861, 12863] - 21.493000000000002
[12847, 12867, 12863] - 18.264769
[12847, 12827, 12863] - 18.330801
[12467, 12863] - 20.104100000000003
[12867, 12883, 12863] - 19.754568000000003
[12867, 12835, 12863] - 18.788576
[12867, 12807, 12863] - 18.502194999999993
[12867, 12795, 12863] - 18.897541999999998
[12867, 12827, 12863] - 20.256063
[12867, 12863, 12831] - 18.701849
[12867, 12863, 12875] - 19.776656999999997
[12867, 12895, 12863] - 20.795669999999994
[12827, 12883, 12863] - 18.192904000000002
[12883, 12863, 12875] - 17.952987000000004
[12835, 12827, 12863] - 19.226424999999992
[12835, 12895, 12863] - 18.507144999999998
[12495, 12863] - 20.9114
[33429, 12863] - 18.823500000000003
[12823, 12863] - 23.295499999999986
[34901, 12863] - 19.189800000000005
[35185, 12863] - 21.386899999999997
[33453, 12863] - 18.993600000000004
[34897, 12863] - 20.4729
[12687, 12863] - 23.1655
[34905, 12863] - 21.4905
[12863, 34889] - 18.385699999999996
[12827, 12683, 12863] - 18.534838999999998
[12895, 12683, 12863] - 18.125067
[12463, 12863] - 20.7252
[33433, 12863] - 20.221899999999998
[12795, 12863, 12831] - 18.186957
[12795, 12895, 12863] - 20.122923000000004
[34885, 12863] - 20.424199999999992
[12691, 12863] - 23.715999999999994
[12827, 12863, 12831] - 18.539617
[12827, 12863, 12875] - 18.677349
[12827, 12895, 12863] - 20.673223
[12355, 12863] - 20.038100000000004
[12695, 12863] - 24.667200000000005
[12679, 12863] - 25.5751
[12703, 12863] - 25.51379999999999
[12483, 12863] - 19.061000000000003
[12487, 12863] - 20.648199999999996
[12863, 33449] - 20.573800000000002
[35205, 10829] - 18.0244
[35205, 35157] - 21.2521
[35205, 35165] - 22.270400000000002
[35205, 35153] - 23.598899999999997
[35205, 34917] - 18.3448
[35205, 35177] - 19.855499999999996
[35205, 35149] - 20.7737
[35205, 35169] - 23.461599999999997
[35205, 35181] - 19.585100000000004
[35205, 34913] - 18.209700000000005
[35205, 12887] - 20.357699999999998
[35205, 12451] - 18.4913
[35205, 34929] - 18.068099999999998
[34921, 35205] - 18.275199999999998
[35205, 12871] - 18.619500000000006
[35205, 12367] - 20.482100000000003
[35205, 12879] - 17.9471
[35205, 12403] - 19.446300000000004
[12847, 35205] - 17.943099999999998
[12867, 35205] - 18.178700000000006
[35205, 12883] - 19.5159
[35205, 12299] - 19.3338
[35205, 35185] - 21.538999999999998
[35205, 12687] - 18.282299999999996
[12407, 35205] - 20.443499999999993
[35205, 12411] - 21.516400000000004
[35205, 12355] - 19.7271
[35205, 12431] - 19.6316
[35205, 12895] - 18.219300000000004
[18599, 18635] - 18.082500000000003
[18643, 18635] - 19.920400000000008
[18635, 18603] - 18.1287
[18675, 18635] - 17.955
[18447, 18635] - 21.211499999999997
[18635, 18427] - 19.218899999999998
[18619, 18635] - 19.653500000000005
[18635, 12687] - 18.3945
[12827, 18635] - 18.9387
[12355, 18635] - 17.994400000000002
[18635, 12831] - 22.967200000000002
[12483, 18635] - 19.8264
[12487, 18635] - 18.829600000000003
[18847] - 124.63999999999997
[18599, 18563] - 22.5018
[18599, 18683] - 23.27239999999999
[18587, 18599] - 19.659499999999998
[18599, 18603] - 27.002699999999997
[18675, 18599] - 25.259600000000002
[18599, 18447] - 20.391499999999997
[18423, 18599] - 20.0787
[18599, 18547] - 21.6739
[18599, 18427] - 21.982100000000013
[18599, 18619] - 23.913999999999998
[18599, 12687] - 19.001900000000003
[18599, 12795] - 18.032700000000002
[18599, 12831] - 18.676899999999996
[18599, 12875] - 17.949600000000004
[12607, 12635] - 20.355000000000004
[12635, 12611] - 20.067500000000003
[12603, 12635] - 20.6576
[12635, 12621] - 21.161599999999996
[12331, 12323] - 31.336699999999997
[12339, 12323] - 27.565899999999996
[47277] - 126.71999999999997
[18883, 18871] - 19.6574
[54673, 54653] - 43.205199999999984
[54661, 54653] - 19.2821
[10295, 54653] - 18.965600000000006
[10307, 54653] - 21.211900000000007
[10315, 54653] - 21.935999999999996
[33461, 52973] - 29.0526
[33461, 33449] - 30.630599999999994
[33445, 12799] - 18.4357
[12475, 12799] - 18.3747
[10829, 12799] - 18.8853
[12891, 12851, 12799] - 18.092139000000003
[12839, 12851, 12799] - 18.308301
[12807, 12851, 12799] - 18.431579999999997
[12891, 12839, 12799] - 18.103947999999995
[12803, 12891, 12799] - 18.959696
[12903, 12891, 12799] - 17.992319999999996
[12891, 12871, 12799] - 17.925999999999995
[12879, 12891, 12799] - 18.322343999999998
[12891, 12799, 12855] - 18.114187
[12867, 12891, 12799] - 18.873000999999995
[12807, 12891, 12799] - 18.384415999999998
[12891, 12795, 12799] - 18.56151
[12891, 12827, 12799] - 18.594528000000004
[12891, 12799, 12875] - 18.245336
[12891, 12895, 12799] - 21.969288000000002
[12471, 12799] - 18.466399999999997
[35165, 12799] - 18.1911
[33441, 12799] - 20.515700000000006
[12867, 12839, 12799] - 18.133248
[12835, 12839, 12799] - 18.800993
[12827, 12839, 12799] - 18.528279000000005
[12803, 12799, 12523] - 17.906763999999995
[12803, 12867, 12799] - 19.19428
[12803, 12823, 12799] - 18.575816999999997
[12803, 12895, 12799] - 18.749789
[35169, 12799] - 18.264200000000002
[10865, 12799] - 20.537300000000002
[33465, 12799] - 18.643300000000004
[10849, 12799] - 17.912600000000005
[12799, 12459] - 19.437699999999996
[12903, 12827, 12799] - 18.55969000000001
[12903, 12895, 12799] - 19.111709
[12879, 12871, 12799] - 18.410402
[12827, 12871, 12799] - 19.838468
[12871, 12799, 12831] - 18.203558000000005
[12895, 12871, 12799] - 19.4515
[12799, 33437] - 20.874399999999998
[12879, 12799, 12831] - 18.798370000000006
[12879, 12895, 12799] - 19.307174000000007
[33425, 12799] - 23.810899999999997
[12531, 12799, 12523] - 18.729100000000003
[12895, 12799, 12855] - 18.203984999999992
[12491, 12799] - 20.709699999999994
[12823, 12799, 12523] - 18.57263
[10857, 12799] - 21.2715
[12527, 12799] - 25.04550000000001
[12799, 10861] - 20.383599999999998
[12847, 12883, 12799] - 18.021675
[12799, 12467] - 24.451300000000003
[12867, 12807, 12799] - 18.531442000000006
[12867, 12827, 12799] - 19.344448000000003
[12867, 12895, 12799] - 18.505045
[12883, 12895, 12799] - 18.021293000000004
[12835, 12827, 12799] - 18.684759999999997
[12495, 12799] - 20.0873
[12807, 12895, 12799] - 18.640315000000005
[12799, 33429] - 21.7971
[12823, 12827, 12799] - 18.751949000000003
[12823, 12799, 12831] - 20.530311000000005
[12823, 12895, 12799] - 19.153858999999997
[12799, 34901] - 21.870399999999993
[35185, 12799] - 18.8042
[33453, 12799] - 19.5194
[34897, 12799] - 22.496000000000002
[12799, 12687] - 26.3392
[34905, 12799] - 22.5341
[12799, 34889] - 22.0053
[12827, 12683, 12799] - 19.104491999999997
[12683, 12799, 12831] - 18.780237000000003
[12683, 12695, 12799] - 18.209870000000002
[12895, 12683, 12799] - 19.012194000000004
[12463, 12799] - 23.722199999999997
[33433, 12799] - 20.036499999999997
[12795, 12799, 12831] - 18.723284000000003
[12795, 12895, 12799] - 19.558108000000004
[34885, 12799] - 24.3357
[12691, 12695, 12799] - 18.074336000000002
[12827, 12799, 12831] - 19.907116000000002
[12827, 12799, 12875] - 19.70616
[12827, 12895, 12799] - 22.277793000000003
[12355, 12799] - 17.9079
[12695, 12799, 12831] - 19.297629999999987
[12895, 12799, 12831] - 19.948731
[12895, 12799, 12875] - 19.406583
[12695, 12799, 12679] - 18.072867000000002
[12895, 12695, 12799] - 20.108591
[12895, 12799, 12679] - 18.916248000000007
[12703, 12799] - 24.535899999999998
[10295, 12799] - 19.1651
[12483, 12799] - 22.245999999999995
[12487, 12799] - 20.803399999999996
[12895, 12799, 33449] - 18.569763000000005
[18459, 18603] - 19.4107
[18675, 18459] - 21.182500000000005
[18447, 18459] - 20.996700000000004
[18855, 18459] - 18.7204
[18619, 18459, 18427] - 18.322336999999994
[12703, 18459] - 18.495499999999996
[12487, 18459] - 20.640100000000004
[12895, 18459] - 17.9773
[18523] - 137.20999999999998
[33453, 52973] - 19.7426
[33433, 52973] - 21.224999999999998
[10295, 52973] - 21.100000000000005
[52973, 33449] - 43.1879
[33445, 46289] - 20.311199999999992
[33457, 33445, 33441] - 22.852206000000006
[33457, 33445, 33465] - 22.537187
[33457, 33445, 33437] - 20.993201000000006
[33457, 33445, 33429] - 21.841885000000005
[33457, 33445, 34901] - 18.272018
[33457, 33445, 33453] - 21.149259999999998
[33457, 33445, 34905] - 19.004080000000002
[33457, 33433, 33445] - 23.499457000000003
[33457, 33445, 33449] - 20.244442999999997
[33445, 46281] - 24.591200000000004
[33445, 12475] - 21.9396
[33445, 10829] - 24.059099999999997
[33445, 35157] - 17.9208
[33445, 12471] - 23.895399999999995
[33445, 35165] - 19.892200000000003
[33445, 35153] - 19.7958
[33445, 12371] - 18.229200000000002
[33445, 34917] - 23.529400000000003
[33445, 34909] - 21.256800000000002
[33445, 33465, 33441, 33437] - 18.132958400000007
[33433, 33445, 33465, 33441] - 18.44068623
[33445, 33441, 33429, 33437] - 18.082673259999996
[33433, 33445, 33441, 33429] - 18.167168020000002
[33445, 33441, 34901] - 21.305253
[33445, 33453, 33441] - 23.195280000000007
[33445, 33441, 34905] - 20.891509000000006
[33445, 33441, 34889] - 18.843614000000002
[34885, 33445, 33441] - 17.936312999999995
[33445, 34893, 33441] - 18.026911000000005
[33445, 33441, 33449] - 24.246997000000004
[33445, 12839] - 18.075600000000005
[33445, 12343] - 21.6064
[35149, 33445] - 19.6165
[33445, 35169] - 20.1481
[34921, 33445, 34925] - 17.994306
[33445, 35181] - 18.9688
[33445, 34913] - 23.484699999999997
[10865, 33445] - 20.8135
[33433, 33445, 33465, 33429] - 18.03706057
[33445, 33465, 34901] - 21.624867000000002
[33445, 33453, 33465] - 22.92964
[33445, 33465, 34905] - 20.09760600000001
[33445, 33465, 34889] - 18.961553000000006
[34885, 33445, 33465] - 18.674253
[33445, 33465, 33449] - 23.246452
[33445, 12887] - 20.7304
[33445, 12451] - 20.3124
[33445, 10849] - 22.333099999999998
[33445, 34929] - 23.622199999999996
[33445, 12399] - 19.5736
[12419, 33445] - 18.1259
[33445, 12459] - 18.2856
[33445, 12367] - 17.8845
[33445, 34901, 33437] - 20.730744999999995
[33445, 33453, 33437] - 22.146145999999998
[34897, 33445, 33437] - 18.725262999999998
[33445, 34905, 33437] - 21.092734000000004
[33445, 33437, 34889] - 18.858298
[33433, 33445, 33437] - 23.857902
[33445, 33437, 33449] - 24.054850999999996
[33445, 12447] - 18.674699999999998
[33445, 12403] - 18.6294
[33425, 33445] - 24.491599999999995
[33445, 12531] - 19.3765
[12491, 33445] - 19.077599999999997
[33445, 12523] - 20.158899999999996
[10857, 33445] - 24.721799999999998
[12527, 33445] - 20.911400000000004
[33445, 10861] - 24.095000000000006
[12847, 33445] - 18.434999999999995
[33445, 12467] - 20.0894
[33445, 12883] - 26.122300000000003
[12835, 33445] - 18.590299999999996
[33445, 12495] - 20.208399999999997
[33445, 12807] - 18.870099999999997
[33445, 33429, 34901] - 20.786768
[33433, 33445, 33453, 33429] - 18.638516349999996
[33445, 34905, 33429] - 20.609745
[33445, 33429, 34889] - 19.387898000000003
[33433, 33445, 33429, 33449] - 18.66526278
[34885, 33445, 33429] - 18.822777
[12823, 33445] - 18.737099999999998
[33445, 33453, 34901] - 19.381669999999996
[34897, 33445, 34901] - 19.275016
[33445, 34905, 34901] - 21.371739
[33445, 34901, 34889] - 19.913896
[33433, 33445, 34901] - 20.999221000000002
[34885, 33445, 34901] - 19.484434999999998
[33445, 34901, 33449] - 20.565472999999997
[33445, 35185] - 20.978199999999998
[33445, 33453, 34905] - 18.494079999999993
[33445, 33453, 34889] - 18.357733
[33445, 33453, 33449] - 22.556547000000002
[34897, 33445, 34905] - 19.43993
[34897, 33445, 34889] - 17.931535000000004
[33433, 34897, 33445] - 19.06748
[34897, 34885, 33445] - 18.237523999999997
[34897, 33445, 33449] - 18.929933000000002
[33445, 12687] - 22.957
[33445, 34905, 34889] - 19.643627000000002
[33433, 33445, 34905] - 21.59833
[34885, 33445, 34905] - 18.336256
[33445, 34905, 33449] - 21.406813999999997
[33433, 33445, 34889] - 20.432568
[34885, 33445, 34889] - 18.754991
[33445, 33449, 34889] - 19.381759
[12407, 33445] - 19.509300000000003
[33433, 33445, 12683] - 18.020033999999995
[33445, 12411] - 19.0979
[33445, 12463] - 18.9001
[33433, 34885, 33445] - 18.692493
[33433, 12703, 33445] - 17.937181999999996
[33433, 33445, 12487] - 17.975987
[33469, 33433, 33445] - 18.463206
[33445, 12795] - 22.970599999999997
[33445, 34885, 33449] - 18.040572000000004
[33445, 12691] - 23.1357
[33445, 12827] - 23.104899999999994
[33445, 12355] - 24.230999999999998
[33445, 12831] - 20.578499999999995
[33445, 12431] - 18.505499999999998
[33445, 12875] - 22.9881
[12703, 33445, 12695] - 18.068655000000003
[33445, 12679] - 19.034499999999998
[33445, 12483, 33449] - 17.915268000000008
[33469, 33445, 33449] - 20.273004
[33445, 12895] - 24.704299999999996
[12531, 12535] - 30.2818
[12535, 12523] - 28.5075
[12527, 12535] - 36.68509999999999
[12823, 12535] - 17.9516
[10299, 12535] - 22.804700000000004
[12535, 12655] - 24.104000000000003
[12795, 12535] - 19.726400000000005
[12819, 12535] - 19.3885
[12535, 12831] - 19.7054
[12695, 12535] - 19.420599999999997
[10295, 12535] - 22.000400000000003
[10307, 12535] - 29.069300000000002
[12535, 33449] - 19.8433
[48711, 48707] - 30.889299999999984
[48711, 10303] - 21.882499999999993
[48655, 48663] - 23.1484
[48667, 48655] - 39.6441
[48655, 48675] - 30.708999999999993
[48655, 35185] - 20.558700000000005
[12351, 12347] - 23.407799999999998
[12351, 12355] - 49.36230000000002
[10877, 12351] - 17.9504
[33457, 46289] - 24.9463
[33465, 46289, 46281] - 19.051212
[46289, 33437, 46281] - 18.370834999999996
[33469, 46289, 46281] - 20.795503999999994
[46289, 33449, 46281] - 19.941039999999997
[46289, 33441, 33437] - 18.693211999999995
[33465, 46289, 33437] - 20.257935999999997
[33453, 33465, 46289] - 18.253890000000002
[33433, 33465, 46289] - 20.963881999999995
[33469, 33465, 46289] - 20.26543699999999
[33465, 46289, 33449] - 19.530113999999998
[33433, 46289, 33437] - 19.885523999999993
[33469, 46289, 33437] - 20.767989000000007
[46289, 33437, 33449] - 20.357936999999996
[33425, 46289] - 20.8173
[46289, 12523] - 18.522299999999998
[12527, 46289] - 19.6638
[33469, 46289, 33429] - 18.030528999999994
[46289, 34901] - 25.797100000000004
[33433, 33453, 46289] - 22.182712000000002
[33469, 33453, 46289] - 20.128635999999993
[33453, 46289, 33449] - 17.934229
[34897, 46289] - 18.3348
[46289, 12687] - 19.814699999999995
[33469, 46289, 34905] - 17.914082000000004
[33469, 46289, 34889] - 18.573998000000003
[46289, 12683] - 22.834199999999996
[33469, 33433, 46289] - 24.869252
[33433, 46289, 33449] - 21.790597999999996
[34885, 46289] - 19.051799999999997
[12691, 46289] - 21.390000000000004
[46289, 12695] - 22.307299999999998
[46289, 12679] - 22.547500000000003
[12483, 46289] - 18.3664
[46289, 12487] - 18.241300000000003
[10307, 46289] - 18.429799999999997
[33469, 46289, 33449] - 33.15603600000001
[46289, 12895] - 20.7237
[47953, 47965, 47961] - 22.69538899999999
[47953, 47961, 47949] - 20.773605
[47953, 47961, 47957] - 27.01731
[47945, 47961] - 21.001699999999996
[47687, 48575] - 44.70129999999999
[47687, 12299] - 18.4966
[18683, 18563] - 25.646600000000003
[18587, 18563] - 21.7606
[18563, 18603] - 20.708300000000005
[18675, 18563] - 21.805400000000002
[18563, 18547] - 20.961700000000004
[18563, 18619] - 19.000000000000007
[12703, 18563] - 19.761699999999998
[18563, 12487] - 19.724599999999995
[48667, 48663, 48671] - 40.42112300000001
[48675, 48663, 48671] - 22.20921400000001
[48667, 48675, 48671] - 28.028004000000003
[12651, 12643] - 24.35740000000001
[12647, 12651, 12655] - 20.114098000000002
[12647, 10295, 12651] - 17.987682000000003
[12651, 12667] - 24.2237
[12627, 12651] - 21.832199999999997
[12651, 32205] - 19.1422
[12691, 12651] - 23.159100000000002
[12695, 12651] - 27.779899999999998
[12663, 12651] - 23.842000000000006
[12703, 12651] - 19.210199999999997
[10307, 12651] - 23.6466
[12895, 12651] - 24.15159999999999
[33457, 33441, 46281] - 18.372924000000005
[33457, 33465, 46281] - 19.671536999999997
[33457, 33437, 46281] - 19.168594
[33457, 33453, 46281] - 17.97533599999999
[33457, 33433, 46281] - 20.247151999999996
[33457, 33469, 46281] - 18.086201000000006
[33457, 33449, 46281] - 18.855821999999996
[33457, 10829] - 20.65
[33457, 35165] - 18.4102
[33457, 35153] - 18.018700000000003
[33457, 12371] - 18.3262
[33457, 34917] - 21.137
[33457, 34909] - 19.692500000000003
[33457, 33465, 33441, 33437] - 19.9629587
[33457, 33465, 33441, 33429] - 18.44615469
[33457, 33453, 33465, 33441] - 19.173358529999994
[33457, 33433, 33465, 33441] - 20.535757099999998
[33457, 33465, 33441, 33449] - 19.616104959999994
[33457, 33433, 33441, 33437] - 18.875038040000007
[33457, 33441, 33437, 33449] - 18.735841080000004
[33457, 33425, 33441] - 19.177059
[33457, 33433, 33441, 33429] - 18.342075070000003
[33457, 33441, 34901] - 22.839454999999997
[33457, 33433, 33453, 33441] - 19.16771676
[33457, 33441, 34905] - 21.997879
[33457, 33441, 34889] - 21.04839100000001
[33457, 33433, 33441, 33449] - 18.917994619999998
[33457, 34885, 33441] - 18.207856000000003
[33457, 33469, 33441] - 18.612750000000005
[33457, 12343] - 20.49610000000001
[33457, 35149] - 17.949299999999997
[12803, 33457] - 21.3776
[33457, 35169] - 18.513900000000003
[33457, 34925] - 20.802500000000002
[33457, 34913] - 20.286100000000005
[33457, 10865] - 19.3244
[33457, 33465, 33429, 33437] - 18.132234299999997
[33457, 33433, 33465, 33437] - 19.75778158
[33457, 33465, 33437, 33449] - 18.711016540000003
[33457, 33425, 33465] - 20.605507999999997
[33457, 33453, 33465, 33429] - 18.07065616
[33457, 33433, 33465, 33429] - 19.458636609999996
[33457, 33465, 34901] - 23.656888
[33457, 33433, 33453, 33465] - 24.598437329999992
[33457, 33453, 33465, 33449] - 20.233314589999992
[33457, 34897, 33465] - 18.204146999999995
[33457, 33465, 34905] - 22.368133
[33457, 33465, 34889] - 22.046499
[33457, 33465, 12683] - 18.744862000000005
[33457, 33433, 33465, 33449] - 21.72521064
[33457, 34885, 33465] - 18.638164
[33457, 33465, 12691] - 18.551800000000004
[33457, 33465, 12695] - 19.051805
[33457, 33469, 33465] - 22.925741
[33457, 12451] - 19.709899999999998
[33457, 10849] - 18.5177
[33457, 34929] - 21.1606
[33457, 12399] - 18.232799999999997
[34921, 33457] - 21.078400000000002
[33457, 33425, 33437] - 19.672860000000004
[33457, 34901, 33437] - 20.209500999999996
[33457, 33433, 33453, 33437] - 18.014563649999996
[33457, 34905, 33437] - 20.611316999999996
[33457, 33437, 34889] - 20.051596000000004
[33457, 33433, 33437, 33449] - 18.82796752
[33457, 33469, 33437] - 19.789892000000005
[33457, 12447] - 18.0779
[33457, 33425, 33429] - 19.543875999999994
[33457, 33425, 34901] - 18.838199000000003
[33457, 33425, 34905] - 19.825464999999998
[33457, 33425, 34889] - 18.916465
[33457, 33425, 33433] - 19.791573
[33457, 33425, 33449] - 19.781793000000004
[33457, 12531] - 22.6678
[33457, 12491] - 20.659100000000002
[33457, 12523] - 23.3985
[33457, 10857] - 21.166700000000006
[33457, 33433, 12527] - 18.233247999999996
[33457, 10861] - 23.2838
[33457, 12467] - 18.956500000000002
[33457, 12867] - 19.201
[33457, 12883] - 18.618199999999998
[33457, 12495] - 19.708699999999997
[33457, 12807] - 18.4021
[33457, 33429, 34901] - 20.534424999999995
[33457, 33433, 33453, 33429] - 18.688849609999995
[33457, 34905, 33429] - 21.685282
[33457, 33429, 34889] - 20.518138999999994
[33457, 34885, 33429] - 18.027648999999997
[33457, 33469, 33429] - 20.068683999999998
[33457, 33429, 33449] - 25.005366
[33457, 12823] - 18.1146
[33457, 33453, 34901] - 22.391939
[33457, 34905, 34901] - 23.34348699999999
[33457, 34901, 34889] - 22.915018999999997
[33457, 33433, 34901] - 23.386127999999992
[33457, 34885, 34901] - 18.215909999999994
[33457, 34901, 33449] - 21.672034
[33457, 33453, 34905] - 21.094397000000004
[33457, 33453, 34889] - 21.998012000000003
[33457, 33433, 33453, 33449] - 20.37831563
[33457, 33453, 12691] - 18.306201
[33457, 33469, 33453] - 24.561123000000002
[33457, 34897, 34905] - 18.335023
[33457, 33433, 34897] - 18.814927
[33457, 12687] - 23.935200000000002
[33457, 34905, 34889] - 22.935325
[33457, 33433, 34905] - 22.602493000000006
[33457, 34885, 34905] - 17.946810999999997
[33457, 34905, 33449] - 21.974717999999996
[33457, 33433, 34889] - 24.563541999999998
[33457, 34885, 34889] - 18.532369000000003
[33457, 33449, 34889] - 21.20167600000001
[12407, 33457] - 18.2318
[33457, 33433, 12683] - 18.839578000000003
[33457, 12683, 33449] - 18.151987000000002
[33457, 12411] - 19.445800000000002
[33457, 12463] - 20.3569
[33457, 33433, 34885] - 19.255664
[33457, 33433, 12691] - 19.224221999999994
[33457, 33433, 12831] - 19.758950999999993
[33457, 33469, 33433] - 25.064390000000003
[33457, 33433, 12895] - 18.133795000000006
[33457, 12795] - 24.465300000000003
[33457, 12691, 33449] - 18.57883200000001
[33457, 12827] - 21.882000000000005
[33457, 12355] - 22.576199999999996
[33457, 33449, 12831] - 17.961628999999995
[33457, 34893] - 21.6293
[33457, 12875] - 19.3588
[33457, 12695, 33449] - 18.206671999999998
[33457, 12679] - 22.516999999999996
[33457, 12703] - 23.406399999999998
[33457, 12483] - 18.911500000000004
[33457, 12487] - 20.2948
[33457, 10307] - 18.3525
[33457, 33469, 33449] - 24.975913000000006
[33465, 33441, 46281] - 21.070618
[33441, 33437, 46281] - 21.626776999999997
[33433, 33441, 46281] - 19.235159000000007
[33469, 33441, 46281] - 18.629109000000003
[33441, 33449, 46281] - 19.63748
[33465, 33437, 46281] - 22.531303
[33465, 33429, 46281] - 19.408140000000003
[33453, 33465, 46281] - 20.785179999999993
[33433, 33465, 46281] - 24.506472999999996
[33469, 33465, 46281] - 24.303345
[33465, 33449, 46281] - 22.62927900000001
[33429, 33437, 46281] - 19.887365
[33453, 33437, 46281] - 18.11524
[33433, 33437, 46281] - 20.649412
[33469, 33437, 46281] - 21.554909999999996
[33437, 33449, 46281] - 22.138468
[33425, 46281] - 22.2084
[33433, 33429, 46281] - 19.431220000000003
[33469, 33429, 46281] - 18.506849000000003
[33429, 33449, 46281] - 20.139589999999995
[33433, 34901, 46281] - 18.029508999999997
[33433, 33453, 46281] - 23.339361000000007
[33469, 33453, 46281] - 23.555378
[33453, 33449, 46281] - 20.712754000000007
[34897, 46281] - 21.33999999999999
[12687, 46281] - 21.638599999999997
[34905, 46281] - 26.2862
[34889, 46281] - 25.128900000000005
[12683, 46281] - 21.8588
[33469, 33433, 46281] - 26.412038999999993
[33433, 33449, 46281] - 24.133581999999997
[34885, 46281] - 20.5534
[12691, 46281] - 19.9906
[12831, 46281] - 18.145599999999995
[12695, 46281] - 25.598900000000004
[12679, 46281] - 18.559699999999996
[12703, 46281] - 18.131
[12487, 46281] - 17.9627
[10307, 46281] - 19.909
[33469, 33449, 46281] - 30.371886000000003
[12895, 46281] - 19.6561
[10829, 12475] - 24.022199999999998
[12851, 12475] - 19.1558
[12891, 12475] - 18.6883
[12471, 12883, 12475] - 17.887295000000005
[12471, 12487, 12475] - 18.783614999999998
[34917, 12475] - 19.0366
[34909, 12475] - 19.910300000000003
[12839, 12475] - 20.525600000000004
[12343, 12475] - 18.175199999999997
[12803, 12475] - 20.619699999999998
[12475, 34925] - 18.7678
[12475, 34913] - 19.307300000000005
[10865, 12475] - 20.883
[33465, 12475] - 19.0728
[12475, 12887] - 27.093700000000005
[10849, 12475] - 21.7218
[12475, 12459] - 18.911400000000004
[12903, 12475] - 19.123499999999996
[12475, 33437] - 18.0255
[33425, 12475] - 18.444499999999998
[12531, 12475] - 20.0624
[12491, 12475] - 23.42369999999999
[12475, 12523] - 19.705499999999997
[10857, 12475] - 24.346999999999994
[12527, 12475] - 22.5799
[12475, 10861] - 22.4872
[12847, 12475] - 19.620900000000002
[12475, 12467] - 20.223699999999997
[12867, 12475] - 19.6445
[12835, 12475] - 20.954699999999995
[12495, 12475] - 23.43669999999999
[12807, 12475] - 19.834699999999998
[12475, 33429] - 18.7757
[12823, 12475] - 22.064200000000003
[12475, 34901] - 17.978600000000004
[35185, 12475] - 18.6892
[33453, 12475] - 17.990899999999996
[34897, 12475] - 18.332500000000007
[12475, 12687] - 23.424299999999995
[34905, 12475] - 20.4133
[12475, 34889] - 19.4849
[12683, 12475] - 22.882899999999992
[12487, 12463, 12475] - 18.475497
[33433, 12475] - 19.983399999999996
[12795, 12475] - 22.7016
[34885, 12475] - 18.1185
[12691, 12475] - 23.657499999999995
[12659, 12475] - 26.516399999999997
[12827, 12475] - 24.162899999999997
[12355, 12475] - 22.136
[12475, 12831] - 24.2697
[34893, 12475] - 19.7007
[12475, 12875] - 21.813100000000002
[12695, 12475] - 25.4395
[12475, 12679] - 22.1879
[12703, 12475] - 25.593
[12483, 12487, 12475] - 18.608501
[12895, 12475] - 26.350599999999996
[12475, 33449] - 23.869300000000003
[12331, 12335] - 18.801899999999996
[12335, 12347] - 23.621499999999997
[12327, 12335] - 34.2116
[10881, 12335] - 19.024900000000002
[12339, 12335] - 24.9872
[12355, 12335] - 33.1337
[10877, 12335] - 24.948099999999997
[18423, 18643] - 18.204599999999996
[18643, 18427] - 20.62690000000001
[18643, 18619] - 18.204900000000002
[18507] - 154.19
[12851, 10829] - 18.466
[35157, 10829] - 19.200099999999996
[12891, 10829] - 17.8928
[12471, 10829] - 29.692699999999995
[18675, 10829] - 18.018199999999986
[35165, 10829] - 20.28939999999999
[10829, 35153] - 21.2809
[12371, 10829] - 22.4766
[34917, 10829] - 24.5981
[34909, 10829] - 21.6624
[35177, 10829] - 18.802999999999997
[33441, 10829] - 22.650799999999997
[12839, 10829] - 19.255
[12355, 10829, 12343] - 18.238006000000002
[35149, 10829] - 19.817200000000003
[12803, 10829] - 20.127599999999997
[35169, 10829] - 22.325899999999997
[10829, 34925] - 24.6414
[10829, 35181] - 19.688100000000002
[10829, 34913] - 23.9805
[12395, 10829] - 21.148299999999992
[10865, 10857, 10829] - 19.274694
[10865, 10829, 10861] - 19.050878
[33465, 10829] - 22.74509999999999
[10829, 12887] - 23.58529999999999
[10833, 10829] - 31.866299999999995
[12451, 10829] - 22.8287
[10857, 10849, 10829] - 20.213668000000006
[10849, 10829, 10861] - 19.905740999999995
[10849, 12355, 10829] - 19.365464000000003
[34929, 10829] - 24.169799999999995
[12399, 10829] - 21.391500000000004
[12419, 10829] - 20.067199999999993
[34921, 10829] - 25.114100000000004
[10829, 12459] - 20.9013
[12367, 10829] - 18.5768
[10829, 33437] - 23.316100000000002
[10829, 12447] - 20.6469
[10829, 12403] - 21.807799999999997
[33425, 10829] - 21.593100000000003
[12531, 10829] - 21.3636
[12491, 12487, 10829] - 18.125230000000002
[10829, 12523] - 21.997500000000006
[10857, 10829, 10861] - 20.913352999999997
[10857, 12487, 10829] - 18.180637000000004
[12527, 10829] - 23.195099999999993
[12487, 10829, 10861] - 18.166342
[12847, 10829] - 23.592600000000004
[10829, 12467] - 21.7034
[12867, 10829] - 19.4655
[12883, 10829] - 26.073700000000006
[12835, 10829] - 20.4674
[12495, 12487, 10829] - 18.324772999999993
[12299, 10829] - 18.8251
[12807, 10829] - 19.790200000000006
[10829, 33429] - 22.8175
[12823, 10829] - 22.357699999999998
[10829, 34901] - 21.7538
[10829, 35185] - 20.5466
[33453, 10829] - 21.007799999999996
[34897, 10829] - 21.871299999999998
[10829, 12687] - 25.490500000000004
[10829, 34905] - 23.584799999999998
[10829, 34889] - 22.406300000000005
[12407, 10829] - 20.089699999999997
[12355, 10829, 12683] - 18.077370000000002
[10829, 12683, 12695] - 18.185926999999996
[12411, 10829] - 22.915999999999993
[12487, 10829, 12463] - 18.305380999999997
[33433, 10829] - 23.778399999999998
[12795, 10829] - 24.488100000000003
[34885, 10829] - 19.623600000000003
[12691, 10829] - 22.910999999999998
[12827, 12355, 10829] - 18.250714999999992
[12827, 12895, 10829] - 18.557169
[12355, 10829, 12831] - 18.158203
[12355, 10829, 12875] - 18.862387
[12483, 12355, 10829] - 17.960416000000002
[12487, 12355, 10829] - 18.889503000000005
[12355, 10829, 33449] - 19.201009999999997
[10829, 12431] - 21.100399999999997
[34893, 10829] - 23.3796
[10829, 12679] - 23.7964
[12703, 10829] - 25.024900000000002
[12483, 12487, 10829] - 20.111101
[10315, 10829] - 18.312
[33469, 10829] - 20.107499999999998
[12331, 12327] - 19.265199999999997
[12331, 10881] - 23.039600000000007
[12339, 12331] - 29.170299999999997
[10877, 12331] - 33.716300000000004
[12427, 12367] - 20.0814
[12407, 12427] - 25.302500000000002
[12427, 12411] - 21.6935
[12427, 12431] - 26.304699999999997
[12903, 12891, 12851] - 18.431184000000005
[12891, 12851, 12855] - 18.324303000000004
[12847, 12891, 12851] - 17.939937999999998
[12807, 12891, 12851] - 18.105672
[12471, 12851] - 19.278699999999997
[12839, 12851, 12523] - 18.167263000000002
[12847, 12839, 12851] - 19.249686999999998
[12839, 12851, 12467] - 18.117527999999993
[12839, 12883, 12851] - 19.172710999999996
[12835, 12839, 12851] - 24.471630999999995
[12807, 12839, 12851] - 18.148136
[12827, 12839, 12851] - 19.622452
[12839, 12851, 12679] - 17.962335000000003
[12803, 12823, 12851] - 18.066193000000002
[10865, 12851] - 18.7916
[33465, 12851] - 17.8887
[12851, 12887] - 20.6244
[12851, 12459] - 26.073899999999995
[12903, 12851, 12855] - 18.358712999999998
[12903, 12807, 12851] - 17.951711
[12851, 12871] - 22.291799999999995
[12879, 12851] - 22.753
[12531, 12851, 12523] - 18.046032000000004
[12847, 12851, 12855] - 20.723968000000003
[12835, 12851, 12855] - 18.489865
[12807, 12851, 12855] - 19.068958000000002
[12491, 12851] - 25.066
[10857, 12851] - 19.957900000000002
[12527, 12851] - 23.853699999999996
[12851, 10861] - 20.659900000000007
[12847, 12883, 12851] - 19.816073000000003
[12847, 12835, 12851] - 19.995257999999996
[12847, 12807, 12851] - 19.22399
[12847, 12851, 12687] - 18.938462
[12807, 12883, 12851] - 18.305549
[12835, 12851, 12687] - 17.946482
[12835, 12827, 12851] - 18.276435999999997
[12495, 12851] - 20.4925
[12823, 12807, 12851] - 18.518589000000002
[12807, 12795, 12851] - 17.990765999999997
[12851, 35185] - 20.1722
[33453, 12851] - 17.9825
[12851, 34905] - 19.0783
[12851, 12683] - 25.660500000000006
[12851, 12463] - 20.9164
[12691, 12851] - 24.45439999999999
[12827, 12851, 12679] - 18.075013999999996
[12827, 12895, 12851] - 18.546182
[12355, 12851] - 18.8158
[12851, 12831] - 25.610799999999994
[12851, 12875] - 23.6765
[12851, 12695] - 23.273499999999995
[12663, 12851] - 17.941499999999998
[12703, 12851] - 24.253199999999996
[12483, 12851] - 23.4089
[12487, 12851] - 24.219400000000004
[12851, 33449] - 20.416799999999995
[18587, 18683] - 18.0988
[18683, 18603] - 24.7397
[18675, 18683] - 20.588599999999992
[18423, 18683] - 18.545799999999996
[18683, 18547] - 23.4304
[18683, 18619] - 22.527299999999997
[18787, 18683] - 20.48039999999999
[35169, 35157, 35165, 35153] - 19.867865929999997
[35157, 35177, 35165] - 19.308695000000004
[35149, 35157, 35165] - 23.933377
[35157, 35165, 35181] - 19.344854999999992
[35157, 35165, 35185] - 19.407155999999997
[35157, 35177, 35153] - 23.067810999999992
[35149, 35157, 35153] - 27.77071500000001
[35157, 35153, 35181] - 21.44776199999999
[35157, 35153, 35185] - 19.782808000000003
[35157, 34917] - 21.5357
[34909, 35157] - 18.246399999999998
[35149, 35157, 35177] - 18.344068
[35169, 35157, 35177] - 23.233622999999998
[35157, 35177, 35181] - 20.281935999999998
[35157, 35177, 35185] - 18.661698999999995
[35157, 33441] - 17.947400000000002
[35157, 12343] - 19.125
[35149, 35169, 35157] - 28.003564000000008
[35149, 35157, 35181] - 19.536015000000003
[35169, 35157, 35181] - 21.839928999999998
[35169, 35157, 35185] - 19.632534999999994
[35169, 35157, 12355] - 18.066689
[35157, 34925] - 21.2309
[35157, 35185, 35181] - 20.864877
[35157, 34913] - 20.6575
[33465, 35157] - 18.185200000000002
[35157, 12887] - 19.495599999999996
[35157, 34929] - 23.3408
[34921, 35157] - 22.465
[35157, 12523] - 19.097800000000003
[10857, 35157] - 18.910299999999996
[12527, 35157] - 18.1714
[35157, 10861] - 19.007799999999996
[35157, 12883] - 18.516499999999997
[35157, 12687] - 18.786899999999996
[33433, 35157] - 19.628399999999996
[35157, 12795] - 19.976899999999997
[35157, 12831] - 18.5813
[35157, 12875] - 18.028599999999997
[12483, 35157] - 17.8925
[35157, 12895] - 20.209600000000002
[35157, 33449] - 20.417699999999996
[12891, 12471] - 18.3771
[12891, 35165] - 18.260900000000003
[12891, 33441] - 21.558999999999997
[12867, 12891, 12839] - 18.185609
[12835, 12891, 12839] - 18.185897000000008
[12891, 12827, 12839] - 18.344322000000002
[12891, 12839, 12895] - 19.32339
[12803, 12879, 12891] - 18.521792999999995
[12803, 12867, 12891] - 18.732053999999998
[12803, 12807, 12891] - 18.508727
[12803, 12891, 12795] - 19.946052999999996
[12803, 12891, 12875] - 18.143454000000006
[12803, 12891, 12895] - 21.290499999999998
[35169, 12891] - 18.2688
[10865, 12891] - 20.905700000000003
[33465, 12891] - 20.6501
[12891, 12887] - 22.825499999999995
[12903, 12891, 12855] - 18.216887
[12903, 12891, 12895] - 19.014112999999995
[12879, 12891, 12871] - 18.591162
[12891, 12827, 12871] - 19.132842
[12891, 12871, 12831] - 18.698272
[12891, 12895, 12871] - 19.948829999999997
[12891, 33437] - 20.6728
[12867, 12879, 12891] - 18.004226000000003
[12879, 12891, 12895] - 19.752869
[33425, 12891] - 20.9475
[12891, 12531] - 22.6943
[12891, 12895, 12855] - 19.380589999999998
[12491, 12891] - 24.553199999999997
[12891, 12523] - 23.83049999999999
[10857, 12891] - 19.697599999999998
[12527, 12891] - 24.6919
[12891, 10861] - 19.3198
[12891, 12467] - 19.741300000000003
[12867, 12891, 12795] - 19.983079999999994
[12867, 12891, 12827] - 18.521157000000006
[12867, 12891, 12875] - 18.251661999999996
[12867, 12891, 12895] - 21.467976000000004
[12891, 12795, 12883] - 18.119169000000003
[12891, 12883, 12895] - 18.484797000000004
[12835, 12891, 12827] - 18.084353000000004
[12835, 12891, 12895] - 19.324409999999997
[12495, 12891] - 25.065
[12807, 12891, 12795] - 19.42672
[12807, 12891, 12895] - 20.956878
[12891, 33429] - 21.830499999999997
[12823, 12891, 12895] - 18.253354000000005
[12891, 34901] - 20.713700000000003
[12891, 35185] - 18.9283
[33453, 12891] - 21.588500000000003
[34897, 12891] - 20.179199999999998
[12815, 12891] - 18.210400000000003
[12891, 12683, 12687] - 18.100734
[12891, 12691, 12687] - 18.092192000000004
[12891, 34905] - 20.6378
[12891, 34889] - 19.4123
[12891, 12795, 12683] - 18.110434999999995
[12891, 12691, 12683] - 19.340092
[12891, 12683, 12831] - 18.70687999999999
[12891, 12683, 12695] - 18.835462000000003
[12891, 12895, 12683] - 18.251914
[12891, 12463] - 24.2066
[33433, 12891] - 21.1589
[12891, 12827, 12795] - 18.010886000000003
[12891, 12795, 12831] - 18.280445999999998
[12891, 12795, 12895] - 25.657479999999996
[34885, 12891] - 23.7689
[12891, 12691, 12695] - 18.302134000000002
[12891, 12827, 12831] - 18.797619000000005
[12891, 12827, 12875] - 18.504502000000002
[12891, 12827, 12895] - 22.746688000000002
[12891, 12355] - 18.7454
[12891, 12895, 12831] - 19.156530999999994
[12891, 34893] - 17.891100000000005
[12891, 12895, 12875] - 19.52646299999999
[12891, 12895, 12695] - 18.550634999999993
[12891, 12895, 12679] - 17.892015999999998
[12703, 12891] - 24.561400000000006
[12483, 12891] - 21.6022
[12891, 12487] - 21.9916
[12891, 33449] - 25.668400000000005
[12583, 12595] - 21.9982
[12595, 12563] - 18.2857
[12595, 12579] - 20.204499999999996
[12591, 12595] - 20.6546
[35169, 12595] - 18.2329
[12559, 12595] - 18.0849
[18487] - 163.71999999999994
[18727, 18707] - 17.938800000000004
[18587, 18603] - 18.1417
[18587, 12447] - 18.193099999999998
[18587, 18547] - 27.013000000000005
[18587, 18619] - 18.457299999999996
[12407, 18587] - 18.3947
[18587, 12411] - 21.856199999999998
[18675, 18603] - 23.609799999999996
[18447, 18603] - 21.9177
[18547, 18603] - 19.707199999999993
[18427, 18603] - 18.377299999999998
[18619, 18603] - 21.578199999999995
[18787, 18603] - 28.336499999999994
[12895, 18603] - 19.219900000000003
[12583, 12563] - 22.9412
[12583, 12579] - 29.94950000000001
[35169, 12583] - 18.0424
[12559, 12583] - 25.147600000000008
[12587] - 170.92000000000002
[12471, 35153] - 18.310200000000002
[12471, 34917] - 19.774399999999996
[34909, 12471] - 21.139599999999998
[33441, 12471] - 18.203099999999996
[12839, 12471] - 20.374299999999995
[12471, 12343] - 18.395500000000002
[12803, 12471] - 18.672499999999996
[12471, 34925] - 21.439300000000006
[12471, 34913] - 18.474499999999995
[10865, 12471] - 22.764300000000002
[12471, 12883, 12887] - 19.907994999999996
[10849, 12471] - 23.1882
[12471, 34929] - 20.424500000000002
[34921, 12471] - 20.595900000000004
[12471, 12459] - 21.122300000000003
[12903, 12471] - 19.654999999999998
[12471, 12531] - 19.05769999999999
[12471, 12855] - 19.318
[12491, 12471, 12463] - 18.165501000000003
[12491, 12483, 12471] - 18.469255
[12491, 12471, 12487] - 19.798917999999997
[12471, 12523] - 20.420000000000005
[10857, 12471] - 23.726199999999995
[12527, 12471] - 23.8781
[12471, 10861] - 24.2274
[12847, 12471] - 22.227700000000006
[12471, 12467] - 24.242
[12867, 12471] - 19.368500000000004
[12835, 12471] - 20.589599999999997
[12495, 12471, 12487] - 18.173038
[12807, 12471] - 21.349500000000003
[12823, 12471] - 21.8356
[12471, 34901] - 18.148600000000002
[12471, 35185] - 18.2685
[12471, 12687] - 22.500400000000003
[12471, 34905] - 18.2827
[12471, 34889] - 18.056699999999996
[12471, 12683] - 21.3176
[12483, 12471, 12463] - 17.89562
[12471, 12487, 12463] - 19.750734
[33433, 12471] - 18.216099999999997
[12471, 12795] - 18.7203
[12691, 12471] - 22.3441
[12659, 12471] - 36.83949999999999
[12827, 12471] - 23.058399999999995
[12471, 12355] - 24.0369
[12471, 12831] - 22.489199999999997
[12471, 12431] - 18.916999999999994
[34893, 12471] - 20.218999999999994
[12471, 12875] - 23.5109
[12471, 12695] - 23.927200000000003
[12471, 12679] - 20.5045
[12703, 12471] - 23.278200000000002
[12483, 12471, 12487] - 21.186744000000004
[12471, 12895] - 24.421000000000003
[12471, 33449] - 21.562100000000004
[18675, 18447] - 22.617799999999992
[18675, 18423] - 19.2703
[18675, 18547] - 20.227600000000002
[18675, 18427] - 28.167499999999997
[18675, 18619] - 29.77729999999999
[12847, 18675] - 17.892400000000002
[18675, 12687] - 18.822499999999998
[18675, 12355] - 19.322100000000002
[18675, 12831] - 18.491699999999998
[18675, 12483] - 18.758399999999998
[18675, 12487] - 18.266299999999998
[18675, 12895] - 18.059600000000003
[10327, 12527] - 20.20950000000001
[10327, 10291, 10295] - 17.947954
[10327, 10307, 10299] - 18.634537
[10327, 12683] - 21.73040000000001
[10327, 33433] - 20.670400000000004
[10327, 12795] - 21.781000000000002
[10327, 12691] - 20.492900000000002
[10327, 12819] - 20.9547
[10327, 12831] - 19.2276
[10327, 12695] - 34.013999999999996
[10327, 12679] - 23.684099999999997
[10327, 10307, 10295] - 24.324653
[10327, 10311] - 18.731000000000005
[10327, 10315] - 19.315499999999997
[10327, 33469] - 29.095399999999998
[10327, 12895] - 28.7624
[10327, 33449] - 45.74230000000001
[18423, 18447] - 18.963500000000003
[18447, 18547] - 19.013699999999996
[18447, 18427] - 23.3684
[18619, 18447] - 37.0063
[12847, 18447] - 18.3605
[12835, 18447] - 18.608400000000003
[35177, 35165, 35153] - 21.161189000000004
[35149, 35169, 35165, 35153] - 18.142939279999997
[35165, 35153, 35181] - 20.611720999999996
[35165, 35153, 35185] - 20.480046
[35165, 12563] - 18.586
[34917, 35165] - 23.7014
[34909, 35165] - 20.969199999999997
[35149, 35177, 35165] - 19.572103
[35169, 35177, 35165] - 21.223102
[35177, 35165, 35181] - 19.592439000000002
[35177, 35165, 35185] - 19.237468999999994
[33441, 35165] - 20.2016
[35165, 12343] - 21.443700000000003
[35149, 35165, 35181] - 20.777776000000006
[35149, 35165, 35185] - 20.157194
[12803, 35165] - 18.599
[35169, 35165, 35181] - 22.198717999999996
[35169, 35165, 35185] - 22.59356899999999
[35169, 12355, 35165] - 18.790891000000002
[35165, 34925] - 22.87
[35165, 35185, 35181] - 21.505979
[35165, 34913] - 21.655800000000006
[12395, 35165] - 18.9841
[10865, 35165] - 19.0242
[33465, 35165] - 19.9912
[35165, 12887] - 20.841300000000004
[12451, 35165] - 18.032099999999996
[34929, 35165] - 25.4427
[12399, 35165] - 18.905699999999992
[34921, 35165] - 23.892099999999996
[12367, 35165] - 19.4598
[35165, 33437] - 19.1555
[12879, 35165] - 17.9841
[12531, 35165] - 19.3826
[35165, 12523] - 19.8035
[10857, 35165] - 20.401899999999998
[12527, 35165] - 18.613899999999997
[35165, 10861] - 20.4299
[12847, 35165] - 18.376099999999997
[12867, 35165] - 18.142400000000002
[12883, 35165] - 20.298899999999996
[12299, 35165] - 18.676699999999993
[12807, 35165] - 18.169799999999995
[35165, 33429] - 20.915200000000002
[35165, 34901] - 18.3176
[33453, 35165] - 19.505499999999998
[35165, 12687] - 20.0976
[35165, 34905] - 18.520599999999998
[12407, 35165] - 18.120699999999996
[35165, 12683] - 20.1256
[12411, 35165] - 18.572499999999998
[33433, 35165] - 20.9256
[12795, 35165] - 20.2515
[12691, 35165] - 18.724399999999992
[12827, 35165] - 19.972400000000004
[35165, 12831] - 19.968300000000003
[35165, 12431] - 20.839399999999998
[34893, 35165] - 18.113299999999995
[35165, 12875] - 21.837299999999995
[35165, 12695] - 19.231899999999996
[35165, 12679] - 19.5024
[12703, 35165] - 18.6585
[12483, 35165] - 21.281000000000002
[12487, 35165] - 20.051399999999997
[12895, 35165] - 20.3526
[35165, 33449] - 21.15910000000001
[32221, 32197, 32205] - 20.08955200000001
[32201, 32221, 32209] - 18.953853999999996
[32221, 32209, 32205] - 20.229684999999993
[32201, 32221, 32205] - 24.085830999999995
[12627, 32221] - 20.981799999999996
[32213, 32221, 32205] - 19.722147000000003
[32221, 12695] - 22.604699999999994
[12703, 32221] - 18.1251
[32221, 10295] - 25.379399999999997
[12483, 32221] - 18.911599999999996
[32221, 10311] - 18.769999999999996
[10307, 32221] - 19.582299999999996
[10315, 32221] - 28.582300000000004
[33469, 32221] - 18.590300000000003
[32221, 12895] - 20.575999999999997
[32221, 33449] - 22.7794
[54673, 54661] - 37.324999999999996
[54673, 32213] - 18.763899999999996
[54673, 10295] - 18.826300000000003
[54673, 12483] - 18.9128
[54673, 12487] - 19.631399999999996
[54673, 10311] - 19.821699999999996
[54673, 10315] - 30.74920000000001
[54673, 12895] - 20.0079
[12371, 35153] - 18.876399999999997
[34917, 35153] - 22.45399999999999
[34909, 35153] - 21.115199999999994
[35149, 35177, 35153] - 18.984297
[35169, 35177, 35153] - 23.618862999999994
[35177, 35153, 35181] - 20.904217
[35177, 35153, 35185] - 19.467809000000003
[33441, 35153] - 19.3168
[35153, 12343] - 20.0494
[35149, 35153, 35181] - 20.590733
[35149, 35153, 35185] - 17.895744999999998
[12803, 35153] - 19.1012
[35169, 35153, 35181] - 21.497476000000002
[35169, 35153, 35185] - 22.087238999999997
[35169, 12355, 35153] - 18.839200999999996
[35153, 34925] - 21.535999999999998
[35153, 35185, 35181] - 20.50409600000001
[35153, 34913] - 22.571000000000005
[12395, 35153] - 18.416400000000007
[33465, 35153] - 19.466299999999997
[35153, 12887] - 21.173399999999997
[34929, 35153] - 22.175300000000004
[12399, 35153] - 18.556699999999996
[34921, 35153] - 22.0715
[12367, 35153] - 18.4202
[35153, 33437] - 18.453300000000002
[35153, 12403] - 18.455299999999998
[12531, 35153] - 18.619699999999998
[35153, 12523] - 19.423699999999997
[10857, 35153] - 20.718400000000006
[12527, 35153] - 19.0352
[35153, 10861] - 19.2602
[12847, 35153] - 17.950200000000002
[12883, 35153] - 19.892899999999994
[12835, 35153] - 18.309699999999996
[12807, 35153] - 18.958399999999997
[35153, 33429] - 19.106699999999996
[35153, 34901] - 18.891000000000002
[33453, 35153] - 19.938299999999998
[35153, 12687] - 21.512499999999996
[34905, 35153] - 18.3732
[12683, 35153] - 20.052999999999997
[12411, 35153] - 19.17479999999999
[33433, 35153] - 20.407799999999998
[12795, 35153] - 20.4197
[12691, 35153] - 18.647399999999998
[12827, 35153] - 20.889399999999995
[35153, 12831] - 19.962299999999995
[35153, 12431] - 18.852399999999996
[35153, 12875] - 20.7523
[35153, 12695] - 20.7731
[35153, 12679] - 19.380200000000002
[12703, 35153] - 20.819799999999997
[12483, 35153] - 20.3176
[12487, 35153] - 20.200900000000004
[12895, 35153] - 22.3395
[35153, 33449] - 22.049500000000005
[12615, 12607] - 27.047799999999995
[12615, 12767] - 28.696300000000008
[12615, 12611] - 46.659199999999984
[12615, 12755] - 31.830500000000004
[12615, 12771] - 30.140599999999996
[12627, 12615] - 18.1204
[12615, 12621] - 28.4192
[12615, 12483] - 20.0057
[10307, 12615] - 24.005999999999997
[10315, 12615] - 19.314100000000003
[12371, 34917] - 20.019999999999992
[34909, 12371] - 17.949099999999994
[12371, 33441] - 19.5153
[12371, 12355, 12343] - 18.989087000000005
[35149, 12371] - 18.6351
[12371, 34925] - 20.223599999999998
[12371, 34913] - 20.512300000000007
[12395, 12371, 12367] - 19.554880000000004
[12395, 12371, 12355] - 18.537849
[10865, 12371] - 18.493900000000004
[33465, 12371] - 21.811899999999994
[12451, 12371, 12399] - 18.30993
[12419, 12451, 12371] - 18.316896999999994
[12451, 12371, 12447] - 18.970117000000002
[12407, 12451, 12371] - 18.796498
[12451, 12371, 12411] - 18.436015999999995
[12451, 12371, 12355] - 18.255729000000002
[12371, 34929] - 19.2211
[12419, 12371, 12399] - 20.04429
[12371, 12399, 12367] - 18.336372
[12371, 12399, 12447] - 18.601099999999995
[12371, 12399, 12403] - 19.902456000000004
[12371, 12299, 12399] - 18.894483999999995
[12407, 12371, 12399] - 18.923244999999994
[12371, 12399, 12411] - 18.171253
[12419, 12371, 12367] - 20.393730999999992
[12419, 12371, 12447] - 19.324294
[12419, 12371, 12403] - 18.593180999999998
[12419, 12371, 12299] - 22.163237
[12407, 12419, 12371] - 20.227891999999997
[12419, 12371, 12411] - 18.664265999999998
[34921, 12371] - 19.9727
[12371, 12367, 12403] - 18.968103999999997
[12371, 12299, 12367] - 20.200433
[12371, 33437] - 20.477599999999995
[12407, 12371, 12447] - 18.807969000000003
[12371, 12411, 12447] - 18.17876
[12371, 12411, 12403] - 19.048722
[33425, 12371] - 19.293400000000002
[12491, 12371] - 18.2093
[10857, 12371] - 18.2218
[12371, 10861] - 18.205000000000002
[12371, 12883] - 18.097299999999997
[12835, 12371] - 18.389400000000002
[12371, 12299, 12411] - 19.433374
[12371, 33429] - 20.4378
[12371, 35185] - 18.513299999999997
[33453, 12371] - 18.379499999999997
[12371, 12687] - 20.4807
[12371, 34905] - 19.730699999999995
[12407, 12371, 12411] - 19.342239000000003
[12371, 12683] - 20.297199999999997
[12371, 12355, 12411] - 18.673768
[33433, 12371] - 20.414299999999997
[34885, 12371] - 18.687700000000003
[12371, 12691] - 19.282600000000002
[12827, 12371] - 18.557299999999994
[12371, 12831] - 19.161
[12371, 12431] - 31.089700000000004
[12371, 12875] - 18.5384
[12371, 12695] - 18.227199999999996
[12371, 12679] - 18.6094
[12483, 12371] - 21.517100000000006
[12371, 12487] - 20.6413
[12371, 12895] - 19.946099999999994
[12371, 33449] - 19.042299999999994
[12563, 12579] - 19.712399999999995
[35169, 12563] - 18.7481
[12563, 12547] - 20.6145
[12563, 12555] - 29.212199999999996
[12551, 12563] - 18.4957
[12563, 12567] - 19.349300000000003
[12559, 12563] - 62.52760000000003
[12579, 12547] - 19.400299999999998
[12579, 12555] - 19.682999999999996
[12559, 12579] - 22.8465
[54661, 34893] - 24.690200000000004
[54661, 12703, 32213] - 18.552774999999997
[54661, 32213, 10311] - 18.689520000000005
[54661, 12703, 10311] - 18.61152
[54661, 12483] - 26.9042
[54661, 12487] - 40.1982
[10315, 54661] - 21.653800000000007
[34909, 34917, 34925] - 21.214294000000002
[34909, 34917, 34913] - 26.096678999999998
[34909, 34929, 34917] - 25.024243
[34921, 34909, 34917] - 21.394213999999998
[34909, 12355, 34917] - 18.665527000000004
[35177, 34917] - 21.9776
[33441, 34917] - 22.617800000000003
[34917, 12343] - 25.652799999999996
[35149, 34917] - 20.193599999999996
[12803, 34917] - 18.734800000000003
[35169, 34917] - 24.166900000000002
[34917, 34925, 34913] - 22.838928000000006
[34921, 34929, 34917, 34925] - 18.90795921
[12355, 34917, 34925] - 20.433196000000002
[34917, 35181] - 20.1439
[34929, 34917, 34913] - 26.916150999999996
[34921, 34917, 34913] - 21.591239
[12355, 34917, 34913] - 19.288856999999997
[10865, 34917] - 21.4089
[33465, 34917] - 23.1316
[34917, 12887] - 19.876899999999996
[12451, 34917] - 18.799699999999994
[10849, 34917] - 24.908899999999992
[12355, 34929, 34917] - 20.410415999999998
[12399, 34917] - 18.998600000000007
[34921, 12355, 34917] - 19.226225000000003
[12367, 34917] - 19.4189
[34917, 33437] - 21.316300000000005
[33425, 34917] - 20.680900000000005
[12531, 34917] - 18.498200000000004
[12491, 34917] - 19.132299999999994
[34917, 12523] - 18.7736
[10857, 34917] - 21.0317
[12527, 34917] - 18.269799999999996
[34917, 10861] - 20.8901
[34917, 12467] - 18.753600000000002
[12883, 34917] - 20.5792
[12495, 34917] - 18.2202
[12299, 34917] - 18.3097
[34917, 33429] - 22.1754
[34917, 34901] - 24.010200000000005
[34917, 35185] - 22.8653
[33453, 34917] - 20.3004
[34897, 34917] - 23.0279
[34917, 12687] - 19.117899999999995
[34917, 34905] - 22.973799999999994
[34917, 34889] - 22.9433
[34917, 12683] - 19.581299999999995
[12411, 34917] - 19.0297
[33433, 34917] - 23.682799999999997
[12795, 34917] - 18.266000000000002
[34885, 34917] - 22.2441
[12691, 34917] - 20.552500000000002
[34917, 12431] - 19.983999999999998
[34893, 34917] - 23.402799999999996
[34917, 12695] - 19.491199999999996
[12703, 34917] - 18.844599999999993
[12483, 34917] - 20.895299999999995
[12487, 34917] - 20.102400000000006
[12895, 34917] - 18.264199999999995
[34917, 33449] - 22.652300000000004
[34909, 35177] - 24.503600000000002
[34909, 33441] - 19.9256
[34909, 12343] - 23.966199999999994
[35149, 34909] - 18.0653
[35169, 34909] - 20.6995
[34909, 34925, 34913] - 20.855149000000008
[34909, 34929, 34925] - 21.63344
[34921, 34909, 34925] - 20.518938999999996
[34909, 35181] - 23.542499999999997
[34909, 34929, 34913] - 21.572986
[34921, 34909, 34913] - 19.013496000000004
[10865, 34909] - 20.898900000000005
[33465, 34909] - 21.498899999999995
[34909, 10849] - 20.666900000000002
[34921, 34909, 34929] - 21.435742000000005
[34909, 12399] - 18.4857
[34909, 33437] - 20.212299999999995
[33425, 34909] - 19.7231
[12491, 34909] - 19.284999999999997
[10857, 34909] - 20.561700000000002
[34909, 10861] - 21.374299999999995
[34909, 12883] - 18.5101
[34909, 33429] - 20.331199999999995
[34909, 34901] - 23.742699999999996
[34909, 35185] - 20.711400000000005
[33453, 34909] - 19.130099999999995
[34897, 34909] - 21.475299999999997
[34909, 12687] - 18.0792
[34909, 34905] - 22.0701
[34909, 34889] - 22.378399999999996
[12407, 34909] - 19.1277
[34909, 12683] - 18.459
[34909, 12411] - 19.377
[33433, 34909] - 20.255699999999997
[34885, 34909] - 20.926800000000004
[34893, 34909] - 21.4412
[34909, 12695] - 19.576100000000004
[12703, 34909] - 18.396
[12483, 34909] - 23.66850000000001
[34909, 12487] - 19.601600000000005
[34909, 33449] - 20.7248
[35177, 12343] - 21.953100000000003
[35149, 35169, 35177] - 20.134686000000002
[35169, 35177, 35181] - 21.718211
[35169, 35177, 35185] - 19.391172
[35177, 34925] - 18.862999999999992
[35177, 35185, 35181] - 26.373265000000004
[35177, 34913] - 21.848699999999997
[35177, 12887] - 19.441000000000003
[34929, 35177] - 20.2056
[12399, 35177] - 17.882500000000004
[34921, 35177] - 18.6183
[12883, 35177] - 19.3484
[12495, 35177] - 17.8861
[12407, 35177] - 18.410200000000003
[33433, 35177] - 18.6964
[12795, 35177] - 18.713799999999996
[12827, 35177] - 19.450199999999995
[12355, 35177] - 26.133399999999995
[35177, 12831] - 18.533700000000007
[35177, 12875] - 20.8977
[10877, 35177] - 21.4022
[12483, 35177] - 18.440299999999997
[12487, 35177] - 18.481599999999997
[35177, 12895] - 19.869999999999997
[35177, 33449] - 18.2778
[12839, 33441] - 19.203900000000008
[33441, 12343] - 22.676000000000002
[35149, 33441] - 18.639599999999998
[12803, 33441] - 21.660399999999996
[35169, 33441] - 19.895799999999998
[33441, 34925] - 23.323
[33441, 35181] - 19.152199999999997
[33441, 34913] - 23.676299999999994
[12395, 33441] - 18.475800000000003
[10865, 33441] - 21.849000000000004
[33465, 33441, 33429, 33437] - 20.280962080000005
[33453, 33465, 33441, 33437] - 20.306417480000007
[33433, 33465, 33441, 33437] - 22.315649279999995
[33465, 33441, 33437, 33449] - 21.469273479999995
[33425, 33465, 33441] - 20.382521000000004
[33465, 33441, 12523] - 18.237955999999997
[33453, 33465, 33441, 33429] - 18.858413940000013
[33433, 33465, 33441, 33429] - 20.967213240000014
[33465, 33441, 33429, 33449] - 19.851085230000006
[33433, 33465, 33441, 34901] - 18.22330384
[33465, 33441, 34901, 33449] - 17.962493529999993
[33433, 33453, 33465, 33441] - 21.799308289999995
[33453, 33465, 33441, 33449] - 20.289478490000008
[34897, 33465, 33441] - 19.627509
[33465, 33441, 12687] - 18.215877000000006
[33465, 33441, 34905] - 23.969505
[33465, 33441, 34889] - 21.938861999999997
[33465, 33441, 12683] - 19.768737
[33433, 33465, 33441, 33449] - 22.762079759999995
[34885, 33465, 33441] - 20.261757000000003
[33465, 12691, 33441] - 18.136483000000002
[33465, 34893, 33441] - 18.182982000000003
[33465, 33441, 12695] - 19.705621
[33469, 33465, 33441] - 23.477207999999997
[33441, 12887] - 18.4058
[12451, 33441] - 20.1573
[10849, 33441] - 20.650399999999994
[33441, 34929] - 22.843999999999994
[33441, 12399] - 20.3029
[12419, 33441] - 18.520699999999998
[34921, 33441] - 22.2839
[33441, 12459] - 21.4609
[12903, 33441] - 19.9799
[33441, 12871] - 18.9523
[33441, 12367] - 19.3491
[33425, 33441, 33437] - 20.262210000000007
[33441, 33437, 12523] - 19.546267999999994
[12527, 33441, 33437] - 18.213796999999996
[33453, 33441, 33429, 33437] - 18.192172699999997
[33433, 33441, 33429, 33437] - 20.094057399999997
[33441, 33429, 33437, 33449] - 20.56513634
[33441, 34901, 33437] - 24.854971000000003
[33433, 33453, 33441, 33437] - 21.017818119999998
[33453, 33441, 33437, 33449] - 20.144922209999997
[34897, 33441, 33437] - 20.124087000000006
[33441, 12687, 33437] - 18.507576999999998
[33441, 34905, 33437] - 25.179534
[33441, 33437, 34889] - 21.965938
[33441, 12683, 33437] - 21.638992
[33433, 33441, 33437, 33449] - 21.168659620000003
[33441, 12795, 33437] - 18.289603999999997
[34885, 33441, 33437] - 19.30928
[12691, 33441, 33437] - 19.725618
[33441, 12355, 33437] - 17.896512999999995
[33441, 33437, 12831] - 18.370975
[34893, 33441, 33437] - 19.597844
[33441, 33437, 12875] - 18.1591
[33441, 12695, 33437] - 21.783775
[33441, 12487, 33437] - 18.092613999999994
[33469, 33441, 33437, 33449] - 18.297290759999992
[33441, 12895, 33437] - 19.475908
[33441, 12447] - 19.159999999999997
[12879, 33441] - 18.2345
[33441, 12403] - 19.119099999999996
[33425, 33441, 33429] - 22.992352999999998
[33425, 33441, 34901] - 19.067364
[33425, 33453, 33441] - 18.583022000000003
[33425, 33441, 34905] - 22.387043000000006
[33425, 33441, 34889] - 18.172050999999996
[33425, 33433, 33441] - 18.963917999999993
[33425, 33441, 33449] - 21.782781999999997
[33441, 12531] - 24.274399999999996
[33441, 12855] - 18.136199999999995
[12491, 33441] - 24.6999
[12527, 33441, 12523] - 18.571895000000005
[33441, 12683, 12523] - 19.127455999999995
[33433, 33441, 12523] - 18.981520999999997
[33441, 12695, 12523] - 18.202014000000002
[33441, 33449, 12523] - 19.549961000000007
[10857, 33441] - 23.351100000000006
[12527, 33441, 12683] - 18.653919
[33433, 12527, 33441] - 18.779761000000004
[12527, 33441, 12695] - 17.968391999999998
[12527, 33441, 33449] - 20.24695499999999
[33441, 10861, 33449] - 18.222771
[12847, 33441] - 19.9894
[33441, 12467] - 23.931900000000002
[12867, 33441] - 19.6208
[33441, 12883] - 20.4254
[12835, 33441] - 20.789799999999996
[12495, 33441] - 23.312599999999996
[33441, 12299] - 18.070000000000004
[12807, 33441] - 22.85610000000001
[33441, 33429, 34901] - 23.08314699999999
[33433, 33453, 33441, 33429] - 19.710052889999993
[33453, 33441, 33429, 33449] - 19.100445490000002
[34897, 33441, 33429] - 18.89404499999999
[33441, 34905, 33429] - 25.632308000000005
[33441, 33429, 34889] - 21.647796000000003
[33441, 12683, 33429] - 19.329922999999997
[33433, 33441, 33429, 33449] - 20.247480860000003
[33441, 12795, 33429] - 17.894933000000005
[34885, 33441, 33429] - 20.385960999999998
[12691, 33441, 33429] - 19.029707999999996
[33441, 12695, 33429] - 19.267193
[33469, 33441, 33429] - 21.467026
[12823, 33441] - 20.0717
[33453, 33441, 34901] - 23.364473000000004
[34897, 33441, 34901] - 18.625971
[33441, 34905, 34901] - 24.07519200000001
[33441, 34901, 34889] - 22.72888099999999
[34885, 33441, 34901] - 18.465695
[33441, 35185] - 19.9799
[34897, 33453, 33441] - 19.252473999999996
[33453, 33441, 34905] - 22.469271999999997
[33453, 33441, 34889] - 21.908421
[33453, 33441, 12683] - 20.313117
[33433, 33453, 33441, 33449] - 20.92653917
[34885, 33453, 33441] - 19.545854999999992
[33453, 12691, 33441] - 18.379750999999995
[33453, 33441, 12695] - 19.23374400000001
[33469, 33453, 33441] - 23.894613999999994
[33453, 33441, 12895] - 19.706683
[34897, 33441, 34905] - 21.522353000000003
[33433, 34897, 33441] - 19.649822000000004
[34897, 34885, 33441] - 18.470438
[34897, 33441, 33449] - 21.352214000000007
[33441, 12683, 12687] - 19.047254999999996
[33433, 33441, 12687] - 18.519826
[33441, 12695, 12687] - 17.954600000000006
[33441, 12687, 33449] - 19.804688999999996
[33441, 34905, 34889] - 22.022884999999995
[33441, 12683, 34905] - 19.141140000000007
[33433, 33441, 34905] - 23.04005099999999
[34885, 33441, 34905] - 20.017155999999996
[12691, 33441, 34905] - 18.111649999999997
[33441, 34905, 12831] - 17.989845999999993
[33441, 34905, 12695] - 18.687905999999998
[33441, 34905, 33449] - 25.379801999999998
[33433, 33441, 34889] - 23.053169999999998
[34885, 33441, 34889] - 19.483902000000004
[33441, 33449, 34889] - 23.391935
[12407, 33441] - 20.408499999999997
[33433, 33441, 12683] - 20.894567000000002
[12691, 33441, 12683] - 19.868254
[33441, 12683, 12831] - 18.140536
[33441, 12683, 12695] - 20.369702
[12703, 33441, 12683] - 18.020480000000003
[33441, 12683, 33449] - 21.960724000000006
[33441, 12411] - 20.967899999999997
[33441, 12463] - 22.953000000000007
[33433, 33441, 12795] - 18.077954
[33433, 34885, 33441] - 19.827309999999997
[33433, 12691, 33441] - 18.546582000000004
[33433, 33441, 12355] - 18.285257999999995
[33433, 33441, 12831] - 17.909089
[33433, 33441, 12875] - 18.081879
[33433, 33441, 12695] - 20.424256999999987
[33469, 33433, 33441] - 24.065994999999997
[33433, 33441, 12895] - 20.146417000000003
[33441, 12795, 33449] - 18.868774000000002
[34885, 33441, 33449] - 21.03784999999999
[33441, 12691, 12695] - 19.413428000000003
[33441, 12691, 33449] - 20.215664999999994
[12827, 33441] - 25.0612
[33441, 12355, 33449] - 17.939957999999997
[33441, 33449, 12831] - 19.044683000000006
[33441, 12431] - 19.107700000000005
[33441, 12895, 12695] - 18.271620000000002
[33441, 12695, 33449] - 22.835058
[33441, 12679] - 25.422499999999996
[12483, 33441] - 24.143200000000007
[10307, 33441] - 18.5619
[33441, 12895, 33449] - 19.906836000000002
[12839, 12343] - 18.7227
[12803, 12839] - 26.088300000000004
[10865, 12839] - 20.454
[33465, 12839] - 18.2753
[12839, 12883, 12887] - 17.998906
[12839, 12459] - 26.436400000000003
[12903, 12839] - 21.899199999999997
[12839, 12871] - 22.244600000000002
[12839, 33437] - 19.524299999999997
[12839, 12843] - 29.433400000000006
[12879, 12839] - 27.800400000000007
[33425, 12839] - 18.5251
[12839, 12531, 12523] - 18.889666
[12835, 12839, 12531] - 18.596337000000005
[12835, 12839, 12855] - 18.825871999999997
[12491, 12839, 12687] - 18.398125000000004
[12527, 12839, 12523] - 18.679064999999998
[12835, 12839, 12523] - 20.577093000000005
[10857, 12839] - 21.734799999999993
[12835, 12527, 12839] - 18.759638999999996
[12527, 12839, 12687] - 18.782615999999997
[12839, 10861] - 20.559699999999996
[12847, 12839, 12883] - 18.642343999999998
[12847, 12835, 12839] - 20.163974
[12847, 12827, 12839] - 18.213994
[12867, 12835, 12839] - 18.449794000000008
[12867, 12827, 12839] - 17.958969000000003
[12835, 12839, 12883] - 19.755015
[12827, 12839, 12883] - 18.710980000000006
[12835, 12807, 12839] - 18.518009
[12823, 12835, 12839] - 18.166381
[12835, 12839, 12687] - 19.463376
[12835, 12839, 12795] - 19.612751
[12835, 12827, 12839] - 21.505112
[12835, 12839, 12831] - 19.247570000000003
[12835, 12839, 12679] - 18.548438
[12835, 12839, 12895] - 22.986064999999996
[12495, 12839] - 20.868299999999994
[12839, 12667] - 19.862
[12839, 33429] - 20.230499999999996
[12839, 34901] - 20.8812
[12839, 35185] - 18.6677
[33453, 12839] - 19.909
[34897, 12839] - 21.007399999999997
[12839, 34905] - 20.653099999999995
[12839, 34889] - 18.230599999999995
[12839, 12683] - 24.5578
[12839, 12463] - 20.9961
[33433, 12839] - 20.136700000000005
[12827, 12839, 12795] - 19.045090000000002
[12839, 12795, 12895] - 19.826442999999998
[34885, 12839] - 18.7317
[12691, 12839] - 27.317599999999988
[12827, 12839, 12831] - 18.814089000000003
[12827, 12839, 12875] - 18.852500000000006
[12827, 12839, 12679] - 18.217477000000006
[12827, 12839, 12895] - 20.900356000000006
[12839, 12355] - 19.6964
[34893, 12839] - 19.647400000000005
[12839, 12895, 12875] - 18.070456
[12839, 12695] - 23.231800000000007
[12839, 12663] - 24.117100000000004
[12703, 12839] - 26.493000000000006
[12483, 12839] - 26.76569999999999
[12839, 12487] - 26.476300000000005
[12839, 33449] - 24.197000000000013
[18499, 18787] - 29.540700000000008
[18423, 12643] - 22.582099999999997
[12647, 12667, 12643] - 26.00099900000001
[12647, 12643, 12655] - 20.572609
[12647, 12659, 12643] - 24.899252999999995
[33469, 12647, 12643] - 19.790898000000002
[12667, 12643, 12655] - 18.470266
[12659, 12667, 12643] - 23.199607999999998
[33469, 12667, 12643] - 17.94844200000001
[12687, 12643] - 18.742400000000004
[12627, 12643] - 18.2458
[12679, 12643] - 19.399700000000003
[12663, 12643] - 27.704800000000002
[10295, 12643] - 26.061199999999992
[12483, 12643] - 18.641900000000003
[12487, 12643] - 21.164300000000004
[10311, 12643] - 23.662
[10307, 12643] - 19.413499999999996
[10315, 12643] - 19.254199999999997
[12895, 12643] - 20.432499999999997
[35149, 12343] - 18.2451
[12803, 12343] - 18.4181
[35169, 12343] - 19.549600000000005
[34921, 12343, 34925] - 19.064832000000006
[12355, 12343, 34925] - 19.720782000000003
[12343, 35181] - 23.922
[12343, 34913] - 24.4512
[12395, 12355, 12343] - 18.362105999999997
[10865, 12343] - 19.368700000000004
[12343, 12327] - 18.698300000000003
[33465, 12343] - 22.861199999999997
[12343, 12887] - 19.558599999999995
[12451, 12399, 12343] - 18.028482999999998
[12451, 12343, 12447] - 19.042813000000002
[12407, 12451, 12343] - 18.331944999999997
[12451, 12355, 12343] - 20.196631999999994
[10849, 12343] - 20.8861
[12355, 34929, 12343] - 18.134137000000006
[12399, 12367, 12343] - 18.332614999999997
[12399, 12343, 12403] - 17.937038
[12407, 12399, 12343] - 18.885151999999994
[12399, 12411, 12343] - 19.507791
[12355, 12399, 12343] - 20.574124999999988
[12407, 12419, 12343] - 18.031496
[12419, 12355, 12343] - 18.466493
[34921, 12355, 12343] - 19.782348
[12355, 12367, 12343] - 19.080968000000002
[12343, 33437] - 21.507199999999997
[12355, 12343, 12447] - 19.236318000000004
[10881, 12343] - 18.589399999999998
[12355, 12343, 12403] - 19.170273999999996
[33425, 12343] - 21.2205
[12531, 12343] - 19.298
[12491, 12343] - 19.090799999999998
[12343, 12523] - 20.259200000000007
[10857, 12343] - 20.40150000000001
[12527, 12343] - 18.757800000000003
[12343, 10861] - 22.5044
[12847, 12343] - 17.973100000000002
[12343, 12467] - 19.627899999999997
[12883, 12343] - 21.2019
[12495, 12343] - 19.1945
[12299, 12343] - 24.051900000000007
[12807, 12343] - 18.006400000000003
[12343, 33429] - 22.039700000000003
[12343, 34901] - 21.9729
[35185, 12343] - 25.5599
[33453, 12343] - 21.746100000000002
[34897, 12343] - 19.955399999999997
[12343, 12687] - 20.3136
[34905, 12343] - 22.884700000000002
[12343, 34889] - 21.4923
[12407, 12411, 12343] - 18.172276
[12407, 12355, 12343] - 19.514346
[12683, 12343] - 23.3466
[12355, 12411, 12343] - 20.208003
[12463, 12343] - 19.8388
[33433, 12355, 12343] - 18.075773999999996
[12795, 12343] - 19.235300000000002
[34885, 12343] - 20.2235
[12691, 12343] - 22.121100000000006
[12827, 12343] - 19.2769
[12355, 12431, 12343] - 19.467736000000006
[12343, 12831] - 20.218799999999998
[34893, 12343] - 19.265499999999996
[12343, 12875] - 21.1889
[10877, 12343] - 22.277000000000005
[12695, 12343] - 22.436099999999996
[12343, 12679] - 19.9103
[12703, 12343] - 22.789299999999997
[12483, 12343] - 23.0485
[12487, 12343] - 23.819199999999995
[12895, 12343] - 19.610400000000002
[12343, 33449] - 22.71120000000001
[12559, 12591] - 19.703399999999995
[12803, 35149] - 18.1296
[35149, 35169, 35181] - 20.453656000000006
[35149, 35169, 35185] - 19.488669
[35149, 34925] - 20.869200000000006
[35149, 35185, 35181] - 18.113798000000003
[35149, 34913] - 22.9521
[35149, 12395] - 20.660899999999998
[35149, 33465] - 18.771299999999997
[35149, 12887] - 20.127799999999997
[35149, 10849] - 18.977199999999996
[35149, 34929] - 21.266499999999997
[35149, 12399] - 18.002700000000004
[34921, 35149] - 21.17630000000001
[35149, 12367] - 18.382
[35149, 12531] - 18.970599999999997
[35149, 12523] - 20.563299999999998
[10857, 35149] - 20.757099999999994
[12527, 35149] - 19.6616
[35149, 10861] - 18.884
[12847, 35149] - 18.6127
[12867, 35149] - 18.032700000000006
[35149, 12883] - 19.5679
[12835, 35149] - 17.960399999999996
[35149, 12807] - 22.126
[35149, 33429] - 18.3231
[35149, 33453] - 18.333
[35149, 12687] - 21.1132
[35149, 12683] - 21.180899999999998
[35149, 12411] - 19.854600000000005
[33433, 35149] - 21.18919999999999
[35149, 12795] - 21.543099999999992
[35149, 12691] - 20.042800000000003
[35149, 12827] - 19.353099999999998
[35149, 12355] - 26.083
[35149, 12831] - 19.4281
[35149, 12875] - 22.860100000000006
[35149, 12695] - 19.491699999999998
[35149, 12679] - 21.383799999999994
[12703, 35149] - 18.9808
[35149, 12483] - 20.158699999999996
[35149, 12487] - 19.06640000000001
[33469, 35149] - 25.2341
[35149, 12895] - 23.608
[35149, 33449] - 23.4859
[12803, 35169] - 19.558300000000003
[12803, 34925] - 18.317600000000002
[12803, 10865] - 20.934499999999996
[12803, 33433, 33465] - 19.273202999999995
[12803, 12887] - 23.488
[12803, 10849] - 19.012799999999995
[12803, 12459] - 20.823100000000004
[12803, 12903] - 24.669000000000004
[12803, 12827, 12871] - 18.643622999999995
[12803, 33437] - 25.4111
[12803, 33425, 33429] - 18.079465
[12803, 12531, 12523] - 24.208482
[12803, 12527, 12531] - 21.438733000000003
[12803, 12823, 12531] - 18.72236
[12803, 12531, 12687] - 21.350082999999998
[12803, 12531, 12683] - 19.14812
[12803, 12795, 12531] - 20.46353300000001
[12803, 12691, 12531] - 20.391843999999995
[12803, 12531, 12831] - 21.467057999999998
[12803, 12531, 12895] - 18.949170999999996
[12803, 12855] - 23.698499999999996
[12803, 12491] - 24.3229
[12803, 12527, 12523] - 21.352652
[12803, 12867, 12523] - 17.990859
[12803, 12823, 12523] - 20.519104000000002
[12803, 12687, 12523] - 20.941793999999994
[12803, 12683, 12523] - 19.860944000000003
[12803, 12795, 12523] - 21.463166000000008
[12803, 12691, 12523] - 19.444463000000006
[12803, 12831, 12523] - 20.825700000000005
[12803, 12679, 12523] - 17.919742
[12803, 12895, 12523] - 19.671725000000006
[12803, 10857] - 21.618700000000008
[12803, 12527, 12687] - 21.909207000000002
[12803, 12527, 12683] - 20.540744
[12803, 12527, 12795] - 20.094236000000002
[12803, 12527, 12691] - 20.819727000000007
[12803, 12527, 12831] - 22.102381000000005
[12803, 12527, 12695] - 18.50711
[12803, 12527, 12895] - 19.446186000000004
[12803, 10861] - 21.4113
[12847, 12803] - 22.838299999999997
[12803, 12467] - 22.470500000000005
[12803, 12867, 12807] - 22.608894
[12803, 12823, 12867] - 22.281894
[12803, 12867, 12795] - 21.661213000000007
[12803, 12867, 12827] - 19.357101000000004
[12803, 12867, 12831] - 23.188503
[12803, 12867, 12895] - 22.91623699999999
[12803, 12795, 12883] - 18.038052
[12803, 12835] - 28.4018
[12803, 12495] - 26.460699999999992
[12803, 12823, 12807] - 20.357781
[12803, 12807, 12795] - 19.77639
[12803, 12807, 12831] - 20.337403000000002
[12803, 12807, 12895] - 19.454556999999998
[12803, 33429, 33449] - 18.600433000000002
[12803, 12823, 12687] - 18.771713999999992
[12803, 12823, 12683] - 18.271336
[12803, 12823, 12795] - 20.399358000000003
[12803, 12823, 12831] - 21.085507000000003
[12803, 12823, 12895] - 20.152108999999992
[12803, 34901] - 27.557100000000002
[12803, 35185] - 20.1233
[12803, 33433, 33453] - 17.976928
[12803, 34897] - 19.329
[12803, 12815] - 29.3988
[12803, 34905, 12687] - 18.344639
[12803, 12683, 12687] - 24.105194
[12803, 12795, 12687] - 22.014659999999992
[12803, 12691, 12687] - 25.405852
[12803, 12687, 12831] - 23.211929999999995
[12803, 12695, 12687] - 21.101547999999998
[12803, 12679, 12687] - 18.330316000000003
[12803, 12895, 12687] - 20.015215000000005
[12803, 12687, 33449] - 19.292613
[12803, 34905, 34889] - 18.347734999999997
[12803, 12795, 34905] - 20.016506
[12803, 12691, 34905] - 17.920021
[12803, 34905, 12831] - 19.002132000000003
[12803, 34905, 33449] - 18.590625
[12803, 12655] - 22.294100000000004
[12803, 12795, 12683] - 21.285011999999995
[12803, 12691, 12683] - 22.217290999999996
[12803, 12683, 12831] - 24.596265999999996
[12803, 12683, 12695] - 21.454385
[12803, 12683, 12679] - 19.787402
[12803, 12895, 12683] - 20.079623999999995
[12803, 12683, 33449] - 18.329691999999998
[12803, 12463] - 26.745300000000004
[12803, 33433, 33449] - 18.050582
[12803, 12691, 12795] - 20.49844799999999
[12803, 12827, 12795] - 18.283935999999997
[12803, 12795, 12831] - 27.799569999999996
[12803, 12795, 12695] - 18.938129999999997
[12803, 12795, 12679] - 18.033663999999995
[12803, 12795, 12895] - 25.035448999999996
[12803, 12795, 33449] - 18.659136000000007
[12803, 34885] - 20.8176
[12803, 12691, 12831] - 22.941997000000004
[12803, 12691, 12695] - 20.234990000000007
[12803, 12691, 12895] - 19.939837
[12803, 12827, 12831] - 21.073742000000003
[12803, 12827, 12679] - 18.124341999999995
[12803, 12827, 12895] - 22.622261999999996
[12803, 12355] - 20.025100000000002
[12803, 12819] - 39.55570000000001
[12803, 12695, 12831] - 21.297948
[12803, 12679, 12831] - 18.905656000000004
[12803, 12703, 12831] - 18.628466
[12803, 12895, 12831] - 24.041913999999995
[12803, 33449, 12831] - 19.195610000000002
[12803, 34893] - 18.7792
[12803, 12895, 12875] - 18.118929
[12803, 12895, 12695] - 18.813901
[12803, 12695, 33449] - 19.082278000000002
[12803, 12895, 12679] - 19.091483
[12803, 10295] - 20.9519
[12803, 12483] - 27.274500000000003
[12803, 12487] - 26.5767
[12803, 10307] - 26.273399999999995
[12803, 33469] - 23.6016
[35169, 34925] - 23.8989
[35169, 35185, 35181] - 21.247723999999998
[35169, 34913] - 24.318099999999994
[12395, 35169] - 19.291199999999996
[10865, 35169] - 18.521700000000003
[33465, 35169] - 20.008899999999997
[35169, 12887] - 21.336799999999997
[35169, 10849] - 19.3077
[35169, 34929] - 26.622200000000003
[35169, 12399] - 18.293100000000003
[34921, 35169] - 27.12080000000001
[35169, 12871] - 18.191600000000005
[35169, 12367] - 19.125700000000002
[35169, 33437] - 19.144500000000004
[12879, 35169] - 18.2497
[33425, 35169] - 17.9342
[35169, 12531] - 19.9234
[12491, 35169] - 18.978299999999994
[35169, 12523] - 19.9839
[10857, 35169] - 22.4059
[12527, 35169] - 19.503999999999998
[35169, 10861] - 20.5873
[12847, 35169] - 19.245600000000003
[12867, 35169] - 18.5632
[35169, 12883] - 22.2471
[12835, 35169] - 18.8595
[35169, 12299] - 17.9026
[35169, 33429] - 19.9136
[35169, 34901] - 19.9832
[33453, 35169] - 19.1201
[34897, 35169] - 18.8355
[35169, 12687] - 21.000600000000002
[35169, 34905] - 19.9884
[35169, 34889] - 18.2461
[12407, 35169] - 19.431499999999996
[35169, 12683] - 19.503000000000004
[35169, 12411] - 20.932
[33433, 35169] - 21.190500000000004
[35169, 12795] - 21.198999999999998
[34885, 35169] - 19.542700000000004
[35169, 12691] - 18.9999
[35169, 12827] - 20.4413
[12559, 35169] - 21.984599999999993
[35169, 12831] - 20.263799999999993
[35169, 12431] - 19.812700000000003
[35169, 34893] - 18.7854
[35169, 12875] - 21.620800000000003
[35169, 12695] - 19.1923
[35169, 12679] - 18.2382
[12703, 35169] - 19.0774
[12483, 35169] - 20.2591
[35169, 12487] - 19.851599999999998
[35169, 12895] - 21.7137
[35169, 33449] - 21.594399999999993
[12551, 12347] - 22.51600000000001
[12339, 12347] - 27.049700000000005
[12355, 12347] - 62.509
[10877, 12347] - 21.7826
[48667, 48675, 48663] - 44.875072000000024
[12339, 48667, 48663] - 18.14278
[48663, 35185] - 18.259500000000003
[34925, 35181] - 20.080900000000003
[34929, 34925, 34913] - 23.233328
[34921, 34925, 34913] - 23.620322
[12355, 34925, 34913] - 19.213016000000003
[10865, 34925] - 19.990000000000002
[33465, 34925] - 23.8894
[12887, 34925] - 20.429599999999997
[12451, 34925] - 18.512899999999995
[10849, 34925] - 26.5654
[12355, 34929, 34925] - 21.340354
[12399, 34925] - 19.032100000000003
[34921, 12355, 34925] - 23.654586
[12367, 34925] - 20.492699999999992
[34925, 33437] - 22.1895
[33425, 34925] - 20.7795
[12531, 34925] - 18.678500000000003
[12491, 34925] - 18.144499999999997
[34925, 12523] - 19.434400000000004
[10857, 34925] - 20.5332
[12527, 34925] - 18.668899999999997
[34925, 10861] - 21.4269
[12883, 34925] - 23.321500000000004
[12551, 34925] - 21.033200000000004
[34925, 33429] - 22.127599999999994
[34925, 34901] - 24.641700000000007
[35185, 34925] - 21.336399999999994
[33453, 34925] - 21.9707
[34897, 34925] - 25.537100000000002
[34925, 12687] - 20.109999999999996
[34905, 34925] - 23.914300000000008
[34925, 34889] - 23.975499999999997
[12683, 34925] - 20.740099999999998
[12411, 34925] - 18.728099999999998
[33433, 34925] - 23.995600000000003
[12795, 34925] - 19.383800000000004
[34885, 34925] - 22.361600000000003
[12691, 34925] - 19.934799999999996
[12827, 34925] - 18.4733
[34925, 12831] - 20.3996
[12431, 34925] - 20.537300000000002
[34893, 34925] - 24.605900000000002
[34925, 12875] - 18.6636
[12695, 34925] - 20.24029999999999
[34925, 12679] - 19.467999999999993
[12703, 34925] - 19.6149
[12483, 34925] - 20.59849999999999
[12487, 34925] - 20.9093
[33469, 34925] - 18.3452
[12895, 34925] - 18.2954
[34925, 33449] - 24.049900000000004
[10865, 32197] - 18.308799999999998
[12735, 32197] - 19.462
[10857, 32197] - 25.889100000000003
[32197, 10303] - 35.96990000000001
[32197, 12743] - 21.18889999999999
[32197, 10861] - 23.3991
[32201, 32197, 32209, 32205] - 18.35344444
[32201, 32213, 32197] - 19.033711000000007
[32197, 12763] - 25.824699999999993
[32197, 12479] - 20.385900000000003
[12627, 32197] - 21.551900000000003
[12779, 32197] - 23.5945
[12759, 32197] - 21.680500000000002
[32213, 32197, 32205] - 23.122353999999994
[10315, 32197, 32205] - 18.067258
[34885, 32197] - 21.3462
[32197, 12691] - 24.3283
[32197, 12695] - 26.853700000000003
[10295, 32197] - 28.685800000000004
[12483, 32197] - 22.820299999999996
[32197, 12487] - 19.982800000000005
[32197, 10311] - 21.854499999999998
[10307, 32197] - 34.873000000000005
[33469, 32197] - 23.203400000000006
[32197, 12895] - 23.3617
[32197, 33449] - 27.630200000000002
[34913, 35181] - 22.639199999999995
[33465, 35181] - 18.6591
[12887, 35181] - 19.528899999999997
[34929, 35181] - 19.553099999999997
[34921, 35181] - 21.483299999999996
[33437, 35181] - 18.228599999999997
[12531, 35181] - 18.141699999999997
[12491, 35181] - 18.369899999999998
[12523, 35181] - 19.4017
[12527, 35181] - 18.0789
[12867, 35181] - 18.2691
[12883, 35181] - 18.4361
[12807, 35181] - 18.2225
[33453, 35181] - 17.9287
[12687, 35181] - 17.886799999999997
[12683, 35181] - 21.569399999999995
[12411, 35181] - 18.923600000000004
[33433, 35181] - 18.639999999999997
[12795, 35181] - 19.592999999999996
[12827, 35181] - 19.6265
[12355, 35181] - 34.4754
[12831, 35181] - 19.620400000000004
[12431, 35181] - 19.266599999999993
[12875, 35181] - 22.232499999999995
[10877, 35181] - 19.038200000000007
[12679, 35181] - 18.998899999999995
[12483, 35181] - 19.8287
[12487, 35181] - 18.181500000000003
[12895, 35181] - 21.4294
[10857, 12631] - 21.710000000000004
[12631, 10303] - 20.4519
[12631, 12743] - 20.433799999999998
[12631, 10861] - 21.712899999999998
[12631, 32209] - 18.2668
[12631, 12611] - 22.550800000000006
[12631, 33429] - 19.9147
[12603, 12631] - 20.427899999999998
[12763, 12631] - 22.516299999999998
[12631, 10299] - 20.2255
[12631, 12479] - 22.111700000000006
[12631, 12683] - 18.3497
[12627, 12631] - 59.15310000000001
[12779, 12631] - 21.939599999999995
[12631, 32205] - 20.1142
[12795, 12631] - 17.981200000000005
[34885, 12631] - 20.7437
[12691, 12631] - 31.3384
[12819, 12631] - 23.008099999999995
[12631, 12831] - 19.1626
[12631, 12695] - 25.907799999999995
[12631, 12621] - 29.838099999999997
[12703, 12631] - 20.245099999999997
[10295, 12631] - 26.2972
[12483, 12631] - 22.576500000000003
[12487, 12631] - 24.198500000000003
[12631, 10311] - 19.271
[10307, 12631] - 30.3279
[10315, 12631] - 27.427699999999998
[12895, 12631] - 28.035300000000007
[12631, 33449] - 27.721600000000002
[10865, 34913] - 19.971799999999998
[33465, 34913] - 21.651900000000005
[12887, 34913] - 19.026300000000003
[12451, 34913] - 18.0168
[10849, 34913] - 20.9931
[34921, 34929, 34913] - 22.409676000000005
[12355, 34929, 34913] - 18.793298
[12399, 34913] - 19.250699999999995
[12367, 34913] - 18.002899999999997
[34913, 33437] - 21.542899999999996
[33425, 34913] - 20.5947
[12531, 34913] - 18.147599999999997
[12491, 34913] - 18.3261
[34913, 12523] - 18.397700000000004
[10857, 34913] - 22.496500000000005
[12527, 34913] - 17.9964
[10861, 34913] - 21.492599999999996
[12883, 34913] - 21.086499999999997
[12299, 34913] - 18.5012
[33429, 34913] - 20.7763
[34913, 34901] - 26.303499999999996
[35185, 34913] - 26.0193
[33453, 34913] - 19.528699999999994
[34897, 34913] - 25.0188
[34913, 12687] - 19.4331
[34905, 34913] - 26.376100000000008
[34913, 34889] - 24.6553
[12407, 34913] - 19.2896
[12683, 34913] - 19.7184
[12411, 34913] - 19.0663
[12463, 34913] - 18.2076
[33433, 34913] - 21.866400000000006
[12795, 34913] - 18.2757
[34885, 34913] - 20.923199999999998
[12691, 34913] - 18.950200000000002
[12827, 34913] - 18.532499999999995
[34913, 12831] - 18.515300000000003
[34893, 34913] - 24.8565
[10877, 34913] - 18.0497
[12695, 34913] - 19.0783
[12483, 34913] - 19.608999999999998
[12487, 34913] - 20.3052
[12895, 34913] - 18.984099999999998
[34913, 33449] - 24.33320000000001
[10865, 12395] - 19.56
[12395, 33465] - 18.807700000000004
[12395, 12451] - 23.6475
[12395, 10849] - 19.2568
[12419, 12395, 12399] - 19.182014000000006
[12395, 12399, 12367] - 22.571755000000003
[12395, 12399, 12403] - 23.16531599999999
[12395, 12299, 12399] - 20.730129999999996
[12407, 12395, 12399] - 18.697289
[12395, 12399, 12411] - 20.95413099999999
[12395, 12399, 12431] - 18.54943
[12419, 12395, 12367] - 22.100243000000003
[12419, 12395, 12299] - 19.506086000000003
[12395, 12367, 12403] - 29.709519000000004
[12395, 12299, 12367] - 23.375305000000004
[12407, 12395, 12367] - 19.518625999999998
[12395, 12411, 12367] - 23.769230000000007
[12395, 12355, 12367] - 18.394721
[12395, 12367, 12431] - 28.906221000000002
[12395, 12447] - 24.364000000000004
[12395, 12299, 12403] - 21.243258000000008
[12407, 12395, 12403] - 18.955251000000004
[12395, 12411, 12403] - 22.586020000000005
[12395, 12431, 12403] - 21.731903
[12395, 12531] - 18.0406
[12395, 12523] - 17.8965
[10857, 12395] - 19.06340000000001
[12395, 10861] - 19.458999999999996
[12847, 12395] - 18.607200000000002
[12835, 12395] - 18.197599999999998
[12395, 12299, 12411] - 18.556041999999998
[12395, 12299, 12431] - 19.430402999999995
[12395, 35185] - 18.672199999999997
[12395, 12687] - 19.815699999999996
[12407, 12395, 12411] - 19.262195999999996
[12395, 12683] - 20.903899999999993
[12395, 12355, 12411] - 18.038567999999998
[12395, 12411, 12431] - 19.119899
[33433, 12395] - 18.7575
[12395, 12691] - 18.2923
[12395, 12827] - 17.9024
[12395, 12355, 12431] - 19.377814999999995
[12395, 12831] - 18.148700000000005
[12395, 12875] - 18.936500000000002
[12395, 12695] - 18.0749
[12395, 12679] - 19.084599999999995
[12703, 12395] - 19.214499999999994
[12483, 12395] - 20.294100000000004
[12395, 12487] - 19.4233
[12395, 12895] - 18.130399999999998
[12439, 12451] - 21.0126
[12439, 12399] - 18.833600000000004
[12439, 12447] - 18.189300000000003
[12439, 12403] - 19.0107
[12515, 12439] - 20.146500000000003
[12439, 12299] - 25.757300000000004
[12407, 12439] - 26.400899999999996
[12439, 12411] - 25.004799999999992
[10865, 33465] - 21.282899999999998
[10865, 12887] - 19.8208
[10865, 10857, 10849] - 20.253975
[10865, 10849, 10861] - 19.841966000000006
[10865, 34929] - 22.0202
[10865, 12399] - 18.199099999999998
[34921, 10865] - 19.4027
[10865, 12459] - 21.517999999999997
[12903, 10865] - 18.158099999999997
[10865, 12871] - 19.273900000000005
[10865, 12367] - 20.265600000000003
[10865, 33437] - 22.855100000000004
[10865, 12879] - 18.724899999999998
[10865, 12739] - 21.334199999999992
[33425, 10865] - 20.393000000000004
[10865, 12531] - 22.056
[10865, 12855] - 18.838599999999996
[10865, 12735] - 22.8971
[12491, 10865] - 24.609299999999998
[10865, 12523] - 24.307100000000005
[10865, 10857, 10303] - 19.60873000000001
[10865, 10857, 12743] - 18.300641999999996
[10865, 10857, 10861] - 47.637282000000006
[10865, 34897, 10857] - 17.983773
[10865, 10857, 12683] - 18.85858500000001
[10865, 33433, 10857] - 18.512144999999997
[10865, 10857, 12827] - 18.284482999999998
[10865, 10857, 12831] - 18.087809999999994
[10865, 10857, 34893] - 18.558702
[10865, 10857, 12695] - 20.235161999999995
[10865, 10857, 12703] - 18.861707999999993
[10865, 10857, 12483] - 21.795529999999992
[10865, 10857, 12487] - 21.226741000000008
[10865, 10857, 12895] - 19.068463
[10865, 10857, 33449] - 18.565992000000005
[10865, 12527] - 23.629700000000003
[10865, 10861, 10303] - 20.208688000000002
[10865, 34897, 10861] - 18.476475999999998
[10865, 12683, 10861] - 19.044202000000002
[10865, 12795, 10861] - 18.178718
[10865, 12695, 10861] - 19.382970999999998
[10865, 12703, 10861] - 18.544273999999994
[10865, 12483, 10861] - 21.26012099999999
[10865, 12487, 10861] - 19.709317999999996
[10865, 12895, 10861] - 19.403814999999987
[10865, 10861, 33449] - 19.426273
[12847, 10865] - 19.4947
[10865, 12467] - 23.127000000000002
[10865, 12867] - 20.6144
[10865, 12883] - 22.872500000000002
[10865, 32209] - 23.556699999999996
[10865, 12835] - 19.151400000000002
[10865, 12495] - 26.088999999999995
[10865, 12299] - 19.478099999999998
[10865, 12807] - 19.7394
[10865, 33429] - 22.389899999999997
[10865, 12823] - 23.3635
[10865, 32201] - 25.319799999999994
[10865, 34901] - 23.725199999999994
[10865, 35185] - 19.163900000000005
[10865, 33453] - 23.310900000000007
[10865, 12763] - 27.393999999999995
[10865, 12687] - 23.6603
[10865, 34905] - 21.493500000000008
[10865, 12479] - 19.480499999999996
[10865, 34889] - 23.011700000000005
[12407, 10865] - 17.9699
[10865, 12779] - 27.1708
[10865, 12411] - 18.3573
[10865, 12463] - 24.5872
[12759, 10865] - 20.5015
[10865, 32205] - 22.8324
[10865, 34885] - 25.154700000000005
[10865, 12691] - 26.57970000000001
[10865, 12355] - 26.533700000000007
[10865, 12431] - 19.023600000000002
[10865, 12875] - 23.814400000000003
[10865, 12703, 12695] - 18.075630999999998
[10865, 12621] - 18.0407
[10865, 12679] - 21.321000000000005
[10865, 10295] - 20.516800000000007
[10865, 12483, 12487] - 18.929717000000007
[10865, 10307] - 21.191299999999995
[10315, 10865] - 20.802100000000006
[33469, 10865] - 19.967399999999998
[12327, 10841] - 19.0087
[10881, 12327] - 23.4101
[12339, 12327] - 33.255199999999995
[12355, 12327] - 20.5225
[10877, 12327] - 32.919599999999996
[12671, 12459] - 25.007300000000004
[12671, 12843] - 18.5698
[12671, 12531] - 24.792699999999993
[12647, 12671] - 20.7621
[12491, 12671] - 23.707499999999996
[12671, 12523] - 18.454100000000004
[12527, 12671] - 21.746499999999994
[10291, 12671] - 22.973100000000002
[12671, 12467] - 23.288899999999995
[12835, 12671] - 25.3171
[12671, 12663, 12667] - 43.502596000000004
[12671, 12687] - 28.751200000000004
[12671, 10299] - 23.5268
[12627, 12671] - 18.523400000000002
[12779, 12671] - 19.820000000000007
[12671, 10295] - 21.6936
[12671, 10311] - 19.8385
[10307, 12671] - 22.925700000000003
[12671, 12895] - 22.399699999999996
[12451, 33465] - 21.179599999999994
[33465, 10849] - 20.742199999999997
[33465, 34929] - 23.4731
[33465, 12399] - 20.682799999999997
[12419, 33465] - 19.222499999999997
[34921, 33465] - 23.233699999999995
[33465, 12459] - 20.225999999999996
[12903, 33465] - 18.023899999999998
[33465, 12367] - 22.347499999999997
[33425, 33465, 33437] - 22.58881
[33465, 33437, 12523] - 18.483159999999994
[12527, 33465, 33437] - 19.743427999999998
[33453, 33465, 33429, 33437] - 19.40631965
[33433, 33465, 33429, 33437] - 20.484906130000006
[33465, 33429, 33437, 33449] - 19.28217034
[33433, 33465, 33437, 34901] - 18.648291000000004
[33465, 33437, 34901, 33449] - 18.329899310000002
[33433, 33453, 33465, 33437] - 23.210311279999992
[33453, 33465, 33437, 33449] - 21.39981383000001
[34897, 33465, 33437] - 20.482386
[33465, 12687, 33437] - 19.381271999999996
[33433, 33465, 34905, 33437] - 18.271766280000005
[33465, 34905, 33437, 33449] - 19.118684420000005
[33433, 33465, 33437, 34889] - 18.47704266
[33465, 12683, 33437] - 24.182191
[33469, 33433, 33465, 33437] - 19.429251530000002
[33433, 33465, 33437, 33449] - 23.901673800000005
[33465, 12795, 33437] - 19.296687
[34885, 33465, 33437] - 21.177817
[33465, 12691, 33437] - 21.526381999999998
[33465, 33437, 12831] - 19.113892
[33465, 34893, 33437] - 18.142627
[33465, 12695, 33437] - 24.315360000000005
[33465, 12679, 33437] - 18.678383
[33469, 33465, 33437, 33449] - 19.80523206999999
[33465, 12895, 33437] - 17.97856200000001
[33465, 12447] - 19.535300000000003
[33465, 12403] - 18.866100000000003
[33425, 33465, 33429] - 21.491142999999997
[33425, 33465, 34901] - 22.251023
[33425, 33453, 33465] - 19.267584000000003
[33425, 33465, 34905] - 23.350220999999998
[33425, 33465, 34889] - 21.516557999999996
[33425, 33465, 12683] - 18.388795
[33425, 33433, 33465] - 22.858152
[33425, 33465, 12691] - 18.691726999999997
[33425, 33465, 12695] - 18.623573
[33425, 33465, 33449] - 22.571794
[33465, 12531, 12523] - 18.100696999999997
[33433, 33465, 12531] - 18.375347999999995
[33465, 12691, 12531] - 18.052001000000004
[33465, 12531, 33449] - 18.300319000000002
[33465, 12855] - 18.493900000000004
[12491, 33433, 33465] - 18.630457
[12527, 33465, 12523] - 19.330718
[33453, 33465, 12523] - 18.908768
[33465, 12683, 12523] - 18.436377999999998
[33433, 33465, 12523] - 20.691269999999996
[33465, 12691, 12523] - 18.083788999999996
[33465, 12695, 12523] - 18.529812
[33465, 33449, 12523] - 19.589398999999997
[33433, 10857, 33465] - 18.101135
[12527, 33453, 33465] - 19.183497999999997
[12527, 33465, 12687] - 18.021397000000007
[12527, 33465, 34905] - 18.029666
[12527, 33465, 12683] - 20.518485
[33433, 12527, 33465] - 21.729579
[12527, 33465, 12795] - 18.529344
[12527, 33465, 12691] - 20.479774000000003
[12527, 33465, 12831] - 19.251683000000003
[12527, 33465, 12695] - 19.524946000000003
[12527, 33465, 33449] - 20.474733
[33433, 33465, 10861] - 19.12368799999999
[33465, 10861, 33449] - 18.006344
[12847, 33465] - 18.665399999999995
[33465, 12467] - 20.488499999999995
[12867, 33465] - 19.846699999999995
[33465, 12883] - 19.605099999999997
[12835, 33465] - 19.882500000000004
[33433, 33465, 12495] - 18.035050000000005
[33465, 12299] - 19.0092
[12807, 33465] - 20.9307
[33465, 33429, 34901] - 23.128288
[33433, 33453, 33465, 33429] - 21.80683393999999
[33453, 33465, 33429, 33449] - 19.135004189999993
[34897, 33465, 33429] - 18.620852
[33465, 34905, 33429] - 23.627357999999994
[33465, 33429, 34889] - 21.539960999999998
[33465, 12683, 33429] - 19.465545999999996
[33433, 33465, 33429, 33449] - 22.049919790000008
[33465, 12795, 33429] - 18.226334
[34885, 33465, 33429] - 21.42181900000001
[33465, 12691, 33429] - 19.382423
[33465, 34893, 33429] - 18.15189
[33465, 12695, 33429] - 18.606348000000004
[33469, 33465, 33429] - 23.501569
[12823, 33465] - 23.2119
[33433, 33453, 33465, 34901] - 18.605884639999996
[34897, 33465, 34901] - 19.607738
[33433, 33465, 34905, 34901] - 18.115398589999995
[33433, 33465, 34901, 34889] - 18.179185690000004
[33465, 12683, 34901] - 19.527863999999994
[33433, 33465, 34901, 33449] - 19.334965219999997
[34885, 33465, 34901] - 19.569106
[33465, 12691, 34901] - 18.08653
[33465, 12695, 34901] - 19.893351000000006
[33469, 33465, 34901] - 20.127485999999998
[33465, 35185] - 19.523
[34897, 33453, 33465] - 19.789232000000002
[33453, 33465, 12687] - 19.917711
[33453, 33465, 34905] - 23.009818000000006
[33453, 33465, 34889] - 22.285387
[33453, 33465, 12683] - 22.303372
[33469, 33433, 33453, 33465] - 24.95860847
[33433, 33453, 33465, 33449] - 28.43102661999999
[33453, 33465, 12795] - 18.053413000000003
[34885, 33453, 33465] - 20.681506000000013
[33453, 33465, 12691] - 22.140089999999994
[33453, 33465, 12827] - 18.456716999999998
[33453, 33465, 12831] - 19.249359
[33453, 33465, 12695] - 20.919466000000003
[33453, 33465, 12679] - 18.493456000000002
[12703, 33453, 33465] - 17.892759
[33469, 33453, 33465, 33449] - 20.41582032000001
[33453, 33465, 12895] - 20.403749999999995
[34897, 33465, 34905] - 20.790643
[34897, 33465, 34889] - 20.034571000000003
[33433, 34897, 33465] - 22.456135000000003
[34897, 34885, 33465] - 22.060837000000006
[34897, 33465, 33449] - 22.073583000000006
[33465, 34905, 12687] - 17.929327
[33465, 12683, 12687] - 21.15488599999999
[33433, 33465, 12687] - 22.290899000000007
[33465, 12795, 12687] - 18.309936999999998
[33465, 12691, 12687] - 20.213564000000005
[33465, 12695, 12687] - 19.687318
[33465, 12687, 33449] - 20.258421000000006
[33465, 10299] - 22.815199999999997
[33465, 34905, 33449, 34889] - 17.988526380000003
[33465, 12683, 34905] - 19.459384999999994
[33433, 33465, 34905, 33449] - 19.660940780000004
[33465, 12795, 34905] - 18.438012000000004
[34885, 33465, 34905] - 20.011213
[33465, 12691, 34905] - 19.128963000000002
[33465, 34905, 12831] - 18.730826000000004
[33465, 34905, 12695] - 19.428529
[33469, 33465, 34905] - 19.095419
[33465, 12683, 34889] - 18.319858999999997
[33433, 33465, 33449, 34889] - 19.04774149
[34885, 33465, 34889] - 21.59858000000001
[33465, 12691, 34889] - 18.065324999999998
[33465, 12831, 34889] - 18.156297000000002
[33465, 12695, 34889] - 18.635778000000002
[33469, 33465, 34889] - 20.335299000000003
[12407, 33465] - 20.357900000000004
[33433, 33465, 12683] - 25.685433999999994
[33465, 12795, 12683] - 18.653344999999998
[33465, 12691, 12683] - 23.29265
[33465, 12683, 12831] - 19.593474
[33465, 12683, 12695] - 23.822491000000007
[33465, 12683, 12679] - 20.079708000000004
[12703, 33465, 12683] - 20.182326000000007
[33469, 33465, 12683] - 19.917985
[33465, 12683, 33449] - 24.48190799999999
[33465, 12411] - 21.456499999999995
[33465, 12463] - 23.392599999999998
[33433, 33465, 12795] - 20.906467999999997
[33433, 34885, 33465] - 23.306756000000007
[33433, 33465, 12691] - 24.395909999999997
[33433, 33465, 12827] - 21.103120999999998
[33433, 33465, 12355] - 18.570704999999993
[33433, 33465, 12831] - 22.29366
[33433, 33465, 34893] - 18.868873999999995
[33433, 33465, 12695] - 25.111524000000003
[33433, 33465, 12679] - 20.256853
[33433, 12703, 33465] - 19.288407
[10307, 33433, 33465] - 18.353571999999996
[33469, 33433, 33465, 33449] - 28.630786570000005
[33433, 33465, 12895] - 23.146993000000002
[33465, 12691, 12795] - 18.731003
[33465, 12795, 12695] - 17.916240000000002
[33465, 12795, 33449] - 20.108037000000003
[34885, 33465, 34893] - 18.664471
[34885, 33465, 33449] - 22.39126299999999
[33465, 12691, 12831] - 20.685737000000007
[33465, 12691, 12695] - 22.96089600000001
[33465, 12691, 33449] - 23.358822999999997
[33465, 12827, 12831] - 18.447819
[33465, 12827, 12895] - 18.347890000000007
[33465, 12827, 33449] - 20.103008
[33465, 12695, 12831] - 19.231991000000008
[33465, 33449, 12831] - 23.144992999999996
[33465, 12431] - 19.5958
[33465, 34893, 33449] - 18.394686999999994
[33465, 12875] - 23.953199999999995
[12703, 33465, 12695] - 19.231709
[33469, 33465, 12695] - 19.138132999999996
[33465, 12695, 33449] - 24.67211600000001
[33465, 12679, 33449] - 18.749830999999997
[12703, 33465, 33449] - 18.715092
[33465, 10295] - 28.36509999999999
[12483, 33465] - 23.9548
[33465, 12487] - 24.5146
[33465, 10311] - 18.852499999999996
[33469, 10307, 33465] - 18.277877999999998
[10315, 33465] - 21.173699999999997
[33465, 12895, 33449] - 21.865213000000004
[18691, 18527] - 24.1087
[10849, 12887] - 20.4013
[34929, 12887] - 18.783099999999997
[34921, 12887] - 21.13770000000001
[12887, 12459] - 20.5724
[12903, 12887] - 20.201900000000002
[12871, 12887] - 24.083799999999993
[12887, 33437] - 18.148
[12879, 12887] - 24.12889999999999
[12531, 12887] - 22.7017
[12887, 12855] - 20.894999999999992
[12491, 12887] - 22.088399999999996
[12887, 12523] - 22.876
[10857, 12887] - 21.176899999999996
[12527, 12887] - 24.015100000000004
[12887, 10861] - 20.089000000000002
[12847, 12887] - 24.074800000000003
[12887, 12467] - 19.470499999999994
[12867, 12883, 12887] - 18.230555000000003
[12827, 12883, 12887] - 18.251314
[12883, 12887, 12875] - 18.472399
[12835, 12887] - 26.438599999999994
[12495, 12887] - 18.347700000000003
[12675, 12887] - 26.1308
[12299, 12887] - 17.9129
[12807, 12887] - 20.777199999999997
[12823, 12887] - 21.40299999999999
[12887, 34901] - 18.399300000000007
[35185, 12887] - 24.8409
[33453, 12887] - 18.3153
[12887, 12687] - 24.2373
[34905, 12887] - 18.909000000000006
[12887, 34889] - 18.6137
[12407, 12887] - 18.5551
[12683, 12887] - 21.5387
[12463, 12887] - 18.256400000000003
[33433, 12887] - 18.684399999999997
[12795, 12887] - 25.1557
[34885, 12887] - 17.9889
[12691, 12887] - 20.852700000000002
[12659, 12887] - 20.659099999999995
[12355, 12887] - 22.9841
[12887, 12831] - 23.987
[12431, 12887] - 20.546899999999994
[34893, 12887] - 20.953000000000003
[12695, 12887] - 21.2784
[12887, 12679] - 21.104399999999995
[12703, 12887] - 23.064899999999998
[12483, 12887] - 21.86
[12487, 12887] - 21.949900000000003
[12895, 12887] - 27.984499999999997
[12887, 33449] - 20.783600000000007
[10833, 10849] - 37.192299999999996
[10833, 10841] - 18.524200000000004
[10833, 12883] - 25.4074
[10833, 12675] - 35.05309999999999
[10833, 12355] - 19.722599999999996
[10877, 10833] - 38.14899999999999
[12451, 10849] - 18.4833
[12451, 34929] - 19.372200000000003
[12419, 12451, 12399] - 18.681977000000003
[12451, 12399, 12447] - 20.224641
[12451, 12399, 12403] - 18.858624
[12451, 12299, 12399] - 18.674543999999997
[12407, 12451, 12399] - 21.706409
[12451, 12399, 12411] - 19.855548999999996
[12451, 12355, 12399] - 18.333806000000006
[12451, 12399, 12431] - 18.908389999999997
[12419, 12451, 12447] - 19.938777
[12407, 12419, 12451] - 20.139602000000004
[12419, 12451, 12411] - 18.364866999999997
[34921, 12451] - 18.5266
[12451, 12411, 12367] - 17.912978000000003
[12451, 33437] - 19.351199999999995
[12451, 12403, 12447] - 23.435534999999994
[12451, 12299, 12447] - 17.925731000000003
[12407, 12451, 12447] - 24.349518
[12451, 12411, 12447] - 23.521494999999994
[12451, 12355, 12447] - 21.785918999999996
[12451, 12431, 12447] - 19.370288
[12407, 12451, 12403] - 18.648805999999997
[12451, 12411, 12403] - 22.416693000000002
[12451, 12355, 12403] - 19.529628
[33425, 12451] - 19.327200000000005
[12451, 18619] - 18.645
[12451, 10861] - 18.471699999999995
[12847, 12451] - 19.6229
[12835, 12451] - 19.6201
[12407, 12451, 12299] - 19.101212000000004
[12451, 33429] - 19.9028
[12451, 34901] - 19.412
[12451, 35185] - 20.959600000000002
[33453, 12451] - 20.66980000000001
[12451, 12687] - 21.099299999999996
[12451, 34905] - 19.63319999999999
[12451, 34889] - 19.050799999999995
[12407, 12451, 12411] - 22.137312999999995
[12407, 12451, 12355] - 19.46115
[12407, 12451, 12431] - 20.78036
[12451, 12683] - 20.060799999999997
[12451, 12355, 12411] - 20.031163999999997
[12451, 12411, 12431] - 19.535712999999998
[33433, 12451] - 22.0943
[12451, 12795] - 18.511400000000002
[34885, 12451] - 19.134100000000004
[12451, 12691] - 18.678999999999995
[12451, 12827] - 21.205800000000004
[12451, 12355, 12431] - 18.948450000000005
[12451, 12831] - 19.8778
[12451, 12875] - 20.280099999999997
[12451, 12695] - 20.147100000000002
[12451, 12679] - 19.164900000000003
[12703, 12451] - 20.0618
[12483, 12451] - 22.221999999999994
[12451, 12487] - 22.02
[12451, 12895] - 20.175299999999996
[12451, 33449] - 20.637999999999998
[10849, 34929] - 22.4183
[34921, 10849] - 25.921499999999998
[10849, 12459] - 18.4755
[10849, 33437] - 19.566100000000002
[10849, 12403] - 18.083100000000005
[33425, 10849] - 19.3962
[10849, 12531] - 19.072400000000002
[12491, 10849] - 21.784199999999995
[10849, 12523] - 20.198499999999996
[10857, 10849, 10861] - 24.154666000000002
[10857, 10849, 12487] - 18.115004999999996
[12527, 10849] - 19.946800000000003
[10849, 12695, 10861] - 17.883293000000002
[12703, 10849, 10861] - 18.62180199999999
[12483, 10849, 10861] - 18.258848000000004
[10849, 12487, 10861] - 18.849414999999997
[12847, 10849] - 19.934199999999993
[10849, 12467] - 19.6896
[12867, 10849] - 19.8215
[10849, 12883] - 23.862099999999998
[10849, 12551] - 18.0133
[12835, 10849] - 20.829000000000004
[12495, 10849] - 19.9852
[10849, 33429] - 19.711199999999998
[12823, 10849] - 20.4388
[10849, 34901] - 19.7725
[33453, 10849] - 19.245700000000003
[34897, 10849] - 22.219499999999993
[10849, 12687] - 21.948700000000002
[10849, 34905] - 20.9297
[10849, 34889] - 18.9089
[10849, 12683] - 22.346999999999998
[10849, 12411] - 18.957
[10849, 12487, 12463] - 18.714454000000007
[33433, 10849] - 22.0743
[10849, 12795] - 28.511999999999993
[34885, 10849] - 19.930699999999998
[12691, 10849] - 28.1942
[12827, 10849] - 26.064200000000003
[10849, 12831] - 24.050199999999997
[10849, 12431] - 20.2109
[34893, 10849] - 22.538200000000003
[10849, 12875] - 25.113100000000006
[12703, 10849, 12695] - 18.580612999999992
[10849, 12679] - 22.617
[12703, 10849, 12487] - 17.90773
[12483, 10849, 12487] - 19.96225
[33469, 10849] - 19.2298
[10849, 12895] - 32.3533
[10849, 33449] - 24.480900000000002
[12399, 34929] - 18.838
[34921, 12355, 34929] - 20.555906
[34929, 12367] - 18.8486
[34929, 33437] - 22.404199999999996
[34929, 12447] - 18.5408
[34929, 12403] - 18.8434
[33425, 34929] - 21.734
[12531, 34929] - 18.251699999999996
[12491, 34929] - 18.7304
[34929, 12523] - 18.416700000000002
[10857, 34929] - 22.3204
[12527, 34929] - 18.706400000000002
[34929, 10861] - 22.751700000000003
[12847, 34929] - 17.982900000000004
[34929, 12467] - 18.4099
[12883, 34929] - 20.416500000000006
[34929, 12551] - 20.3781
[12299, 34929] - 17.923600000000004
[34929, 33429] - 22.715600000000002
[34929, 34901] - 26.398399999999995
[34929, 35185] - 23.344900000000006
[33453, 34929] - 21.953100000000003
[34897, 34929] - 25.361700000000006
[34929, 12687] - 19.584999999999997
[34929, 34905] - 25.1006
[34929, 34889] - 24.208800000000007
[12407, 34929] - 18.4685
[34929, 12683] - 18.975499999999997
[34929, 12411] - 20.115000000000006
[33433, 34929] - 24.912999999999997
[12795, 34929] - 18.634200000000003
[34885, 34929] - 22.909700000000004
[12691, 34929] - 19.813600000000005
[34929, 12831] - 17.8949
[34929, 12431] - 21.772499999999997
[34893, 34929] - 25.8482
[34929, 12695] - 21.189
[34929, 12679] - 19.504500000000004
[12703, 34929] - 18.5673
[12483, 34929] - 24.1588
[12487, 34929] - 20.692999999999998
[34929, 33449] - 23.892299999999995
[18787, 18723] - 18.3525
[12419, 12399, 12367] - 20.701682
[12419, 12399, 12447] - 20.045536999999992
[12419, 12399, 12403] - 20.638778999999996
[12419, 12299, 12399] - 22.573310000000003
[12407, 12419, 12399] - 20.500131999999997
[12419, 12399, 12411] - 19.613488999999998
[12419, 12355, 12399] - 18.506033
[12419, 12399, 12431] - 18.916587
[34921, 12399] - 18.8633
[12399, 12367, 12447] - 18.020783
[12399, 12367, 12403] - 24.643759999999993
[12299, 12399, 12367] - 23.89268400000001
[12407, 12399, 12367] - 19.510981000000005
[12399, 12411, 12367] - 22.794059
[12355, 12399, 12367] - 18.357267999999998
[12399, 12367, 12431] - 19.324906000000002
[12399, 33437] - 20.409100000000002
[12399, 12403, 12447] - 20.882600999999998
[12299, 12399, 12447] - 19.784492
[12407, 12399, 12447] - 21.376829999999995
[12399, 12411, 12447] - 20.122042
[12355, 12399, 12447] - 18.072377
[12299, 12399, 12403] - 25.47211
[12407, 12399, 12403] - 21.81795
[12399, 12411, 12403] - 26.033392999999997
[12355, 12399, 12403] - 18.60548799999999
[12399, 12431, 12403] - 18.387566999999997
[33425, 12399] - 19.035600000000002
[10857, 12399] - 20.203100000000003
[12399, 10861] - 20.199899999999996
[12847, 12399] - 18.1075
[12399, 12467] - 18.366600000000002
[12883, 12399] - 18.928499999999996
[12835, 12399] - 18.345300000000005
[12407, 12399, 12299] - 21.706207999999997
[12399, 12299, 12411] - 23.083583000000008
[12355, 12399, 12299] - 17.937749999999998
[12399, 12299, 12431] - 20.106536000000002
[12399, 33429] - 20.4978
[12399, 34901] - 19.435699999999997
[12399, 35185] - 21.3032
[33453, 12399] - 19.2753
[12399, 12687] - 18.007299999999997
[12399, 34905] - 20.363500000000002
[12399, 34889] - 19.061399999999992
[12407, 12399, 12411] - 26.952249999999992
[12407, 12355, 12399] - 19.589194
[12407, 12399, 12431] - 21.207332999999995
[12399, 12683] - 19.2372
[12355, 12399, 12411] - 19.961589
[12399, 12411, 12431] - 21.733040000000003
[33433, 12399] - 21.056899999999995
[34885, 12399] - 19.240399999999994
[12691, 12399] - 17.9211
[12827, 12399] - 18.272199999999994
[12399, 12355, 12431] - 17.924259000000003
[12399, 12831] - 18.685099999999995
[34893, 12399] - 18.4243
[12399, 12875] - 19.3701
[12703, 12399] - 18.325599999999998
[12483, 12399] - 18.4813
[12487, 12399] - 19.769699999999997
[12399, 12895] - 18.9634
[12399, 33449] - 21.533200000000004
[47953, 47965, 47949] - 24.535593
[47953, 47965, 47957] - 31.801752000000015
[47965, 48675] - 18.844900000000003
[47945, 47965] - 38.25319999999999
[12419, 12367, 12403] - 21.102283999999997
[12419, 12299, 12367] - 25.559170999999996
[12407, 12419, 12367] - 18.952034000000005
[12419, 12411, 12367] - 19.782122
[12419, 12367, 12431] - 20.982131000000003
[12419, 12403, 12447] - 18.035419
[12419, 12299, 12447] - 18.785191999999995
[12407, 12419, 12447] - 21.929955
[12419, 12411, 12447] - 18.761025000000004
[12419, 12299, 12403] - 21.076076
[12407, 12419, 12403] - 18.764514000000002
[12419, 12411, 12403] - 18.917465999999997
[12419, 12431, 12403] - 18.288652999999996
[33425, 12419] - 18.487599999999997
[12419, 10857] - 18.1361
[12419, 10861] - 18.759199999999996
[12419, 12467] - 19.1844
[12407, 12419, 12299] - 20.268441000000006
[12419, 12299, 12411] - 21.128104
[12419, 12299, 12431] - 21.657867000000007
[12419, 33429] - 18.3141
[12419, 34901] - 17.9914
[12419, 35185] - 18.370099999999997
[12419, 34905] - 18.985100000000003
[12407, 12419, 12411] - 23.016043999999994
[12407, 12419, 12355] - 18.157427000000002
[12407, 12419, 12431] - 19.871810000000007
[12419, 12411, 12431] - 18.165287
[12419, 33433] - 18.603499999999997
[12419, 12483] - 18.87569999999999
[12419, 12487] - 20.0802
[12419, 33449] - 19.6738
[10877, 10881, 10841] - 22.646045
[12339, 10841] - 18.3128
[12355, 10841] - 23.043400000000005
[18423, 18855] - 26.455
[18855, 18427] - 31.574599999999997
[18619, 18855] - 32.0352
[20807, 18855] - 25.3574
[18863, 18855] - 23.7878
[12739, 48707] - 18.030300000000004
[10857, 48707] - 25.972800000000003
[48707, 10303] - 26.585
[48707, 12743] - 24.3663
[10861, 48707] - 18.388799999999996
[32209, 48707] - 18.2615
[12763, 48707] - 24.359200000000005
[12779, 48707] - 21.807800000000004
[12759, 48707] - 27.07370000000001
[48707, 32205] - 23.181299999999997
[10311, 48707] - 18.3121
[10315, 48707] - 28.131500000000006
[12895, 48707] - 19.1311
[48707, 33449] - 18.239899999999995
[47953, 47973, 47949] - 20.094089999999998
[47945, 47973, 47949] - 28.786495000000002
[47945, 47953, 47973] - 19.488820999999994
[47973, 47957] - 22.310200000000002
[34921, 33437] - 22.500400000000006
[34921, 12447] - 18.789399999999993
[34921, 33425] - 20.035199999999996
[34921, 12491] - 18.0558
[34921, 12523] - 18.725799999999996
[34921, 10857] - 21.367900000000002
[34921, 12527] - 17.9558
[34921, 10861] - 20.0249
[34921, 12867] - 18.5211
[34921, 12883] - 21.219799999999992
[34921, 33429] - 22.1423
[34921, 34901, 34889] - 19.835683
[34921, 34893, 34901] - 18.429076000000006
[34921, 35185] - 22.021100000000004
[34921, 33453] - 20.861099999999997
[34921, 34897] - 25.447200000000006
[34921, 12687] - 18.963800000000003
[34921, 34905] - 25.98139999999999
[12407, 34921] - 18.350799999999992
[34921, 12683] - 19.160300000000003
[34921, 12411] - 18.506199999999996
[34921, 33433] - 23.066799999999994
[34921, 12795] - 19.0077
[34921, 34885] - 25.395999999999994
[34921, 12827] - 18.8386
[34921, 12831] - 19.5931
[34921, 12431] - 20.64739999999999
[34921, 12695] - 18.153699999999997
[34921, 12703] - 17.943099999999998
[34921, 12483] - 21.598
[34921, 12487] - 19.9293
[34921, 12895] - 19.5406
[34921, 33449] - 23.428299999999997
[12903, 12459] - 19.849500000000003
[12459, 33437] - 21.6186
[12879, 12459] - 18.5331
[33425, 12459] - 21.460600000000007
[12491, 12531, 12459] - 19.390060000000002
[12531, 12459, 12523] - 17.920613
[12531, 12459, 12467] - 18.791228999999998
[12531, 12459, 12687] - 20.384176999999998
[12855, 12459] - 23.439800000000005
[12491, 12459, 12523] - 19.63905
[12491, 12527, 12459] - 19.874574000000006
[12491, 12459, 12467] - 28.421882000000004
[12491, 12495, 12459] - 24.374584000000006
[12491, 12459, 12687] - 20.108109000000002
[12491, 12683, 12459] - 19.033418999999995
[12491, 12463, 12459] - 25.71596999999999
[12491, 12695, 12459] - 18.512042000000005
[12491, 12483, 12459] - 19.615262
[12491, 12487, 12459] - 20.727590000000003
[12491, 12895, 12459] - 18.129343
[12459, 12467, 12523] - 18.946925999999998
[12459, 12687, 12523] - 18.462928
[10857, 12459] - 22.593100000000007
[10861, 12459] - 24.8293
[10291, 12459] - 26.344299999999997
[12847, 12459] - 26.817700000000002
[12495, 12459, 12467] - 21.312145
[12459, 12687, 12467] - 19.231882999999993
[12683, 12459, 12467] - 18.429292999999998
[12463, 12459, 12467] - 22.494092000000002
[12483, 12459, 12467] - 18.857445999999996
[12487, 12459, 12467] - 20.01828
[12867, 12459] - 19.132199999999994
[12883, 12459] - 23.93790000000001
[12835, 12459, 12687] - 17.953447
[12495, 12463, 12459] - 25.09479
[12495, 12487, 12459] - 18.596698000000007
[12667, 12459] - 30.396399999999996
[12807, 12459] - 21.606799999999996
[33429, 12459] - 23.473200000000006
[12823, 12459] - 19.474300000000007
[12459, 34901] - 18.2331
[33453, 12459] - 21.8654
[34897, 12459] - 26.054999999999996
[12691, 12459, 12687] - 19.367013
[12695, 12459, 12687] - 18.197032000000004
[10299, 12459] - 25.712499999999995
[34905, 12459] - 23.138899999999996
[12459, 12479] - 34.520599999999995
[12459, 34889] - 20.987099999999998
[12463, 12683, 12459] - 18.035118999999995
[12683, 12695, 12459] - 20.606931999999997
[12683, 12679, 12459] - 18.747138999999997
[12483, 12463, 12459] - 20.01166
[12487, 12463, 12459] - 21.527602999999996
[33433, 12459] - 25.615699999999993
[12795, 12459] - 25.528899999999997
[34885, 12459] - 25.8718
[12827, 12895, 12459] - 18.352342000000004
[12355, 12459] - 19.8929
[12459, 12831] - 27.353599999999997
[34893, 12459] - 23.606600000000007
[12459, 12875] - 21.6336
[12663, 12459] - 32.04589999999999
[12703, 12459] - 26.661899999999996
[10295, 12459] - 21.5535
[12483, 12487, 12459] - 24.090145999999994
[10307, 12459] - 23.034200000000002
[33469, 12459] - 21.366100000000003
[12459, 33449] - 30.896199999999993
[12719, 12731] - 21.401499999999995
[12727, 12723, 12731] - 23.911136
[12747, 12731] - 24.0126
[12711, 12731] - 20.663099999999996
[12755, 12731] - 21.677400000000002
[12771, 12731] - 29.45350000000001
[12751, 12731] - 19.714599999999997
[12715, 12723, 12731] - 19.824801
[12621, 12731] - 20.601500000000005
[18423, 18547] - 27.5168
[12647, 18423] - 24.06960000000001
[18423, 18427] - 28.309999999999995
[18423, 18619] - 23.4344
[18423, 12667] - 23.1161
[18423, 12655] - 22.8956
[18423, 12659] - 25.037099999999995
[18423, 12875] - 18.309199999999997
[33469, 18423] - 33.898299999999985
[18423, 12895] - 18.284499999999998
[12903, 12879, 12871] - 22.566112
[33425, 12903, 12871] - 22.907381999999995
[12903, 12871, 12855] - 25.82104
[12903, 12871, 33429] - 25.299784000000002
[12903, 34885, 12871] - 24.305726000000007
[12903, 12691, 12871] - 22.946503
[12903, 12695, 12871] - 18.989623
[12903, 12895, 12871] - 22.948912999999997
[12903, 12871, 33449] - 22.553112999999996
[12903, 33437] - 19.892500000000002
[12903, 12843] - 29.944599999999994
[33425, 12903, 12879] - 18.785539
[12903, 12879, 12855] - 21.997802
[12903, 12879, 33429] - 19.041762
[12903, 12879, 12691] - 18.508289
[12903, 12879, 12895] - 18.468876000000005
[12903, 33425, 12855] - 21.381466999999997
[12903, 33425, 33429] - 26.597350999999993
[12903, 33425, 34885] - 23.408890000000007
[12903, 33425, 12691] - 22.525048000000005
[12903, 33425, 12827] - 18.184469999999994
[12903, 33425, 12895] - 18.731876000000003
[12903, 33425, 33449] - 21.852432
[12903, 12531] - 22.9939
[12903, 12807, 12855] - 18.357657999999994
[12903, 33429, 12855] - 22.703590000000002
[12903, 12795, 12855] - 17.901570000000003
[12903, 34885, 12855] - 22.248462999999997
[12903, 12691, 12855] - 23.36661500000001
[12903, 12827, 12855] - 20.036246000000002
[12903, 12855, 12831] - 18.168435000000002
[12903, 12895, 12855] - 24.101437000000008
[12903, 12855, 33449] - 20.575025
[12491, 12903] - 23.9861
[12903, 12523] - 23.858800000000002
[12903, 10857] - 22.456899999999997
[12903, 12527] - 24.359000000000005
[12903, 10861] - 19.9306
[12847, 12903] - 25.679399999999994
[12903, 12467] - 20.083
[12903, 12867] - 21.103399999999997
[12903, 12883] - 23.265099999999993
[12903, 12835] - 22.356199999999994
[12903, 12495] - 23.944100000000002
[12903, 12807, 12895] - 19.225770999999998
[12903, 34897, 33429] - 17.98886
[12903, 34885, 33429] - 27.702570999999992
[12903, 12691, 33429] - 21.716888
[12903, 12695, 33429] - 18.055862
[12903, 12895, 33429] - 21.330818000000008
[12903, 33429, 33449] - 27.10910299999999
[12903, 12823] - 26.7418
[12903, 34901] - 19.832599999999992
[12903, 35185] - 20.058900000000005
[12903, 33453] - 19.939399999999992
[12903, 12687] - 25.602599999999992
[12903, 34905] - 25.908599999999996
[12903, 34889] - 20.66560000000001
[12903, 12827, 12683] - 19.46365299999999
[12903, 12683, 12831] - 17.926764
[12903, 12683, 12679] - 18.912432
[12627, 12903] - 27.438700000000004
[12903, 12463] - 25.651000000000007
[12903, 33433] - 22.081699999999994
[12903, 12795, 12895] - 19.662353999999993
[12903, 34885, 12691] - 20.933114
[12903, 34885, 12895] - 22.645749
[12903, 34885, 33449] - 24.874625999999996
[12903, 12827, 12691] - 19.702405999999996
[12903, 12691, 12831] - 19.016952
[12903, 12691, 12695] - 19.149414999999998
[12903, 12703, 12691] - 18.442327999999996
[12903, 12691, 12895] - 19.906931
[12903, 12691, 33449] - 21.643584
[12903, 12827, 12831] - 18.863312999999998
[12903, 12827, 12695] - 18.522878000000006
[12903, 12827, 12679] - 18.304547999999997
[12903, 12827, 12895] - 23.106722
[12903, 12827, 33449] - 21.613967
[12903, 12355] - 18.124100000000002
[12903, 34893] - 26.640399999999993
[12903, 12875] - 30.832699999999996
[12903, 12895, 12695] - 19.657608000000003
[12903, 12695, 33449] - 18.955006999999995
[12903, 12895, 12679] - 19.707870999999994
[12903, 12703, 12487] - 18.215434
[12903, 10295] - 20.092899999999993
[12903, 12483] - 30.86999999999999
[12903, 10307] - 18.271699999999996
[33469, 12903] - 19.541399999999996
[12903, 12895, 33449] - 22.256533
[18871, 18879] - 30.882199999999994
[18787, 18879] - 24.488100000000003
[35213, 12447] - 18.3606
[35213, 35185] - 30.37910000000001
[12407, 35213] - 49.36
[12339, 35213] - 25.7661
[10877, 35213] - 18.4027
[12607, 12775] - 36.79940000000002
[12607, 12611] - 26.060799999999997
[12603, 12607] - 30.30090000000001
[12607, 12771] - 18.029399999999995
[12627, 12607] - 23.340999999999998
[12759, 12607] - 19.141399999999997
[12607, 12751] - 19.138799999999996
[12607, 12621] - 36.20739999999999
[10295, 12607] - 19.5339
[12483, 12607] - 22.945199999999993
[12607, 12487] - 18.343200000000003
[12607, 10311] - 19.425500000000007
[10307, 12607] - 27.627500000000005
[10315, 12607] - 23.2143
[12871, 33437] - 19.4888
[12871, 12843] - 30.893500000000003
[33425, 12879, 12871] - 20.29655700000001
[12879, 12871, 12855] - 23.145562000000005
[12879, 12871, 33429] - 19.925888000000004
[34885, 12879, 12871] - 17.911303000000004
[12879, 12691, 12871] - 18.583132
[12879, 12827, 12871] - 20.922551000000006
[12879, 12871, 12831] - 18.628196000000003
[12879, 12895, 12871] - 21.083753
[12879, 12871, 33449] - 19.134683999999996
[33425, 12871, 12855] - 23.762743
[33425, 12871, 33429] - 31.01737199999999
[33425, 34897, 12871] - 17.892529000000003
[33425, 34885, 12871] - 26.288558000000002
[33425, 12691, 12871] - 23.61872499999999
[33425, 12827, 12871] - 19.050327999999997
[33425, 12895, 12871] - 21.565818
[33425, 12871, 33449] - 24.958806
[12531, 12871] - 20.928600000000003
[12871, 33429, 12855] - 23.599870999999997
[34885, 12871, 12855] - 21.252603999999998
[12691, 12871, 12855] - 20.829880000000003
[12827, 12871, 12855] - 19.137956
[12871, 12855, 12831] - 18.701142
[12695, 12871, 12855] - 17.937366
[12895, 12871, 12855] - 22.335147000000003
[12871, 12855, 33449] - 22.600894999999998
[12491, 12871] - 21.801200000000005
[12871, 12523] - 22.875399999999996
[10857, 12871] - 23.082200000000004
[12527, 12871] - 23.1212
[12871, 10861] - 19.227600000000002
[12847, 12871] - 22.506400000000006
[12867, 12827, 12871] - 18.888973999999997
[12867, 12895, 12871] - 18.225831
[12883, 12871] - 22.294999999999998
[12835, 12871] - 23.9881
[12495, 12871] - 23.466500000000003
[12807, 12871] - 30.285600000000002
[34897, 12871, 33429] - 18.314695999999998
[34885, 12871, 33429] - 28.240589
[12691, 12871, 33429] - 22.105124999999994
[12695, 12871, 33429] - 18.132927
[12895, 12871, 33429] - 21.487925999999998
[12871, 33429, 33449] - 31.00581099999999
[12823, 12871, 12831] - 18.049204999999997
[12871, 34901] - 21.878000000000004
[35185, 12871] - 19.642199999999995
[33453, 12871] - 18.532700000000002
[34897, 34885, 12871] - 21.878559
[34897, 12871, 33449] - 18.484142000000002
[12871, 12687] - 24.451999999999995
[34885, 34905, 12871] - 18.122928999999996
[12871, 34889] - 24.2259
[12683, 12871, 12831] - 17.924031
[12683, 12695, 12871] - 18.525721000000004
[12683, 12871, 12679] - 17.921671000000003
[12627, 12871] - 33.9762
[12463, 12871] - 25.08279999999999
[33433, 12871] - 21.5149
[12795, 12895, 12871] - 19.10089
[34885, 12691, 12871] - 21.887931
[34885, 12871, 12679] - 18.010037999999998
[34885, 12895, 12871] - 24.718749000000003
[34885, 12871, 33449] - 27.097667999999995
[12827, 12691, 12871] - 19.125693000000005
[12691, 12695, 12871] - 18.054976000000007
[12691, 12895, 12871] - 21.719709
[12691, 12871, 33449] - 21.76264
[12827, 12871, 12831] - 20.345718999999995
[12827, 12871, 12679] - 18.356037999999998
[12827, 12895, 12871] - 30.044983000000006
[12827, 12871, 33449] - 19.088499
[12895, 12871, 12831] - 19.803257999999996
[34893, 12871] - 25.507600000000004
[12895, 12871, 12875] - 18.828729999999997
[12871, 12695, 12679] - 18.365932000000004
[12895, 12871, 12695] - 20.481922000000004
[12871, 12695, 33449] - 19.187083999999995
[12895, 12871, 12679] - 21.886346999999997
[12871, 12679, 33449] - 18.743221
[12703, 12871] - 29.153899999999997
[10295, 12871] - 28.551799999999997
[12483, 12871] - 29.234900000000014
[12487, 12871] - 29.376700000000007
[12871, 10311] - 18.560499999999998
[10307, 12871] - 18.3539
[10315, 12871] - 19.1617
[33469, 12871] - 18.8603
[12895, 12871, 33449] - 25.52673800000001
[12719, 12739] - 20.671499999999998
[12735, 12719] - 25.374099999999995
[12719, 12743] - 21.7215
[12727, 12719] - 21.921100000000006
[12715, 12719, 12711] - 22.112381000000003
[12719, 12763] - 25.270300000000002
[12779, 12719] - 24.1254
[12759, 12719] - 24.035300000000003
[12719, 12723] - 35.736399999999996
[12299, 12367, 12403] - 24.762223000000006
[12407, 12367, 12403] - 20.603074
[12411, 12367, 12403] - 26.66879099999999
[12355, 12367, 12403] - 18.920077999999997
[12367, 12431, 12403] - 23.237006999999995
[12491, 12367] - 17.940199999999997
[10857, 12367] - 19.0164
[12367, 10861] - 18.679499999999997
[12847, 12367] - 18.376799999999992
[12367, 12467] - 18.153699999999997
[12835, 12367] - 17.9814
[12407, 12299, 12367] - 18.767383000000002
[12299, 12411, 12367] - 20.516529000000006
[12299, 12367, 12431] - 20.448608999999998
[12367, 33429] - 18.4742
[12367, 35185] - 18.738800000000005
[12367, 12687] - 21.45190000000001
[12367, 34905] - 18.860899999999997
[12407, 12411, 12367] - 22.959764
[12407, 12367, 12431] - 19.119094
[12367, 12683] - 19.841899999999995
[12355, 12367, 12411] - 18.703387
[12367, 12411, 12431] - 20.207805
[33433, 12367] - 18.2471
[34885, 12367] - 18.161399999999997
[12691, 12367] - 18.380000000000003
[12827, 12367] - 19.453799999999994
[12355, 12367, 12431] - 18.343993
[12367, 12831] - 18.155199999999997
[12367, 12875] - 19.328
[12367, 12695] - 18.669999999999995
[12367, 12679] - 19.6923
[12703, 12367] - 20.802300000000002
[12483, 12367] - 20.882400000000004
[12487, 12367] - 22.1252
[12895, 12367] - 19.219899999999996
[12367, 33449] - 18.743899999999996
[12447, 33437] - 18.0435
[33425, 33429, 33437] - 23.417364999999997
[33425, 34901, 33437] - 20.973696999999998
[33425, 33453, 33437] - 19.344147
[33425, 34897, 33437] - 18.895969999999995
[33425, 34905, 33437] - 24.398747
[33425, 33437, 34889] - 21.986645000000003
[33425, 33433, 33437] - 22.088430000000002
[33425, 34885, 33437] - 18.840398999999998
[33425, 12691, 33437] - 20.110683
[33425, 33437, 12831] - 18.45036
[33425, 12695, 33437] - 20.254857000000005
[33425, 33437, 33449] - 24.042337999999997
[12531, 33437, 12523] - 17.977709
[12527, 12531, 33437] - 19.370105999999996
[12531, 34905, 33437] - 18.174319
[12691, 12531, 33437] - 19.856567999999996
[12531, 12695, 33437] - 20.221280999999998
[12531, 33437, 33449] - 18.955876
[12491, 33433, 33437] - 18.583809999999996
[12527, 33437, 12523] - 18.74719
[12683, 33437, 12523] - 19.233559999999997
[33433, 33437, 12523] - 18.982109000000005
[12695, 33437, 12523] - 19.039894999999998
[33437, 33449, 12523] - 19.59256500000001
[10857, 10861, 33437] - 18.355266999999998
[12527, 12683, 33437] - 20.124661999999997
[33433, 12527, 33437] - 19.871858000000007
[12527, 12691, 33437] - 19.900657000000006
[12527, 33437, 12831] - 18.396138
[12527, 12695, 33437] - 21.244652000000002
[12527, 33437, 33449] - 21.820971
[10291, 33437] - 18.560200000000002
[12847, 33437] - 19.7807
[12467, 33437] - 24.225099999999998
[12867, 33437] - 20.997400000000003
[12883, 33437] - 20.054299999999994
[12835, 33437] - 20.9923
[33433, 12495, 33437] - 19.441340999999998
[12495, 12691, 33437] - 18.167882000000002
[12495, 12695, 33437] - 17.921689999999998
[12495, 33437, 33449] - 19.151524999999996
[12807, 33437] - 23.489200000000004
[33429, 34901, 33437] - 22.415963999999995
[33433, 33453, 33429, 33437] - 20.38877972
[33453, 33429, 33437, 33449] - 18.99201684
[34897, 33429, 33437] - 21.186851000000004
[33429, 12687, 33437] - 18.926452
[34905, 33429, 33437] - 26.472091999999996
[33429, 33437, 34889] - 22.130449000000002
[12683, 33429, 33437] - 20.211493999999995
[33433, 33429, 33437, 33449] - 21.11296451999999
[34885, 33429, 33437] - 22.796871
[12691, 33429, 33437] - 20.562153
[12695, 33429, 33437] - 21.957788
[33469, 33429, 33437, 33449] - 18.015895880000002
[12895, 33429, 33437] - 18.075136999999994
[12823, 33437] - 26.1908
[32201, 33437] - 19.954199999999997
[33453, 33437, 34901] - 25.52732299999999
[34897, 33437, 34901] - 22.006012000000002
[34905, 33437, 34901, 34889] - 17.893607480000004
[12683, 33437, 34901] - 20.866277999999998
[33433, 33437, 34901, 33449] - 18.586418730000013
[34885, 33437, 34901] - 18.395637
[12691, 33437, 34901] - 18.044655
[34893, 33437, 34901] - 18.26227
[12695, 33437, 34901] - 18.993009000000004
[33469, 33437, 34901] - 22.419479000000006
[35185, 33437] - 18.906899999999993
[34897, 33453, 33437] - 20.962478
[33453, 12687, 33437] - 19.16675900000001
[33453, 34905, 33437] - 24.27912799999999
[33433, 33453, 33437, 34889] - 18.05516387
[33453, 12683, 33437] - 22.301290000000005
[33469, 33433, 33453, 33437] - 19.647978289999998
[33433, 33453, 33437, 33449] - 23.348703089999997
[34885, 33453, 33437] - 21.092224
[33453, 12691, 33437] - 20.371664999999997
[33453, 33437, 12875] - 18.36856600000001
[33453, 12695, 33437] - 20.845153999999997
[33453, 12487, 33437] - 17.899159
[33469, 33453, 33437, 33449] - 18.361992539999996
[33453, 12895, 33437] - 18.610096000000002
[34897, 34905, 33437] - 23.868050000000004
[34897, 33437, 34889] - 21.87502700000001
[33433, 34897, 33437] - 22.463525999999987
[34897, 34885, 33437] - 24.140082
[34897, 12695, 33437] - 18.815906000000002
[34897, 33437, 33449] - 24.434941999999996
[34905, 33437, 12687] - 18.081222999999998
[12683, 33437, 12687] - 20.280205
[33433, 33437, 12687] - 20.260669000000004
[12691, 33437, 12687] - 20.337153000000008
[33437, 12687, 12831] - 18.493132
[12695, 33437, 12687] - 20.997435
[33437, 12687, 33449] - 21.868948000000003
[10299, 33437] - 19.438299999999998
[34905, 33437, 33449, 34889] - 18.631387819999997
[12683, 34905, 33437] - 21.202332999999992
[33433, 34905, 33437, 33449] - 20.17567912
[34885, 34905, 33437] - 21.796891999999993
[12691, 34905, 33437] - 20.670476000000004
[34905, 33437, 12831] - 19.567722000000003
[34905, 12695, 33437] - 20.311877000000003
[33469, 34905, 33437] - 21.852213000000013
[33437, 12479] - 24.777399999999997
[12683, 33437, 34889] - 20.600405999999996
[33433, 33437, 33449, 34889] - 19.024933090000005
[12795, 33437, 34889] - 17.898621999999996
[34885, 33437, 34889] - 21.784089
[12691, 33437, 34889] - 19.65776900000001
[33437, 12831, 34889] - 20.649290999999998
[12695, 33437, 34889] - 20.65324
[33469, 33437, 34889] - 23.450406
[12407, 33437] - 18.9595
[12463, 12683, 33437] - 18.314026
[33433, 12683, 33437] - 25.294644000000005
[12795, 12683, 33437] - 17.986735999999997
[12691, 12683, 33437] - 24.05925
[12683, 33437, 12831] - 20.566052
[12683, 12695, 33437] - 26.559012999999997
[12683, 12679, 33437] - 18.674290000000003
[12703, 12683, 33437] - 20.74891600000001
[33469, 12683, 33437] - 22.399637
[12895, 12683, 33437] - 18.963205000000002
[12683, 33437, 33449] - 26.877799999999993
[12411, 33437] - 20.6728
[33433, 12463, 33437] - 18.693444999999997
[12691, 12463, 33437] - 18.592095
[12463, 33437, 33449] - 18.061376000000006
[32205, 33437] - 18.476400000000005
[33433, 12795, 33437] - 18.838747
[33433, 34885, 33437] - 21.755004999999997
[33433, 12691, 33437] - 21.838165
[33433, 12827, 33437] - 18.773636
[33433, 33437, 12831] - 21.541195
[33433, 34893, 33437] - 18.215341
[33433, 33437, 12875] - 19.267111000000007
[33433, 12695, 33437, 33449] - 18.196361120000002
[33433, 12679, 33437] - 18.14912
[33433, 12703, 33437] - 18.567858
[33433, 12487, 33437] - 20.021406999999996
[33469, 33433, 33437, 33449] - 21.59919717
[33433, 12895, 33437] - 19.645304999999993
[12691, 12795, 33437] - 18.042098000000003
[12795, 33437, 12831] - 18.165504999999996
[12795, 12695, 33437] - 18.803864000000004
[12795, 33437, 33449] - 20.411932999999998
[34885, 12695, 33437] - 18.572315
[34885, 33437, 33449] - 24.314317000000003
[12691, 33437, 12831] - 19.068599000000006
[12691, 12695, 33437] - 26.342643000000006
[33469, 12691, 33437] - 19.369005
[12691, 12895, 33437] - 18.68195
[12691, 33437, 33449] - 23.944695000000007
[12827, 33437, 33449] - 19.205454000000007
[12819, 33437] - 20.758800000000004
[12695, 33437, 12831] - 20.125056999999998
[33437, 33449, 12831] - 22.195800000000002
[12431, 33437] - 18.3045
[34893, 33437, 33449] - 19.134364
[33437, 33449, 12875] - 19.050314999999998
[12703, 12695, 33437] - 19.302056999999998
[10295, 12695, 33437] - 18.287117999999992
[12487, 12695, 33437] - 18.085931999999996
[33469, 12695, 33437] - 21.544414000000007
[12895, 12695, 33437] - 19.916370999999998
[12679, 33437, 33449] - 18.516726999999996
[12703, 33437, 33449] - 19.496803000000003
[10307, 10295, 33437] - 19.041455999999997
[10295, 33437, 33449] - 19.96438700000001
[12483, 12487, 33437] - 18.281769999999998
[12487, 33437, 33449] - 18.38388500000001
[10307, 33437, 33449] - 18.318348999999998
[10315, 33437] - 28.600700000000003
[12895, 33437, 33449] - 21.600150999999993
[12407, 12447, 12403] - 20.735652999999996
[12411, 12447, 12403] - 23.455284000000006
[12355, 12447, 12403] - 18.69481399999999
[33425, 12447] - 18.096400000000003
[12407, 12299, 12447] - 20.298767000000005
[12299, 12411, 12447] - 18.600327
[12447, 33429] - 18.5325
[12447, 34901] - 18.3293
[35185, 12447] - 20.0592
[33453, 12447] - 18.475900000000003
[34905, 12447] - 18.880399999999998
[12447, 34889] - 18.0384
[12407, 12411, 12447] - 24.881441
[12407, 12355, 12447] - 18.741336000000008
[12407, 12431, 12447] - 19.219382999999993
[12683, 12447] - 18.2486
[12355, 12411, 12447] - 20.202548
[12411, 12431, 12447] - 18.658943
[33433, 12447] - 20.373500000000003
[12827, 12447] - 20.435599999999997
[12355, 12431, 12447] - 18.158071000000003
[12447, 12875] - 18.393800000000002
[12695, 12447] - 18.774900000000002
[12447, 12679] - 18.399
[12483, 12447] - 21.075099999999996
[12487, 12447] - 19.544000000000004
[12895, 12447] - 19.7762
[12447, 33449] - 20.3876
[35185, 10881] - 18.1151
[12339, 10881] - 22.3819
[12355, 10881] - 22.020400000000002
[12879, 12843] - 36.0407
[33425, 12843] - 20.560000000000006
[12843, 12855] - 53.385999999999996
[12843, 12523] - 17.9969
[12847, 12843] - 24.552300000000006
[12835, 12843] - 33.850599999999986
[12667, 12843] - 26.2615
[12843, 33429] - 23.9451
[12843, 12687] - 22.920799999999996
[12627, 12843] - 26.401200000000006
[12779, 12843] - 23.9804
[12795, 12843] - 21.0082
[34885, 12843] - 26.6804
[12691, 12843] - 31.7547
[12827, 12843] - 31.8108
[12843, 12831] - 20.9442
[12843, 12679] - 20.1724
[12663, 12843] - 32.6727
[10295, 12843] - 22.3128
[10307, 12843] - 22.424699999999994
[10315, 12843] - 20.4154
[12895, 12843] - 41.13539999999999
[12843, 33449] - 29.1354
[18787, 18871] - 18.795399999999994
[33425, 12879, 12855] - 19.102560999999998
[33425, 12879, 33429] - 21.90014100000001
[33425, 34885, 12879] - 19.365421
[33425, 12879, 12691] - 19.033132000000005
[33425, 12879, 33449] - 20.334764
[12879, 12531] - 23.090099999999996
[12879, 33429, 12855] - 18.321106999999998
[12879, 12895, 12855] - 18.174269
[12491, 12879] - 20.5804
[12879, 12523] - 26.170799999999996
[10857, 12879] - 22.585299999999997
[12527, 12879] - 25.515600000000006
[12879, 10861] - 18.2534
[12847, 12879] - 20.5464
[12879, 12467] - 23.146599999999996
[12879, 12883] - 23.748800000000003
[12835, 12879] - 22.720300000000005
[12879, 12495] - 23.83030000000001
[12879, 12807, 12895] - 17.961521000000005
[34885, 12879, 33429] - 20.315140999999997
[12879, 33429, 33449] - 20.637735
[12823, 12879] - 32.9064
[12879, 35185] - 19.896200000000004
[34897, 12879] - 21.157799999999998
[12879, 12687] - 22.481099999999998
[12879, 34905] - 19.5099
[12879, 12683] - 26.813699999999994
[12627, 12879] - 19.2965
[12879, 12463] - 22.9011
[33433, 12879] - 18.983700000000002
[12879, 12795] - 31.0464
[12879, 34885, 33449] - 18.394986
[12879, 12691, 12695] - 18.666905000000007
[12879, 12691, 33449] - 19.082519999999995
[12879, 12827, 12895] - 18.763040000000004
[12879, 34893] - 23.067800000000005
[12879, 12875] - 30.0117
[12879, 12679] - 26.5526
[12703, 12879] - 29.458000000000002
[12879, 10295] - 24.177500000000002
[12879, 12483] - 23.811899999999998
[12879, 12487] - 25.103499999999997
[10307, 12879] - 20.6103
[12739, 12767] - 21.01120000000001
[12647, 12739] - 19.653399999999998
[12739, 12775] - 20.712799999999998
[12735, 12739, 12763, 12743] - 20.2807862
[12779, 12735, 12739, 12743] - 20.321742580000002
[12759, 12735, 12739, 12743] - 18.78123981
[12779, 12735, 12739, 12763] - 20.287713440000008
[12759, 12735, 12739, 12763] - 19.337018499999996
[12759, 12735, 12779, 12739] - 18.866972769999993
[12739, 12787] - 19.6218
[10857, 12739] - 31.029800000000005
[12739, 10303] - 30.774599999999996
[12779, 12739, 12763, 12743] - 20.5978808
[12759, 12739, 12763, 12743] - 18.900205590000006
[12739, 10861] - 29.402200000000004
[12747, 12739] - 25.660500000000006
[12739, 32209] - 25.059299999999997
[32201, 12739] - 28.1743
[12739, 12755] - 32.680299999999995
[12759, 12739, 12771] - 18.570236
[12759, 12779, 12739, 12763] - 18.683960689999996
[12739, 12687] - 19.9274
[12739, 10299] - 20.8975
[12739, 12479] - 19.2041
[12739, 12683] - 22.761499999999998
[12627, 12739] - 27.192
[12739, 32205] - 25.4279
[12739, 12795] - 18.059900000000003
[12739, 12691] - 25.2779
[12827, 12739] - 20.941799999999997
[12819, 12739] - 19.130100000000002
[12739, 12831] - 24.0837
[12715, 12739] - 39.551100000000005
[12739, 12723] - 21.429899999999996
[12739, 12695] - 27.398400000000002
[12739, 12621] - 21.616
[12739, 12679] - 23.3818
[10307, 12739, 10295] - 19.264008000000008
[12483, 12739] - 25.493599999999994
[12739, 12487] - 23.607200000000002
[12739, 10311] - 27.6511
[10315, 12739] - 37.5905
[33469, 12739] - 19.3128
[12739, 12895] - 34.065200000000004
[12739, 33449] - 28.0762
[12403, 12523] - 18.141400000000004
[10857, 12403] - 18.6653
[12403, 10861] - 19.349299999999996
[12407, 12299, 12403] - 18.634621
[12299, 12411, 12403] - 20.322343
[12299, 12431, 12403] - 18.153975000000006
[12403, 33429] - 18.0384
[35185, 12403] - 19.3591
[12403, 12687] - 20.6129
[12407, 12411, 12403] - 23.648063
[12407, 12431, 12403] - 18.320746999999997
[12683, 12403] - 21.8604
[12355, 12411, 12403] - 20.171811
[12411, 12431, 12403] - 20.191525000000006
[33433, 12403] - 18.6704
[12691, 12403] - 20.4979
[12827, 12403] - 19.2865
[12355, 12431, 12403] - 18.230705000000004
[12403, 12831] - 19.4668
[12403, 12875] - 19.6887
[12695, 12403] - 19.625200000000003
[12403, 12679] - 20.373299999999997
[12703, 12403] - 21.989899999999995
[12483, 12403] - 23.597399999999997
[12487, 12403] - 22.884600000000002
[12895, 12403] - 24.3988
[12403, 33449] - 19.944300000000002
[33425, 12691, 12531] - 18.156770999999996
[33425, 33429, 12855] - 29.567630000000005
[33425, 34885, 12855] - 24.581553000000003
[33425, 12691, 12855] - 23.557026999999994
[33425, 12827, 12855] - 18.083257
[33425, 12895, 12855] - 18.976414000000002
[33425, 12855, 33449] - 24.309667000000005
[12491, 33425] - 21.8717
[33425, 12691, 12523] - 18.322916
[33425, 10857, 33449] - 18.501145000000005
[33425, 12527, 34905] - 18.274377999999995
[33425, 12527, 12691] - 18.903693
[33425, 12527, 12831] - 18.559668999999992
[33425, 12527, 12695] - 18.817559000000003
[33425, 12527, 33449] - 19.312638
[33425, 10861] - 22.6008
[33425, 10291] - 19.015400000000003
[12847, 33425] - 18.613999999999997
[33425, 12467] - 22.202599999999993
[33425, 12867] - 19.0147
[33425, 12883] - 20.1737
[33425, 12835] - 19.798499999999997
[33425, 12495] - 23.139499999999995
[33425, 12807] - 21.621799999999997
[33425, 33429, 34901] - 24.164504
[33425, 33453, 33429] - 22.803419999999996
[33425, 34897, 34885, 33429] - 18.427699880000006
[33425, 33429, 12687] - 19.226083999999997
[33425, 34905, 33429, 33449] - 18.91931138
[33425, 33429, 34889] - 25.526639
[33425, 12683, 33429] - 23.543619999999997
[12627, 33425, 33429] - 18.344312999999996
[33425, 33433, 33429] - 20.843564999999998
[33425, 12795, 33429] - 20.436788000000004
[33425, 34885, 33429, 33449] - 22.311162919999987
[33425, 12691, 33429, 33449] - 18.537276159999998
[33425, 12827, 33429] - 20.314629999999998
[33425, 33429, 12831] - 20.923849
[33425, 34893, 33429] - 20.550964999999998
[33425, 12695, 33429] - 23.954992
[33425, 12679, 33429] - 22.692612000000008
[33425, 12703, 33429] - 20.378323
[33425, 12483, 33429] - 19.588371
[33425, 12487, 33429] - 18.822854999999993
[33469, 33425, 33429] - 20.876574000000005
[33425, 12895, 33429] - 26.143596999999993
[33425, 12823] - 26.9002
[33425, 33453, 34901] - 19.418022
[33425, 34897, 34901] - 18.084366000000003
[33425, 34905, 34901, 34889] - 18.405636960000006
[33425, 12683, 34901] - 18.018254999999996
[33425, 33433, 34901] - 20.478713
[33425, 34885, 34901] - 18.12089600000001
[33425, 12691, 34901] - 18.701719000000008
[33425, 12695, 34901] - 18.358586000000003
[33425, 34901, 33449] - 22.809048000000004
[33425, 35185] - 18.1738
[33425, 34897, 33453] - 18.926387999999996
[33425, 33453, 34905] - 22.518873999999997
[33425, 33453, 34889] - 19.853546
[33425, 33453, 12683] - 20.125422999999998
[33425, 33433, 33453] - 22.821875999999996
[33425, 34885, 33453] - 17.976830000000003
[33425, 33453, 12691] - 19.955981999999995
[33425, 33453, 33449] - 25.796571999999987
[33425, 34897, 34905] - 23.85865
[33425, 34897, 34889] - 19.233906999999995
[33425, 33433, 34897] - 17.964871000000002
[33425, 34897, 12691] - 20.183776000000005
[33425, 34897, 34893] - 17.918115000000004
[33425, 34897, 12695] - 20.414939000000004
[33425, 34897, 12895] - 19.082313000000003
[33425, 34897, 33449] - 25.195121000000007
[33425, 12763] - 21.621799999999997
[33425, 34905, 12687] - 18.800027000000004
[33425, 12683, 12687] - 19.767265000000005
[33425, 12691, 12687] - 20.643373
[33425, 12687, 12831] - 17.907423
[33425, 12695, 12687] - 18.749059999999997
[33425, 12687, 33449] - 20.072171
[33425, 10299] - 18.259100000000007
[33425, 12683, 34905] - 20.917738
[33425, 33433, 34905] - 21.342941999999997
[33425, 12795, 34905] - 20.208774000000002
[33425, 34885, 34905] - 24.808032000000004
[33425, 12691, 34905] - 23.239907000000002
[33425, 34905, 12831] - 21.904313000000002
[33425, 34905, 12695] - 21.026775
[33425, 12683, 34889] - 19.033211
[33425, 33433, 34889] - 21.851291000000003
[33425, 12795, 34889] - 18.114989
[33425, 34885, 34889] - 19.272072
[33425, 12691, 34889] - 21.400555999999998
[33425, 12831, 34889] - 20.224118999999998
[33425, 12695, 34889] - 20.330846999999995
[33425, 33449, 34889] - 26.401603000000005
[12407, 33425] - 19.036
[33425, 33433, 12683] - 21.162994
[33425, 12691, 12683] - 23.474223000000002
[33425, 12827, 12683] - 18.167694
[33425, 12683, 12831] - 21.941087000000003
[33425, 12683, 12695] - 22.124830999999993
[33425, 12683, 12679] - 22.472112
[33425, 12703, 12683] - 18.784751000000007
[33425, 12895, 12683] - 17.897219000000003
[33425, 12683, 33449] - 26.940957999999995
[12627, 33425, 12691] - 19.134482
[33425, 12463] - 22.935399999999998
[33425, 32205] - 23.2153
[33425, 33433, 34885] - 19.113335
[33425, 33433, 12691] - 20.201574999999995
[33425, 33433, 12831] - 20.287477
[33425, 33433, 12695] - 19.358254000000002
[33425, 33433, 12679] - 18.749124000000002
[33469, 33425, 33433] - 18.058572
[33425, 33433, 33449] - 26.08965
[33425, 12691, 12795] - 19.439963
[33425, 12795, 12831] - 18.248193
[33425, 12795, 33449] - 20.100459000000004
[33425, 34885, 12691] - 29.921015999999998
[33425, 34885, 12827] - 19.304866000000008
[33425, 34885, 12831] - 18.251348999999998
[33425, 34885, 34893] - 19.44918800000001
[33425, 34885, 12695] - 22.224473999999997
[33425, 34885, 12679] - 18.937418
[33425, 34885, 12895] - 24.66247
[33425, 12827, 12691] - 21.333647999999993
[33425, 12691, 12831] - 21.94528
[33425, 12691, 12695] - 24.698856000000003
[33425, 12691, 12679] - 22.880602999999997
[33425, 12703, 12691] - 18.746955999999994
[33469, 33425, 12691] - 19.229853000000002
[33425, 12691, 12895] - 22.635919000000005
[33425, 12827, 12679] - 18.973188
[33425, 12827, 12895] - 22.76051900000001
[33425, 12827, 33449] - 23.737748000000003
[33425, 12355] - 24.244400000000002
[33425, 12819] - 18.7821
[33425, 12695, 12831] - 21.359365999999994
[33425, 33449, 12831] - 23.48034499999999
[33425, 12431] - 18.869899999999998
[33425, 12703, 34893] - 18.740312
[33425, 34893, 12487] - 17.958667999999996
[33425, 34893, 33449] - 20.867900000000006
[33425, 12875] - 26.1133
[33425, 12695, 12679] - 20.509096999999993
[33425, 12703, 12695] - 19.329835000000003
[33425, 12895, 12695] - 19.728219000000006
[33425, 12695, 33449] - 29.28783399999999
[33425, 12895, 12679] - 21.298874
[33425, 12679, 33449] - 25.365791999999995
[33425, 12663] - 21.148699999999998
[33425, 12703, 12487] - 19.846149
[33425, 12703, 33449] - 21.775762999999998
[33425, 10295] - 32.8637
[33425, 12483, 12487] - 18.455662999999998
[33425, 12483, 33449] - 20.098636000000006
[33425, 12487, 33449] - 22.546408
[33425, 10311] - 22.0141
[33425, 10307] - 26.5831
[10315, 33425] - 22.7146
[33425, 33469, 33449] - 27.292112000000007
[33425, 12895, 33449] - 27.669815000000003
[12407, 12515] - 36.9082
[12515, 12411] - 26.3474
[12339, 12515] - 22.983699999999995
[10877, 12515] - 26.015099999999997
[18707, 18547] - 24.168600000000005
[18547, 18427] - 29.684999999999995
[18619, 18547] - 25.323400000000007
[12355, 18547] - 19.7382
[12679, 18547] - 20.9929
[12895, 18547] - 21.0399
[12767, 12775] - 19.7101
[12735, 12767] - 21.875
[12767, 12743] - 25.6832
[12727, 12767] - 33.5332
[12747, 12767] - 21.967500000000005
[12755, 12767, 12611] - 19.119228000000003
[12771, 12755, 12767] - 22.513938000000003
[12763, 12767] - 28.652500000000003
[12779, 12767] - 29.572899999999997
[12759, 12767] - 30.039299999999997
[12751, 12767] - 26.200200000000002
[12723, 12767] - 32.12020000000001
[12767, 12621] - 24.4979
[10295, 12767] - 23.0975
[12483, 12767] - 20.666500000000003
[12487, 12767] - 19.2244
[10311, 12767] - 18.1999
[10307, 12767] - 26.7401
[10315, 12767] - 26.378099999999996
[12895, 12767] - 23.216899999999995
[12647, 12531] - 22.758600000000005
[12531, 12855] - 24.433100000000003
[12491, 12531, 12523] - 22.566921
[12491, 12527, 12531] - 24.018769
[12491, 12495, 12531] - 19.865911999999998
[12491, 12823, 12531] - 18.567676999999996
[12491, 12531, 12687] - 21.41637699999999
[12491, 12531, 12683] - 18.922196999999997
[12491, 12531, 12463] - 21.514980000000005
[12491, 12691, 12531] - 22.551009
[12491, 12531, 12831] - 19.771699000000005
[12491, 12531, 12695] - 20.620202
[12491, 12487, 12531] - 19.080562999999998
[12491, 12531, 12895] - 19.899530000000002
[12527, 12531, 12683, 12523] - 18.071037230000005
[12527, 12691, 12531, 12523] - 19.10530404
[12527, 12531, 12831, 12523] - 17.896261839999998
[12527, 12531, 12695, 12523] - 18.674719070000002
[12527, 12531, 12895, 12523] - 18.324252940000004
[12847, 12531, 12523] - 18.161182
[12531, 12467, 12523] - 22.611872999999996
[12883, 12531, 12523] - 18.800465000000003
[12835, 12531, 12523] - 18.994137
[12495, 12531, 12523] - 22.340206000000002
[12807, 12531, 12523] - 18.817749999999997
[12531, 33429, 12523] - 18.601151
[12823, 12531, 12523] - 23.309288000000002
[12531, 34901, 12523] - 20.616701000000003
[33453, 12531, 12523] - 19.685182
[12531, 12687, 12523] - 25.10517999999999
[12531, 34905, 12523] - 19.469464999999996
[12531, 34889, 12523] - 19.154146
[12531, 12463, 12523] - 22.070524999999993
[33433, 12531, 12523] - 20.467565
[12795, 12531, 12523] - 22.232252
[12827, 12531, 12523] - 20.533416000000003
[12531, 12875, 12523] - 19.329941
[12531, 12679, 12523] - 21.953875999999998
[12703, 12531, 12523] - 20.060661000000003
[12487, 12531, 12523] - 23.247009999999992
[10307, 12531, 12523] - 18.506353
[33469, 12531, 12523] - 18.533364
[12531, 33449, 12523] - 22.521157999999996
[10857, 12531, 10861] - 18.116898000000003
[12847, 12527, 12531] - 18.133228
[12527, 12531, 12467] - 17.919741999999996
[12527, 12883, 12531] - 18.728853999999995
[12835, 12527, 12531] - 19.805998000000002
[12527, 12495, 12531] - 21.2766
[12527, 12807, 12531] - 18.635241
[12527, 12531, 33429] - 18.147890000000004
[12823, 12527, 12531] - 19.842370000000003
[12527, 12531, 34901] - 19.462965
[12527, 33453, 12531] - 18.814606999999995
[12527, 12531, 12687] - 27.801019
[12527, 12531, 34905] - 19.708999000000002
[12527, 12531, 34889] - 19.816272
[12527, 12691, 12531, 12683] - 18.031652400000006
[12527, 12531, 12463] - 20.617594999999998
[33433, 12527, 12531] - 20.192056000000004
[12527, 12795, 12531] - 22.766568999999997
[12527, 12691, 12531, 12831] - 18.330868609999996
[12527, 12691, 12531, 12695] - 18.07048709
[12527, 12827, 12531] - 20.552585000000004
[12527, 12531, 12875] - 19.211354999999994
[12527, 12531, 12679] - 20.349005999999996
[12703, 12527, 12531] - 19.503992999999994
[12527, 12487, 12531] - 18.715663
[33469, 12527, 12531] - 18.683606000000005
[12527, 12531, 33449] - 22.646975000000005
[10291, 12531] - 32.564600000000006
[12847, 12531, 12687] - 18.256733999999994
[12531, 12687, 12467] - 19.382175999999994
[12867, 12807, 12531] - 18.227927999999995
[12867, 12531, 12831] - 18.115258
[12835, 12531, 12687] - 19.814064
[12823, 12495, 12531] - 17.964848
[12495, 12531, 12687] - 18.929644999999997
[12495, 12531, 12683] - 20.071907000000003
[12495, 12531, 12463] - 22.506788000000004
[12495, 12691, 12531] - 22.764302
[12495, 12531, 12831] - 18.093642000000003
[12495, 12531, 12695] - 20.167094000000002
[12495, 12487, 12531] - 20.640298999999995
[12495, 12531, 12895] - 18.101495000000003
[12531, 12667] - 30.389499999999998
[12823, 12807, 12531] - 19.143792
[12807, 12691, 12531] - 18.622173000000004
[12807, 12531, 12831] - 19.195683999999993
[12807, 12531, 12695] - 17.933895999999997
[12531, 34905, 33429] - 18.189168
[33433, 12531, 33429] - 18.339310999999995
[12691, 12531, 33429] - 18.857055999999996
[12531, 33429, 33449] - 18.929771000000006
[12823, 12531, 12683] - 19.05864
[12823, 12531, 12463] - 19.102842
[12823, 12691, 12531] - 19.349862999999996
[12823, 12531, 12831] - 19.481995
[12823, 12531, 12895] - 19.438354000000004
[32201, 12531] - 20.796200000000002
[33453, 12531, 34901] - 18.364700999999997
[12531, 34905, 34901] - 19.609770999999995
[12531, 34901, 34889] - 19.460243
[12691, 12531, 34901] - 18.320839999999997
[12531, 34901, 33449] - 20.402402999999993
[12531, 35185] - 20.4773
[33453, 12531, 34905] - 18.24345
[33433, 33453, 12531] - 21.080896999999997
[33453, 12691, 12531] - 18.759760000000004
[33453, 12531, 33449] - 19.375143000000005
[34897, 12531] - 23.507700000000003
[12815, 12531] - 20.827
[12531, 34905, 12687] - 18.087737999999995
[12531, 12683, 12687] - 24.01218
[12795, 12531, 12687] - 20.981091999999997
[12691, 12531, 12687] - 27.62984699999999
[12827, 12531, 12687] - 18.752872
[12531, 12687, 12831] - 22.03134
[12531, 12687, 12875] - 17.974196000000006
[12531, 12695, 12687] - 24.178450999999995
[12703, 12531, 12687] - 20.231113
[12483, 12531, 12687] - 17.893867999999998
[12487, 12531, 12687] - 18.651783999999992
[12531, 12895, 12687] - 21.014461
[12531, 12687, 33449] - 19.286992
[12531, 10299] - 35.80699999999999
[12531, 34905, 34889] - 20.42001
[33433, 12531, 34905] - 18.583237
[12795, 12531, 34905] - 18.086287
[12691, 12531, 34905] - 19.445061000000003
[12531, 34905, 12831] - 18.423143999999997
[12531, 34905, 12695] - 19.015946999999997
[12531, 34905, 33449] - 20.274338999999994
[12531, 12479] - 23.462
[12691, 12531, 34889] - 17.972070000000002
[12531, 33449, 34889] - 18.784875000000003
[12531, 12655] - 32.31970000000001
[12531, 12463, 12683] - 19.655946999999998
[33433, 12531, 12683] - 18.985957
[12795, 12531, 12683] - 20.318050000000007
[12827, 12531, 12683] - 19.633481
[12531, 12683, 12831] - 22.563413000000004
[12531, 12683, 12875] - 19.334756
[12531, 12683, 12695] - 25.88168400000001
[12531, 12683, 12679] - 19.992276
[12703, 12531, 12683] - 18.643484
[12487, 12531, 12683] - 18.225709000000005
[12531, 12895, 12683] - 23.185019
[12531, 12683, 33449] - 20.327056
[12627, 12531] - 21.0249
[12531, 12411] - 18.270299999999995
[12691, 12531, 12463] - 21.780159999999995
[12531, 12463, 12831] - 19.748109000000003
[12531, 12463, 12695] - 20.455863
[12487, 12531, 12463] - 20.352639000000003
[12531, 12895, 12463] - 19.481679
[12531, 32205] - 20.1707
[33433, 12691, 12531] - 18.787938000000004
[33433, 12531, 12831] - 18.548387
[33433, 12531, 12695] - 18.127244
[33469, 33433, 12531] - 17.93750800000001
[33433, 12531, 33449] - 21.532042999999998
[12691, 12531, 12795] - 20.538663000000003
[12531, 12795, 12831] - 25.250663
[12531, 12795, 12695] - 20.974793000000002
[12531, 12795, 12895] - 20.671164000000005
[12531, 12795, 33449] - 19.017151000000005
[34885, 12531] - 23.000300000000003
[12827, 12691, 12531] - 18.384774999999994
[12691, 12531, 12875] - 18.690338999999994
[12691, 12531, 12679] - 17.902514999999998
[12703, 12691, 12531] - 19.052348
[12691, 12487, 12531] - 19.688118999999993
[12691, 12531, 12895] - 24.859152
[12691, 12531, 33449] - 20.722772
[12827, 12531, 12831] - 18.998754999999996
[12827, 12531, 12875] - 18.080732
[12827, 12531, 12695] - 18.523857999999997
[12827, 12531, 12895] - 21.525799000000003
[12355, 12531] - 23.109399999999997
[12819, 12531] - 32.2781
[12531, 12875, 12831] - 18.283739
[12531, 12695, 12831] - 24.169728000000006
[12487, 12531, 12831] - 18.989948000000002
[12531, 12895, 12831] - 23.527868999999995
[12531, 33449, 12831] - 20.346163
[12531, 12431] - 18.4179
[34893, 12531] - 21.851699999999997
[12531, 12895, 12875] - 19.44782
[12531, 12695, 12679] - 19.274138999999995
[12703, 12531, 12695] - 20.460771
[12487, 12531, 12695] - 19.522595000000006
[12531, 12895, 12695] - 25.816937000000006
[12531, 12695, 33449] - 23.090620000000005
[12531, 12895, 12679] - 19.618104
[12663, 12531] - 31.727400000000003
[12703, 12487, 12531] - 19.373436
[12703, 12531, 12895] - 19.292854
[10307, 10295, 12531] - 22.760237000000004
[12483, 12487, 12531] - 20.467442999999992
[12531, 12487, 12895] - 20.307534000000004
[12531, 10311] - 24.123900000000003
[10315, 12531] - 30.2445
[33469, 12531, 33449] - 22.162132
[12531, 12895, 33449] - 20.670890000000004
[18831, 10311] - 18.631100000000004
[18707, 18427] - 21.894599999999997
[18787, 18707] - 18.215999999999998
[18863, 18707] - 22.191099999999995
[18707, 12621] - 19.467700000000004
[12491, 12647] - 26.589499999999997
[12647, 12523] - 21.0296
[10857, 12647] - 19.6646
[12647, 12527] - 19.203599999999998
[12647, 10861] - 18.2994
[12647, 32209] - 20.580000000000005
[12647, 12495] - 22.285899999999998
[12647, 12667, 12655] - 33.934667999999995
[12647, 12659, 12667] - 29.602297
[33469, 12647, 12667] - 22.270299999999995
[12647, 12807] - 21.442099999999993
[12823, 12647] - 21.932399999999998
[32201, 12647] - 26.614700000000003
[34897, 12647] - 18.0564
[12647, 12763] - 21.431800000000003
[12815, 12647] - 24.135300000000004
[12647, 12687] - 26.1566
[12647, 10299] - 20.7312
[12647, 12479] - 34.4014
[12647, 34889] - 19.264099999999996
[12647, 12659, 12655] - 26.341426
[12647, 10295, 12655] - 19.25217
[10315, 12647, 12655] - 18.951351000000003
[33469, 12647, 12655] - 23.585283999999998
[12647, 12683] - 35.07869999999999
[12627, 12647] - 30.818499999999986
[12647, 12463] - 28.9386
[12647, 32205] - 30.831699999999994
[33433, 12647] - 19.286399999999993
[12647, 12795] - 25.523799999999998
[12647, 34885] - 23.3491
[12647, 12691, 12695] - 18.196915000000004
[12647, 12827] - 34.9079
[12647, 12819] - 29.854399999999995
[12647, 12831] - 32.314899999999994
[12647, 12875] - 20.019499999999994
[12647, 32213] - 21.402
[12647, 12679] - 24.451099999999993
[12647, 12663] - 28.572300000000013
[12647, 12703] - 29.287599999999994
[12647, 10295, 10311] - 21.175540999999996
[10307, 12647, 10295] - 23.706895999999993
[10315, 12647, 10295] - 18.609876999999997
[12647, 12483] - 30.941500000000005
[12647, 12487] - 30.522499999999994
[12647, 12895] - 39.26250000000002
[12647, 33449] - 35.36529999999998
[12491, 12855] - 35.5166
[12855, 12523] - 22.625
[10857, 12855] - 21.778000000000006
[12527, 12855] - 26.6209
[10861, 12855] - 18.378199999999996
[12855, 12467] - 25.497799999999998
[12867, 12855] - 22.6313
[12883, 12855] - 24.788899999999998
[12495, 12855] - 23.40630000000001
[12807, 12795, 12855] - 17.886595
[34885, 12855, 33429] - 28.259138000000004
[12691, 12855, 33429] - 22.529542
[12827, 12855, 33429] - 18.030664
[12895, 12855, 33429] - 19.954388999999995
[12855, 33429, 33449] - 27.473936999999992
[12823, 12855, 12831] - 18.142065
[35185, 12855] - 20.565
[33453, 12855] - 19.47
[34897, 34885, 12855] - 18.329347000000002
[12855, 12687] - 33.237500000000004
[34905, 12855] - 22.210099999999997
[12855, 34889] - 19.947600000000005
[12691, 12683, 12855] - 18.530664000000005
[12683, 12855, 12831] - 18.427994999999996
[12683, 12679, 12855] - 18.520178
[12627, 12855] - 32.4655
[12463, 12855] - 24.242599999999996
[33433, 12855] - 23.140399999999993
[12795, 12895, 12855] - 19.162906999999993
[34885, 12691, 12855] - 21.416714999999996
[34885, 12827, 12855] - 18.569876000000004
[34885, 12695, 12855] - 18.404974000000003
[34885, 12895, 12855] - 20.99430000000001
[34885, 12855, 33449] - 26.927528
[12827, 12691, 12855] - 19.211156999999996
[12691, 12855, 12831] - 18.566594
[12691, 12695, 12855] - 20.378671
[12691, 12895, 12855] - 20.505427
[12691, 12855, 33449] - 21.943654999999996
[12827, 12855, 12831] - 18.907688
[12827, 12679, 12855] - 17.973216999999998
[12827, 12895, 12855] - 23.889727999999998
[12827, 12855, 33449] - 18.241232999999998
[12355, 12855] - 17.985
[12895, 12855, 12831] - 18.046442
[34893, 12855] - 26.243699999999997
[12855, 12875] - 29.379
[12895, 12695, 12855] - 19.613827999999998
[12695, 12855, 33449] - 17.907039
[12663, 12855] - 28.306199999999997
[12703, 12855] - 26.670999999999996
[10295, 12855] - 27.72759999999999
[12483, 12855] - 32.14320000000001
[12487, 12855] - 25.438799999999997
[10315, 12855] - 19.0506
[33469, 12855, 33449] - 18.876480999999995
[12895, 12855, 33449] - 21.590601999999993
[12775, 12787] - 26.5401
[12747, 12775] - 37.60810000000001
[12775, 12611] - 19.063099999999995
[12755, 12775] - 28.670999999999992
[12603, 12775] - 19.0929
[12771, 12775] - 29.821299999999997
[12763, 12775] - 19.3685
[12779, 12775] - 25.5689
[12759, 12775] - 32.059599999999996
[12783, 12775] - 26.488799999999998
[12827, 12775] - 18.696299999999997
[12751, 12775] - 36.463800000000006
[12715, 12775] - 22.809600000000003
[12723, 12775] - 23.120199999999993
[12621, 12775] - 32.192699999999995
[10295, 12775] - 22.697499999999994
[12483, 12775] - 19.514200000000002
[10311, 12775] - 22.232599999999994
[10307, 12775] - 31.450100000000006
[10315, 12775] - 23.691100000000002
[12895, 12775] - 30.190399999999997
[12735, 12787] - 18.7119
[10857, 12735] - 29.96890000000001
[12735, 12763, 10303] - 19.467941
[12759, 12735, 10303] - 18.249044000000005
[12779, 12735, 12763, 12743] - 20.361964139999994
[12759, 12735, 12763, 12743] - 20.010864109999986
[12735, 10861] - 24.743299999999998
[12735, 12747] - 20.818
[12735, 32209] - 30.681499999999996
[12735, 12711] - 19.199699999999996
[12735, 12611] - 22.5813
[32201, 12735] - 32.1564
[12735, 12763, 12755] - 19.238479
[12759, 12735, 12755] - 19.014939
[12735, 12763, 12771] - 19.620539999999995
[12759, 12735, 12771] - 19.316918999999995
[12759, 12735, 12779, 12763] - 20.49754499
[12735, 12763, 32205] - 18.092868
[12735, 10295, 12763] - 19.186833
[10307, 12735, 12763] - 18.258132999999997
[10315, 12735, 12763] - 18.024279999999997
[12735, 12895, 12763] - 18.939769000000002
[12815, 12735] - 24.461799999999997
[12735, 12687] - 18.154100000000003
[12735, 10299] - 21.665499999999998
[12735, 12479] - 19.804100000000005
[12735, 12683] - 17.890099999999997
[12627, 12735] - 20.954300000000003
[12759, 10307, 12735] - 18.862142000000006
[12759, 10315, 12735] - 21.013520999999994
[12735, 12795] - 21.048400000000004
[12735, 12691] - 23.195700000000006
[12735, 12827] - 22.187600000000007
[12735, 12751] - 18.0508
[12735, 12819] - 19.1637
[12735, 10335] - 19.5367
[12735, 12831] - 24.207000000000004
[12715, 12735] - 31.8886
[12735, 12723] - 20.705399999999997
[12735, 12875] - 18.829300000000003
[12735, 12695] - 24.86949999999999
[12735, 12621] - 25.3141
[12735, 32213] - 21.0342
[12735, 12679] - 28.022000000000006
[12735, 12703] - 22.074499999999997
[10307, 12735, 10295] - 19.658158999999998
[12735, 12483] - 29.021499999999993
[12735, 12487] - 30.180799999999994
[12735, 10311] - 26.7002
[33469, 12735] - 24.776999999999994
[12735, 33449] - 26.501700000000003
[12491, 12527, 12523] - 24.818534000000003
[12491, 12467, 12523] - 18.435971
[12491, 12495, 12523] - 20.792277
[12491, 12687, 12523] - 20.824398000000006
[12491, 12683, 12523] - 20.508299000000004
[12491, 12463, 12523] - 21.830325000000006
[12491, 12691, 12523] - 19.574284
[12491, 12831, 12523] - 18.657096000000006
[12491, 12695, 12523] - 20.649019000000003
[12491, 12487, 12523] - 18.609262
[12491, 12895, 12523] - 19.394435999999995
[12491, 33449, 12523] - 18.609472999999998
[12491, 10857, 10861] - 18.518316
[12491, 12907] - 19.778699999999997
[12491, 12527, 12467] - 18.935486
[12491, 12527, 12495] - 20.505739000000005
[12491, 12527, 12687] - 24.773412
[12491, 12527, 12683] - 20.213545999999997
[12491, 12527, 12463] - 21.627796999999997
[12491, 12527, 12691] - 21.834760000000003
[12491, 12527, 12831] - 20.573016000000003
[12491, 12527, 12695] - 21.663535
[12491, 12527, 12487] - 20.282025000000004
[12491, 12527, 12895] - 19.920853
[12491, 12527, 33449] - 18.857728000000005
[12491, 10291] - 23.832999999999995
[12847, 12491] - 28.3251
[12491, 12495, 12467] - 25.562215999999996
[12491, 12687, 12467] - 20.402368000000003
[12491, 12683, 12467] - 18.326576
[12491, 12463, 12467] - 23.550976999999996
[12491, 12695, 12467] - 18.073771999999998
[12491, 12483, 12467] - 18.120502999999996
[12491, 12487, 12467] - 20.035771
[12491, 12867, 12463] - 19.069406
[12491, 12867, 12831] - 18.244128
[12491, 12883] - 24.099199999999996
[12491, 32209] - 18.109099999999994
[12491, 12835, 12687] - 18.607886999999998
[12491, 12807, 12495] - 18.624836999999996
[12491, 12495, 12687] - 20.763767999999995
[12491, 12495, 12683] - 22.540065999999996
[12491, 12495, 12487, 12463] - 19.66815912
[12491, 12495, 12795] - 18.239684
[12491, 12495, 12691] - 21.44507500000001
[12491, 12495, 12831] - 19.830245999999995
[12491, 12495, 12695] - 22.009116000000002
[12491, 12703, 12495] - 18.548021999999996
[12491, 12483, 12495] - 22.916484000000004
[12491, 12495, 12895] - 22.161243999999993
[12491, 12495, 33449] - 19.465857
[12491, 12667] - 33.191500000000005
[12491, 12807, 12683] - 19.086509000000003
[12491, 12807, 12463] - 19.478339000000002
[12491, 12807, 12691] - 18.01567300000001
[12491, 12807, 12831] - 18.973661999999994
[12491, 12807, 12695] - 18.818620000000003
[12491, 12807, 12895] - 18.413527999999996
[12491, 33429] - 25.468099999999996
[12491, 12823, 12683] - 18.771610999999996
[12491, 12823, 12463] - 18.976806
[12491, 12823, 12691] - 18.010558
[12491, 12823, 12831] - 21.023529999999997
[12491, 12823, 12695] - 17.994717
[12491, 12823, 12895] - 18.061898000000003
[12491, 32201] - 20.230099999999993
[12491, 34901] - 28.08489999999999
[12491, 35185] - 21.4917
[12491, 33433, 33453] - 19.864141
[12491, 33453, 33449] - 19.158286999999994
[12491, 34897, 34885] - 19.477973000000006
[12815, 12491] - 18.539299999999997
[12491, 12683, 12687] - 22.931910000000002
[12491, 12463, 12687] - 21.953456999999993
[12491, 12691, 12687] - 24.482643000000003
[12491, 12827, 12687] - 18.204609999999995
[12491, 12687, 12831] - 20.902622
[12491, 12695, 12687] - 23.128370999999998
[12491, 12703, 12687] - 20.691459999999996
[12491, 12487, 12687] - 20.27387
[12491, 12895, 12687] - 18.320801
[12491, 10299] - 21.973200000000002
[12491, 12463, 34905] - 18.363049000000004
[12491, 12479] - 41.813199999999995
[12491, 34885, 34889] - 18.295631999999998
[12491, 12691, 34889] - 17.928165999999997
[12407, 12491] - 18.1626
[12491, 12655] - 19.0579
[12491, 12463, 12683] - 23.887181
[12491, 33433, 12683] - 18.887712999999998
[12491, 12691, 12683] - 24.71739600000001
[12491, 12827, 12683] - 18.514622000000003
[12491, 12683, 12831] - 22.667320999999994
[12491, 12683, 12695] - 24.804320000000004
[12491, 12683, 12679] - 20.519695
[12491, 12703, 12683] - 20.750479000000002
[12491, 12487, 12683] - 22.864756999999997
[12491, 12895, 12683] - 21.819755
[12491, 12683, 33449] - 18.756047000000002
[12627, 12491] - 23.846700000000002
[12491, 33433, 12463] - 18.017048999999997
[12491, 12795, 12463] - 18.597371
[12491, 34885, 12463] - 20.108677000000004
[12491, 12691, 12463] - 24.626557000000005
[12491, 12827, 12463] - 18.326427000000002
[12491, 12463, 12831] - 22.234628
[12491, 12463, 12695] - 25.290789999999994
[12491, 12463, 12679] - 18.522889
[12491, 12703, 12463] - 20.474869999999992
[12491, 12483, 12463] - 25.245627000000002
[12491, 12895, 12463] - 24.774097
[12491, 12463, 33449] - 19.547763000000003
[12491, 32205] - 22.083799999999997
[12491, 33433, 12695] - 18.123290999999995
[12491, 33433, 33449] - 19.855481000000005
[12491, 12691, 12795] - 17.978474000000002
[12491, 12795, 12831] - 22.720367000000007
[12491, 12483, 12795] - 17.963811
[12491, 12487, 12795] - 18.878464000000005
[12491, 12795, 12895] - 19.291713
[12491, 34885, 33449] - 18.798703000000003
[12491, 12691, 12831] - 22.481735
[12491, 12691, 12695] - 25.843467999999994
[12491, 12703, 12691] - 20.91770399999999
[12491, 12691, 12487] - 21.084322000000004
[12491, 12691, 12895] - 22.120002999999993
[12491, 12691, 33449] - 18.750753000000003
[12491, 12827, 12831] - 20.662850000000006
[12491, 12827, 12487] - 19.509052
[12491, 12827, 12895] - 21.530843999999995
[12491, 12355] - 24.240400000000008
[12491, 12819] - 21.722699999999996
[12491, 12695, 12831] - 23.264033000000005
[12491, 12679, 12831] - 18.070140999999996
[12491, 12703, 12831] - 18.661379
[12491, 12483, 12831] - 18.635828999999998
[12491, 12487, 12831] - 21.990169999999992
[12491, 12895, 12831] - 22.951253999999995
[12491, 33449, 12831] - 18.410655
[12491, 12431] - 18.0657
[12491, 34893] - 29.1841
[12491, 12875] - 26.2297
[12491, 12695, 12679] - 19.96882700000001
[12491, 12703, 12695] - 22.680430999999995
[12491, 12483, 12695] - 18.606766
[12491, 12487, 12695] - 23.092061
[12491, 12895, 12695] - 21.725035
[12491, 12695, 33449] - 21.417764000000002
[12491, 32213] - 20.50190000000001
[12491, 12663] - 38.18470000000001
[12491, 12703, 12483] - 19.01155799999999
[12491, 12703, 12487] - 23.072135
[12491, 12703, 12895] - 19.101176999999996
[12491, 10295] - 38.0882
[12491, 12483, 12487] - 29.714484999999996
[12491, 12487, 12895] - 22.74921800000001
[12491, 12487, 33449] - 19.686811000000006
[12491, 10311] - 26.775299999999998
[12491, 10307] - 37.054899999999996
[10315, 12491] - 30.100399999999997
[12491, 33469, 33449] - 21.819519
[12491, 12895, 33449] - 19.616133000000005
[20807, 18427] - 25.449499999999997
[18863, 18427] - 40.705600000000004
[12827, 18427] - 18.028100000000002
[12355, 18427] - 21.028000000000006
[12679, 18427] - 18.271499999999996
[12487, 18427] - 18.566
[12895, 18427] - 20.478099999999998
[10857, 12523] - 23.977199999999996
[12847, 12527, 12523] - 18.640082
[12527, 12467, 12523] - 19.363277
[12527, 12883, 12523] - 17.907022
[12835, 12527, 12523] - 19.860651
[12527, 12495, 12523] - 22.467033000000008
[12527, 12807, 12523] - 18.339281
[12823, 12527, 12523] - 21.163172
[12527, 34901, 12523] - 20.465684
[12527, 33453, 12523] - 19.918263999999997
[12527, 12683, 12687, 12523] - 17.99455422
[12527, 34905, 12523] - 20.44339300000001
[12527, 34889, 12523] - 20.892362000000002
[12527, 12691, 12683, 12523] - 18.327190090000002
[12527, 12463, 12523] - 20.337289
[33433, 12527, 12523] - 22.171336999999998
[12527, 12795, 12523] - 23.118208
[12527, 12827, 12523] - 21.919369999999994
[12527, 12875, 12523] - 19.808114
[12527, 12679, 12523] - 21.134634000000005
[12703, 12527, 12523] - 20.577528999999995
[12527, 12487, 12523] - 20.507412000000006
[10307, 12527, 12523] - 20.664338
[33469, 12527, 12523] - 20.858941999999995
[12527, 33449, 12523] - 23.795047
[10861, 12523] - 25.026599999999995
[10291, 12523] - 28.201300000000003
[12847, 12835, 12523] - 19.724916
[12847, 12687, 12523] - 19.786852
[12687, 12467, 12523] - 18.806533
[12679, 12467, 12523] - 18.781392000000004
[12487, 12467, 12523] - 18.019116000000004
[12867, 12807, 12523] - 19.496339
[12867, 12683, 12523] - 19.031875000000003
[12867, 12827, 12523] - 19.729221000000006
[12867, 12831, 12523] - 20.121672000000004
[12867, 12875, 12523] - 18.260349000000005
[12867, 12895, 12523] - 19.492712
[12835, 12687, 12523] - 20.34513999999999
[12835, 12683, 12523] - 17.929661999999997
[12835, 12827, 12523] - 18.706199000000005
[12835, 12679, 12523] - 18.109016
[12835, 12895, 12523] - 18.567326
[12495, 12687, 12523] - 18.453802000000003
[12495, 12683, 12523] - 19.166644
[12495, 12463, 12523] - 22.473242000000006
[12495, 12691, 12523] - 19.729624
[12495, 12695, 12523] - 20.207190999999998
[12495, 12487, 12523] - 19.600197000000005
[12495, 12895, 12523] - 19.116977000000002
[12667, 12523] - 30.84030000000001
[12823, 12807, 12523] - 20.186405999999995
[12807, 12683, 12523] - 17.954712
[12807, 12827, 12523] - 18.291414
[12807, 12831, 12523] - 18.97711
[12807, 12487, 12523] - 18.330578000000003
[12807, 12895, 12523] - 18.139443000000004
[33453, 33429, 12523] - 19.043155000000002
[12683, 33429, 12523] - 18.459755999999995
[33433, 33429, 12523] - 19.072034999999996
[12691, 33429, 12523] - 17.96210799999999
[33429, 33449, 12523] - 19.796561999999998
[12823, 12683, 12523] - 19.627253
[12823, 12795, 12523] - 18.926100000000005
[12823, 12691, 12523] - 19.257005999999997
[12823, 12827, 12523] - 18.081723
[12823, 12831, 12523] - 20.311513000000005
[12823, 12695, 12523] - 18.157172000000003
[12823, 12679, 12523] - 18.238834999999995
[12823, 12895, 12523] - 20.403662
[32201, 12523] - 20.433500000000002
[34905, 34901, 12523] - 20.278546999999993
[34901, 34889, 12523] - 20.485931000000004
[33433, 34901, 12523] - 18.238358999999992
[12691, 34901, 12523] - 18.094798000000004
[34901, 33449, 12523] - 19.119271
[35185, 12523] - 20.2954
[33453, 34905, 12523] - 17.936949000000002
[33453, 12683, 12523] - 20.860373999999997
[33433, 33453, 12523] - 23.001654000000006
[33453, 12691, 12523] - 20.341826000000005
[33453, 12695, 12523] - 19.680656
[33453, 12895, 12523] - 18.442324000000003
[33453, 33449, 12523] - 21.364051999999994
[34897, 12523] - 25.1748
[12815, 12523] - 20.2001
[34905, 12687, 12523] - 18.409954000000003
[12691, 12683, 12687, 12523] - 18.296079799999998
[33433, 12687, 12523] - 18.317006000000003
[12795, 12687, 12523] - 21.727728000000003
[12827, 12687, 12523] - 19.410088000000002
[12687, 12831, 12523] - 21.721623
[12687, 12875, 12523] - 18.409919
[12695, 12687, 12523] - 22.984603999999997
[12679, 12687, 12523] - 20.580356000000005
[12703, 12687, 12523] - 20.595146000000003
[12487, 12687, 12523] - 19.381928000000002
[12895, 12687, 12523] - 21.087951999999994
[12687, 33449, 12523] - 19.603632000000008
[10307, 10299, 12523] - 20.366925999999996
[34905, 34889, 12523] - 20.40312800000001
[12683, 34905, 12523] - 18.378611
[33433, 34905, 12523] - 18.514853
[12795, 34905, 12523] - 18.743754
[12691, 34905, 12523] - 18.761958
[34905, 12695, 12523] - 19.09754
[34905, 33449, 12523] - 19.426562999999998
[12479, 12523] - 26.700800000000005
[33449, 12523, 34889] - 18.171428
[12655, 12523] - 39.529999999999994
[12463, 12683, 12523] - 19.879154999999997
[33433, 12683, 12523] - 21.452509000000006
[12795, 12683, 12523] - 23.315036000000003
[12827, 12683, 12523] - 22.212635999999996
[12683, 12831, 12523] - 25.643179999999994
[12683, 12875, 12523] - 21.585109999999997
[12683, 12695, 12523] - 26.813083000000006
[12683, 12679, 12523] - 23.571040999999997
[12703, 12683, 12523] - 23.595019999999998
[12483, 12683, 12523] - 18.201323
[12487, 12683, 12523] - 22.05296599999999
[12895, 12683, 12523] - 23.930056
[12683, 33449, 12523] - 22.345327999999995
[12627, 12523] - 27.091099999999997
[12779, 12523] - 20.1392
[12691, 12463, 12523] - 19.848773
[12463, 12831, 12523] - 19.957083000000004
[12463, 12695, 12523] - 20.276874000000007
[12487, 12463, 12523] - 20.04502399999999
[12895, 12463, 12523] - 18.972134
[12759, 12523] - 19.28
[33433, 12795, 12523] - 18.351235
[33433, 12691, 12523] - 19.320711
[33433, 12695, 12523] - 20.721695000000004
[33469, 33433, 12523] - 19.484016000000004
[33433, 12895, 12523] - 17.971749
[33433, 33449, 12523] - 22.498639999999995
[12691, 12795, 12523] - 21.437127
[12827, 12795, 12523] - 21.001106
[12795, 12831, 12523] - 25.638556
[12795, 12875, 12523] - 18.355738000000002
[12795, 12695, 12523] - 22.365700999999994
[12795, 12679, 12523] - 18.823888999999998
[12703, 12795, 12523] - 19.151843
[12483, 12795, 12523] - 19.033734999999997
[12487, 12795, 12523] - 18.478654000000002
[12795, 12895, 12523] - 21.989107999999998
[12795, 33449, 12523] - 19.460188000000002
[34885, 12523] - 22.2655
[12827, 12691, 12523] - 19.021129999999996
[12691, 12831, 12523] - 24.827599999999997
[12691, 12875, 12523] - 19.200800000000005
[12691, 12695, 12523] - 26.510248999999995
[12691, 12679, 12523] - 18.389028000000003
[12703, 12691, 12523] - 19.042144000000004
[12691, 12487, 12523] - 20.12215699999999
[12691, 12895, 12523] - 23.880242000000003
[12691, 33449, 12523] - 20.638760000000005
[12827, 12831, 12523] - 21.490877000000005
[12827, 12875, 12523] - 19.810031999999996
[12827, 12695, 12523] - 20.822692000000004
[12827, 12679, 12523] - 20.66647
[12703, 12827, 12523] - 19.119513000000012
[12483, 12827, 12523] - 18.686723999999998
[12827, 12487, 12523] - 20.181516
[12827, 12895, 12523] - 25.444820999999997
[12355, 12523] - 23.940400000000004
[12819, 12523] - 35.265299999999996
[12875, 12523, 12831] - 20.897098
[12695, 12523, 12831] - 25.877772999999987
[12679, 12523, 12831] - 20.976611000000005
[12703, 12523, 12831] - 20.516383
[12483, 12523, 12831] - 17.900068000000005
[12487, 12523, 12831] - 21.006897000000002
[12895, 12523, 12831] - 25.244184999999998
[33449, 12523, 12831] - 19.947033
[34893, 12523] - 22.326600000000006
[12695, 12523, 12875] - 20.181012
[12679, 12523, 12875] - 18.970171000000004
[12703, 12523, 12875] - 19.71658500000001
[12487, 12523, 12875] - 20.182141
[12895, 12523, 12875] - 21.699756000000004
[33449, 12523, 12875] - 18.953262999999996
[12695, 12679, 12523] - 21.728803000000003
[12703, 12695, 12523] - 22.709774000000003
[12483, 12695, 12523] - 18.058509999999995
[12487, 12695, 12523] - 23.790433
[10307, 12695, 12523] - 18.806221999999998
[33469, 12695, 12523] - 18.053247000000006
[12895, 12695, 12523] - 26.622392
[12695, 33449, 12523] - 25.325094000000004
[32213, 12523] - 21.421699999999998
[12703, 12679, 12523] - 20.188619
[12895, 12679, 12523] - 24.704057000000006
[12679, 33449, 12523] - 18.327459000000005
[12663, 12523] - 31.311700000000002
[12703, 12483, 12523] - 18.082783
[12703, 12487, 12523] - 23.240276999999995
[12703, 12895, 12523] - 20.934887000000003
[12703, 33449, 12523] - 18.459129999999995
[10307, 10295, 12523] - 24.360584
[12483, 12487, 12523] - 22.80059399999999
[12487, 12895, 12523] - 22.201836000000007
[12487, 33449, 12523] - 19.000971000000003
[10311, 12523] - 29.14430000000001
[10315, 12523] - 37.513000000000005
[33469, 33449, 12523] - 22.248195000000003
[12895, 33449, 12523] - 20.780286999999987
[12743, 12787] - 20.292699999999996
[12747, 12787] - 21.772300000000005
[12611, 12787] - 17.893500000000003
[12755, 12787] - 23.885600000000007
[12603, 12787] - 19.3549
[12771, 12787] - 25.828099999999996
[12763, 12787] - 19.162000000000003
[12687, 12787] - 22.1212
[10299, 12787] - 18.979
[12779, 12783, 12787] - 20.260482000000003
[12759, 12787] - 27.7786
[12751, 12787] - 28.8371
[12621, 12787] - 35.894
[12663, 12787] - 22.985799999999998
[10295, 12787] - 18.380799999999997
[12483, 12787] - 19.3644
[10311, 12787] - 18.8658
[10307, 12787] - 25.4956
[10315, 12787] - 19.5289
[12895, 12787] - 20.524500000000003
[10857, 12527, 10861] - 18.666996
[10857, 10303, 12743] - 19.922686
[10857, 10861, 10303] - 22.583398000000003
[10857, 10861, 12743] - 23.912035999999997
[10857, 12763, 12743] - 22.97669
[12779, 10857, 12743] - 19.91885799999999
[10857, 10861, 12467] - 18.131835000000002
[10857, 12495, 10861] - 18.484806999999996
[10857, 33429, 10861] - 17.961813000000003
[10857, 10861, 34901] - 17.946406000000003
[34897, 10857, 10861] - 19.191563000000006
[10857, 12763, 10861] - 18.648031999999997
[10857, 10861, 12687] - 18.729378000000008
[10857, 34905, 10861] - 19.770227000000006
[10857, 10861, 34889] - 18.456659999999992
[10857, 12683, 10861] - 19.853938999999993
[10857, 12463, 10861] - 18.900331
[33433, 10857, 10861] - 21.104619000000003
[10857, 12795, 10861] - 19.198284000000005
[10857, 34885, 10861] - 18.019976000000003
[10857, 12691, 10861] - 18.914406
[10857, 12827, 10861] - 19.134122
[10857, 12355, 10861] - 18.521744
[10857, 10861, 12831] - 21.808926000000003
[10857, 34893, 10861] - 18.913761000000008
[10857, 10861, 12875] - 19.948741
[10857, 12695, 10861] - 22.261090999999997
[10857, 12703, 10861] - 20.27125200000001
[10857, 12483, 10861] - 23.594451000000007
[10857, 12487, 10861] - 23.223722000000006
[10857, 12895, 10861] - 20.760210999999998
[10857, 10861, 33449] - 22.38849
[12847, 10857] - 22.066000000000006
[12867, 10857] - 22.1901
[10857, 12883] - 24.13500000000001
[10857, 32209] - 30.7129
[10857, 12835] - 22.299300000000002
[10857, 12299] - 18.366299999999995
[10857, 12611] - 18.310299999999998
[10857, 12807] - 23.23780000000001
[33433, 10857, 33429] - 18.770759999999996
[10857, 33429, 33449] - 18.758426999999998
[12823, 10857] - 24.0793
[32201, 10857] - 31.583499999999994
[10857, 35185] - 21.347399999999993
[33433, 10857, 33453] - 17.881196000000003
[10857, 12755] - 21.827499999999993
[10857, 12771] - 19.943900000000006
[12779, 10857, 12763] - 18.796012000000005
[10857, 10299] - 25.672599999999996
[10857, 12479] - 27.299999999999997
[12407, 10857] - 19.850900000000006
[10857, 12683, 12831] - 18.020962
[10857, 12683, 12695] - 18.754208000000002
[10857, 12703, 12683] - 17.920187000000006
[12627, 10857] - 19.342
[10857, 12411] - 18.4238
[12759, 10857] - 30.1613
[10857, 32205] - 33.88980000000001
[10857, 33433, 33449] - 19.355145000000004
[10857, 12795, 12831] - 18.753870999999997
[10857, 34885, 33449] - 19.195023000000003
[10857, 12691, 12831] - 18.367194
[10857, 12691, 12695] - 18.59582
[10857, 12827, 12895] - 18.154363999999998
[10857, 12819] - 19.536600000000007
[10857, 12695, 12831] - 20.56533
[10857, 12431] - 19.538500000000003
[12715, 10857] - 18.3041
[10857, 12703, 12875] - 18.16889
[10857, 12487, 12875] - 20.071962
[10857, 12703, 12695] - 20.524192000000003
[10857, 12487, 12695] - 19.942815999999997
[10857, 12621] - 31.365200000000005
[10857, 12679] - 24.479800000000004
[10857, 12703, 12487] - 22.078628000000002
[10857, 10295] - 25.028200000000005
[10857, 12483, 12487] - 21.986601999999998
[10857, 10311] - 19.917499999999997
[10307, 10857] - 35.62300000000001
[10315, 10857] - 24.103199999999998
[33469, 10857] - 24.3496
[10339, 10303] - 19.0621
[32201, 10339] - 19.9636
[10339, 12571] - 19.567000000000004
[10339, 10331, 10335] - 22.606780999999994
[10315, 10339, 10331] - 28.031910000000003
[10339, 12763] - 20.0174
[10339, 12479] - 17.919800000000002
[12779, 10339] - 19.13859999999999
[12759, 10339] - 20.820099999999996
[10339, 32205] - 25.207699999999996
[10315, 10339, 10335] - 21.068751000000002
[10339, 12875] - 19.7353
[10339, 12695] - 17.997700000000002
[10315, 10339, 32213] - 19.345356999999996
[12703, 10339] - 28.430899999999998
[10315, 10339, 10295] - 21.507538999999998
[10339, 12483, 12487] - 22.546136999999998
[10339, 12483, 10311] - 20.738585
[10315, 10339, 12483] - 33.633309
[10339, 12487, 10311] - 18.861551999999996
[10315, 10339, 12487] - 21.225257
[10315, 10339, 10311] - 27.937707999999997
[10315, 10307, 10339] - 19.544117000000004
[10339, 12895] - 24.7561
[10339, 33449] - 24.085000000000004
[12867, 12907] - 24.146800000000006
[12495, 12907] - 18.663400000000006
[12807, 12907] - 50.50270000000002
[12823, 12819, 12907] - 18.871781000000002
[12815, 12907] - 18.754800000000003
[12907, 12479] - 18.256000000000004
[12907, 12463] - 20.8571
[12907, 12795] - 33.3391
[12907, 12691] - 18.7509
[12907, 12827] - 22.3489
[12907, 12831] - 27.789800000000007
[12907, 12695] - 21.308799999999998
[12907, 10295] - 22.91730000000001
[12907, 12487] - 21.6741
[12907, 10311] - 19.567399999999996
[10307, 12907] - 22.1912
[12907, 12895] - 33.52719999999999
[12527, 10303] - 18.860400000000002
[10291, 12527, 10299] - 18.57162
[12847, 12835, 12527] - 18.559680000000004
[12847, 12527, 12687] - 19.780612
[12527, 12687, 12467] - 20.775538999999995
[12867, 12527, 12831] - 18.430528000000002
[12867, 12527, 12895] - 18.78922
[12527, 12883, 12687] - 18.379443000000002
[12527, 12883, 12683] - 18.21544
[12527, 12827, 12883] - 18.161954
[12527, 32209] - 21.140400000000003
[12527, 12835, 12687] - 21.16770000000001
[12527, 12835, 12831] - 18.033982
[12527, 12495, 12687] - 20.056497
[12527, 12495, 12683] - 20.814391000000004
[12527, 12495, 12463] - 20.686514000000003
[12527, 12495, 12691] - 20.945207999999997
[12527, 12495, 12831] - 18.517292000000005
[12527, 12495, 12695] - 20.712171
[12527, 12495, 12487] - 18.540355999999996
[12527, 12495, 12895] - 18.579114999999998
[12527, 12495, 33449] - 17.908830000000002
[12527, 12667] - 29.567800000000005
[12823, 12527, 12807] - 18.973862
[12527, 12807, 12683] - 18.574217
[12527, 12807, 12691] - 19.293743
[12527, 12807, 12831] - 20.061740999999998
[12527, 12807, 12695] - 18.793295
[12527, 12807, 12895] - 18.090272999999996
[12527, 12683, 33429] - 17.923982000000002
[12527, 12691, 33429] - 18.315042
[12527, 33429, 33449] - 20.430477999999997
[12823, 12527, 12687] - 18.146199999999997
[12823, 12527, 12683] - 21.87687
[12823, 12527, 12463] - 19.366267
[12823, 12527, 12795] - 18.442056
[12823, 12527, 12691] - 22.066069999999996
[12823, 12527, 12827] - 18.915029000000004
[12823, 12527, 12831] - 22.440294
[12823, 12527, 12695] - 20.43825900000001
[12823, 12527, 12895] - 22.664305000000002
[12823, 12527, 33449] - 18.427216999999995
[32201, 12527] - 26.7038
[12527, 12687, 34901] - 17.884424
[12527, 34905, 34901] - 20.549533999999998
[12527, 34901, 34889] - 21.033225999999992
[12527, 12683, 34901] - 18.083940999999996
[33433, 12527, 34901] - 18.870836999999995
[12527, 12691, 34901] - 19.655536
[12527, 34901, 12831] - 18.008801000000005
[12527, 12695, 34901] - 19.531748000000007
[12527, 34901, 33449] - 20.099165999999997
[12527, 35185] - 19.8553
[12527, 33453, 12687] - 18.635258
[12527, 33453, 34905] - 17.94047
[12527, 33453, 12683] - 21.072178
[33433, 12527, 33453] - 23.432563
[12527, 33453, 12691] - 20.357853000000006
[12527, 33453, 12831] - 18.843082000000003
[12527, 33453, 12695] - 18.746948
[12527, 33453, 12895] - 19.322614
[12527, 33453, 33449] - 21.892120000000002
[34897, 12527] - 23.175300000000004
[12527, 12763] - 23.2776
[12815, 12527] - 29.6647
[12527, 34905, 12687] - 19.892090999999997
[12527, 12687, 34889] - 18.697663999999996
[12527, 12691, 12683, 12687] - 19.923849000000004
[12527, 12683, 12687, 12831] - 18.24624177
[12527, 12683, 12695, 12687] - 19.17130459
[12527, 12463, 12687] - 18.393285000000002
[33433, 12527, 12687] - 20.098078000000005
[12527, 12795, 12687] - 22.184890000000003
[12527, 12827, 12687] - 21.369286000000006
[12527, 12687, 12875] - 18.25307400000001
[12527, 12679, 12687] - 21.742043
[12703, 12527, 12687] - 24.954473000000004
[12527, 12483, 12687] - 18.839111999999997
[12527, 12487, 12687] - 18.980872999999995
[12527, 12895, 12687] - 23.940062000000005
[12527, 12687, 33449] - 22.40310699999999
[12527, 10295, 10299] - 20.569875
[10307, 12527, 10299] - 22.878678000000015
[12527, 34905, 34889] - 22.334722999999997
[12527, 12683, 34905] - 19.009963999999997
[33433, 12527, 34905] - 20.303792000000005
[12527, 12795, 34905] - 19.273735
[12527, 12691, 34905] - 19.329927
[12527, 34905, 12831] - 20.754721999999997
[12527, 34905, 12695] - 20.937800999999997
[12527, 34905, 33449] - 22.297114
[12527, 12479] - 27.0129
[12527, 12683, 34889] - 20.314367000000004
[33433, 12527, 34889] - 21.413606
[12527, 12795, 34889] - 18.67385800000001
[12527, 12691, 34889] - 21.442631999999993
[12527, 12831, 34889] - 20.209536
[12527, 12695, 34889] - 21.396667999999995
[33469, 12527, 34889] - 18.661177000000002
[12527, 33449, 34889] - 22.612628000000015
[12527, 12655] - 31.4903
[12527, 12463, 12683] - 21.794490999999997
[33433, 12527, 12683] - 22.593133
[12527, 12795, 12683] - 24.61704300000001
[12527, 12691, 12683, 12831] - 19.109966000000004
[12527, 12691, 12683, 12695] - 20.758932480000002
[12527, 12827, 12683] - 22.77873399999999
[12527, 12683, 12695, 12831] - 18.32069524
[12527, 12683, 12875] - 20.099760999999994
[12527, 12895, 12683, 12695] - 18.114234229999997
[12527, 12683, 12679] - 25.822757
[12703, 12527, 12683] - 24.734863
[12527, 10295, 12683] - 19.397244000000004
[12527, 12487, 12683] - 20.829912000000007
[10307, 12527, 12683] - 18.707225
[33469, 12527, 12683] - 22.840555000000005
[12527, 12683, 33449] - 27.33344
[12627, 12527] - 30.550000000000004
[12779, 12527] - 25.8528
[12527, 12691, 12463] - 21.550306000000003
[12527, 12463, 12831] - 19.975760000000005
[12527, 12463, 12695] - 22.012962
[12527, 12487, 12463] - 19.674118999999997
[12527, 12895, 12463] - 19.132799999999996
[12527, 12463, 33449] - 17.987050000000004
[12759, 12527] - 23.6656
[12527, 32205] - 21.683100000000003
[33433, 12527, 12795] - 19.622864999999994
[33433, 12527, 12691] - 21.82464600000001
[33433, 12527, 12831] - 21.758584999999997
[33433, 12527, 12695] - 20.089600999999995
[33433, 12527, 12679] - 18.325828
[33469, 33433, 12527] - 21.209311
[33433, 12527, 12895] - 19.549767000000003
[33433, 12527, 33449] - 23.13942600000001
[12527, 12691, 12795] - 23.984104
[12527, 12827, 12795] - 19.239069000000004
[12527, 12795, 12831] - 28.33613300000001
[12527, 12795, 12695] - 24.07287000000001
[12527, 12795, 12679] - 21.383087999999997
[12703, 12527, 12795] - 19.834025
[12527, 12483, 12795] - 18.467098000000007
[12527, 12487, 12795] - 18.819010999999996
[12527, 12795, 12895] - 23.516796999999997
[12527, 12795, 33449] - 22.481615000000005
[34885, 12527] - 23.215600000000002
[12527, 12827, 12691] - 20.23805
[12527, 12691, 12695, 12831] - 18.4844499
[12527, 12691, 12875] - 19.546564000000007
[12527, 12691, 12679] - 21.694232
[12703, 12527, 12691] - 23.927995999999993
[12527, 10295, 12691] - 17.885517
[12527, 12483, 12691] - 18.186081999999995
[12527, 12691, 12487] - 20.024437
[33469, 12527, 12691] - 22.484886999999997
[12527, 12691, 12895] - 26.251512999999996
[12527, 12691, 33449] - 24.984843999999992
[12527, 12827, 12831] - 21.656070999999994
[12527, 12827, 12875] - 18.202272000000004
[12527, 12827, 12695] - 21.048862000000007
[12527, 12827, 12679] - 19.71433
[12703, 12527, 12827] - 19.903486
[12527, 12827, 12487] - 18.777585999999996
[12527, 12827, 12895] - 26.673226000000003
[12527, 12827, 33449] - 18.141492
[12527, 12355] - 22.977199999999996
[12527, 12819, 10295] - 19.841265999999997
[10307, 12527, 12819] - 19.390945999999996
[12527, 12875, 12831] - 19.194924
[12527, 12679, 12831] - 21.598074
[12703, 12527, 12831] - 20.1531
[12527, 12483, 12831] - 18.581954
[12527, 12487, 12831] - 20.103042000000002
[12527, 12895, 12831] - 27.248315999999996
[12527, 33449, 12831] - 24.212909999999994
[12527, 34893] - 21.0346
[12527, 12695, 12875] - 19.645971
[12703, 12527, 12875] - 18.565779
[12527, 12487, 12875] - 17.932105
[12527, 12895, 12875] - 20.87007999999999
[12527, 12695, 12679] - 22.848276
[12703, 12527, 12695] - 25.40086899999999
[12527, 10295, 12695] - 23.123805
[12527, 12483, 12695] - 19.966282000000007
[12527, 12487, 12695] - 22.463407999999994
[10307, 12527, 12695] - 22.312171
[33469, 12527, 12695] - 21.147160999999993
[12527, 12695, 33449] - 28.270687999999996
[32213, 12527] - 20.8957
[12703, 12527, 12679] - 19.989082
[12527, 12895, 12679] - 24.648805000000003
[12527, 12679, 33449] - 19.743307
[12527, 12663] - 23.837899999999998
[12527, 12703, 12483] - 19.186297999999997
[12527, 12703, 12487] - 20.674031000000006
[12527, 12703, 12895] - 22.197085
[12527, 12703, 33449] - 19.906939000000005
[12527, 10295, 10311] - 18.09974400000001
[10307, 12527, 10295] - 30.023749999999993
[10315, 12527, 10295] - 19.283408999999995
[12527, 10295, 12895] - 20.68751
[12527, 10295, 33449] - 18.765692999999995
[12527, 12483, 12487] - 22.984377
[12527, 12483, 12895] - 18.099005000000002
[12527, 12483, 33449] - 18.270172
[12527, 12487, 12895] - 22.381019000000006
[12527, 12487, 33449] - 20.233773999999997
[10315, 10307, 12527] - 18.620483
[10307, 12527, 12895] - 19.184236
[10307, 12527, 33449] - 18.817745
[33469, 12527, 12895] - 20.55724
[33469, 12527, 33449] - 27.975129
[12527, 12895, 33449] - 25.213372
[20807, 18619] - 19.165299999999995
[12847, 18619] - 22.880899999999997
[12835, 18619] - 22.561
[18619, 12687] - 21.469499999999996
[18787, 18619] - 22.339599999999997
[12683, 18619] - 18.6869
[12411, 18619] - 19.543799999999997
[18863, 18619] - 20.445899999999995
[12783, 18619] - 19.765899999999995
[12827, 18619] - 21.029899999999994
[12355, 18619] - 22.0473
[18619, 12831] - 20.9405
[18619, 12875] - 21.141199999999998
[18619, 12621] - 18.5448
[18619, 12679] - 18.799400000000002
[12663, 18619] - 20.169400000000003
[12703, 18619] - 20.679199999999998
[12483, 18619] - 21.882799999999992
[12487, 18619] - 23.6231
[18619, 10311] - 17.953999999999994
[10307, 18619] - 18.6612
[12895, 18619] - 20.914799999999996
[10315, 18691] - 18.974
[10861, 10303, 12743] - 18.657758
[12763, 10303, 12743] - 19.892539999999997
[12779, 10303, 12743] - 19.014029999999998
[10291, 10303] - 25.924199999999992
[32201, 32209, 10303] - 25.273112000000005
[10307, 32209, 10303] - 20.233745999999993
[10303, 12611] - 31.697699999999994
[32201, 32205, 10303] - 21.973431999999995
[10307, 32201, 10303] - 21.150948999999997
[12755, 10303] - 32.5138
[12771, 10303] - 29.7679
[12571, 10303] - 18.523799999999994
[10331, 10303] - 18.244500000000002
[12779, 12763, 10303] - 18.343220000000002
[12759, 12763, 10303] - 19.186742000000002
[12815, 10303] - 20.184499999999996
[10295, 10299, 10303] - 20.176994
[10307, 10299, 10303] - 24.01631500000001
[10303, 12479] - 29.410499999999995
[12683, 10303] - 23.842799999999993
[10307, 10303, 32205] - 18.025848
[12691, 10303] - 23.1854
[12827, 10303] - 20.161699999999996
[12819, 10303] - 20.938200000000005
[10303, 12831] - 22.3856
[12715, 10303] - 21.416000000000004
[12695, 10303] - 30.00569999999999
[12621, 10303] - 27.892699999999994
[32213, 10303] - 30.99759999999999
[12679, 10303] - 23.550400000000007
[12703, 10303] - 26.6493
[10295, 10311, 10303] - 19.792442
[10307, 10295, 10303] - 30.190137
[12483, 10303] - 30.125699999999995
[12487, 10303] - 32.7727
[10307, 10311, 10303] - 20.932088000000004
[10315, 10307, 10303] - 19.967989000000006
[33469, 10303] - 19.3642
[12895, 10303] - 32.372299999999996
[10303, 33449] - 25.3464
[12763, 10861, 12743] - 20.77348599999999
[12747, 12743] - 25.6335
[32209, 12743] - 32.357199999999985
[12611, 12743] - 24.973000000000003
[32201, 12743] - 30.384699999999995
[12763, 12755, 12743] - 20.153257999999997
[12763, 12771, 12743] - 20.726632000000006
[12759, 12779, 12763, 12743] - 18.800653120000003
[12715, 12763, 12743] - 18.391525999999995
[10307, 12763, 12743] - 18.098443999999997
[12895, 12763, 12743] - 20.359811999999998
[10299, 12743] - 23.352
[12479, 12743] - 24.0948
[12683, 12743] - 19.3648
[12627, 12743] - 22.308999999999994
[32205, 12743] - 29.30729999999999
[12691, 12743] - 19.549999999999997
[12827, 12743] - 20.115
[12831, 12743] - 21.1044
[12695, 12743] - 24.139699999999994
[12621, 12743] - 28.6656
[12679, 12743] - 20.7064
[12663, 12743] - 18.0469
[10295, 12743] - 32.166999999999994
[12483, 12743] - 28.255599999999994
[12487, 12743] - 20.131500000000003
[10311, 12743] - 25.4293
[10315, 12743] - 34.84270000000001
[33449, 12743] - 24.492000000000004
[12551, 12547, 12555] - 20.707121
[12559, 12547, 12555] - 18.476293999999996
[12547, 12567] - 26.817799999999995
[12355, 12547] - 20.867300000000007
[10877, 12547] - 20.181900000000006
[12847, 10861] - 22.771999999999995
[12867, 10861] - 20.902400000000004
[12883, 10861] - 22.7755
[32209, 10861] - 32.08599999999999
[12835, 10861] - 20.579800000000002
[12299, 10861] - 18.6006
[10861, 12611] - 19.344699999999996
[12807, 10861] - 22.848999999999997
[33433, 10861, 33429] - 18.239065999999994
[10861, 33429, 33449] - 18.07212099999999
[12823, 10861] - 25.428400000000003
[32201, 10861] - 32.432599999999994
[35185, 10861] - 19.543600000000005
[33433, 33453, 10861] - 19.61421499999999
[33453, 10861, 33449] - 18.014998000000006
[12755, 10861] - 24.002299999999998
[12771, 10861] - 19.164300000000004
[34897, 10861, 33449] - 18.192211000000004
[12779, 12763, 10861] - 18.424318000000003
[12683, 10861, 12687] - 19.750597999999997
[12691, 10861, 12687] - 19.142963
[12695, 10861, 12687] - 18.428766000000003
[12679, 10861, 12687] - 18.165625999999996
[12703, 10861, 12687] - 18.62479
[10299, 10861] - 23.543299999999995
[34905, 10861, 34889] - 19.126197999999995
[10861, 12479] - 26.314999999999998
[12407, 10861] - 18.198
[12691, 12683, 10861] - 19.208366000000005
[12683, 12695, 10861] - 20.49001
[12703, 12683, 10861] - 20.457186999999998
[12487, 12683, 10861] - 18.927847
[12895, 12683, 10861] - 18.980965
[12411, 10861] - 18.030599999999993
[12483, 12463, 10861] - 17.928259999999998
[12487, 12463, 10861] - 18.46783
[12759, 10861] - 31.2304
[10861, 32205] - 29.200799999999997
[33433, 10861, 33449] - 20.874513
[12795, 10861, 12831] - 19.057869
[12795, 12895, 10861] - 18.352531
[12827, 12691, 10861] - 18.169418000000004
[12691, 12695, 10861] - 20.253233999999996
[12703, 12691, 10861] - 20.538310000000006
[12691, 12487, 10861] - 17.90459
[12703, 12827, 10861] - 19.54012599999999
[12827, 12895, 10861] - 18.993454000000003
[12819, 10861] - 20.0119
[12695, 10861, 12831] - 18.393498
[12895, 10861, 12831] - 18.060206000000008
[12431, 10861] - 18.791099999999997
[12487, 10861, 12875] - 19.770134999999993
[12703, 12695, 10861] - 23.743147999999998
[12483, 12695, 10861] - 20.102915000000003
[12487, 12695, 10861] - 21.043098
[12695, 10861, 33449] - 18.859456
[10861, 12621] - 22.269700000000004
[12703, 10861, 12679] - 18.434751999999996
[12703, 12483, 10861] - 18.920213999999998
[12703, 12487, 10861] - 23.040545000000005
[12703, 12895, 10861] - 21.130383000000005
[10295, 10861] - 30.541900000000005
[12483, 12487, 10861] - 23.374364999999994
[12487, 12895, 10861] - 19.295778999999992
[10311, 10861] - 24.517200000000006
[10307, 10861] - 33.444700000000005
[10315, 10861] - 27.549900000000004
[33469, 10861, 33449] - 18.142962000000008
[12895, 10861, 33449] - 18.480119999999996
[10291, 12467] - 22.345499999999998
[10291, 12835] - 21.7792
[10291, 12667] - 26.075699999999998
[32201, 10291] - 19.1996
[10291, 33453] - 21.475199999999997
[10291, 12763] - 25.0556
[12815, 10291] - 22.230500000000003
[10291, 10299, 12687] - 18.012183999999998
[10307, 10291, 10295, 10299] - 18.679664080000006
[10291, 34905] - 20.139999999999997
[10291, 12479] - 19.088500000000003
[10291, 34889] - 19.7423
[10307, 10291, 12683] - 18.14044
[12627, 10291] - 23.014899999999997
[12779, 10291] - 25.193100000000005
[12759, 10291] - 20.659999999999997
[10291, 32205] - 20.6668
[33433, 10291] - 26.147799999999997
[10291, 12795] - 25.970799999999997
[10291, 12691] - 32.63600000000001
[10291, 12827] - 30.271400000000007
[10291, 12819] - 25.621899999999997
[10291, 12831] - 40.7099
[10291, 10295, 12695] - 26.138186999999995
[10307, 10291, 12695] - 21.532896999999995
[10291, 12679] - 35.82260000000001
[10291, 12663] - 39.15070000000001
[10291, 12703] - 24.585
[10291, 10295, 10311] - 18.927526000000007
[10291, 10295, 12895] - 21.165924999999998
[10291, 12483] - 21.8968
[10291, 12487] - 24.348999999999997
[10315, 10291] - 35.72440000000001
[33469, 10291] - 34.927399999999984
[10291, 33449] - 41.52289999999999
[18863, 20807] - 39.378499999999995
[12847, 12467] - 28.5511
[12847, 12835, 12883] - 18.078558000000005
[12847, 12883, 12687] - 18.26551
[12847, 12827, 12883] - 18.105254
[12847, 12835, 12687] - 23.353195999999997
[12847, 12835, 12683] - 18.199840000000005
[12847, 12835, 12827] - 19.545906000000002
[12847, 12835, 12831] - 18.996897999999998
[12847, 12835, 12679] - 21.285424000000003
[12847, 12703, 12835] - 18.118297000000002
[12847, 12835, 12895] - 20.668532
[12847, 12495] - 21.5426
[12847, 12675] - 19.484700000000007
[12847, 12667] - 30.103500000000004
[12847, 33429] - 18.1206
[12847, 12823] - 27.879800000000003
[12847, 34901] - 20.235
[12847, 35185] - 20.456200000000003
[12847, 33453] - 20.9311
[12847, 34897] - 18.475099999999998
[12847, 12683, 12687] - 19.397371999999997
[12847, 12691, 12687] - 20.228645
[12847, 12827, 12687] - 18.645415999999997
[12847, 12687, 12831] - 19.227579000000006
[12847, 12679, 12687] - 19.437714000000003
[12847, 12895, 12687] - 18.321952999999993
[12847, 34905] - 21.2023
[12847, 34889] - 19.885099999999998
[12847, 12691, 12683] - 18.258269
[12847, 12827, 12683] - 18.793239000000007
[12847, 12683, 12831] - 18.242975
[12847, 12683, 12695] - 19.041572
[12847, 12683, 12679] - 19.292544000000003
[12847, 12703, 12683] - 18.225781
[12847, 12895, 12683] - 17.944895999999996
[12847, 12411] - 18.6553
[12847, 12463] - 24.584199999999992
[12847, 33433] - 20.961499999999997
[12847, 12827, 12795] - 18.030696
[12847, 12795, 12831] - 18.078936000000002
[12847, 12795, 12895] - 18.701627
[12847, 34885] - 19.5294
[12847, 12783] - 19.6455
[12847, 12691, 12695] - 18.46619
[12847, 12827, 12831] - 19.915956
[12847, 12827, 12875] - 20.35689600000001
[12847, 12827, 12679] - 19.274029999999996
[12847, 12703, 12827] - 18.790715
[12847, 12483, 12827] - 18.553117
[12847, 12827, 12895] - 21.321161999999998
[12847, 12355] - 27.259900000000002
[12847, 12875, 12831] - 18.326835
[12847, 12679, 12831] - 19.661931
[12847, 12483, 12831] - 18.340649999999997
[12847, 12895, 12831] - 19.844506999999997
[12847, 12431] - 21.662899999999993
[12847, 34893] - 19.6521
[12847, 12895, 12875] - 18.530910000000002
[12847, 12703, 12695] - 18.408071
[12847, 12703, 12679] - 19.322056000000003
[12847, 12895, 12679] - 20.477347999999996
[12847, 12663] - 47.34760000000001
[12847, 12703, 12895] - 18.90594200000001
[12847, 10295] - 20.555900000000005
[12847, 12487] - 27.5769
[12847, 10307] - 19.660500000000003
[12847, 33449] - 26.89999999999999
[12555, 12567] - 35.5399
[12355, 12555] - 23.910400000000003
[12483, 12555] - 19.1014
[12867, 12467] - 24.871
[12883, 12467] - 31.183799999999998
[12835, 12467] - 32.87409999999999
[12495, 12463, 12467] - 22.589686999999998
[12495, 12487, 12467] - 19.020682999999995
[12667, 12467] - 25.419600000000003
[12807, 12467] - 33.203500000000005
[33429, 12467] - 24.228800000000003
[12823, 12467] - 27.4054
[34901, 12467] - 23.055199999999996
[35185, 12467] - 21.173900000000003
[33453, 12467] - 24.17309999999999
[34897, 12467] - 25.799700000000005
[12691, 12467, 12687] - 19.170722
[12695, 12467, 12687] - 18.233379
[12703, 12467, 12687] - 18.252986
[10299, 12467] - 20.9088
[34905, 12467] - 25.283500000000007
[12467, 12479] - 27.4706
[12467, 34889] - 23.91679999999999
[12407, 12467] - 19.560699999999997
[12467, 12655] - 21.905700000000007
[12683, 12467, 12831] - 17.981984
[12683, 12695, 12467] - 19.293217000000002
[12683, 12679, 12467] - 18.961568999999997
[12703, 12683, 12467] - 18.2726
[12487, 12463, 12467] - 19.53404
[33433, 12467] - 23.954299999999993
[12795, 12467] - 22.689600000000002
[34885, 12467] - 23.9111
[12827, 12895, 12467] - 18.678196
[12355, 12467] - 21.344599999999996
[34893, 12467] - 26.815999999999995
[12467, 12875] - 24.466299999999997
[12695, 12679, 12467] - 17.962124
[12703, 12695, 12467] - 18.144513
[12663, 12467] - 39.1683
[12703, 12487, 12467] - 20.435954999999996
[10295, 12467] - 18.514499999999998
[12483, 12487, 12467] - 25.295563999999988
[10307, 12467] - 21.7133
[10315, 12467] - 20.034299999999998
[33469, 12467] - 20.640400000000003
[12467, 33449] - 31.019699999999993
[12867, 12835, 12827] - 18.985784000000002
[12867, 12835, 12831] - 18.307916
[12867, 12835, 12895] - 18.547181
[12867, 12495] - 27.2772
[12823, 12867, 12807] - 24.061727000000005
[12867, 12807, 12683] - 19.938386
[12867, 12807, 12795] - 23.041966999999996
[12867, 12807, 12691] - 17.951024
[12867, 12807, 12827] - 18.025416000000003
[12867, 12807, 12831] - 23.651228
[12867, 12807, 12875] - 18.510099000000004
[12867, 12807, 12695] - 17.974421
[12867, 12807, 12895] - 22.557845999999994
[12867, 33429] - 20.521999999999995
[12867, 12823, 12683] - 19.956402
[12867, 12823, 12795] - 21.446276
[12867, 12823, 12827] - 18.592534
[12867, 12823, 12831] - 24.516398000000006
[12867, 12823, 12895] - 24.06519399999999
[12867, 34901] - 23.8999
[12867, 35185] - 19.8627
[12867, 33453] - 25.344299999999993
[34897, 12867] - 21.930400000000006
[12867, 12683, 12687] - 18.254688
[12867, 12691, 12687] - 18.510016
[12867, 12687, 12831] - 18.813476
[12867, 34905] - 23.233499999999996
[12867, 34889] - 21.2327
[12867, 12463, 12683] - 17.995083000000005
[12867, 12691, 12683] - 19.27516
[12867, 12827, 12683] - 19.387902999999998
[12867, 12683, 12831] - 22.483052999999998
[12867, 12683, 12875] - 18.849379000000003
[12867, 12683, 12695] - 20.320646999999997
[12867, 12895, 12683] - 22.305623999999995
[12867, 12411] - 18.197499999999994
[12867, 12691, 12463] - 18.508834
[12867, 12463, 12831] - 20.594789999999996
[12867, 12895, 12463] - 19.830782000000006
[33433, 12867] - 22.1479
[12867, 12827, 12795] - 19.557972000000007
[12867, 12795, 12831] - 26.198144000000003
[12867, 12795, 12875] - 19.931392
[12867, 12795, 12895] - 26.838054999999997
[12867, 34885] - 21.5822
[12867, 12691, 12831] - 20.960553000000004
[12867, 12691, 12695] - 19.078356
[12867, 12691, 12895] - 19.959650999999997
[12867, 12827, 12831] - 22.908636
[12867, 12827, 12875] - 20.545487
[12867, 12827, 12695] - 18.20597
[12867, 12827, 12679] - 18.174207999999997
[12867, 12703, 12827] - 18.076548
[12867, 12827, 12895] - 24.773533999999998
[12867, 12355] - 21.0287
[12867, 12819] - 25.94290000000001
[12867, 12875, 12831] - 20.788085999999996
[12867, 12695, 12831] - 20.392685000000004
[12867, 12487, 12831] - 18.244750999999997
[12867, 12895, 12831] - 28.71452399999999
[12867, 33449, 12831] - 18.780026
[12867, 34893] - 18.4388
[12867, 12487, 12875] - 17.909888999999993
[12867, 12895, 12875] - 25.026231
[12867, 12703, 12695] - 18.455256000000002
[12867, 12895, 12695] - 20.278322
[12867, 10295] - 18.563399999999998
[12867, 12483, 12487] - 18.077004
[10307, 12867] - 18.6523
[33469, 12867] - 21.956899999999997
[12867, 12895, 33449] - 18.845653000000006
[12727, 12747] - 19.5982
[12727, 12711] - 31.206899999999997
[12727, 12755, 12723] - 18.766127000000004
[12727, 12771] - 32.13470000000001
[12727, 12779] - 19.2612
[12759, 12727] - 21.702599999999993
[12727, 12751] - 20.544599999999996
[12715, 12727, 12723] - 28.934446000000005
[12727, 12621] - 21.471600000000002
[12727, 10295] - 23.303800000000003
[12727, 10307] - 19.38050000000001
[10315, 12727] - 20.730099999999997
[12727, 12895] - 26.517400000000016
[12575, 12551] - 20.093899999999998
[12571, 34893, 12575] - 25.886757999999997
[12571, 12575, 12875] - 22.03402399999999
[32213, 12571, 12487, 12575] - 18.83597672000001
[12703, 12571, 12487, 12575] - 19.030082319999998
[12703, 12571, 12575, 10311] - 18.14214562
[12483, 12571, 12575] - 25.111556
[12575, 12479] - 23.4311
[12575, 32205] - 21.5047
[12575, 12567] - 18.3824
[12355, 12575] - 19.4259
[34893, 12575, 12875] - 21.460998999999994
[12703, 32213, 34893, 12575] - 18.64656837
[32213, 34893, 12487, 12575] - 18.15411127
[12483, 34893, 12575] - 21.271532
[34893, 12575, 10311] - 24.445898999999994
[32213, 12575, 12875] - 23.303482999999996
[12703, 12487, 12575, 12875] - 18.86986579
[12575, 12487, 10311, 12875] - 17.964242949999996
[12575, 12695] - 22.736799999999995
[32213, 12703, 12487, 12575] - 23.589250360000005
[32213, 12703, 12575, 10311] - 23.428117710000002
[32213, 12483, 12575] - 24.545237
[32213, 12575, 12487, 10311] - 21.399550759999997
[12703, 12483, 12575] - 25.10322800000001
[12703, 12575, 12487, 10311] - 25.138615610000013
[10295, 12575] - 21.299
[12483, 12487, 12575] - 28.225890000000007
[12483, 12575, 10311] - 25.201823000000005
[10315, 12575, 10311] - 18.916031999999998
[10307, 12575] - 27.186100000000003
[12575, 12895] - 19.975200000000005
[12407, 48667, 48675] - 18.585639999999998
[47945, 48667] - 20.5978
[48667, 47957] - 20.850100000000005
[48667, 35185] - 33.54209999999999
[12495, 12883] - 21.532499999999995
[12883, 12675] - 50.28749999999998
[12299, 12883] - 19.1523
[12883, 33429] - 19.490199999999994
[12823, 12883] - 29.062700000000007
[12883, 34901] - 20.625400000000003
[12883, 35185] - 26.856999999999996
[33453, 12883] - 19.737
[34897, 12883] - 19.749599999999997
[12703, 12883, 12687] - 18.21449
[12883, 34905] - 21.7297
[12883, 34889] - 20.1956
[12407, 12883] - 19.5146
[12883, 12463] - 20.631999999999998
[33433, 12883] - 20.636799999999994
[12883, 12795, 12895] - 18.265291
[34885, 12883] - 20.555399999999995
[12691, 12883] - 25.312400000000004
[12659, 12883] - 24.7001
[12827, 12883, 12875] - 17.912717999999998
[12827, 12883, 12895] - 19.277763
[12355, 12883] - 31.4271
[12883, 12831] - 28.153100000000002
[12883, 12431] - 22.2491
[34893, 12883] - 21.375599999999995
[12883, 12895, 12875] - 18.009346999999998
[12883, 12695] - 24.451700000000002
[12883, 12679] - 27.669200000000004
[12703, 12487, 12883] - 18.039344999999994
[12483, 12883] - 28.503099999999996
[12883, 33449] - 23.6777
[12747, 12611] - 27.9887
[12747, 12771, 12755] - 19.972176
[12747, 12751, 12755] - 21.721505
[12603, 12747] - 28.209099999999996
[12747, 12763] - 25.0628
[12779, 12747] - 30.947699999999998
[12759, 12747] - 34.4464
[12747, 12751, 12783] - 17.958614000000008
[12715, 12747] - 26.280099999999994
[12747, 12723] - 23.992299999999997
[12747, 12621] - 55.4124
[12747, 10295] - 21.7864
[12747, 10311] - 18.7162
[10307, 12747] - 25.9754
[10315, 12747] - 20.5282
[12747, 12895] - 19.081300000000006
[32209, 12667] - 20.42929999999999
[32209, 12611] - 26.8401
[32201, 12763, 32209] - 19.601780999999995
[12779, 32201, 32209] - 18.168897
[12759, 32201, 32209] - 18.219557
[32201, 32213, 32209, 32205] - 19.65684522999999
[32201, 10295, 32209] - 21.847637
[10307, 32201, 32209] - 27.63909299999999
[10315, 32201, 32209] - 26.497235999999994
[32201, 12895, 32209] - 20.481724000000003
[33453, 32209] - 21.189600000000002
[32209, 12755] - 26.122699999999995
[12771, 32209] - 24.615299999999994
[32209, 10331] - 22.341299999999997
[12763, 32209, 32205] - 17.970164
[12815, 32209] - 22.304700000000008
[32209, 12687] - 21.451400000000003
[10307, 32209, 10299] - 18.637604
[34905, 32209] - 17.9156
[32209, 12479] - 26.3694
[32209, 34889] - 20.392100000000003
[32209, 12655] - 22.531899999999997
[12683, 32209] - 21.3634
[12627, 32209] - 22.846799999999995
[32209, 12695, 32205] - 20.059243999999996
[10295, 32209, 32205] - 24.929618
[12483, 32209, 32205] - 18.180066
[32209, 10311, 32205] - 18.712154000000005
[10307, 32209, 32205] - 27.910764
[10315, 32209, 32205] - 27.880109000000008
[12895, 32209, 32205] - 19.917782000000003
[33433, 32209] - 24.860900000000004
[12795, 32209] - 19.293
[34885, 32209] - 22.839299999999994
[12691, 32209] - 30.477000000000004
[12827, 32209] - 26.805800000000012
[12819, 32209] - 28.503099999999993
[32209, 10335] - 20.2339
[32209, 12831] - 27.49430000000001
[34893, 32209] - 18.162200000000002
[12715, 32209] - 21.4298
[32209, 12621] - 30.284199999999995
[10315, 32213, 32209] - 20.18966600000001
[32209, 12679] - 21.816600000000005
[12663, 32209] - 18.187600000000003
[12703, 32209] - 33.36759999999999
[10307, 10295, 32209] - 27.534592000000004
[10315, 10295, 32209] - 21.901040999999992
[12487, 32209] - 32.7312
[10307, 32209, 10311] - 21.36585299999999
[10315, 32209, 10311] - 20.256191
[10315, 10307, 32209] - 23.651120000000002
[33469, 32209] - 36.182399999999994
[32209, 33449] - 39.72849999999999
[47945, 47953, 47949] - 27.349916000000004
[47953, 47949, 47957] - 32.531175
[12559, 47949] - 17.9951
[12763, 12711] - 18.2146
[12779, 12711] - 18.607400000000002
[12759, 12711] - 18.7147
[12715, 12711, 12723] - 18.427199
[12487, 12711] - 20.8915
[12551, 12567] - 33.77210000000001
[12355, 12551] - 34.9453
[12559, 12551] - 37.30389999999999
[10877, 12551] - 29.588900000000002
[12835, 12495] - 20.490100000000005
[12835, 12299] - 18.389899999999997
[12835, 12663, 12667] - 18.120272999999997
[12835, 33429] - 23.172599999999992
[12823, 12835, 12827] - 18.877077
[12823, 12835, 12831] - 17.924745
[12835, 34901] - 21.7845
[12835, 35185] - 21.1509
[12835, 33453] - 22.2557
[34897, 12835] - 21.413299999999996
[12835, 12683, 12687] - 19.742928000000003
[12835, 12691, 12687] - 20.856773
[12835, 12827, 12687] - 18.873553999999995
[12835, 12687, 12831] - 19.889874
[12835, 12679, 12687] - 19.228973
[12703, 12835, 12687] - 19.085272
[12835, 12895, 12687] - 19.075676999999995
[12835, 10299] - 20.47659999999999
[12835, 34905] - 22.8737
[12835, 34889] - 21.392699999999994
[12835, 12827, 12683] - 19.15412
[12835, 12683, 12831] - 18.70437
[12835, 12683, 12679] - 19.942586
[12835, 12895, 12683] - 18.172890000000002
[12779, 12835] - 18.556800000000003
[12835, 12411] - 18.4978
[12835, 12463] - 22.977400000000003
[33433, 12835] - 24.039
[12835, 12827, 12795] - 19.923086
[12835, 12795, 12831] - 19.059793000000003
[12835, 12795, 12895] - 20.44541
[34885, 12835] - 22.2393
[12703, 12835, 12691] - 18.138132
[12835, 12827, 12831] - 23.319436
[12835, 12827, 12875] - 19.780010000000004
[12835, 12827, 12679] - 20.119585999999995
[12703, 12835, 12827] - 18.423532000000005
[12835, 12827, 12895] - 23.990435
[12835, 12355] - 25.292399999999997
[12835, 12875, 12831] - 19.173432
[12835, 12679, 12831] - 19.960234
[12835, 12483, 12831] - 17.924784999999996
[12835, 12895, 12831] - 20.58019100000001
[12835, 12431] - 21.072699999999994
[12835, 34893] - 20.1752
[12835, 12679, 12875] - 19.458559999999995
[12703, 12835, 12875] - 18.735773
[12835, 12483, 12875] - 18.343462000000006
[12835, 12487, 12875] - 18.383904
[12835, 12895, 12875] - 19.768609999999995
[12835, 12695] - 27.270300000000002
[12703, 12835, 12679] - 19.221550000000004
[12835, 12895, 12679] - 21.426843999999996
[12835, 12703, 12487] - 18.541144999999997
[12835, 12703, 12895] - 18.504787000000004
[12835, 12483, 12487] - 18.537786
[10307, 12835] - 20.457399999999993
[33469, 12835] - 19.341600000000003
[12835, 33449] - 28.833899999999993
[12807, 12495, 12463] - 17.971783
[12495, 33429] - 26.997499999999995
[12823, 12495, 12463] - 19.730963
[32201, 12495] - 17.9979
[12495, 34901] - 27.419500000000006
[12495, 35185] - 19.424699999999998
[33433, 33453, 12495] - 18.847426
[33453, 12495, 12691] - 18.306161999999997
[33453, 12495, 33449] - 20.725119000000007
[34897, 12495] - 25.8927
[12815, 12495] - 23.713000000000005
[12495, 12683, 12687] - 23.152528000000004
[12495, 12463, 12687] - 20.146676000000006
[12495, 12691, 12687] - 22.506162999999994
[12495, 12687, 12831] - 19.34461
[12495, 12695, 12687] - 22.953901999999992
[12703, 12495, 12687] - 18.101869999999998
[12495, 12487, 12687] - 19.526644
[12495, 12895, 12687] - 19.245540000000002
[12495, 12687, 33449] - 18.069808
[12495, 10299] - 21.4986
[12495, 12463, 34905] - 17.925143
[12483, 12495, 12479] - 18.144465
[12495, 12487, 12479] - 20.407965000000004
[12495, 34889] - 25.721700000000002
[12495, 12655] - 25.981999999999992
[12495, 12463, 12683] - 25.16966800000001
[12495, 12795, 12683] - 18.279836999999997
[12495, 12691, 12683, 12695] - 17.996744340000003
[12495, 12827, 12683] - 19.098117000000002
[12495, 12683, 12831] - 21.906894000000005
[12495, 12683, 12679] - 20.113447000000004
[12703, 12495, 12683] - 20.843273
[12483, 12495, 12683] - 17.897676000000004
[12495, 12487, 12683] - 23.19686799999999
[12495, 12895, 12683] - 22.992213
[12495, 12683, 33449] - 21.364784999999998
[12627, 12495] - 25.666800000000006
[12495, 12411] - 18.6731
[33433, 12495, 12463] - 18.611840999999995
[12495, 12795, 12463] - 19.059684999999995
[12495, 12691, 12463] - 24.654197000000007
[12495, 12827, 12463] - 18.463417
[12495, 12463, 12831] - 21.283735000000004
[12495, 12463, 12695] - 24.259723
[12495, 12463, 12679] - 17.959566
[12703, 12495, 12463] - 18.680749999999996
[12483, 12495, 12463] - 25.24464699999999
[12495, 12895, 12463] - 24.278957999999996
[12495, 12463, 33449] - 20.575049
[12495, 32205] - 24.403699999999994
[33433, 12495, 33449] - 21.394201000000002
[12495, 12795, 12831] - 24.058227
[12495, 12795, 12695] - 18.263035000000002
[12495, 12795, 12679] - 18.230655000000002
[12483, 12495, 12795] - 19.062925000000003
[12495, 12487, 12795] - 22.277966000000003
[12495, 12795, 12895] - 19.084621
[34885, 12495, 33449] - 18.514034000000002
[12495, 12691, 12831] - 21.05943999999999
[12495, 12691, 12679] - 18.521811999999997
[12703, 12495, 12691] - 20.724663000000003
[12495, 12691, 12487] - 22.988117999999996
[12495, 12691, 12895] - 21.299958999999994
[12495, 12691, 33449] - 20.819448
[12495, 12827, 12831] - 18.790599
[12495, 12827, 12695] - 19.017001999999998
[12495, 12827, 12679] - 18.508164999999998
[12483, 12495, 12827] - 18.415525
[12495, 12827, 12895] - 27.183042000000007
[12495, 12355] - 23.352499999999992
[12819, 12495] - 25.099100000000004
[12495, 10335] - 23.792800000000003
[12495, 12875, 12831] - 20.383839000000005
[12495, 12695, 12831] - 21.935136999999994
[12495, 12679, 12831] - 21.583649
[12703, 12495, 12831] - 18.377869
[12483, 12495, 12831] - 19.676137000000004
[12495, 12487, 12831] - 24.216379999999997
[12495, 12895, 12831] - 22.539231000000004
[12495, 34893] - 24.7746
[12495, 12695, 12875] - 18.244883000000005
[12495, 12679, 12875] - 18.022651999999997
[12483, 12495, 12875] - 20.410040999999996
[12495, 12487, 12875] - 22.431936
[12495, 12895, 12875] - 20.151174000000005
[12495, 12695, 12679] - 21.865382999999994
[12703, 12495, 12695] - 23.106631
[12483, 12495, 12695] - 19.770556000000006
[12495, 12487, 12695] - 24.540859000000005
[12495, 12895, 12695] - 22.824714000000004
[12495, 12695, 33449] - 21.834431000000002
[32213, 12495] - 21.916499999999996
[12703, 12495, 12679] - 18.605013000000003
[12483, 12495, 12679] - 21.094123000000003
[12495, 12487, 12679] - 20.352505
[12495, 12895, 12679] - 19.577636
[12495, 12679, 33449] - 17.993575
[12495, 12663] - 19.2662
[12703, 12483, 12495] - 18.641348
[12703, 12495, 12487] - 24.034684999999993
[12703, 12495, 12895] - 18.579642
[12495, 10295, 12487] - 18.936472000000002
[12495, 10295, 10311] - 19.488276
[10307, 12495, 10295] - 24.178617999999997
[10315, 12495, 10295] - 19.247025999999995
[12483, 12495, 12487] - 33.26048299999999
[12483, 12495, 12895] - 21.376578000000013
[12483, 12495, 33449] - 18.792503999999994
[12495, 12487, 10311] - 18.895592999999995
[10307, 12495, 12487] - 18.342869999999998
[10315, 12495, 12487] - 18.852524000000003
[12495, 12487, 12895] - 24.379454000000006
[12495, 12487, 33449] - 21.786333000000006
[10307, 12495, 10311] - 19.096438000000003
[10315, 10307, 12495] - 18.125062999999997
[33469, 12495, 33449] - 21.946582
[12495, 12895, 33449] - 21.447579999999995
[47953, 48675] - 18.6564
[47945, 47953, 47957] - 22.684692000000002
[12559, 47953] - 23.4054
[12659, 12675] - 19.626099999999994
[12663, 12675] - 46.2685
[12299, 35185] - 21.070899999999998
[12407, 12299, 12411] - 25.182106
[12407, 12299, 12431] - 23.194393999999996
[12299, 12683] - 18.098199999999995
[12299, 12411, 12431] - 19.771093
[33433, 12299] - 18.513000000000005
[12299, 12695] - 18.0003
[12483, 12299] - 18.0994
[12487, 12299] - 17.994099999999996
[12299, 33449] - 18.698400000000003
[32201, 12667] - 20.2087
[12771, 12667] - 18.970200000000002
[12815, 12667] - 26.839799999999997
[12667, 12687] - 44.36929999999998
[10299, 12667] - 28.14500000000001
[34905, 12667] - 18.8213
[12667, 12479] - 27.727999999999994
[12667, 34889] - 20.1602
[12659, 12667, 12655] - 23.879207
[33469, 12667, 12655] - 20.373917000000002
[12683, 12667] - 31.0771
[12627, 12667] - 35.5942
[12779, 12667] - 28.9712
[12463, 12667] - 19.676999999999996
[12759, 12667] - 22.3947
[12667, 32205] - 19.3047
[12783, 12667] - 18.907999999999994
[12691, 12667] - 27.559699999999996
[33469, 12659, 12667] - 18.298907999999997
[12827, 12663, 12667] - 19.946111000000005
[12827, 12895, 12667] - 21.536487
[12819, 12667] - 18.607100000000003
[12667, 12831] - 29.458000000000006
[34893, 12667] - 18.083500000000004
[12667, 12875] - 23.30999999999999
[12695, 12667] - 30.071400000000008
[12667, 12621] - 18.4155
[32213, 12667] - 19.692600000000006
[12663, 12667, 12679] - 22.442087
[10295, 12663, 12667] - 17.986261999999996
[10307, 12663, 12667] - 26.38731300000001
[12663, 12895, 12667] - 31.572484000000003
[12703, 12667] - 29.3531
[10295, 12667, 10311] - 20.656668999999997
[10307, 10295, 12667] - 24.103198999999993
[10295, 12895, 12667] - 18.468270999999994
[12483, 12667] - 29.56260000000001
[12487, 12667] - 38.0753
[10307, 12667, 10311] - 18.986248000000007
[10307, 12895, 12667] - 19.324174
[10315, 12667] - 38.18059999999999
[12667, 33449] - 32.2051
[32201, 12611] - 27.629299999999997
[12771, 12755, 12611] - 29.90048
[12755, 12621, 12611] - 21.635336000000002
[12603, 12621, 12611] - 32.458424
[12763, 12611] - 33.8784
[10299, 12611] - 20.1077
[12627, 12611] - 30.171
[12779, 12611] - 40.48060000000001
[12759, 12611] - 39.89239999999999
[32205, 12611] - 23.501499999999997
[12783, 12611] - 18.494100000000003
[12827, 12611] - 18.953699999999998
[12751, 12611] - 21.521400000000003
[12831, 12611] - 19.287800000000004
[12715, 12611] - 26.438799999999997
[12723, 12611] - 30.501100000000005
[12695, 12611] - 19.610500000000002
[10307, 12621, 12611] - 20.260483999999998
[10315, 12621, 12611] - 20.156293000000005
[12679, 12611] - 17.9545
[12703, 12611] - 18.7461
[10307, 10295, 12611] - 19.58474700000001
[12483, 12611] - 34.109199999999994
[12487, 12611] - 26.441700000000004
[10311, 12611] - 31.4179
[10315, 10307, 12611] - 18.328951
[33469, 12611] - 20.399199999999997
[12895, 12611] - 35.80459999999999
[33449, 12611] - 22.7661
[12807, 33429] - 26.027099999999994
[12823, 12807, 12683] - 19.586987999999998
[12823, 12807, 12463] - 19.396936000000004
[12823, 12807, 12795] - 25.152112
[12823, 12807, 12691] - 19.881936
[12823, 12807, 12827] - 19.404823000000004
[12823, 12807, 12819] - 18.541401000000004
[12823, 12807, 12831] - 25.878448000000002
[12823, 12807, 12695] - 19.064512999999998
[12823, 12483, 12807] - 18.403024
[12823, 12807, 12487] - 20.824954999999992
[12823, 12807, 12895] - 24.917742000000008
[12823, 12807, 33449] - 18.181059999999995
[12807, 34901] - 24.3292
[12807, 35185] - 18.991000000000003
[33453, 12807] - 24.2056
[34897, 12807] - 22.7692
[12807, 12683, 12687] - 18.776600000000002
[12807, 12691, 12687] - 20.510038999999995
[12807, 12827, 12687] - 18.440954000000005
[12807, 12687, 12831] - 20.114800000000002
[12807, 12695, 12687] - 20.397334999999998
[12807, 12895, 12687] - 18.590271999999995
[12807, 34905] - 25.993000000000002
[12807, 34889] - 22.814700000000002
[12807, 12655] - 19.675199999999997
[12807, 12795, 12683] - 17.940742999999998
[12807, 12691, 12683] - 21.490197
[12807, 12827, 12683] - 19.751680999999998
[12807, 12683, 12831] - 22.522056999999993
[12807, 12683, 12695] - 22.795182
[12807, 12683, 12679] - 17.901725000000003
[12703, 12807, 12683] - 18.376251999999997
[12807, 12895, 12683] - 21.360482
[12807, 12411] - 18.428700000000003
[12807, 12795, 12463] - 19.980403000000006
[12807, 12691, 12463] - 19.81257
[12807, 12463, 12831] - 19.975258999999998
[12807, 12487, 12463] - 20.622640000000004
[12807, 12895, 12463] - 20.239087000000005
[33433, 12807] - 23.712200000000003
[12807, 12691, 12795] - 19.530881000000008
[12807, 12827, 12795] - 19.285184
[12807, 12795, 12831] - 25.50071199999999
[12807, 12795, 12695] - 18.747837999999994
[12807, 12487, 12795] - 18.132036999999993
[12807, 12795, 12895] - 27.141811000000004
[12807, 12795, 33449] - 18.541153000000005
[34885, 12807] - 30.419800000000002
[12807, 12691, 12831] - 22.404776999999992
[12807, 12691, 12695] - 23.899441
[12807, 12691, 12487] - 19.073034000000003
[12807, 12691, 12895] - 19.778137
[12807, 12691, 33449] - 18.167775999999996
[12807, 12827, 12831] - 21.707598
[12807, 12827, 12875] - 18.220141999999996
[12807, 12827, 12695] - 18.591106000000003
[12703, 12807, 12827] - 18.091747000000005
[12807, 12827, 12895] - 22.451025000000005
[12807, 12355] - 19.626099999999997
[12807, 12695, 12831] - 23.207472
[12807, 12679, 12831] - 18.079528
[12703, 12807, 12831] - 19.414605000000005
[12807, 12487, 12831] - 19.475617
[12807, 12895, 12831] - 21.99966299999999
[12807, 33449, 12831] - 19.721934
[12807, 34893] - 23.8288
[12807, 12895, 12875] - 19.690428
[12703, 12807, 12695] - 18.454981999999998
[12807, 12487, 12695] - 19.320375000000002
[12807, 12895, 12695] - 19.152272999999997
[12807, 12695, 33449] - 19.011484999999997
[12807, 12895, 12679] - 18.852178
[12807, 12663] - 23.4632
[12807, 10295] - 26.130999999999993
[12807, 12483, 12487] - 21.383370000000006
[12807, 12487, 12895] - 19.117119999999996
[12807, 10311] - 21.3803
[10307, 12807] - 18.9121
[10315, 12807] - 21.795899999999996
[33469, 12807, 33449] - 20.358333
[12807, 12895, 33449] - 20.431379000000003
[12823, 33429] - 25.797999999999995
[33453, 33429, 34901] - 22.967345999999996
[34897, 33429, 34901] - 19.934872000000006
[34905, 33429, 34901, 34889] - 18.654697220000003
[34905, 33429, 34901, 33449] - 18.512556970000002
[12683, 33429, 34901] - 18.304987000000004
[33433, 33429, 34901, 33449] - 18.04981437
[12795, 33429, 34901] - 17.895377
[34885, 33429, 34901] - 21.76070900000001
[12691, 33429, 34901] - 18.507245
[12695, 33429, 34901] - 17.898673000000002
[33469, 33429, 34901] - 18.883999000000003
[35185, 33429] - 20.6079
[34897, 33453, 33429] - 20.631533000000005
[33453, 33429, 12687] - 18.679981
[33453, 34905, 33429] - 24.153021000000006
[33453, 33429, 34889] - 22.28783200000001
[33453, 12683, 33429] - 21.068764000000005
[33433, 33453, 33429, 33449] - 21.373520619999997
[34885, 33453, 33429] - 20.983854999999995
[33453, 12691, 33429] - 19.179571
[33453, 12695, 33429] - 19.514139999999994
[33453, 12679, 33429] - 18.325003
[33453, 12487, 33429] - 17.938042999999997
[33469, 33453, 33429] - 25.390477000000008
[33453, 12895, 33429] - 20.405040999999994
[34897, 34905, 33429] - 23.175787000000003
[34897, 33429, 34889] - 22.248336999999996
[34897, 12683, 33429] - 18.833573999999995
[33433, 34897, 33429] - 22.640724999999993
[34897, 34885, 33429, 33449] - 24.649252340000004
[34897, 12691, 33429] - 21.907322999999998
[34897, 34893, 33429] - 21.971445000000006
[34897, 12695, 33429] - 23.507559999999994
[34897, 12703, 33429] - 18.787203
[34897, 12483, 33429] - 18.247043000000005
[34897, 12895, 33429] - 22.168075
[12763, 33429] - 19.7097
[12815, 33429] - 19.319599999999994
[34905, 33429, 12687] - 19.093464
[12683, 33429, 12687] - 20.181291999999996
[33433, 33429, 12687] - 19.770458000000005
[12691, 33429, 12687] - 19.963353999999995
[33429, 12687, 12831] - 18.782010000000003
[12695, 33429, 12687] - 21.852038
[12679, 33429, 12687] - 18.416172999999997
[12703, 33429, 12687] - 18.634483999999997
[33429, 12687, 33449] - 23.733728999999993
[34905, 33429, 33449, 34889] - 18.86886894
[12683, 34905, 33429] - 21.948305999999995
[33433, 34905, 33429, 33449] - 18.481314110000003
[12795, 34905, 33429] - 18.853946999999998
[34885, 34905, 33429] - 27.151164999999995
[12691, 34905, 33429] - 22.726500999999992
[34905, 33429, 12831] - 21.455410000000004
[34893, 34905, 33429] - 19.526525999999997
[34905, 12695, 33429] - 20.355831000000002
[33469, 34905, 33429] - 21.97022
[33429, 12479] - 28.053600000000003
[33433, 33429, 34889] - 23.017496
[34885, 33429, 33449, 34889] - 18.37566551
[12691, 33429, 34889] - 19.705913
[33469, 33429, 34889] - 20.102387999999998
[12407, 33429] - 19.0224
[33433, 12683, 33429] - 22.329559000000003
[12795, 12683, 33429] - 19.178197000000004
[34885, 12683, 33429] - 20.504327999999997
[12691, 12683, 33429] - 24.136762999999988
[12683, 33429, 12831] - 21.630322000000007
[12683, 12695, 33429, 33449] - 18.02096114
[12683, 12679, 33429] - 22.108919000000004
[12703, 12683, 33429] - 21.497552000000002
[12487, 12683, 33429] - 17.994189
[33469, 12683, 33429] - 17.970125000000003
[12895, 12683, 33429] - 19.627532
[12627, 34885, 33429] - 18.30361
[12627, 12691, 33429] - 19.548452999999995
[12627, 33429, 33449] - 21.306041
[12411, 33429] - 19.710399999999996
[12463, 33429, 33449] - 18.867017999999995
[12759, 33429] - 19.461600000000004
[33429, 32205, 33449] - 18.011771999999997
[33433, 12795, 33429] - 19.190226
[33433, 34885, 33429, 33449] - 18.198691950000008
[33433, 12691, 33429] - 21.89120699999999
[33433, 33429, 12831] - 18.448959
[33433, 34893, 33429] - 22.134496999999993
[33433, 12695, 33429] - 22.065697
[33433, 12679, 33429] - 19.639413
[33433, 12703, 33429] - 18.905017999999995
[33433, 12487, 33429] - 18.402389000000003
[33469, 33433, 33429, 33449] - 19.325363710000005
[33433, 12895, 33429] - 20.018611
[12691, 12795, 33429] - 20.051545999999995
[12795, 33429, 12831] - 18.360387999999993
[12795, 12695, 33429] - 19.374033
[12795, 12895, 33429] - 18.843465000000002
[12795, 33429, 33449] - 23.709203
[34885, 12691, 33429, 33449] - 19.57871447000001
[34885, 12827, 33429] - 19.092237
[34885, 33429, 12831] - 19.237337000000004
[34885, 34893, 33429] - 28.581811000000013
[34885, 12695, 33429, 33449] - 17.993623780000004
[34885, 12679, 33429] - 20.682492999999994
[12703, 34885, 33429] - 21.071588
[34885, 12483, 33429] - 20.850820000000006
[34885, 12487, 33429] - 19.284971
[33469, 34885, 33429] - 21.236702000000008
[34885, 12895, 33429, 33449] - 19.44014925
[12827, 12691, 33429] - 20.339249
[12691, 33429, 12831] - 19.977805
[12691, 12695, 33429, 33449] - 17.95819696
[12691, 12679, 33429] - 20.523446
[12703, 12691, 33429] - 21.541304999999998
[12483, 12691, 33429] - 19.883265000000005
[12691, 12487, 33429] - 19.291551
[33469, 12691, 33429] - 19.429257999999994
[12691, 12895, 33429] - 24.264042
[12827, 12695, 33429] - 18.97265
[12827, 12679, 33429] - 19.701818999999997
[12827, 12895, 33429] - 24.33490300000001
[12827, 33429, 33449] - 24.829521000000007
[12355, 33429, 33449] - 18.280035
[12819, 33429] - 18.173299999999998
[12695, 33429, 12831] - 20.80689999999999
[12679, 33429, 12831] - 18.234734999999997
[33429, 33449, 12831] - 22.764195
[12431, 33429] - 19.0197
[34893, 12695, 33429] - 17.974552
[12703, 34893, 33429] - 20.483829000000004
[34893, 12487, 33429] - 19.038710000000002
[34893, 33429, 33449] - 28.603955999999993
[12487, 33429, 12875] - 18.117191000000002
[33429, 33449, 12875] - 20.274718
[12695, 12679, 33429] - 22.772004
[12703, 12695, 33429] - 24.679981
[12483, 12695, 33429] - 20.17545900000001
[12487, 12695, 33429] - 20.352643999999998
[33469, 12695, 33429] - 19.769174000000003
[12895, 12695, 33429] - 23.01163900000001
[32213, 33429] - 22.618299999999998
[12703, 33429, 12679] - 19.209458999999995
[12895, 33429, 12679] - 21.26402199999999
[33429, 12679, 33449] - 26.67615199999999
[12663, 33429] - 21.09589999999999
[12703, 12483, 33429] - 20.76900999999999
[12703, 12487, 33429] - 23.581146999999994
[12703, 12895, 33429] - 18.730673000000003
[12703, 33429, 33449] - 26.143949999999993
[10295, 33429, 33449] - 22.719317
[12483, 12487, 33429] - 21.474724000000002
[12483, 12895, 33429] - 18.191582000000004
[12483, 33429, 33449] - 28.42841899999999
[12487, 12895, 33429] - 18.603381999999993
[12487, 33429, 33449] - 25.947844000000003
[10311, 33429] - 31.881900000000005
[10307, 33429] - 29.401400000000002
[10315, 33429, 33449] - 18.583647999999997
[33469, 12895, 33429] - 19.656041
[47945, 48675] - 23.04489999999999
[48675, 47957] - 28.197000000000006
[48675, 35185] - 25.145500000000002
[12339, 48675] - 29.062299999999997
[10877, 48675] - 26.872999999999998
[32201, 12823] - 22.4106
[12823, 34901] - 27.499800000000004
[12823, 35185] - 17.9513
[33433, 12823, 33453] - 18.541636
[34897, 12823] - 20.5914
[12823, 12763] - 21.070600000000002
[12815, 12823] - 28.7591
[12823, 12683, 12687] - 21.509299000000006
[12823, 12795, 12687] - 18.12587
[12823, 12691, 12687] - 21.22443100000001
[12823, 12827, 12687] - 18.416809999999998
[12823, 12687, 12831] - 19.147745999999998
[12823, 12695, 12687] - 20.328594000000002
[12823, 12679, 12687] - 18.343319999999995
[12823, 12487, 12687] - 17.920277999999996
[12823, 12895, 12687] - 18.672178
[12823, 10299] - 29.323900000000002
[12823, 34905] - 31.252200000000006
[12823, 12479] - 24.716000000000005
[12823, 34889] - 30.2161
[12823, 12655] - 36.0203
[12823, 12463, 12683] - 19.362464999999997
[33433, 12823, 12683] - 18.491096999999996
[12823, 12795, 12683] - 18.975889
[12823, 12691, 12683] - 23.776555999999996
[12823, 12827, 12683] - 21.720807000000004
[12823, 12683, 12831] - 25.020848000000004
[12823, 12683, 12875] - 19.769148
[12823, 12683, 12695] - 23.607713999999998
[12823, 12683, 12679] - 22.252792
[12823, 12703, 12683] - 19.051735000000008
[12823, 12487, 12683] - 19.509083999999994
[12823, 12895, 12683] - 24.357328999999993
[12823, 12683, 33449] - 19.406075999999995
[12627, 12823] - 18.7659
[12779, 12823] - 18.365199999999998
[12823, 12795, 12463] - 18.442063000000005
[12823, 12691, 12463] - 21.335392000000002
[12823, 12463, 12831] - 21.39984
[12823, 12463, 12695] - 20.283885
[12823, 12483, 12463] - 19.250192000000002
[12823, 12487, 12463] - 20.90122500000001
[12823, 12895, 12463] - 18.878915999999997
[12823, 32205] - 19.036199999999997
[12823, 33433, 12691] - 18.536606
[12823, 33433, 12831] - 18.098706999999994
[12823, 33433, 12895] - 18.282853999999997
[12823, 33433, 33449] - 19.824404
[12823, 12691, 12795] - 19.265339999999995
[12823, 12819, 12795] - 19.750043
[12823, 12795, 12831] - 32.273906
[12823, 12795, 12695] - 18.775659999999995
[12823, 12483, 12795] - 20.550991000000007
[12823, 12487, 12795] - 19.99326899999999
[12823, 12795, 12895] - 23.143193
[12823, 12795, 33449] - 18.303976999999993
[12823, 34885] - 25.19260000000001
[12823, 12827, 12691] - 19.145681999999997
[12823, 12691, 12831] - 23.784367000000003
[12823, 12691, 12695] - 26.758437999999998
[12823, 12703, 12691] - 19.497831999999995
[12823, 12691, 12487] - 19.183048
[12823, 12691, 12895] - 21.75503400000001
[12823, 12691, 33449] - 18.99739299999999
[12823, 12827, 12831] - 23.388011000000002
[12823, 12827, 12875] - 18.522952999999998
[12823, 12827, 12695] - 19.585397999999998
[12823, 12703, 12827] - 19.071375
[12823, 12827, 12487] - 18.185874000000002
[12823, 12827, 12895] - 26.035261999999992
[12823, 12355] - 21.710199999999997
[12823, 12819, 12831] - 20.817001000000005
[12823, 12695, 12831] - 23.330695999999996
[12823, 12679, 12831] - 18.448296999999997
[12823, 12703, 12831] - 19.301950999999995
[12823, 12483, 12831] - 20.288978
[12823, 12487, 12831] - 21.17901
[12823, 12895, 12831] - 27.108476000000003
[12823, 33449, 12831] - 20.88001600000001
[12823, 34893] - 23.977300000000007
[12823, 12895, 12875] - 20.554263999999996
[12823, 12703, 12695] - 22.421418999999993
[12823, 12483, 12695] - 18.538618
[12823, 12487, 12695] - 19.289995999999995
[12823, 12895, 12695] - 24.045446
[12823, 12695, 33449] - 20.575277
[12823, 12895, 12679] - 19.401259000000003
[12823, 12703, 12487] - 19.844026000000007
[12823, 12703, 12895] - 19.519199
[10307, 12823, 10295] - 23.137175999999993
[12823, 12483, 12487] - 22.311756
[12823, 12487, 12895] - 20.431570999999995
[12823, 10311] - 28.5342
[10315, 12823] - 24.894799999999996
[33469, 12823, 33449] - 18.171661000000004
[12823, 12895, 33449] - 20.471804
[32201, 33453] - 25.807399999999998
[32201, 12755] - 27.3889
[32201, 12771] - 27.326200000000004
[32201, 12571] - 18.155099999999994
[34897, 32201] - 18.5103
[32201, 10331] - 22.6557
[32201, 12763, 32205] - 22.297245
[12815, 32201] - 27.473
[32201, 12687] - 25.82700000000001
[32201, 10299, 32205] - 17.909371999999994
[10307, 32201, 10299] - 23.28084
[32201, 34905] - 20.255900000000004
[32201, 32205, 12479] - 18.807708000000005
[32201, 34889] - 27.468699999999995
[32201, 12655] - 31.745
[32201, 12683] - 28.097499999999997
[12627, 32201, 32205] - 18.667756
[32201, 12779, 32205] - 22.083
[32201, 12463] - 20.5319
[12759, 32201, 32205] - 20.675584999999995
[32201, 34885, 32205] - 18.810807
[32201, 12691, 32205] - 19.223178999999995
[32201, 12827, 32205] - 18.44875
[32201, 32205, 12831] - 18.198122
[32201, 12695, 32205] - 30.331446999999994
[32201, 12703, 32205] - 29.731971999999995
[32201, 10295, 32205] - 34.48529499999999
[32201, 12483, 32205] - 29.55082200000001
[32201, 12487, 32205] - 29.544430000000016
[32201, 10311, 32205] - 30.891969999999993
[10307, 32201, 32205] - 32.21701199999999
[10315, 32201, 32205] - 34.041068
[33469, 32201, 32205] - 26.654756
[32201, 12895, 32205] - 30.006225999999998
[32201, 32205, 33449] - 28.654486999999996
[33433, 32201] - 35.342499999999994
[32201, 12795] - 27.474499999999992
[32201, 12819] - 35.445600000000006
[32201, 10335] - 22.7499
[32201, 34893] - 24.949099999999994
[12715, 32201] - 22.210000000000008
[32201, 12875] - 26.240799999999993
[32201, 32213, 12695] - 25.103437999999997
[32201, 12703, 12695] - 25.568026999999987
[32201, 10295, 12695] - 18.983759000000003
[10307, 32201, 12695] - 18.803197000000004
[10315, 32201, 12695] - 18.607944000000003
[32201, 12621] - 32.89239999999999
[32201, 12703, 32213] - 31.147685999999993
[32201, 32213, 10295] - 29.415537999999994
[32201, 32213, 12483] - 26.236576999999997
[32201, 32213, 12487] - 35.397208000000006
[32201, 32213, 10311] - 32.87901899999999
[10307, 32201, 32213] - 27.016275999999994
[10315, 32201, 32213] - 31.84012099999999
[33469, 32201, 32213] - 18.201358000000003
[32201, 32213, 12895] - 21.374235999999996
[32201, 32213, 33449] - 18.990024999999996
[32201, 12679] - 27.010500000000008
[32201, 12663] - 18.6172
[32201, 12703, 10295] - 18.757396999999994
[32201, 12703, 12487] - 24.435342999999985
[32201, 12703, 10311] - 21.589767999999996
[10315, 32201, 12703] - 19.365763
[32201, 12483, 10295] - 18.385966
[32201, 10295, 12487] - 22.939714
[32201, 10295, 10311] - 27.366628999999993
[10307, 32201, 10295] - 32.96412199999999
[10315, 32201, 10295] - 27.627201000000003
[33469, 32201, 10295] - 18.701963999999997
[32201, 10295, 12895] - 20.370198999999996
[32201, 10295, 33449] - 19.358662999999996
[32201, 12483, 12487] - 27.720981
[32201, 12483, 10311] - 20.89623
[10315, 32201, 12483] - 22.033027999999998
[32201, 12487, 10311] - 26.760173
[10307, 32201, 12487] - 21.722733999999992
[10315, 32201, 12487] - 25.041094
[10307, 32201, 10311] - 28.65526000000001
[10315, 32201, 10311] - 27.477618999999997
[10315, 32201, 10307] - 27.932431
[33469, 32201, 10307] - 20.292879
[32201, 10307, 33449] - 18.77569400000001
[33469, 32201, 33449] - 25.16783
[35185, 34901] - 18.036499999999997
[34897, 33453, 34901] - 21.455942999999994
[33453, 34905, 34901, 34889] - 19.217066140000004
[33433, 33453, 34905, 34901] - 19.521792650000005
[33453, 34905, 34901, 33449] - 18.02236954
[33433, 33453, 34901, 34889] - 21.153180229999997
[33453, 12683, 34901] - 20.038026999999996
[33433, 33453, 34901, 33449] - 18.77621834000001
[34885, 33453, 34901] - 19.943532
[33453, 12691, 34901] - 19.367630000000002
[33453, 12695, 34901] - 19.331105
[33469, 33453, 34901] - 22.167832000000008
[34897, 34905, 34901, 34889] - 21.939359429999993
[34897, 34885, 34905, 34901] - 20.200888499999994
[34897, 34885, 34901, 34889] - 20.69189324
[34897, 12683, 34901] - 18.198852999999996
[33433, 34897, 34901] - 21.406695
[34897, 34893, 34901] - 22.915601999999996
[34897, 34901, 33449] - 23.847216000000003
[34905, 34901, 12687] - 23.965961999999994
[34901, 12687, 34889] - 24.310175000000005
[12683, 34901, 12687] - 19.986088000000006
[33433, 34901, 12687] - 18.922072
[12691, 34901, 12687] - 21.237144
[34901, 12687, 12831] - 18.547670000000004
[12695, 34901, 12687] - 20.159549999999996
[34901, 12687, 33449] - 20.306257000000002
[33433, 34905, 34901, 34889] - 20.602701079999996
[34885, 34905, 34901, 34889] - 23.448936720000006
[12691, 34905, 34901, 34889] - 17.997882859999997
[34905, 34901, 33449, 34889] - 22.652469659999994
[12683, 34905, 34901] - 25.033570000000005
[33433, 34905, 34901, 33449] - 19.91080676
[12795, 34905, 34901] - 22.384560000000004
[12827, 34905, 34901] - 19.450449000000003
[34905, 34901, 12831] - 23.302136
[34893, 34905, 34901] - 26.167244000000004
[34905, 12695, 34901] - 24.716062000000008
[34905, 12679, 34901] - 19.078037999999996
[12703, 34905, 34901] - 18.464374000000003
[12483, 34905, 34901] - 18.81515
[12487, 34905, 34901] - 19.644031000000005
[33469, 34905, 34901] - 23.212110999999993
[12895, 34905, 34901] - 22.403871
[34901, 12479] - 27.389499999999998
[12683, 34901, 34889] - 25.201413000000006
[33469, 33433, 34901, 34889] - 17.95076247
[33433, 34901, 33449, 34889] - 19.448071709999994
[12795, 34901, 34889] - 22.541023999999997
[34901, 12831, 34889] - 22.188426999999997
[34893, 34901, 34889] - 29.899354000000002
[12695, 34901, 34889] - 24.632704999999998
[12679, 34901, 34889] - 18.554336
[12703, 34901, 34889] - 18.606258999999998
[12487, 34901, 34889] - 18.477678
[12895, 34901, 34889] - 21.035209999999996
[12407, 34901] - 19.8552
[33433, 12683, 34901] - 21.940678000000005
[12691, 12683, 34901] - 22.659005
[12683, 34901, 12831] - 20.310072
[12683, 12695, 34901] - 22.955632
[12683, 12679, 34901] - 18.987171
[12703, 12683, 34901] - 19.149801000000004
[12895, 12683, 34901] - 18.131254
[12683, 34901, 33449] - 23.455595999999996
[12411, 34901] - 18.2258
[12463, 34901] - 26.291400000000003
[33433, 34885, 34901] - 21.873642000000007
[33433, 12691, 34901] - 19.065864999999995
[33433, 34901, 12831] - 19.061554999999995
[33433, 34893, 34901] - 18.060772
[33433, 12695, 34901] - 20.799364
[12691, 12795, 34901] - 18.496523999999997
[12795, 34901, 12831] - 18.884948000000005
[12795, 34901, 33449] - 19.417644000000003
[34885, 34893, 34901] - 24.660586
[34885, 34901, 33449] - 23.87583
[12691, 34901, 12831] - 18.555348
[12691, 12695, 34901] - 23.368669999999998
[12691, 34901, 33449] - 21.011689999999998
[12827, 12895, 34901] - 18.09919300000001
[12355, 34901] - 25.655400000000004
[12819, 34901] - 25.8322
[12695, 34901, 12831] - 20.158277000000002
[34901, 33449, 12831] - 20.201976999999992
[34893, 34901, 33449] - 18.807672000000004
[34901, 12875] - 27.328499999999995
[12703, 12695, 34901] - 18.703614
[12695, 34901, 33449] - 23.209430000000005
[12663, 34901] - 19.226699999999997
[10295, 34901] - 23.721699999999995
[12483, 12487, 34901] - 19.046074000000008
[12487, 34901, 33449] - 17.902289000000007
[10307, 34901] - 25.5701
[10315, 34901] - 18.0903
[33469, 34901, 33449] - 24.599939000000003
[12895, 34901, 33449] - 20.002329
[47945, 12559] - 23.873500000000007
[10877, 47945] - 22.073099999999997
[18863, 12621, 47957] - 23.056564999999996
[10307, 18863, 47957] - 22.196457000000002
[12559, 47957] - 29.783200000000004
[10877, 47957] - 36.3588
[10307, 47957, 12621] - 22.63812799999999
[33453, 35185] - 18.436600000000002
[35185, 12687] - 21.299600000000005
[34905, 35185] - 18.5982
[35185, 34889] - 18.2345
[12407, 35185] - 45.75589999999999
[12683, 35185] - 19.7346
[12411, 35185] - 27.9923
[33433, 35185] - 20.5403
[10877, 12339, 35185] - 24.596694000000003
[12795, 35185] - 20.173999999999996
[34885, 35185] - 18.1177
[12691, 35185] - 19.3116
[12827, 35185] - 20.450900000000004
[12355, 35185] - 29.154400000000003
[35185, 12831] - 20.397
[12431, 35185] - 27.4692
[34893, 35185] - 20.664300000000004
[35185, 12875] - 24.52940000000001
[12695, 35185] - 18.155599999999996
[35185, 12679] - 19.2026
[12703, 35185] - 19.0093
[12483, 35185] - 24.214100000000002
[12487, 35185] - 21.3871
[12895, 35185] - 23.155699999999992
[35185, 33449] - 19.919100000000007
[34897, 33453, 12687] - 17.91633100000001
[34897, 33453, 34905] - 23.163317000000003
[34897, 33453, 34889] - 21.810050999999998
[34897, 33453, 12683] - 19.258810999999998
[33433, 34897, 33453] - 24.81215300000001
[34897, 34885, 33453] - 23.266933999999996
[34897, 33453, 12691] - 18.542105
[34897, 33453, 34893] - 18.073164000000002
[34897, 33453, 12695] - 18.034642
[34897, 33453, 33449] - 25.52528100000001
[33453, 10331] - 17.9282
[12815, 33453] - 25.104499999999998
[33453, 34905, 12687] - 18.755334000000005
[33453, 12687, 34889] - 18.544817
[33453, 12683, 12687] - 24.778348
[33433, 33453, 12687] - 22.477385
[33453, 12795, 12687] - 18.999304000000002
[33453, 12691, 12687] - 24.29492799999999
[33453, 12827, 12687] - 18.644005000000007
[33453, 12687, 12831] - 19.381625999999994
[33453, 12695, 12687] - 20.788943
[33453, 12679, 12687] - 19.566911000000008
[12703, 33453, 12687] - 20.577286999999995
[33453, 12895, 12687] - 18.130029000000007
[33453, 12687, 33449] - 24.192304999999998
[33433, 33453, 10299] - 18.864205000000002
[33453, 10295, 10299] - 18.97426400000001
[10307, 33453, 10299] - 21.527551000000003
[33469, 33453, 10299] - 18.718293000000003
[33433, 33453, 34905, 34889] - 20.37453132
[33453, 34905, 33449, 34889] - 18.148920469999997
[33453, 12683, 34905] - 20.71463100000001
[33433, 33453, 34905, 33449] - 19.11825998
[33453, 12795, 34905] - 18.326331000000003
[34885, 33453, 34905] - 20.23766
[33453, 12691, 34905] - 19.937621000000004
[33453, 34905, 12831] - 19.919748
[33453, 34905, 12695] - 20.062456000000008
[33469, 33453, 34905] - 21.067499000000005
[33453, 12895, 34905] - 19.88264
[33453, 12479] - 28.731699999999996
[33453, 12683, 34889] - 20.545422
[33433, 33453, 33449, 34889] - 19.07477364
[34885, 33453, 34889] - 21.697828
[33453, 12691, 34889] - 18.620370999999995
[33453, 12831, 34889] - 17.94763
[33469, 33453, 34889] - 23.501202000000006
[33453, 12895, 34889] - 18.268874
[12407, 33453] - 18.152099999999994
[33453, 12655] - 21.8609
[33433, 33453, 12683, 33449] - 18.87042351
[33453, 12795, 12683] - 19.528387
[33453, 12691, 12683, 33449] - 18.026886830000006
[33453, 12827, 12683] - 21.155853
[33453, 12683, 12831] - 21.837958
[33453, 12683, 12875] - 18.220073
[33453, 12683, 12695, 33449] - 18.073585110000003
[33453, 12683, 12679] - 26.676626999999993
[12703, 33453, 12683, 33449] - 17.927701480000003
[33453, 12487, 12683] - 21.530783999999997
[10307, 33453, 12683] - 18.043092
[33469, 33453, 12683] - 25.32780600000001
[33453, 12895, 12683] - 22.760805999999995
[12627, 33453] - 20.356500000000004
[33453, 12411] - 19.068099999999998
[33433, 33453, 12463] - 19.676488
[33453, 12691, 12463] - 19.12172
[33453, 12463, 33449] - 19.926649000000005
[12759, 33453] - 17.989799999999995
[33453, 32205] - 25.492599999999996
[33433, 33453, 12795] - 25.151811999999996
[33433, 34885, 33453] - 26.704480000000004
[33433, 33453, 12691, 33449] - 18.220528389999995
[33433, 33453, 12827, 12895] - 18.57012738
[33433, 33453, 12827, 33449] - 18.350300410000003
[33433, 33453, 12355] - 19.20025
[33433, 33453, 33449, 12831] - 19.15756066
[33433, 33453, 34893] - 20.907452000000006
[33433, 33453, 12875] - 20.560792999999997
[33433, 33453, 12695, 33449] - 19.37375273
[33433, 33453, 12679] - 25.373939000000004
[33433, 12703, 33453, 33449] - 18.16443353999999
[33433, 33453, 10295] - 29.844932999999997
[33433, 12483, 33453] - 20.760559
[33433, 33453, 12487] - 24.220914999999998
[33433, 33453, 10311] - 19.976491
[10307, 33433, 33453] - 30.270557000000007
[33469, 33433, 33453, 12895] - 18.93886906000001
[33469, 33433, 33453, 33449] - 40.746501620000004
[33433, 33453, 12895, 33449] - 21.36857826
[33453, 12691, 12795] - 18.660998
[33453, 12827, 12795] - 19.473444000000008
[33453, 12795, 12831] - 22.69585
[33453, 12795, 12695] - 17.943889
[12703, 33453, 12795] - 17.917618000000004
[33469, 33453, 12795] - 21.551181999999997
[33453, 12795, 12895] - 20.528259
[33453, 12795, 33449] - 25.10126700000001
[34885, 33453, 34893] - 19.601342000000006
[34885, 33453, 12695] - 18.96219
[33469, 34885, 33453] - 19.28104
[34885, 33453, 12895] - 17.945144999999997
[34885, 33453, 33449] - 25.452315000000006
[33453, 12827, 12691] - 19.752083999999996
[33453, 12691, 12831] - 20.933626000000004
[33453, 12691, 12695, 33449] - 18.07665961
[33453, 12691, 12679] - 19.740564999999997
[12703, 33453, 12691] - 23.244106000000002
[33453, 12691, 12487] - 18.440916999999995
[33469, 33453, 12691] - 22.968345
[33453, 12691, 12895] - 22.212377999999998
[33453, 12827, 12831] - 23.14597699999999
[33453, 12827, 12695] - 19.668857000000006
[33453, 12827, 12679] - 20.072289
[12703, 33453, 12827] - 21.46337399999999
[12483, 33453, 12827] - 18.419165999999993
[33469, 33453, 12827] - 23.991845999999995
[33453, 12827, 12895, 33449] - 18.566122750000012
[33453, 12819] - 33.58140000000001
[33453, 12695, 12831] - 20.949186000000008
[33453, 12679, 12831] - 19.296644999999998
[12703, 33453, 12831] - 18.847535999999998
[33469, 33453, 12831] - 23.334971999999993
[33453, 12895, 12831] - 24.095396
[33453, 12431] - 17.957600000000003
[33453, 34893, 33449] - 19.508543999999997
[12703, 33453, 12875] - 18.544534
[33453, 12895, 12875] - 18.580707
[33453, 33449, 12875] - 22.092254
[33453, 12695, 12679] - 21.536341000000007
[12703, 33453, 12695] - 27.378749999999997
[33453, 12487, 12695] - 20.388380999999995
[33469, 33453, 12695] - 24.149575999999993
[33453, 12895, 12695] - 23.641616
[32213, 33453] - 22.166300000000003
[12703, 33453, 12679] - 20.366624
[33469, 33453, 12679] - 20.951182999999993
[33453, 12895, 12679] - 20.55695300000001
[33453, 12679, 33449] - 25.568534999999997
[33453, 12663] - 19.3968
[12703, 12483, 33453] - 18.773476000000002
[12703, 33453, 12487] - 24.220230999999995
[33469, 12703, 33453] - 24.755311000000006
[12703, 33453, 12895] - 23.268676999999997
[33453, 10295, 10311] - 19.511522
[10307, 33453, 10295] - 28.789561000000003
[33469, 33453, 10295] - 25.128119999999996
[33453, 10295, 12895] - 18.1292
[33453, 10295, 33449] - 22.761006000000013
[33453, 12483, 12487] - 19.645386000000002
[33453, 12483, 33449] - 21.057776999999994
[33469, 33453, 12487] - 20.258637999999998
[33453, 12487, 12895] - 20.637885
[33453, 12487, 33449] - 26.180577
[10307, 33453, 10311] - 18.651906999999998
[33469, 33453, 10311] - 20.165473
[33469, 10307, 33453] - 28.882291000000006
[10307, 33453, 12895] - 19.108974
[10307, 33453, 33449] - 23.917886
[10315, 33453] - 32.63549999999999
[33469, 33453, 12895, 33449] - 19.166357140000002
[12603, 12755] - 26.302799999999994
[12763, 12771, 12755] - 19.712249
[12779, 12771, 12755] - 21.81750899999999
[12759, 12771, 12755] - 20.831708
[10307, 12771, 12755] - 18.312641
[12779, 12763, 12755] - 19.838071999999993
[12759, 12763, 12755] - 19.518421999999994
[10299, 12755] - 22.815499999999997
[12755, 12479] - 22.182399999999998
[12759, 12779, 12755] - 19.545490999999995
[12755, 32205] - 26.9643
[12795, 12755] - 20.237199999999998
[12783, 12755] - 23.091299999999993
[12691, 12755] - 18.221400000000003
[12827, 12755] - 21.1864
[12819, 12755] - 18.585800000000003
[12755, 12831] - 27.621999999999996
[12715, 12755] - 30.228899999999996
[12695, 12755] - 28.860699999999987
[12703, 12755] - 25.455099999999998
[10307, 10295, 12755] - 21.897170000000003
[12483, 12755] - 27.667400000000004
[12487, 12755] - 27.752900000000004
[12755, 10311] - 28.680299999999995
[10315, 12755] - 43.52979999999999
[33469, 12755] - 24.116600000000002
[12895, 12755] - 38.77469999999999
[12755, 33449] - 28.427699999999994
[12603, 12771] - 24.098900000000004
[12627, 12603] - 29.032100000000003
[12759, 12603] - 29.9756
[12603, 12783] - 31.8855
[12603, 12751] - 35.60909999999999
[12603, 12723] - 18.6312
[12603, 12703] - 18.280400000000004
[12603, 10295] - 20.470800000000004
[12603, 12483] - 27.0782
[12603, 12487] - 23.788
[12603, 10311] - 23.4868
[10307, 12603] - 33.75749999999999
[10315, 12603] - 30.6571
[12779, 12763, 12771] - 19.084218000000003
[12759, 12763, 12771] - 19.299984999999996
[12771, 12687] - 22.2571
[10299, 12771] - 18.475899999999996
[12771, 12479] - 18.265
[12627, 12771] - 21.394099999999998
[12759, 12779, 12771] - 21.141377999999996
[12759, 10307, 12771] - 18.252087000000003
[12771, 32205] - 27.191300000000002
[12771, 12783] - 22.5803
[12691, 12771] - 21.5562
[12827, 12771] - 25.564600000000002
[12751, 12771] - 35.2326
[12771, 12831] - 30.573000000000004
[12715, 12771] - 45.142800000000015
[12771, 12723] - 45.5412
[12771, 12695] - 28.862700000000004
[12771, 12621] - 35.7781
[12771, 12679] - 18.067899999999998
[12703, 12771] - 25.806700000000006
[10307, 10295, 12771] - 21.461311
[12483, 12771] - 43.482000000000006
[12487, 12771] - 30.826599999999996
[12771, 10311] - 35.7272
[10315, 12771] - 47.767100000000006
[33469, 12771] - 20.3567
[12895, 12771] - 41.99820000000001
[12771, 33449] - 26.103500000000004
[12571, 12479] - 21.987300000000005
[32213, 12571, 32205] - 21.969881999999995
[12571, 12487, 32205] - 18.462986
[32213, 12571, 34893, 12875] - 19.044973329999994
[12703, 12571, 34893, 12875] - 18.857413410000007
[12571, 34893, 12487, 12875] - 19.992334599999992
[12703, 32213, 12571, 34893] - 23.649817179999992
[32213, 12571, 34893, 12487] - 25.111293409999995
[32213, 12571, 34893, 10311] - 19.175566139999994
[12703, 12571, 34893, 12487] - 24.29277310999999
[12703, 12571, 34893, 10311] - 18.563829279999993
[12483, 12571, 34893] - 22.352270999999988
[12571, 34893, 12487, 10311] - 19.649124279999995
[12703, 32213, 12571, 12875] - 24.582857490000006
[32213, 12571, 12487, 12875] - 25.50567994
[32213, 12571, 10311, 12875] - 18.19557619
[12703, 12571, 12487, 12875] - 31.280862149999983
[12703, 12571, 10311, 12875] - 23.34065639
[12483, 12571, 12875] - 20.210176000000004
[12571, 12487, 10311, 12875] - 24.886694340000002
[12703, 12571, 12695] - 18.393701
[32213, 12703, 12571, 12487, 10311] - 18.67240305039999
[32213, 12571, 12483, 12487] - 18.281822239999997
[10315, 32213, 12571] - 26.883484000000003
[12571, 12679] - 20.761300000000002
[12703, 12571, 12483, 12487] - 20.148020630000005
[10315, 12703, 12571, 12487] - 18.043299400000002
[12571, 10295] - 28.475200000000005
[12571, 12483, 12487, 10311] - 19.347815009999998
[10315, 12571, 12483] - 18.650982000000003
[10315, 12571, 12487, 10311] - 17.948710479999995
[10307, 12571] - 31.6343
[12571, 12895] - 22.184800000000003
[34897, 34905, 12687] - 19.228449000000005
[34897, 12687, 34889] - 18.347907
[34897, 12683, 12687] - 18.769356999999996
[34897, 34885, 12687] - 20.684689
[34897, 12691, 12687] - 19.880222999999997
[34897, 12687, 12831] - 18.317700000000002
[34897, 12695, 12687] - 20.360626999999997
[34897, 12703, 12687] - 18.213583
[34897, 12687, 33449] - 20.610433
[34897, 34885, 34905, 34889] - 23.133289680000004
[34897, 34905, 33449, 34889] - 18.351080420000002
[34897, 12683, 34905] - 21.026552000000002
[33433, 34897, 34905] - 21.872047
[34897, 34885, 34905, 33449] - 18.25442897
[34897, 12691, 34905] - 21.90322399999999
[34897, 12827, 34905] - 18.661730999999996
[34897, 34893, 34905] - 24.49117100000001
[34897, 34905, 12695] - 20.379292000000003
[34897, 34905, 12679] - 18.345104000000006
[34897, 12703, 34905] - 17.919193000000003
[34897, 12483, 34905] - 18.74884699999999
[34897, 12487, 34905] - 18.582112
[33469, 34897, 34905] - 18.823157
[34897, 12895, 34905] - 22.201709
[34897, 12479] - 24.306399999999996
[34897, 12683, 34889] - 18.784244000000005
[33433, 34897, 34889] - 21.440832999999998
[34897, 34885, 33449, 34889] - 18.441712719999995
[34897, 12691, 34889] - 21.209113000000006
[34897, 34893, 34889] - 26.330931999999997
[34897, 12695, 34889] - 19.950165000000002
[33469, 34897, 34889] - 18.328929
[34897, 12895, 34889] - 19.654643999999998
[12407, 34897] - 18.3343
[33433, 34897, 12683] - 18.679894999999995
[34897, 34885, 12683] - 21.994807
[34897, 12691, 12683] - 22.013471999999993
[34897, 12827, 12683] - 18.182273
[34897, 12683, 12831] - 19.554588
[34897, 34893, 12683] - 18.581184
[34897, 12683, 12695] - 22.317781
[34897, 12683, 12679] - 19.275426
[34897, 12703, 12683] - 22.132817999999993
[34897, 12895, 12683] - 19.678349999999995
[34897, 12683, 33449] - 23.368561999999997
[12627, 34897] - 26.876299999999997
[34897, 34885, 12463] - 18.894398000000002
[34897, 34885, 32205] - 18.555991999999993
[34897, 33433, 34885, 33449] - 18.08380645
[34897, 33433, 34893] - 19.779624
[34897, 33433, 12695] - 19.673502000000006
[34897, 33433, 12895] - 19.697228
[34897, 34885, 12795] - 19.591274
[34897, 34885, 12691, 33449] - 18.125008920000006
[34897, 34885, 12827] - 23.997166
[34897, 34885, 12831] - 21.570473000000007
[34897, 34885, 34893, 33449] - 18.406101990000007
[34897, 34885, 12875] - 22.005300000000002
[34897, 34885, 12695, 33449] - 20.774095080000002
[34897, 34885, 12679] - 23.694203
[34897, 12703, 34885] - 27.352485000000005
[34897, 34885, 10295] - 23.436291
[34897, 34885, 12483] - 26.584986999999995
[34897, 34885, 12487] - 25.482347
[33469, 34897, 34885] - 21.079275
[34897, 34885, 12895] - 37.24383600000001
[34897, 12827, 12691] - 19.236855
[34897, 12691, 12831] - 18.415083999999993
[34897, 34893, 12691] - 19.049575999999995
[34897, 12691, 12695] - 23.397124999999996
[34897, 12691, 12679] - 18.243045
[34897, 12703, 12691] - 20.626119999999997
[34897, 12483, 12691] - 19.462259
[34897, 12691, 12895] - 21.59896099999999
[34897, 12827, 12831] - 17.954869999999996
[34897, 12827, 12695] - 19.355052999999998
[34897, 12703, 12827] - 18.324692000000002
[34897, 12483, 12827] - 18.448273999999998
[34897, 12827, 12895] - 25.384333
[34897, 12827, 33449] - 20.723016999999995
[34897, 12355] - 21.553899999999995
[34897, 12695, 12831] - 19.666083999999998
[34897, 12895, 12831] - 17.919916999999995
[34897, 33449, 12831] - 21.594470000000005
[34897, 34893, 12875] - 23.21983300000001
[34897, 34893, 12695] - 23.914559999999998
[34897, 34893, 12679] - 18.587663999999997
[34897, 12703, 34893, 12487] - 17.941459209999994
[34897, 12483, 34893] - 28.706756
[34897, 34893, 12895] - 21.044531999999993
[34897, 12695, 12875] - 17.891598000000002
[34897, 12703, 12875] - 20.067801999999997
[34897, 12483, 12875] - 20.709163999999998
[34897, 12487, 12875] - 22.086424000000004
[34897, 12895, 12875] - 21.034152
[34897, 33449, 12875] - 18.999973999999998
[34897, 12695, 12679] - 19.8936
[34897, 12703, 12695] - 24.869716000000004
[34897, 10295, 12695] - 18.009238
[34897, 12483, 12695] - 21.277181999999993
[34897, 12487, 12695] - 22.180856999999996
[34897, 12895, 12695] - 23.496033000000004
[34897, 32213] - 29.42479999999999
[34897, 12703, 12679] - 19.073445
[34897, 12895, 12679] - 21.07842699999999
[34897, 12679, 33449] - 21.706656
[34897, 12663] - 19.453100000000003
[34897, 12703, 12483] - 23.108881999999998
[34897, 12703, 12895] - 20.565482
[34897, 12703, 33449] - 22.832061999999997
[34897, 12483, 12487] - 27.975081000000007
[34897, 12483, 12895] - 20.36133
[34897, 12483, 33449] - 21.609202000000003
[34897, 12487, 12895] - 18.89335
[34897, 12487, 33449] - 20.46629800000001
[34897, 10311] - 31.219299999999997
[10307, 34897] - 29.848900000000008
[10315, 34897] - 35.4569
[33469, 34897, 33449] - 27.58257699999999
[34897, 12895, 33449] - 28.418598000000003
[12763, 10331] - 22.0666
[12815, 10331] - 25.752999999999997
[10295, 10299, 10331] - 17.894901000000004
[10307, 10299, 10331] - 20.547234
[10331, 12479] - 28.995599999999992
[10331, 34889] - 18.2993
[10331, 12655] - 23.305600000000002
[12683, 10331] - 23.641699999999997
[12779, 10331] - 19.051499999999997
[12759, 10331] - 22.650100000000002
[10331, 32205] - 30.361799999999995
[33433, 10331] - 21.560700000000008
[12795, 10331] - 19.315299999999993
[34885, 10331] - 18.869100000000003
[12691, 10331] - 23.231499999999993
[12827, 10331] - 29.389100000000003
[12819, 10331] - 23.311899999999998
[10295, 10331, 10335] - 27.284356000000002
[12483, 10331, 10335] - 22.979205999999994
[10331, 10311, 10335] - 20.92806
[10307, 10331, 10335] - 25.275495
[10315, 10331, 10335] - 50.37602000000003
[10331, 12831] - 28.0274
[12715, 10331] - 19.5435
[10331, 12723] - 18.015400000000003
[10331, 12875] - 24.146400000000007
[12695, 10331] - 36.76059999999998
[32213, 10331] - 37.3057
[10331, 12679] - 29.322299999999995
[10315, 12703, 10331] - 20.571763999999998
[10295, 10331, 10311] - 26.155652999999997
[10307, 10295, 10331] - 33.200759999999995
[10315, 10295, 10331] - 34.394083
[10295, 12895, 10331] - 18.272525999999996
[12483, 10331, 10311] - 18.333517000000004
[10315, 12483, 10331] - 31.272603000000004
[10315, 12487, 10331] - 19.043115999999998
[10307, 10331, 10311] - 20.408518
[10315, 10331, 10311] - 32.148729
[10315, 10307, 10331] - 28.474765999999992
[10315, 12895, 10331] - 23.992776000000003
[10315, 10331, 33449] - 21.211127
[33469, 10331, 33449] - 24.615263000000002
[12815, 12763] - 27.66410000000001
[12763, 12687] - 23.3406
[10307, 12763, 10299] - 20.351035999999997
[12763, 34905] - 21.1547
[12763, 12479] - 26.75680000000001
[12763, 34889] - 18.2758
[12763, 12655] - 22.455799999999996
[12763, 12683] - 31.281999999999996
[12627, 12763] - 35.103699999999996
[12779, 10295, 12763] - 19.121293999999995
[10307, 12779, 12763] - 20.165308
[12779, 12895, 12763] - 18.793212000000004
[12759, 10295, 12763] - 18.643530000000005
[12759, 10307, 12763] - 20.644083000000006
[12759, 10315, 12763] - 20.609227999999995
[12759, 12895, 12763] - 20.208807
[33433, 12763] - 20.970799999999993
[12795, 12763] - 23.7767
[34885, 12763] - 25.990699999999993
[12691, 12763] - 43.19789999999999
[12827, 12895, 12763] - 19.006904000000002
[12819, 12763] - 30.028799999999997
[12763, 10335] - 22.297900000000006
[12763, 12831] - 37.609300000000005
[12763, 12723] - 23.6998
[12763, 12695] - 42.42319999999999
[12763, 12621] - 34.1312
[32213, 12763] - 29.116200000000003
[12763, 12679] - 40.82040000000001
[12663, 12763] - 22.512999999999995
[12703, 12763] - 30.512600000000003
[10307, 10295, 12763] - 29.648124999999986
[10315, 10295, 12763] - 20.112661
[10295, 12895, 12763] - 19.124420999999998
[12483, 12763] - 36.22069999999998
[12487, 12763] - 36.462399999999995
[12763, 10311] - 37.8819
[10315, 10307, 12763] - 22.081039999999998
[10307, 12895, 12763] - 19.824949
[33469, 12763] - 29.992699999999992
[12763, 33449] - 47.26080000000001
[12815, 12687] - 29.930700000000005
[12815, 12827, 10299] - 18.938035999999993
[12815, 10307, 10295, 10299] - 20.892661029999996
[12815, 10295, 12895, 10299] - 19.0029529
[12815, 10299, 10311] - 20.242420999999993
[12815, 10307, 12895, 10299] - 20.046683099999996
[10315, 12815, 10299] - 17.975175
[12815, 34905] - 19.3212
[12815, 12895, 12479] - 21.820556999999997
[12815, 34889] - 24.212500000000002
[12815, 12655] - 29.398499999999995
[12815, 12795, 12683] - 18.243421
[12815, 12827, 12683] - 18.708776999999998
[12815, 12683, 12695] - 21.323072000000003
[12815, 12683, 12679] - 24.021856999999994
[12815, 12703, 12683] - 18.851837
[12815, 10295, 12683] - 22.043628000000005
[12815, 12683, 10311] - 17.974718
[12815, 10307, 12683] - 23.045699
[12815, 12895, 12683] - 29.17649999999999
[12627, 12815] - 26.882100000000005
[12815, 12779] - 21.2718
[12815, 12463] - 25.740599999999993
[12759, 12815, 12895] - 18.337484000000007
[12815, 12895, 32205] - 18.708631000000004
[33469, 12815, 33433] - 20.851328999999993
[12815, 33433, 12895] - 20.696616999999996
[12815, 33433, 33449] - 18.813292999999998
[12815, 12827, 12795] - 19.435527
[12815, 12819, 12795] - 23.751637
[12815, 12795, 12895, 12831] - 19.79389267
[12815, 12795, 12695] - 19.192900000000005
[12815, 10295, 12795] - 24.621793
[12815, 10307, 12795] - 27.659890000000004
[12815, 12795, 33449] - 19.123787999999998
[12815, 34885] - 23.0058
[12815, 12691, 12695] - 18.140123
[12815, 12691, 12895] - 20.971161000000013
[12815, 12827, 12831] - 21.883346000000003
[12815, 12827, 12695] - 21.844886000000002
[12815, 12827, 12679] - 22.760610999999997
[12815, 12827, 12663] - 18.029364
[12815, 12703, 12827, 12895] - 19.21745280999999
[12815, 10307, 12827, 10295] - 21.184009290000006
[12815, 12827, 10295, 12895] - 24.476991209999998
[12815, 12827, 12487] - 20.392348000000002
[12815, 12827, 12895, 10311] - 20.34807861
[12815, 10307, 12827, 12895] - 26.350583380000003
[10315, 12815, 12827] - 23.63943499999999
[33469, 12815, 12827] - 22.727766
[12815, 12827, 33449] - 22.708844999999997
[12815, 12819, 12831] - 18.405050999999997
[12815, 12819, 12895] - 31.046568000000004
[12815, 10335] - 24.4498
[12815, 10295, 12831] - 21.548367
[12815, 10307, 12831] - 24.565987
[12715, 12815] - 21.841399999999997
[12815, 12723] - 25.267799999999998
[12815, 12895, 12875] - 24.176142000000002
[12815, 12703, 12895, 12695] - 19.77524365
[12815, 10307, 10295, 12695] - 19.144659710000003
[12815, 10295, 12895, 12695] - 18.41307541
[12815, 12695, 10311] - 22.338854999999995
[12815, 12695, 33449] - 19.380692999999997
[12815, 12621] - 24.725800000000003
[12815, 32213] - 29.263200000000005
[12815, 12703, 12679] - 20.84844
[12815, 10295, 12679] - 21.936739
[12815, 10307, 12679] - 24.147689999999997
[12815, 12895, 12679] - 34.21561899999999
[12815, 12663, 12895] - 26.353241000000004
[12815, 12703, 10295] - 24.01041500000001
[12815, 12703, 10311] - 23.652473
[12815, 10307, 12703] - 23.994237
[12815, 10295, 12487] - 19.048717000000003
[12815, 10307, 10295, 10311] - 23.17449752
[12815, 10295, 12895, 10311] - 26.88677243
[12815, 10307, 10295, 12895] - 35.477740360000006
[12815, 10315, 10295, 12895] - 20.249166719999995
[33469, 12815, 10295] - 18.770818
[12815, 10295, 33449] - 20.039892000000005
[12815, 12483, 12487] - 18.459687
[12815, 12483, 12895] - 21.70954299999999
[12815, 12487, 12895] - 27.30200099999999
[12815, 10307, 12895, 10311] - 24.09015642
[10315, 12815, 10311] - 26.004182999999998
[10315, 12815, 10307] - 26.313199999999995
[33469, 12815, 10307] - 21.622594000000003
[12815, 10307, 33449] - 20.142769999999995
[12815, 33469, 12895, 33449] - 18.57164484
[12691, 10299, 12687] - 18.848129000000004
[10307, 10299, 12687] - 21.531124
[34905, 12687, 34889] - 26.706507
[12683, 34905, 12687] - 23.252522000000003
[33433, 34905, 12687] - 20.006034
[12795, 34905, 12687] - 20.693326999999993
[34885, 34905, 12687] - 19.958707
[12691, 34905, 12687] - 25.911478
[34905, 12687, 12831] - 22.945158999999997
[34905, 12695, 12687] - 25.67069
[12703, 34905, 12687] - 19.981511000000005
[12483, 34905, 12687] - 19.117049
[12487, 34905, 12687] - 18.628078
[34905, 12687, 33449] - 24.726931000000004
[12687, 12479] - 39.744899999999994
[12683, 12687, 34889] - 22.427903999999998
[33433, 12687, 34889] - 19.994988
[12795, 12687, 34889] - 18.255018000000003
[34885, 12687, 34889] - 18.612966999999998
[12691, 12687, 34889] - 24.648375000000005
[12687, 12831, 34889] - 20.123094999999996
[12695, 12687, 34889] - 22.608345000000007
[12703, 12687, 34889] - 18.153090999999996
[12483, 12687, 34889] - 18.623963000000003
[12687, 33449, 34889] - 21.999111000000003
[12687, 12655] - 27.626
[12463, 12683, 12687] - 22.49306
[33433, 12683, 12687] - 24.99477500000001
[12795, 12683, 12687] - 26.135254000000003
[34885, 12683, 12687] - 18.135189
[12691, 12683, 12687, 12831] - 20.48927233
[12691, 12683, 12695, 12687] - 31.116154819999995
[12691, 12683, 12679, 12687] - 23.098024059999993
[12703, 12691, 12683, 12687] - 23.09184229000001
[12691, 12895, 12683, 12687] - 19.827397279999996
[12691, 12683, 12687, 33449] - 18.915265899999994
[12827, 12683, 12687] - 26.556005999999996
[12355, 12683, 12687] - 17.95613
[12683, 12695, 12687, 12831] - 19.290137370000004
[12683, 12687, 12875] - 22.016584
[12683, 12695, 12679, 12687] - 20.73656389
[12703, 12683, 12695, 12687] - 23.105222699999988
[12895, 12683, 12695, 12687] - 19.726111229999987
[12683, 12695, 12687, 33449] - 18.93557641
[12703, 12683, 12679, 12687] - 19.748669600000003
[12703, 12487, 12683, 12687] - 18.46868817
[10295, 12683, 12687] - 18.676315999999996
[12483, 12683, 12687] - 20.918112
[10307, 12683, 12687] - 20.373171999999997
[33469, 12683, 12687] - 23.016446999999996
[12627, 12687] - 34.43700000000001
[12779, 12687] - 37.20659999999999
[12411, 12687] - 21.4723
[12691, 12463, 12687] - 23.242248000000014
[12463, 12687, 12831] - 18.619376000000003
[12463, 12695, 12687] - 22.009581
[12703, 12463, 12687] - 19.616428000000003
[12487, 12463, 12687] - 20.132201999999996
[12759, 12687] - 27.023500000000002
[32205, 12687] - 26.490299999999998
[33433, 12795, 12687] - 20.756150999999996
[33433, 12691, 12687] - 23.671161999999995
[33433, 12827, 12687] - 19.070745
[33433, 12687, 12831] - 19.522217999999995
[33433, 12695, 12687] - 23.584476999999996
[33433, 12679, 12687] - 19.652317999999998
[33433, 12703, 12687] - 20.464589999999994
[33469, 33433, 12687] - 21.331061000000005
[33433, 12687, 33449] - 26.121837999999993
[12691, 12795, 12687] - 26.497628000000013
[12827, 12795, 12687] - 22.925573000000004
[12795, 12687, 12831] - 27.276504
[12795, 12687, 12875] - 19.235345
[12795, 12695, 12687] - 24.948655000000002
[12795, 12679, 12687] - 20.018582
[12703, 12795, 12687] - 24.178513999999993
[12483, 12795, 12687] - 19.904335000000003
[12487, 12795, 12687] - 19.654446000000004
[12795, 12895, 12687] - 23.03627999999999
[12795, 12687, 33449] - 22.542041999999995
[34885, 12691, 12687] - 19.172827999999996
[34885, 12687, 12831] - 18.557499
[34885, 12695, 12687] - 20.936743
[12703, 34885, 12687] - 18.831975999999997
[34885, 12487, 12687] - 18.236461
[34885, 12687, 33449] - 22.065909000000005
[12783, 12687] - 23.71809999999999
[12827, 12691, 12687] - 26.222024999999988
[12691, 12695, 12687, 12831] - 18.875368839999997
[12691, 12687, 12875] - 20.785767
[12691, 12695, 12679, 12687] - 18.893356039999986
[12703, 12691, 12695, 12687] - 24.31368756
[12691, 12895, 12695, 12687] - 18.25040062
[12691, 12695, 12687, 33449] - 19.52099457
[10295, 12691, 12687] - 20.926496
[12483, 12691, 12687] - 22.378194999999995
[12691, 12487, 12687] - 24.087696000000005
[10307, 12691, 12687] - 24.505771999999997
[33469, 12691, 12687] - 23.714351999999998
[12827, 12687, 12831] - 28.355089999999993
[12827, 12687, 12875] - 19.915137
[12827, 12695, 12687] - 24.33482200000001
[12827, 12679, 12687] - 24.888272000000004
[12703, 12827, 12687] - 27.544895999999998
[12483, 12827, 12687] - 26.786586
[12827, 12487, 12687] - 21.719979000000002
[12827, 12895, 12687] - 27.747618000000003
[12827, 12687, 33449] - 22.563254000000004
[12819, 12687] - 36.682400000000015
[12687, 10335] - 17.953400000000002
[12687, 12875, 12831] - 21.008503000000005
[12679, 12687, 12831] - 25.37363400000001
[12703, 12687, 12831] - 24.35739
[12483, 12687, 12831] - 27.107584999999997
[12487, 12687, 12831] - 24.119881999999997
[12895, 12687, 12831] - 26.641774000000005
[12687, 33449, 12831] - 26.130003000000006
[12431, 12687] - 20.2191
[34893, 12687, 12875] - 19.373783000000003
[12703, 34893, 12687] - 21.694474000000003
[12483, 34893, 12687] - 19.067066000000008
[34893, 12487, 12687] - 20.874060000000004
[12695, 12687, 12875] - 20.468601000000003
[12679, 12687, 12875] - 20.121036
[12703, 12487, 12687, 12875] - 18.99948665
[12483, 12687, 12875] - 23.479443
[12895, 12687, 12875] - 20.63309599999999
[12687, 33449, 12875] - 18.0148
[12703, 12487, 12695, 12687] - 18.628130329999998
[10295, 12695, 12687] - 26.574917000000003
[12483, 12695, 12687] - 23.927503999999995
[10307, 12695, 12687] - 24.34284
[10315, 12695, 12687] - 18.769043000000003
[33469, 12695, 12687] - 24.826617999999996
[12621, 12687] - 21.995599999999996
[32213, 12687] - 28.519799999999996
[12483, 12679, 12687] - 19.904869999999995
[12487, 12679, 12687] - 19.661526
[12895, 12679, 12687] - 25.033744
[12679, 12687, 33449] - 21.897549
[12663, 12687] - 50.514900000000004
[12703, 10295, 12687] - 22.623539000000008
[12703, 12483, 12487, 12687] - 18.79453756
[12703, 10311, 12687] - 27.822449999999996
[10307, 12703, 12687] - 18.926063
[12703, 12895, 12687] - 25.374702000000003
[12703, 12687, 33449] - 25.026282999999996
[10295, 10311, 12687] - 21.697106000000005
[10307, 10295, 12687] - 29.524915000000004
[10315, 10295, 12687] - 19.121581
[12483, 10311, 12687] - 21.266866999999998
[10315, 12483, 12687] - 18.838454999999996
[12483, 12895, 12687] - 21.579176
[12483, 12687, 33449] - 23.255294
[12487, 10311, 12687] - 20.936930999999994
[12487, 12895, 12687] - 21.477912000000014
[12487, 12687, 33449] - 21.306811000000003
[10307, 10311, 12687] - 18.946394
[10315, 10311, 12687] - 18.984046
[10315, 10307, 12687] - 18.403124
[33469, 12687, 33449] - 29.803466999999998
[12895, 12687, 33449] - 24.216388
[34905, 10299] - 19.851400000000005
[10295, 10299, 12479] - 22.535542999999997
[12483, 10299, 12479] - 20.499128999999996
[12487, 10299, 12479] - 20.436969999999995
[10299, 10311, 12479] - 19.788739
[10307, 10299, 12479] - 28.808726000000004
[10299, 34889] - 20.484599999999993
[10307, 10299, 12655] - 19.341801
[10299, 12683, 12695] - 19.713727
[10299, 12683, 12679] - 19.517061
[10295, 10299, 12683] - 24.348591000000006
[10307, 10299, 12683] - 30.015153999999995
[12627, 10307, 10299] - 20.247939
[10307, 12779, 10299] - 18.181856
[10307, 10299, 12463] - 18.160831999999992
[12759, 10307, 10299] - 20.137225999999995
[10307, 10299, 32205] - 22.806309
[33433, 10295, 10299] - 25.779306
[10307, 33433, 10299] - 27.644668
[33469, 33433, 10299] - 24.256813
[33433, 10299, 33449] - 19.084924999999995
[12819, 12795, 10299] - 21.992602000000005
[12795, 10299, 12831] - 24.237901999999995
[10307, 10295, 12795, 10299] - 21.876271570000004
[12795, 10299, 10311] - 20.582748999999993
[10299, 12783] - 23.2989
[10295, 12691, 10299] - 23.999562
[10307, 12691, 10299] - 27.082053000000005
[12827, 10299, 12831] - 18.127709
[10307, 12827, 10295, 10299] - 22.260443619999993
[12827, 10295, 12895, 10299] - 20.323222880000003
[12827, 10299, 10311] - 23.032778999999984
[10307, 12827, 12895, 10299] - 22.392227300000002
[10315, 12827, 10299] - 19.547558000000002
[12819, 10299, 12831] - 19.459988
[10307, 12819, 10295, 10299] - 20.20099544
[12819, 10299, 10311] - 18.194828000000005
[10307, 10295, 10299, 10335] - 18.696385590000006
[10299, 10311, 10335] - 19.748906999999996
[10315, 10299, 10335] - 23.888625
[10307, 10295, 10299, 12831] - 22.493924330000006
[10299, 10311, 12831] - 22.858433
[10315, 10299, 12831] - 19.805523000000004
[12895, 10299, 12831] - 18.823619
[12715, 10299] - 20.014
[10299, 12875] - 26.237099999999998
[12703, 10299, 12695] - 24.314171
[10307, 10295, 10299, 12695] - 29.551712679999998
[10299, 12695, 10311] - 23.824431000000004
[10315, 10299, 12695] - 20.266629000000005
[33469, 10299, 12695] - 19.610057
[12895, 10299, 12695] - 23.14758699999999
[10299, 12695, 33449] - 19.553506000000006
[10307, 10299, 12621] - 20.023432000000003
[32213, 10299, 10311] - 18.148252000000003
[10307, 32213, 10299] - 20.55499900000001
[10307, 10295, 10299, 12679] - 17.90982549000001
[10307, 12663, 10299] - 24.328005000000005
[12703, 10295, 10299, 10311] - 18.652598550000008
[10307, 12703, 10295, 10299] - 19.945545260000003
[10307, 12703, 10299, 10311] - 21.08719506
[12483, 10295, 10299] - 21.776120999999996
[10307, 10295, 12487, 10299] - 20.529042299999993
[10315, 10307, 10295, 10299, 10311] - 22.906355985300003
[10295, 12895, 10299, 10311] - 21.729970899999994
[33469, 10307, 10295, 10299] - 21.170141789999995
[10307, 10295, 12895, 10299] - 31.76590508
[10307, 10295, 10299, 33449] - 20.08115399
[12483, 12487, 10299] - 24.104944000000003
[10307, 12483, 10299, 10311] - 18.116413459999997
[10315, 12483, 10299] - 19.478833999999996
[10307, 12487, 10299, 10311] - 20.582737670000004
[10315, 12487, 10299] - 23.194268
[10307, 12895, 10299, 10311] - 22.109166860000002
[33469, 10299, 10311] - 21.196631
[10315, 10307, 12895, 10299] - 19.27179534
[33469, 10307, 10299, 33449] - 18.06825862
[33469, 12895, 10299] - 18.396149000000005
[12895, 10299, 33449] - 17.950884000000002
[34905, 12479] - 24.519100000000005
[12683, 34905, 34889] - 26.683858000000008
[12463, 34905, 34889] - 18.47585
[33433, 34905, 33449, 34889] - 20.985864020000005
[12795, 34905, 34889] - 26.926284
[34885, 34905, 33449, 34889] - 20.904361469999998
[12827, 34905, 34889] - 18.531758000000004
[34905, 12831, 34889] - 25.217592
[34893, 34905, 34889] - 26.858736999999998
[34905, 12695, 34889] - 27.47124400000001
[34905, 12679, 34889] - 21.612159000000002
[12703, 34905, 34889] - 21.060611
[12483, 34905, 34889] - 20.750448
[12487, 34905, 34889] - 21.914239000000002
[33469, 34905, 33449, 34889] - 19.58933262
[12895, 34905, 34889] - 24.407435000000003
[12407, 34905] - 20.3541
[33433, 34905, 12683] - 22.897263
[12795, 34905, 12683] - 19.600736000000005
[34885, 34905, 12683] - 20.413003
[12691, 34905, 12683] - 23.817669999999993
[12827, 34905, 12683] - 18.525199
[34905, 12683, 12831] - 23.324527
[34905, 12683, 12695] - 25.276846
[34905, 12683, 12679] - 22.573956000000006
[12703, 34905, 12683] - 20.308748000000005
[33469, 34905, 12683] - 18.084178999999995
[12895, 34905, 12683] - 19.567525
[34905, 12683, 33449] - 27.62298200000001
[12627, 34905] - 24.310500000000005
[12779, 34905] - 18.7621
[12411, 34905] - 19.489099999999997
[12691, 34905, 12463] - 18.227280999999998
[12759, 34905] - 19.1881
[34905, 32205] - 25.3277
[33433, 12795, 34905] - 18.963524
[33433, 34885, 34905] - 22.040336999999997
[33433, 12691, 34905] - 19.657977999999996
[33433, 12827, 34905] - 18.758153
[33433, 34905, 12831] - 21.188140999999998
[33433, 34893, 34905] - 18.18589
[33433, 34905, 12695] - 21.846842000000006
[33433, 12703, 34905] - 17.956755999999995
[33469, 33433, 34905, 33449] - 18.7622476
[33433, 12895, 34905] - 20.618863
[12691, 12795, 34905] - 22.985445
[12795, 34905, 12831] - 24.948215
[12795, 34905, 12695] - 21.238143
[12795, 12895, 34905] - 19.811638000000002
[12795, 34905, 33449] - 21.926012999999998
[34885, 12691, 34905] - 23.243217000000005
[34885, 34905, 12831] - 19.819485000000004
[34885, 34893, 34905] - 25.385018000000002
[34885, 34905, 12695] - 22.016621000000004
[34885, 34905, 12679] - 18.674968
[34885, 12483, 34905] - 17.958344
[33469, 34885, 34905] - 21.920098000000003
[34885, 12895, 34905] - 22.426466999999995
[12827, 12691, 34905] - 18.685487
[12691, 34905, 12831] - 23.430524999999996
[12691, 34905, 12695] - 27.216306
[12691, 34905, 12679] - 18.404520000000005
[12703, 12691, 34905] - 18.807122
[12691, 12487, 34905] - 18.028703
[33469, 12691, 34905] - 18.415926000000002
[12691, 12895, 34905] - 20.157577000000003
[12691, 34905, 33449] - 27.015111000000005
[12827, 34905, 12831] - 18.318208000000006
[12827, 34905, 12695] - 18.246254999999998
[12827, 12895, 34905] - 21.222644000000006
[12827, 34905, 33449] - 20.873185000000003
[12355, 34905] - 25.6737
[12819, 34905] - 32.973
[34905, 12695, 12831] - 25.644533000000006
[12703, 34905, 12831] - 18.770512
[12487, 34905, 12831] - 18.901481999999998
[12895, 34905, 12831] - 19.594055000000004
[34905, 33449, 12831] - 26.129197999999995
[34905, 12431] - 20.044499999999996
[12483, 34893, 34905] - 18.504617000000007
[34893, 12487, 34905] - 20.108119000000002
[34893, 34905, 33449] - 22.186570999999997
[12487, 34905, 12875] - 18.299491999999997
[34905, 33449, 12875] - 19.05826100000001
[34905, 12695, 12679] - 19.200664000000003
[12703, 34905, 12695] - 20.62809
[12483, 34905, 12695] - 20.16
[12487, 34905, 12695] - 19.562888
[33469, 34905, 12695] - 20.070266999999994
[12895, 34905, 12695] - 19.448156000000004
[34905, 12695, 33449] - 28.573154000000002
[32213, 34905] - 18.122100000000003
[12895, 34905, 12679] - 18.870984000000004
[34905, 12679, 33449] - 23.461745000000004
[12663, 34905] - 20.029700000000002
[12703, 12483, 34905] - 19.069225000000003
[12703, 12487, 34905] - 21.209808000000002
[12703, 12895, 34905] - 17.907531
[12703, 34905, 33449] - 20.775089999999995
[10307, 10295, 34905] - 19.766316000000003
[10295, 34905, 33449] - 17.963698000000004
[12483, 12487, 34905] - 22.494797000000005
[12483, 34905, 33449] - 20.655846
[12487, 34905, 33449] - 19.991491000000007
[34905, 10311] - 20.468499999999995
[10315, 34905] - 26.059400000000007
[12895, 34905, 33449] - 24.667396999999998
[34889, 12479] - 28.867600000000003
[12655, 12479] - 28.0708
[12691, 12683, 12479] - 18.253532999999997
[12683, 12695, 12479] - 20.135694
[12487, 12683, 12479] - 18.851011000000003
[10307, 12683, 12479] - 18.503843000000003
[12895, 12683, 12479] - 18.079625
[12627, 12479] - 34.13240000000002
[12779, 12479] - 34.59040000000001
[10295, 12463, 12479] - 20.687129000000006
[12483, 12463, 12479] - 23.140060000000002
[12487, 12463, 12479] - 29.335424000000014
[10307, 12463, 12479] - 19.400127
[12759, 12479] - 32.41749999999999
[32213, 32205, 12479] - 19.903805999999996
[12483, 32205, 12479] - 18.199629
[12487, 32205, 12479] - 19.727349999999994
[33433, 33449, 12479] - 19.912800999999998
[12795, 12831, 12479] - 19.785995
[34885, 12479] - 26.173399999999997
[12691, 12695, 12479] - 19.609798
[10295, 12691, 12479] - 18.582365999999997
[12691, 12487, 12479] - 19.059916999999995
[10295, 12827, 12479] - 18.932304000000002
[12483, 12827, 12479] - 19.514055
[12827, 12487, 12479] - 21.800554
[10307, 12827, 12479] - 20.964209000000004
[10315, 12827, 12479] - 17.885798
[12827, 12895, 12479] - 26.217599000000007
[12819, 12479] - 41.31060000000001
[10335, 12479] - 26.836199999999995
[12695, 12479, 12831] - 18.218216
[10295, 12479, 12831] - 20.037633999999997
[12483, 12479, 12831] - 22.862493999999995
[12487, 12479, 12831] - 22.453672999999995
[10311, 12479, 12831] - 20.128318999999998
[10307, 12479, 12831] - 19.759309999999996
[10315, 12479, 12831] - 19.385843000000005
[34893, 12479] - 29.915700000000005
[12483, 12479, 12875] - 24.434762999999993
[12487, 12479, 12875] - 29.249768
[10311, 12479, 12875] - 20.348206
[12895, 12479, 12875] - 20.170525
[12703, 12487, 12695, 12479] - 18.932532020000004
[10295, 12695, 12479] - 24.292131000000005
[12483, 12487, 12695, 12479] - 18.359496890000003
[12695, 10311, 12479] - 22.056867999999998
[10307, 12695, 12479] - 21.667968999999996
[10315, 12695, 12479] - 21.217473000000002
[12895, 12695, 12479] - 19.177108999999998
[12695, 33449, 12479] - 18.096391
[12621, 12479] - 26.4592
[12703, 32213, 12479] - 18.945579000000002
[32213, 12483, 12479] - 23.93436700000001
[32213, 12487, 12479] - 26.028217999999995
[32213, 10311, 12479] - 20.022166000000002
[10315, 32213, 12479] - 18.016001000000006
[12483, 12679, 12479] - 19.174655999999995
[12663, 12479] - 29.004400000000004
[12703, 10295, 12479] - 20.974652999999996
[12703, 12483, 12487, 12479] - 20.44252624
[12703, 12487, 10311, 12479] - 18.023670640000002
[10307, 12703, 12479] - 19.357912000000002
[10315, 12703, 12479] - 19.69007
[12483, 10295, 12487, 12479] - 21.514534450000003
[12483, 10295, 10311, 12479] - 19.867399119999995
[10307, 12483, 10295, 12479] - 18.09090953000001
[10295, 12487, 10311, 12479] - 22.111749959999997
[10307, 10295, 10311, 12479] - 20.51922358
[10315, 10295, 12479] - 33.43101800000001
[10295, 12895, 12479] - 25.881767000000004
[10295, 33449, 12479] - 21.883767999999996
[12483, 12487, 10311, 12479] - 28.676459440000006
[10307, 12483, 12487, 12479] - 18.720121069999998
[10315, 12483, 12487, 12479] - 23.05824759
[10307, 12483, 10311, 12479] - 20.18043503000001
[12483, 12895, 12479] - 24.413762000000002
[12483, 33449, 12479] - 20.276565999999995
[10307, 12487, 10311, 12479] - 20.751073220000002
[10315, 12487, 10311, 12479] - 21.459025810000004
[12487, 12895, 12479] - 30.175478999999996
[12487, 33449, 12479] - 19.569491000000003
[12895, 10311, 12479] - 22.495888
[10315, 10307, 12479] - 28.889273999999997
[10307, 12895, 12479] - 26.390609
[10307, 33449, 12479] - 19.226345000000006
[10315, 12895, 12479] - 24.759391999999995
[10315, 33449, 12479] - 19.251365
[33469, 33449, 12479] - 24.195193
[12895, 33449, 12479] - 20.884914000000002
[18787, 12567] - 17.896
[18787, 12751] - 18.631700000000002
[18787, 12621] - 18.3564
[18787, 12483] - 21.558000000000003
[18787, 10311] - 26.548899999999996
[10315, 18787] - 22.7587
[18787, 12895] - 18.165999999999997
[12407, 34889] - 19.62149999999999
[12655, 34889] - 19.291799999999995
[33433, 12683, 34889] - 22.990764000000006
[12795, 12683, 34889] - 18.911274999999996
[34885, 12683, 34889] - 19.434482000000003
[12691, 12683, 34889] - 25.373099000000003
[12683, 12831, 34889] - 21.417179999999995
[12683, 12695, 34889] - 25.092482
[12683, 12679, 34889] - 20.471962
[12703, 12683, 34889] - 20.901990000000005
[33469, 12683, 34889] - 18.781545999999995
[12895, 12683, 34889] - 20.371332000000002
[12683, 33449, 34889] - 23.218545
[12627, 34889] - 22.330800000000004
[32205, 34889] - 30.0396
[33433, 12795, 34889] - 20.121215000000003
[33433, 34885, 34889] - 24.622989999999998
[33433, 12691, 34889] - 20.366712
[33433, 12827, 34889] - 17.972341999999994
[33433, 12831, 34889] - 23.719340000000003
[33433, 12695, 34889] - 21.473195999999994
[33433, 12487, 34889] - 17.948561
[33433, 12895, 34889] - 20.340226000000005
[12691, 12795, 34889] - 20.703617999999988
[12795, 12831, 34889] - 25.069195000000008
[12795, 12695, 34889] - 20.680818
[12795, 12895, 34889] - 18.037746000000006
[12795, 33449, 34889] - 19.967965000000003
[34885, 12691, 34889] - 22.815014999999995
[34885, 12831, 34889] - 17.881663999999997
[34885, 34893, 34889] - 36.43579999999999
[34885, 12695, 34889] - 21.118199000000004
[34885, 12679, 34889] - 18.277823
[34885, 12483, 34889] - 20.368542000000005
[34885, 12487, 34889] - 19.437307999999998
[33469, 34885, 34889] - 26.923651
[34885, 12895, 34889] - 23.959451999999995
[12691, 12831, 34889] - 20.815472999999997
[12691, 12695, 34889] - 28.41267100000001
[12703, 12691, 34889] - 19.731004
[33469, 12691, 34889] - 18.421086999999996
[12691, 12895, 34889] - 18.690348999999994
[12691, 33449, 34889] - 24.863841000000004
[12827, 12831, 34889] - 18.078725000000002
[12827, 12895, 34889] - 20.381872
[12827, 33449, 34889] - 18.786302
[12355, 34889] - 23.02369999999999
[12819, 34889] - 36.2405
[12695, 34889, 12831] - 21.648449999999997
[12895, 34889, 12831] - 18.42387100000001
[33449, 34889, 12831] - 23.658815999999998
[34893, 12487, 34889] - 18.777424999999997
[34893, 33449, 34889] - 22.018011000000005
[12875, 34889] - 27.6611
[12703, 12695, 34889] - 20.774529000000005
[10295, 12695, 34889] - 19.698134000000003
[12483, 12695, 34889] - 20.105844
[12487, 12695, 34889] - 17.93582
[33469, 12695, 34889] - 20.411771999999996
[12895, 12695, 34889] - 20.103872999999997
[12695, 33449, 34889] - 29.63966900000001
[12621, 34889] - 18.243900000000004
[12895, 12679, 34889] - 18.603737000000006
[12679, 33449, 34889] - 18.599639999999997
[12663, 34889] - 22.219700000000007
[12703, 12487, 34889] - 19.378758000000005
[12703, 33449, 34889] - 18.291650000000004
[10307, 10295, 34889] - 20.732397
[10295, 33449, 34889] - 18.150916999999996
[12483, 12487, 34889] - 24.707838
[12483, 33449, 34889] - 20.281930999999993
[12487, 33449, 34889] - 18.620670000000004
[10311, 34889] - 19.8206
[10315, 34889] - 32.560599999999994
[12895, 33449, 34889] - 24.122858000000004
[12407, 12683] - 18.000600000000002
[12407, 12355, 12411] - 18.918175
[12407, 12411, 12431] - 25.738415
[12407, 33433] - 19.869000000000003
[12407, 12339] - 45.43629999999999
[12407, 34885] - 19.470199999999995
[12407, 12691] - 17.886399999999995
[12407, 12831] - 18.245699999999996
[12407, 12875] - 19.953499999999995
[10877, 12407] - 24.247799999999994
[12407, 12695] - 18.951800000000002
[12407, 12703] - 18.7785
[12407, 12483] - 24.154400000000003
[12407, 12487] - 19.1676
[12407, 33449] - 20.5809
[12683, 12655] - 29.6837
[12627, 12655] - 31.31249999999999
[12463, 12655] - 42.79860000000001
[12759, 12655] - 24.0762
[32205, 12655] - 23.795799999999996
[33433, 12655] - 24.2556
[12795, 12655] - 39.807300000000005
[12691, 12695, 12655] - 19.636241999999992
[12827, 12655] - 28.8741
[12819, 12655] - 50.8974
[10335, 12655] - 26.057800000000007
[12831, 12655] - 35.08389999999999
[12723, 12655] - 20.88519999999999
[12875, 12655] - 20.903799999999997
[10295, 12695, 12655] - 20.994666000000006
[10307, 12695, 12655] - 19.560430000000004
[32213, 12655] - 21.418500000000005
[12679, 12655] - 25.512599999999996
[12663, 12655] - 27.1567
[12703, 12655] - 35.7895
[10295, 10311, 12655] - 21.111862
[10307, 10295, 12655] - 26.544829999999997
[10315, 10295, 12655] - 20.42931500000001
[12483, 12655] - 27.7931
[12487, 12655] - 34.566700000000004
[10307, 10311, 12655] - 18.796241999999996
[10315, 10311, 12655] - 18.271176
[10307, 12895, 12655] - 18.515709999999995
[33469, 33449, 12655] - 22.747615999999994
[12627, 12691, 12683] - 18.210524
[12779, 12683] - 25.768000000000008
[12411, 12683] - 22.8979
[33433, 12683, 12463] - 20.090763000000003
[12795, 12683, 12463] - 18.707189000000003
[12691, 12683, 12463, 12695] - 18.068922290000003
[12827, 12683, 12463] - 19.76550599999999
[12683, 12463, 12831] - 23.137114999999998
[12683, 12463, 12875] - 18.805329000000004
[12683, 12463, 12679] - 19.070265
[12703, 12683, 12463] - 22.269544999999997
[12487, 12683, 12463] - 24.560975999999993
[12895, 12683, 12463] - 23.347390999999995
[12683, 12463, 33449] - 23.134114999999998
[12759, 12683] - 22.179699999999997
[12683, 32205] - 34.207699999999996
[33433, 12795, 12683] - 22.160433000000005
[33433, 34885, 12683] - 18.133768999999997
[33433, 12691, 12683] - 28.329600999999997
[33433, 12827, 12683] - 22.696043000000003
[33433, 12683, 12831] - 24.344988999999995
[33433, 12683, 12875] - 19.190841000000002
[33433, 12683, 12695, 33449] - 19.456334400000003
[33433, 12683, 12679] - 27.746356000000002
[33433, 12703, 12683] - 25.480532
[33433, 12483, 12683] - 18.180892
[33433, 12487, 12683] - 20.681503
[10307, 33433, 12683] - 20.613376000000002
[33469, 33433, 12683, 33449] - 18.1885215
[33433, 12895, 12683] - 25.304108999999997
[12691, 12795, 12683] - 26.382088999999997
[12827, 12795, 12683] - 23.753768000000008
[12795, 12683, 12695, 12831] - 18.994619020000002
[12703, 12795, 12683, 12831] - 18.11646656
[12795, 12895, 12683, 12831] - 18.335887310000007
[12795, 12683, 12875] - 20.5059
[12795, 12895, 12683, 12695] - 18.006765649999995
[12795, 12683, 12679] - 27.687973999999997
[10295, 12795, 12683] - 22.223523
[12483, 12795, 12683] - 19.451110000000003
[12487, 12795, 12683] - 23.203995999999997
[10307, 12795, 12683] - 23.332633
[33469, 12795, 12683] - 19.986627000000002
[12795, 12683, 33449] - 25.039405
[34885, 12691, 12683] - 20.479017000000002
[34885, 12683, 12831] - 19.853875000000002
[34885, 34893, 12683] - 18.607601
[34885, 12683, 12695] - 23.156760999999992
[34885, 12683, 12679] - 20.949303999999998
[12703, 34885, 12683] - 21.068808999999995
[34885, 12895, 12683] - 18.222917000000002
[34885, 12683, 33449] - 21.584253
[12827, 12691, 12683] - 26.89414399999999
[12819, 12691, 12683] - 19.382167999999997
[12691, 12683, 12695, 12831] - 21.105736
[12691, 12895, 12683, 12831] - 17.944022750000006
[12691, 12683, 12875] - 21.482137000000005
[12691, 12683, 12695, 12679] - 21.222472939999996
[12703, 12691, 12683, 12695] - 25.83761058000001
[12691, 12487, 12683, 12695] - 18.923283509999997
[12691, 12895, 12683, 12695] - 21.5066396
[12691, 12683, 12695, 33449] - 22.284415400000004
[12703, 12691, 12683, 12679] - 19.836193430000005
[12703, 12691, 12487, 12683] - 18.268499030000008
[10295, 12691, 12683] - 24.644842000000004
[12483, 12691, 12683] - 21.049307
[10307, 12691, 12683] - 27.331597000000002
[10315, 12691, 12683] - 20.200443000000003
[33469, 12691, 12683, 33449] - 19.64348743
[12827, 12683, 12679, 12831] - 20.475698720000004
[12827, 12895, 12683, 12831] - 19.129970410000002
[12827, 12683, 12875] - 23.652399
[12827, 12683, 12695, 12679] - 18.476184089999997
[12703, 12827, 12683, 12695] - 18.61935924
[12827, 12895, 12683, 12695] - 19.94617644
[12703, 12827, 12683, 12679] - 21.850366270000013
[12827, 12895, 12683, 12679] - 25.687087940000005
[12703, 12827, 12895, 12683] - 22.11118146
[10295, 12827, 12683] - 22.797343
[12483, 12827, 12683] - 23.844756999999998
[12827, 12487, 12683] - 24.740983
[12827, 12683, 10311] - 18.465845
[10307, 12827, 12683] - 22.176463000000002
[33469, 12827, 12683] - 21.036093000000008
[12827, 12895, 12683, 33449] - 18.32314228
[12819, 12683, 12695] - 19.208269999999995
[12819, 10295, 12683] - 20.624570000000002
[10307, 12819, 12683] - 22.360256
[12819, 12895, 12683] - 18.097896
[12683, 10335] - 20.879899999999996
[12683, 12875, 12831] - 24.446328999999995
[12683, 12695, 12679, 12831] - 19.47805126
[12703, 12683, 12695, 12831] - 20.611349909999998
[12895, 12683, 12695, 12831] - 21.543028890000002
[12683, 12695, 33449, 12831] - 18.881967420000002
[12703, 12683, 12679, 12831] - 19.204297220000004
[12895, 12683, 12679, 12831] - 19.248391820000005
[12703, 12895, 12683, 12831] - 18.601298640000003
[10295, 12683, 12831] - 24.565661
[12483, 12683, 12831] - 22.583529999999996
[12487, 12683, 12831] - 25.711895999999992
[10307, 12683, 12831] - 22.316838000000004
[33469, 12683, 12831] - 20.240508999999992
[12683, 12431] - 18.390199999999993
[34893, 12683, 12695] - 18.81477
[34893, 12683, 12679] - 18.748469
[12703, 34893, 12683] - 24.24769000000001
[12483, 34893, 12683] - 18.279946000000002
[34893, 12487, 12683] - 18.718764999999994
[34893, 12683, 33449] - 19.186677000000003
[12715, 12683] - 21.350399999999993
[12683, 12695, 12875] - 23.915860000000002
[12683, 12679, 12875] - 23.581042000000004
[12703, 12683, 12875] - 30.303602999999992
[12483, 12683, 12875] - 21.470115000000003
[12487, 12683, 12875] - 26.308560000000003
[12895, 12683, 12875] - 28.174251999999992
[12683, 33449, 12875] - 22.643320000000003
[12703, 12683, 12695, 12679] - 31.547267700000006
[12895, 12683, 12695, 12679] - 22.290220449999993
[12683, 12695, 12679, 33449] - 20.143626139999995
[12703, 12483, 12683, 12695] - 19.378346459999996
[12703, 12487, 12683, 12695] - 23.475897399999997
[12703, 12895, 12683, 12695] - 24.496263459999998
[12703, 12683, 12695, 33449] - 22.619701829999997
[10307, 10295, 12683, 12695] - 23.482038650000003
[12487, 12895, 12683, 12695] - 18.275932740000002
[12683, 12695, 10311] - 30.51003900000001
[10315, 12683, 12695] - 30.474089999999993
[33469, 12683, 12695, 33449] - 21.373961170000005
[12895, 12683, 12695, 33449] - 20.776058839999994
[12683, 12621] - 19.274599999999996
[12703, 32213, 12683] - 18.391109
[12663, 12683, 12679] - 28.549920999999998
[12703, 12487, 12683, 12679] - 18.76933238
[12703, 12895, 12683, 12679] - 24.931970770000003
[12703, 12683, 12679, 33449] - 19.902953270000012
[10307, 10295, 12683, 12679] - 22.516314679999986
[10295, 12895, 12683, 12679] - 18.325581920000005
[12483, 12683, 12679] - 25.74087199999999
[12683, 10311, 12679] - 29.901401
[10307, 12895, 12683, 12679] - 18.088154300000003
[10315, 12683, 12679] - 28.051116999999998
[33469, 12683, 12679] - 28.599886000000005
[12703, 12663, 12683] - 18.912868000000007
[10295, 12663, 12683] - 19.091132000000005
[10307, 12663, 12683] - 21.146583
[12663, 12895, 12683] - 24.523549999999993
[12703, 10295, 12683, 10311] - 18.501546589999997
[12703, 12483, 12487, 12683] - 19.914920459999998
[12703, 12487, 12895, 12683] - 18.896179980000007
[12703, 12487, 12683, 33449] - 18.511393230000003
[10307, 12703, 12683] - 30.379172
[10315, 12703, 12683] - 27.81385400000001
[33469, 12703, 12683] - 25.966906999999992
[12703, 12895, 12683, 33449] - 18.44307314
[10307, 10295, 12683, 10311] - 18.496595720000002
[10307, 10295, 12895, 12683] - 22.204834160000004
[10315, 10295, 12683] - 28.429416000000007
[33469, 10295, 12683] - 22.682707000000004
[10295, 12683, 33449] - 27.07514600000002
[12483, 12895, 12683] - 26.250434000000002
[12483, 12683, 33449] - 22.142303000000002
[12487, 12683, 10311] - 22.74845300000001
[10315, 12487, 12683] - 20.561342000000003
[33469, 12487, 12683] - 19.927842
[10315, 12683, 10311] - 28.417524999999998
[12895, 12683, 10311] - 26.90000800000001
[10315, 10307, 12683] - 26.57673900000001
[33469, 10307, 12683] - 25.765259000000004
[10307, 12683, 33449] - 25.14851400000001
[10315, 12895, 12683] - 19.833232
[10315, 12683, 33449] - 19.626724999999997
[33469, 12895, 12683, 33449] - 18.08112974999999
[12627, 12779] - 31.1423
[12627, 12463] - 29.463000000000005
[12759, 12627] - 32.010300000000015
[12627, 33433] - 22.811
[12627, 12795] - 33.132400000000004
[12627, 34885, 33449] - 20.402006999999998
[12627, 12691, 12695] - 22.192510999999996
[12627, 10295, 12691] - 21.804056000000003
[12627, 10315, 12691] - 18.750907999999995
[12627, 12691, 12895] - 18.712423
[12627, 12691, 33449] - 22.800314
[12627, 12827, 12895] - 18.220646000000002
[12627, 12819] - 31.411700000000003
[12627, 12831] - 44.241800000000005
[12627, 34893] - 20.577399999999997
[12715, 12627] - 27.1475
[12627, 12723] - 24.075699999999994
[12627, 12875] - 27.545399999999997
[12627, 10295, 12695] - 26.745404000000004
[12627, 10307, 12695] - 21.646713000000002
[12627, 10315, 12695] - 18.550154
[12627, 12895, 12695] - 18.894682999999997
[12627, 12695, 33449] - 18.392965
[12627, 12621] - 45.764100000000006
[12627, 32213] - 26.200899999999997
[12627, 12679] - 42.189600000000006
[12627, 12663] - 37.13499999999999
[12627, 12703] - 40.8869
[12627, 10295, 10311] - 22.668358
[12627, 10307, 10295] - 31.816513
[12627, 10315, 10295] - 22.045515999999996
[12627, 10295, 12895] - 20.663311999999994
[12627, 10295, 33449] - 18.627738000000008
[12627, 12483, 12487] - 18.327061
[12627, 10307, 12483] - 18.552655000000005
[12627, 12487, 10311] - 18.298133999999997
[12627, 10315, 12487] - 18.215266
[12627, 10307, 10311] - 21.114286000000003
[12627, 10315, 10311] - 20.146099999999997
[12627, 10315, 10307] - 21.55736
[12627, 10307, 12895] - 19.135637000000003
[12627, 33469, 33449] - 23.488339999999997
[12627, 12895, 33449] - 21.183542000000006
[12779, 34885] - 18.4439
[12779, 12691] - 34.1218
[12779, 12827] - 28.164800000000003
[12779, 12751] - 20.977899999999998
[12779, 12819] - 19.346700000000006
[12779, 12831] - 30.580700000000004
[12715, 12779] - 40.529999999999994
[12779, 12723] - 24.84140000000001
[12779, 12875] - 17.907299999999996
[12779, 12695] - 31.026800000000005
[12779, 12621] - 36.360000000000014
[12779, 32213] - 21.503800000000002
[12779, 12679] - 34.412
[12779, 12663] - 38.459300000000006
[12779, 12703] - 27.786400000000008
[12779, 10295, 10311] - 20.466939999999994
[10307, 12779, 10295] - 23.665347000000008
[12779, 12483] - 37.736300000000014
[12779, 12487] - 31.001499999999993
[10307, 12779, 10311] - 19.598062999999996
[10315, 12779] - 47.920100000000005
[33469, 12779] - 23.579699999999995
[12779, 33449] - 30.924299999999995
[12411, 12463] - 18.781900000000004
[33433, 12411] - 20.6139
[12339, 12411] - 24.926
[12795, 12411] - 18.4639
[34885, 12411] - 17.8953
[12691, 12411] - 19.295199999999994
[12827, 12411] - 21.6557
[12355, 12411, 12431] - 19.980578000000005
[12411, 12831] - 19.672400000000003
[12411, 12875] - 25.224400000000003
[12411, 12695] - 19.9004
[12411, 12679] - 23.409799999999997
[12703, 12411] - 20.881600000000002
[12483, 12411] - 23.896099999999997
[12487, 12411] - 24.326000000000004
[12895, 12411] - 24.445199999999996
[12411, 33449] - 20.495899999999995
[12463, 32205] - 24.3791
[33433, 12691, 12463] - 20.306533
[33433, 12463, 12695] - 19.100673000000004
[33469, 33433, 12463] - 18.873259
[33433, 12463, 33449] - 22.025932000000005
[12691, 12795, 12463] - 25.502005999999998
[12819, 12795, 12463] - 22.228626000000002
[12487, 12795, 12463, 12831] - 18.417433199999998
[12795, 12463, 12875] - 18.599033000000002
[12795, 12463, 12695] - 21.544939
[12703, 12795, 12463] - 19.753244000000002
[10295, 12795, 12463] - 23.663225999999998
[12483, 12795, 12463] - 21.796811
[12795, 12895, 12463] - 20.916739
[34885, 12463, 33449] - 18.091024
[12827, 12691, 12463] - 21.651876000000005
[12819, 12691, 12463] - 18.281284000000003
[12691, 12463, 12695, 12831] - 18.138979009999996
[12691, 12463, 12875] - 22.280131000000004
[12703, 12691, 12463, 12695] - 19.23527935
[12691, 12487, 12463, 12695] - 19.774425139999998
[12703, 12691, 12487, 12463] - 18.303364159999997
[10295, 12691, 12463] - 27.958244000000008
[12483, 12691, 12463] - 19.714468999999998
[10307, 12691, 12463] - 19.361034000000004
[12691, 12895, 12463] - 28.574719
[12691, 12463, 33449] - 20.846846999999997
[12827, 12463, 12831] - 20.366365999999996
[12827, 12463, 12875] - 19.224915999999997
[12827, 12463, 12695] - 21.632758
[12703, 12827, 12463] - 18.43119
[12827, 12487, 12463] - 21.834817000000008
[12827, 12895, 12463] - 27.830096
[12827, 12463, 33449] - 20.378401000000004
[12355, 12463] - 22.4436
[12819, 12463, 12831] - 19.048443000000002
[12819, 10295, 12463] - 22.300287000000004
[12819, 12487, 12463] - 20.284674000000003
[10307, 12819, 12463] - 18.193539
[12819, 12895, 12463] - 18.243238
[12463, 10335] - 20.398200000000003
[12463, 12875, 12831] - 20.627859
[12703, 12463, 12831] - 20.357017000000006
[10295, 12463, 12831] - 20.294427000000006
[12483, 12463, 12831] - 21.167930000000002
[12895, 12463, 12831] - 24.355342000000007
[12463, 33449, 12831] - 19.287882
[34893, 12463] - 26.424
[12463, 12695, 12875] - 19.419317000000003
[12483, 12463, 12875] - 19.194938
[12487, 12463, 12875] - 23.324242
[12895, 12463, 12875] - 23.007428999999995
[12463, 12695, 12679] - 18.856464
[12703, 12487, 12463, 12695] - 18.342470170000006
[10295, 12463, 12695] - 21.162323000000004
[12483, 12463, 12695] - 23.281726000000006
[10307, 12463, 12695] - 18.522611
[12895, 12463, 12695] - 25.336570000000002
[12463, 12695, 33449] - 22.905642
[32213, 12463] - 28.351300000000002
[12487, 12463, 12679] - 17.953867000000006
[12895, 12463, 12679] - 18.637628000000007
[12663, 12463] - 22.723299999999988
[12703, 12483, 12463] - 19.819274000000007
[12703, 12895, 12463] - 21.966658
[12703, 12463, 33449] - 19.24691
[10295, 12487, 12463] - 27.237356
[10295, 12463, 10311] - 27.095331999999992
[10307, 10295, 12463] - 32.412495
[10315, 10295, 12463] - 26.798944999999993
[10295, 12895, 12463] - 24.433871
[12483, 12487, 12463] - 41.763347999999986
[12483, 12895, 12463] - 20.665609000000003
[12487, 12463, 10311] - 25.243800999999994
[10307, 12487, 12463] - 23.386699000000004
[10315, 12487, 12463] - 26.057705999999996
[33469, 12487, 12463] - 18.063019
[12487, 12895, 12463] - 30.281294000000003
[12487, 12463, 33449] - 23.980279999999993
[10307, 12463, 10311] - 22.974786999999996
[10315, 12463, 10311] - 22.323909999999998
[10315, 10307, 12463] - 21.421379
[10307, 12895, 12463] - 19.200833999999993
[33469, 12895, 12463] - 18.457972999999996
[33469, 12463, 33449] - 24.075695000000007
[12895, 12463, 33449] - 24.241191999999998
[12759, 33433] - 22.750099999999996
[12759, 12795] - 28.194900000000004
[12759, 34885] - 24.4346
[12759, 12783] - 22.970699999999994
[12759, 12691] - 35.3401
[12759, 12827, 12895] - 19.797849
[12759, 12751] - 28.63439999999999
[12759, 12819] - 24.8004
[12759, 10335] - 26.2469
[12759, 12831] - 36.227900000000005
[12759, 34893] - 23.000000000000004
[12715, 12759] - 55.71969999999999
[12759, 12723] - 43.67180000000002
[12759, 12875] - 31.895699999999987
[12759, 12703, 12695] - 19.855400999999997
[12759, 12621] - 49.4515
[12759, 32213] - 41.415400000000005
[12759, 12679] - 44.083299999999994
[12759, 12663] - 35.91539999999999
[12759, 12703, 10311] - 18.371686
[12759, 10295, 10311] - 22.128048
[12759, 10307, 10295] - 30.55345399999999
[12759, 10315, 10295] - 27.118156
[12759, 12483, 12487] - 21.430139999999998
[12759, 12483, 10311] - 20.422984999999994
[12759, 10307, 12483] - 18.110962999999998
[12759, 10315, 12483] - 22.416695999999998
[12759, 12487, 10311] - 20.548796
[12759, 10307, 10311] - 23.167254
[12759, 10315, 10311] - 25.938395
[12759, 10315, 10307] - 26.855347000000002
[12759, 10307, 12895] - 18.487434999999998
[12759, 33469, 33449] - 17.958923000000002
[18863, 12355, 12895, 12783] - 38.035715760000016
[18863, 12663, 12751, 12355] - 25.195591899999993
[18863, 12751, 12431, 12679] - 27.378425290000006
[18863, 12751, 12895, 12431] - 30.88718088
[12559, 18863] - 22.115399999999998
[10315, 18863, 12431, 12621] - 21.91677028000001
[10307, 18863, 12621] - 27.318123999999997
[33433, 32205, 33449] - 19.276736
[12795, 32205] - 27.4218
[34885, 32205, 33449] - 24.032604000000003
[12691, 12695, 32205] - 20.355436
[12691, 32205, 33449] - 18.926021000000002
[12827, 12895, 32205] - 21.883491000000003
[12819, 32205] - 31.404400000000006
[32205, 10335] - 31.03659999999999
[32213, 34893, 32205] - 23.209861
[12703, 34893, 32205] - 17.923551000000003
[34893, 12487, 32205] - 21.283481000000005
[12715, 32205] - 25.205899999999996
[12723, 32205] - 21.8971
[32213, 32205, 12875] - 23.615493999999995
[12703, 32205, 12875] - 19.654481000000008
[12487, 32205, 12875] - 20.220537
[12703, 32213, 12695, 32205] - 18.19652766
[10295, 12695, 32205] - 27.352426000000005
[12487, 12695, 32205] - 20.554785999999996
[12695, 10311, 32205] - 19.542714999999998
[10307, 12695, 32205] - 24.788801
[10315, 12695, 32205] - 21.535695999999994
[33469, 12695, 32205] - 19.234646000000005
[12895, 12695, 32205] - 19.723005999999998
[12695, 32205, 33449] - 26.963747
[12621, 32205] - 31.53199999999999
[32213, 12703, 12487, 32205] - 21.962067610000002
[32213, 12703, 10311, 32205] - 20.34815885
[32213, 10295, 10311, 32205] - 18.086118589999998
[32213, 12483, 12487, 32205] - 24.391192639999993
[32213, 12487, 10311, 32205] - 22.61436469000001
[10315, 32213, 12487, 32205] - 18.74255125
[10307, 32213, 10311, 32205] - 18.37611872999999
[33469, 32213, 32205] - 24.074228
[32213, 12895, 32205] - 24.438634000000008
[32213, 32205, 33449] - 30.112774999999992
[12679, 32205] - 33.0431
[12663, 32205] - 23.339099999999995
[12703, 10295, 32205] - 23.84436099999999
[12703, 12483, 12487, 32205] - 18.50085026
[10307, 12703, 32205] - 20.486211000000004
[10315, 12703, 32205] - 25.827598000000005
[12483, 10295, 32205] - 18.839452
[10295, 12487, 32205] - 25.193260999999996
[10307, 10295, 10311, 32205] - 18.121701239999993
[10315, 10295, 32205] - 31.108902999999998
[33469, 10295, 32205] - 22.753038000000007
[10295, 12895, 32205] - 19.396236999999992
[10295, 32205, 33449] - 27.323601000000007
[12483, 12487, 10311, 32205] - 18.392186660000004
[10307, 12483, 32205] - 18.422790000000003
[10315, 12483, 32205] - 29.637596000000002
[10307, 12487, 32205] - 19.935344000000004
[10315, 10311, 32205] - 32.34729
[10315, 10307, 32205] - 29.40141999999999
[33469, 10307, 32205] - 21.166355999999997
[10307, 12895, 32205] - 18.392563999999997
[10307, 32205, 33449] - 23.495482999999993
[10315, 12895, 32205] - 19.90067399999999
[10315, 32205, 33449] - 20.144858
[33469, 32205, 33449] - 35.36248199999999
[12895, 32205, 33449] - 20.143913
[33433, 12691, 12795] - 19.443347999999997
[33433, 12827, 12795] - 22.226234
[33433, 12795, 33449, 12831] - 18.57896215
[33433, 12795, 12695] - 23.533488999999996
[33433, 12795, 12679] - 21.647036000000003
[33433, 12703, 12795] - 19.641405000000002
[33433, 12487, 12795] - 17.898473000000003
[33469, 33433, 12795, 33449] - 18.762058179999997
[33433, 12795, 12895] - 23.88860800000001
[33433, 34885, 12691] - 18.98962
[33433, 34885, 12827] - 17.932496
[33433, 34885, 34893] - 22.20360599999999
[33433, 34885, 12695] - 20.459234000000002
[33433, 12703, 34885] - 18.020485999999995
[33469, 33433, 34885] - 21.073919
[33433, 34885, 12895] - 19.284224000000002
[33433, 12827, 12691] - 20.376395999999996
[33433, 12691, 12831] - 20.961322000000003
[33433, 12691, 12695, 33449] - 18.89438709
[33433, 12691, 12679] - 20.027402999999993
[33433, 12703, 12691] - 23.764220999999996
[33433, 12691, 12487] - 18.347968
[33469, 33433, 12691, 33449] - 18.41578682
[33433, 12691, 12895] - 22.307313000000004
[33433, 12827, 33449, 12831] - 18.680492259999998
[33433, 12827, 12695] - 22.458791999999985
[33433, 12827, 12679] - 21.209331999999996
[33433, 12703, 12827] - 23.581194999999994
[33433, 12483, 12827] - 18.739731000000003
[33433, 12827, 12487] - 17.915103000000002
[33469, 33433, 12827, 33449] - 20.054974509999997
[33433, 12827, 12895, 33449] - 20.59667403
[33469, 33433, 12819] - 20.289949
[33433, 12819, 33449] - 18.577828
[33433, 10335] - 18.143800000000002
[33433, 12875, 12831] - 18.295255
[33433, 12695, 12831] - 23.594328999999995
[33433, 12679, 12831] - 22.017531
[33433, 12703, 12831] - 19.578159000000003
[33433, 10295, 12831] - 18.116213000000002
[33433, 12483, 12831] - 18.150767000000005
[33433, 12487, 12831] - 18.726978000000003
[10307, 33433, 12831] - 18.840625000000003
[33469, 33433, 33449, 12831] - 20.45576681000001
[33433, 12895, 33449, 12831] - 18.276093669999995
[33433, 12431] - 20.465399999999995
[33433, 12703, 34893] - 18.510163999999996
[33433, 34893, 12487] - 18.992926999999998
[33469, 33433, 34893] - 19.387063000000005
[33433, 34893, 33449] - 26.002530999999998
[33433, 12723] - 19.9176
[33433, 12695, 12875] - 19.10498
[33433, 12703, 12875] - 19.345755999999998
[33433, 12487, 12875] - 19.869473000000003
[33433, 12895, 12875] - 20.629661000000002
[33433, 33449, 12875] - 24.308773000000006
[33433, 12695, 12679] - 23.147771
[33433, 12703, 12695, 33449] - 19.318787950000004
[33433, 10295, 12695] - 23.74262200000001
[33433, 12487, 12695] - 21.231612
[10307, 33433, 12695] - 23.631976999999996
[33469, 33433, 12695, 33449] - 21.973479740000005
[33433, 12895, 12695, 33449] - 20.877970419999993
[33433, 12621] - 20.044600000000006
[33433, 32213] - 24.387099999999997
[33433, 12703, 12679] - 21.079763000000007
[33469, 33433, 12679] - 22.138525000000005
[33433, 12895, 12679] - 21.822391000000003
[33433, 12679, 33449] - 28.013293000000004
[33433, 12663] - 19.9081
[33433, 12703, 12483] - 19.35432
[33433, 12703, 12487] - 24.314215000000004
[33469, 33433, 12703] - 25.84442
[33433, 12703, 12895, 33449] - 18.14204141
[33433, 10295, 10311] - 25.549635
[33469, 33433, 10307, 10295] - 22.085154450000005
[33433, 10307, 10295, 33449] - 22.825188989999997
[10315, 33433, 10295] - 23.844955000000002
[33469, 33433, 10295, 33449] - 23.17899956
[33433, 10295, 12895] - 23.190831999999997
[33433, 12483, 12487] - 21.997356000000003
[33433, 12483, 33449] - 25.364299000000003
[33469, 33433, 12487] - 21.068196999999998
[33433, 12487, 12895] - 19.502949999999995
[33433, 12487, 33449] - 27.291031999999998
[10307, 33433, 10311] - 21.905518999999995
[10315, 33433, 10311] - 18.80504
[33469, 33433, 10311] - 23.556973000000003
[33433, 10311, 33449] - 22.593756000000003
[10315, 33433, 10307] - 21.307542999999995
[33469, 33433, 10307, 33449] - 20.747316860000005
[33433, 10307, 12895] - 23.081386
[33469, 10315, 33433] - 20.776173000000007
[10315, 33433, 33449] - 26.161414999999998
[33469, 33433, 12895, 33449] - 24.10366060999999
[12355, 12567] - 22.706100000000003
[12559, 12567] - 46.973699999999994
[12875, 12567] - 21.938300000000005
[10877, 12567] - 26.037300000000005
[10295, 12567] - 18.4424
[12483, 12567] - 18.447600000000005
[10311, 12567] - 18.9177
[10307, 12567] - 19.354100000000003
[10315, 12567] - 26.461699999999993
[12895, 12567] - 20.394000000000005
[12339, 12355] - 26.469899999999996
[12339, 12431] - 19.539700000000003
[34885, 12691, 12795] - 18.37643299999999
[34885, 12795, 12831] - 18.459449
[34885, 12795, 12895] - 19.193897000000003
[34885, 12795, 33449] - 18.736159
[12827, 12691, 12795] - 21.206679
[12819, 12691, 12795] - 25.858033000000002
[12691, 12795, 12695, 12831] - 18.681406780000003
[12691, 12795, 12875] - 20.399167000000002
[12691, 12795, 12679] - 20.403211
[12703, 12691, 12795] - 28.388029000000003
[10295, 12691, 12795] - 23.369969000000008
[12483, 12691, 12795] - 21.909454999999994
[12691, 12487, 12795] - 25.405507999999998
[12691, 12795, 12895] - 24.845776000000004
[12691, 12795, 33449] - 23.372753999999997
[12819, 12827, 12795] - 18.625338999999997
[12827, 12795, 12895, 12831] - 22.93691560000001
[12827, 12795, 12875] - 23.164424000000004
[12827, 12795, 12695] - 23.152498
[12827, 12795, 12679] - 21.827695
[12703, 12827, 12795] - 25.638475999999997
[10295, 12827, 12795] - 20.048111000000006
[12483, 12827, 12795] - 21.752777999999996
[12827, 12487, 12795] - 21.297510999999997
[10307, 12827, 12795] - 22.008577000000002
[33469, 12827, 12795] - 18.910027000000007
[12827, 12795, 33449] - 24.666924000000005
[12355, 12795] - 25.886999999999997
[12819, 10295, 12795, 12831] - 21.703228989999996
[10307, 12819, 12795, 12831] - 18.36962122
[12819, 12795, 12695] - 23.862795000000002
[12703, 12819, 12795] - 18.684491999999995
[10307, 12819, 10295, 12795] - 23.02369337
[12483, 12819, 12795] - 19.305383
[12819, 12487, 12795] - 23.525656
[12819, 12795, 10311] - 26.096652999999996
[10315, 12819, 12795] - 29.916468999999996
[33469, 12819, 12795] - 21.979581000000003
[12819, 12795, 12895] - 35.651735
[12819, 12795, 33449] - 21.162666999999992
[10315, 12795, 10335] - 20.260177
[12795, 12875, 12831] - 27.108679
[12703, 12795, 12695, 12831] - 22.01993729
[12795, 12895, 12695, 12831] - 18.69106485
[12795, 12895, 12679, 12831] - 18.277123409999998
[12703, 12795, 12895, 12831] - 18.31514503
[10295, 12795, 10311, 12831] - 18.827898750000006
[10307, 10295, 12795, 12831] - 28.201620639999998
[12483, 12487, 12795, 12831] - 19.426114040000005
[10307, 12795, 10311, 12831] - 19.64821554
[10315, 12795, 12831] - 34.034447
[33469, 12795, 33449, 12831] - 18.850511159999993
[34893, 12487, 12795] - 18.372614999999996
[12715, 12795] - 23.042499999999997
[12795, 12723] - 30.480000000000004
[12795, 12695, 12875] - 20.21451100000001
[12795, 12679, 12875] - 19.311434
[12703, 12795, 12875] - 20.212464000000004
[12483, 12795, 12875] - 21.488904
[12487, 12795, 12875] - 22.9015
[12795, 12895, 12875] - 26.830131000000005
[12795, 33449, 12875] - 18.586241000000005
[12795, 12695, 12679] - 26.770457999999994
[12703, 12795, 12895, 12695] - 19.578107610000007
[10307, 10295, 12795, 12695] - 19.447639869999996
[12483, 12795, 12695] - 22.463769999999993
[12487, 12795, 12695] - 24.276369000000003
[12795, 12695, 10311] - 19.748561000000006
[33469, 12795, 12695] - 22.680075000000006
[12795, 12695, 33449] - 28.45860700000001
[12795, 12621] - 22.070800000000006
[32213, 12795] - 26.431199999999997
[12703, 12795, 12679] - 26.112118000000006
[10295, 12795, 12679] - 21.301763999999995
[12483, 12795, 12679] - 18.028419
[12487, 12795, 12679] - 19.094158
[10307, 12795, 12679] - 22.331002999999995
[12795, 12679, 33449] - 21.079287000000004
[12663, 12795] - 31.393800000000002
[12703, 10295, 12795] - 24.006730999999995
[12703, 12483, 12795] - 22.405463000000005
[12703, 12487, 12795] - 27.27894500000001
[12703, 12795, 10311] - 20.881306
[10307, 12703, 12795] - 21.719193000000004
[33469, 12703, 12795] - 18.187362000000004
[12703, 12795, 33449] - 23.927174999999984
[10295, 12487, 12795] - 22.380129000000004
[10307, 10295, 12795, 10311] - 23.14898284000001
[10315, 10307, 10295, 12795] - 18.914581399999996
[10307, 10295, 12795, 12895] - 22.618738099999995
[33469, 10295, 12795] - 21.314275
[10295, 12795, 33449] - 22.77858000000001
[12483, 12795, 12895] - 24.286754999999992
[12483, 12795, 33449] - 21.419842000000003
[12795, 12487, 10311] - 21.629431
[10307, 12795, 12487] - 18.984161000000007
[12795, 12487, 12895] - 23.865206
[12795, 12487, 33449] - 20.032303999999996
[10315, 12795, 10311] - 24.918766999999992
[12795, 12895, 10311] - 23.061832999999993
[33469, 10307, 12795] - 22.278545
[10307, 12795, 33449] - 20.169407000000007
[10315, 12795, 12895] - 21.348367000000003
[33469, 12795, 12895] - 24.403747000000003
[12795, 12895, 33449] - 29.908179
[34885, 12827, 12691] - 19.348852
[34885, 12691, 12831] - 19.540894000000005
[34885, 34893, 12691] - 20.809499
[34885, 12691, 12695] - 26.038097000000008
[34885, 12691, 12679] - 20.715727999999995
[12703, 34885, 12691] - 22.415721999999995
[34885, 12483, 12691] - 18.605739000000007
[33469, 34885, 12691] - 19.160603999999996
[34885, 12691, 12895] - 25.510745999999997
[34885, 12827, 12831] - 18.738727
[34885, 34893, 12827] - 18.058505
[34885, 12827, 12695] - 18.509173000000004
[34885, 12827, 12679] - 19.198402
[12703, 34885, 12827] - 19.068318
[34885, 12483, 12827] - 19.794718
[34885, 12827, 12895] - 31.001329999999992
[34885, 12827, 33449] - 25.804440999999986
[34885, 12355] - 20.938299999999995
[34885, 12819] - 20.995299999999997
[34885, 10335] - 18.1911
[34885, 12695, 12831] - 21.462419999999995
[34885, 12895, 12831] - 18.608777
[34885, 33449, 12831] - 21.985498
[34885, 34893, 12875] - 24.663781999999994
[34885, 34893, 12695] - 22.152186
[34885, 34893, 12679] - 19.286438999999998
[12703, 34885, 34893] - 30.907924999999995
[34885, 12483, 34893] - 24.212971000000003
[34885, 34893, 12487] - 27.61489600000001
[33469, 34885, 34893] - 18.739816000000005
[34885, 34893, 12895] - 24.576276999999997
[12703, 34885, 12875] - 21.441572999999998
[34885, 12483, 12875] - 21.085493000000003
[34885, 12487, 12875] - 22.433544000000005
[34885, 12895, 12875] - 20.830689999999997
[34885, 33449, 12875] - 19.454946
[34885, 12695, 12679] - 20.456113000000006
[12703, 34885, 12695] - 25.117310999999994
[34885, 10295, 12695] - 19.097126000000003
[34885, 12483, 12695] - 21.237411000000005
[34885, 12487, 12695] - 20.488458000000005
[33469, 34885, 12695] - 20.780891000000004
[34885, 12895, 12695] - 23.313277
[32213, 34885] - 38.36140000000001
[12703, 34885, 12679] - 18.817335
[34885, 12895, 12679] - 26.100932000000007
[34885, 12679, 33449] - 24.397096
[34885, 12663] - 24.642199999999995
[34885, 12703, 12483] - 24.146085000000006
[34885, 12703, 12487] - 26.759965000000005
[34885, 12703, 12895] - 22.107188
[34885, 12703, 33449] - 24.880249000000003
[10307, 34885, 10295] - 21.686052000000004
[10315, 34885, 10295] - 18.478433000000003
[34885, 10295, 33449] - 28.152164000000003
[34885, 12483, 12487] - 27.409940999999996
[34885, 12483, 12895] - 21.558088999999995
[34885, 12483, 33449] - 28.151973000000005
[34885, 12487, 12895] - 21.671255000000002
[34885, 12487, 33449] - 24.774540000000002
[34885, 10311] - 37.2719
[10307, 34885, 33449] - 19.453592999999998
[10315, 34885, 33449] - 18.742541
[33469, 34885, 12895] - 18.680909000000003
[33469, 34885, 33449] - 39.87644599999999
[12783, 12723] - 22.607400000000005
[12783, 12621] - 63.64900000000001
[12663, 12783] - 30.852900000000005
[10295, 12783] - 20.6204
[12483, 12783] - 18.8838
[12487, 12783] - 20.038600000000002
[12783, 10311] - 30.570100000000004
[10307, 12783] - 27.415099999999995
[10315, 12783] - 20.700000000000003
[12827, 12691, 12831] - 26.600466999999995
[12827, 12691, 12875] - 20.209341
[12703, 12827, 12691, 12695] - 18.99010922
[12827, 12691, 12895, 12695] - 19.37619592
[12827, 12691, 12679] - 25.019821
[12703, 12827, 12691, 12895] - 19.429048749999993
[10295, 12827, 12691] - 18.072893999999998
[12483, 12827, 12691] - 20.305894000000006
[12827, 12691, 12487] - 23.044344000000006
[10307, 12827, 12691] - 18.332545000000003
[33469, 12827, 12691] - 18.313083
[12827, 12691, 33449] - 27.969796000000013
[12691, 12355] - 24.56759999999999
[12819, 12691, 12831] - 20.888044999999998
[12819, 12691, 12695] - 25.641545999999998
[12703, 12819, 12691] - 20.513095999999997
[12819, 10295, 12691] - 30.36411
[12819, 12691, 12487] - 17.949713000000003
[10307, 12819, 12691] - 23.542786000000003
[10315, 12819, 12691] - 19.714596999999994
[12819, 12691, 12895] - 20.563609999999994
[12691, 10335] - 29.4957
[12691, 12875, 12831] - 23.561934000000004
[12703, 12691, 12695, 12831] - 19.931248990000007
[12691, 12487, 12695, 12831] - 17.928246299999994
[12691, 12895, 12695, 12831] - 18.911429570000003
[12691, 12679, 12831] - 24.006516
[10295, 12691, 12831] - 23.042592999999997
[12483, 12691, 12831] - 23.693996999999992
[10307, 12691, 12831] - 21.225997
[10315, 12691, 12831] - 18.239922
[33469, 12691, 12831] - 18.157637000000005
[12691, 33449, 12831] - 28.109854999999992
[34893, 12691, 12695] - 18.981796
[12703, 34893, 12691] - 22.544072000000007
[34893, 12691, 12487] - 18.539263000000002
[34893, 12691, 33449] - 18.47830300000001
[12715, 12691] - 19.7372
[12691, 12695, 12875] - 22.366331
[12691, 12679, 12875] - 19.355673999999997
[12703, 12691, 12875] - 24.867387999999995
[12483, 12691, 12875] - 20.470133999999995
[12691, 12487, 12875] - 22.605369000000007
[12691, 12895, 12875] - 25.410636000000004
[12691, 33449, 12875] - 18.849692
[12703, 12691, 12695, 12679] - 18.425988059999998
[12703, 12691, 12487, 12695] - 23.314159220000004
[12703, 12691, 12895, 12695] - 21.884782110000007
[12703, 12691, 12695, 33449] - 21.362586119999996
[10307, 10295, 12691, 12695] - 23.231120270000005
[12483, 12691, 12695] - 28.22572199999999
[12691, 12487, 12895, 12695] - 19.14837046
[12691, 12695, 10311] - 25.379073999999996
[10315, 12691, 12695] - 29.999009
[33469, 12691, 12695, 33449] - 23.691094510000006
[12691, 12895, 12695, 33449] - 19.88567184000001
[12691, 12621] - 22.975299999999997
[32213, 12691] - 35.081599999999995
[12483, 12691, 12679] - 19.693634000000003
[12691, 12487, 12679] - 21.386927999999994
[10307, 12691, 12679] - 19.260150999999997
[33469, 12691, 12679] - 18.459459999999993
[12691, 12895, 12679] - 27.803387
[12691, 12679, 33449] - 27.257011000000006
[12691, 12663] - 37.61820000000001
[12703, 10295, 12691] - 31.758266000000003
[12703, 12483, 12691, 12487] - 18.548942250000003
[12703, 12691, 12487, 12895] - 18.358625479999997
[12703, 12691, 10311] - 32.339172
[10307, 12703, 12691] - 28.270891999999996
[10315, 12703, 12691] - 27.765107000000018
[33469, 12703, 12691] - 22.865807
[10295, 12691, 12487] - 21.039116000000003
[10295, 12691, 10311] - 28.618721999999998
[10315, 10295, 12691] - 34.45465400000002
[33469, 10295, 12691] - 22.892231000000006
[10295, 12691, 12895] - 29.201431999999997
[10295, 12691, 33449] - 27.78961
[12483, 12691, 12895] - 20.453115
[12483, 12691, 33449] - 22.408245000000008
[12691, 12487, 10311] - 20.375039
[10315, 12691, 12487] - 20.941543999999997
[12691, 12487, 33449] - 24.667789999999993
[10307, 12691, 10311] - 25.406972999999997
[10315, 12691, 10311] - 29.242344000000006
[12691, 12895, 10311] - 18.029402
[10315, 10307, 12691] - 27.325657999999986
[33469, 10307, 12691] - 21.996570999999996
[10307, 12691, 12895] - 24.535628999999993
[10307, 12691, 33449] - 24.381116000000006
[10315, 12691, 12895] - 20.243862999999997
[10315, 12691, 33449] - 20.867848000000002
[33469, 12691, 12895] - 26.191031
[12659, 12355] - 18.789599999999997
[12659, 12663] - 21.699199999999994
[12659, 12483] - 18.732100000000003
[12659, 12487] - 19.326500000000003
[12659, 10311] - 19.752600000000005
[12827, 12355, 12875] - 17.941416000000004
[12827, 12355, 12895] - 18.86433900000001
[12819, 12827, 12831] - 21.315108999999996
[12819, 10295, 12827] - 21.45155200000001
[10307, 12819, 12827] - 20.642930999999997
[12819, 12827, 12895] - 27.041228000000007
[12827, 10335] - 30.637700000000002
[12827, 12895, 12831, 12875] - 18.755047310000002
[12703, 12827, 12695, 12831] - 18.478069939999997
[12827, 12895, 12679, 12831] - 19.41217707
[12703, 12827, 12895, 12831] - 17.94588265999999
[10295, 12827, 12831] - 24.795645000000004
[12483, 12827, 12831] - 26.95498800000001
[12827, 12487, 12831] - 24.113511000000003
[12827, 10311, 12831] - 20.473468000000004
[10307, 12827, 12831] - 28.037829
[10315, 12827, 12831] - 20.422082999999994
[33469, 12827, 12831] - 22.967473
[12827, 12431] - 19.5398
[12827, 34893, 12875] - 21.47828899999999
[12703, 12827, 34893] - 21.868658000000007
[12483, 12827, 34893] - 19.165399000000004
[12827, 34893, 12487] - 23.121987999999998
[12827, 34893, 12895] - 23.24362199999999
[12827, 34893, 33449] - 18.948831
[12715, 12827] - 27.448300000000003
[12827, 12723] - 27.3893
[12827, 12695, 12875] - 23.964238
[12827, 12679, 12875] - 24.732762000000005
[12703, 12827, 12895, 12875] - 18.518924069999997
[10295, 12827, 12875] - 19.781112
[12483, 12827, 12487, 12875] - 20.39231325
[12483, 12827, 12895, 12875] - 20.195354190000003
[12827, 12487, 12895, 12875] - 20.152399080000002
[12827, 10311, 12875] - 21.479635000000002
[10315, 12827, 12875] - 22.146807
[12827, 33449, 12875] - 24.996308000000006
[12703, 12827, 12695, 12679] - 20.39765063
[12827, 12895, 12695, 12679] - 20.876344959999997
[12703, 12827, 12487, 12695] - 19.93082892
[12703, 12827, 12895, 12695] - 28.44319601999999
[12703, 12827, 12695, 33449] - 20.269609399999993
[12827, 10295, 12895, 12695] - 19.11823915
[12483, 12827, 12695] - 25.584026000000005
[12827, 12487, 12895, 12695] - 19.587698950000004
[12827, 12695, 10311] - 25.081543
[10307, 12827, 12695] - 26.320783000000002
[10315, 12827, 12695] - 22.599207000000007
[33469, 12827, 12695] - 22.867017000000008
[12827, 12895, 12695, 33449] - 22.407249370000002
[12827, 12621] - 28.702999999999996
[32213, 12827, 12487] - 18.857587
[32213, 12827, 12895] - 21.989258
[12827, 12663, 12679] - 21.72128
[12703, 12827, 12895, 12679] - 25.192238350000004
[10295, 12827, 12679] - 25.323293000000003
[12483, 12827, 12895, 12679] - 18.114512339999997
[12827, 12487, 12679] - 25.328354999999995
[12827, 10311, 12679] - 20.469507
[10307, 12827, 12895, 12679] - 19.912817330000003
[10315, 12827, 12679] - 19.163019000000002
[33469, 12827, 12679] - 20.002209999999998
[12827, 12895, 12679, 33449] - 18.36311982
[10307, 12827, 12663] - 21.062272
[12827, 12663, 12895] - 33.786239
[12703, 12827, 10295, 10311] - 17.88179446
[10307, 12703, 12827, 10295] - 18.06548651
[12703, 12483, 12827, 12487] - 19.163467740000005
[12703, 12827, 12487, 12895] - 19.967728130000005
[12703, 12827, 12895, 10311] - 19.03596738
[10315, 12703, 12827] - 22.348623000000003
[33469, 12703, 12827] - 23.806449
[12703, 12827, 12895, 33449] - 21.9335723
[12483, 12827, 10295] - 21.379658999999993
[12827, 10295, 12487] - 24.329751000000005
[10307, 12827, 10295, 12895, 10311] - 18.591571734499997
[10315, 12827, 10295, 10311] - 21.83818077
[10315, 10307, 12827, 10295] - 21.268311219999998
[10315, 12827, 10295, 12895] - 24.495550470000005
[33469, 12827, 10295] - 22.965634999999995
[12827, 10295, 33449] - 26.26803900000001
[12483, 12827, 12487, 12895] - 22.422729690000004
[12483, 12827, 10311] - 25.372085999999992
[10307, 12483, 12827] - 23.643384
[10315, 12483, 12827] - 25.553487000000004
[12483, 12827, 12895, 33449] - 18.52713163
[12827, 12487, 10311] - 28.344151999999994
[10307, 12827, 12487] - 24.085924000000006
[10315, 12827, 12487] - 22.861302000000002
[12827, 12487, 33449] - 25.52142600000001
[10315, 10307, 12827, 10311] - 20.13133086
[10315, 12827, 12895, 10311] - 22.09008596
[12827, 10311, 33449] - 17.882693999999997
[10315, 10307, 12827, 12895] - 20.447186040000002
[33469, 10307, 12827] - 23.670693
[10307, 12827, 33449] - 24.994707000000002
[10315, 12827, 33449] - 22.077979000000003
[33469, 12827, 12895, 33449] - 27.045460079999994
[12715, 12751] - 25.5505
[12751, 12723] - 30.737099999999998
[12751, 12621] - 55.41259999999998
[12703, 12751] - 19.270699999999998
[10295, 12751] - 26.896599999999996
[12483, 12751] - 19.231800000000007
[12487, 12751] - 17.941000000000003
[12751, 10311] - 20.8425
[10307, 12751] - 25.8213
[10315, 12751] - 27.727899999999995
[12559, 12355] - 41.2629
[34893, 12355] - 22.8369
[10877, 12355] - 69.18050000000002
[12355, 12695] - 26.529500000000002
[12355, 12621] - 23.799
[12355, 12679] - 29.7031
[12703, 12355] - 27.205499999999997
[12483, 12487, 12355] - 18.667198
[12355, 10311] - 21.0269
[10307, 12355] - 22.4546
[10315, 12355] - 20.5989
[33469, 12355] - 20.835599999999996
[12559, 12431] - 27.973899999999997
[10877, 12559] - 50.19809999999999
[12559, 12621] - 25.432399999999998
[12559, 12663] - 21.122400000000003
[12559, 12483] - 18.8845
[12559, 12895] - 31.04169999999999
[12819, 10335] - 28.690700000000014
[12819, 12695, 12831] - 24.54316800000001
[12703, 12819, 12831] - 18.004322999999992
[10307, 12819, 10295, 12831] - 21.13986919
[12819, 12487, 12831] - 21.482861000000003
[12819, 10311, 12831] - 24.849367000000004
[10315, 12819, 12831] - 27.402435
[12819, 12895, 12831] - 28.030644000000006
[12819, 33449, 12831] - 19.396601999999998
[12819, 34893] - 18.0205
[12715, 12819] - 23.800200000000004
[12819, 12723] - 26.2151
[12819, 12875] - 36.7427
[12703, 12819, 12695] - 25.885287
[12819, 10295, 12695] - 31.35246799999999
[12819, 12695, 10311] - 20.962481
[10307, 12819, 12695] - 26.096579000000002
[10315, 12819, 12695] - 19.447085
[12819, 12895, 12695] - 20.080510999999998
[12819, 12695, 33449] - 19.212527
[12819, 12621] - 29.442000000000014
[32213, 12819] - 32.24579999999999
[12819, 12679] - 36.39079999999999
[12819, 12663] - 27.3571
[12703, 12819, 10295] - 24.481692999999986
[12703, 12819, 10311] - 22.099334000000002
[10307, 12703, 12819] - 20.78736900000001
[12703, 12819, 12895] - 17.925645999999997
[12819, 10295, 12487] - 20.801193
[10307, 12819, 10295, 10311] - 21.68498789
[10307, 12819, 10295, 12895] - 20.495753459999996
[10315, 12819, 10295] - 35.36388399999999
[33469, 12819, 10295] - 22.09149099999999
[12819, 10295, 33449] - 23.672027999999997
[12483, 12819, 12487] - 20.336223999999994
[12819, 12487, 10311] - 22.076227
[10315, 12819, 12487] - 20.987183999999996
[10315, 12819, 10311] - 25.895338000000002
[12819, 12895, 10311] - 19.898926999999997
[10315, 10307, 12819] - 27.79079700000001
[33469, 10307, 12819] - 20.806677999999998
[10307, 12819, 33449] - 21.263727000000003
[10315, 12819, 12895] - 22.16139799999999
[33469, 12819, 33449] - 29.220941999999994
[12819, 12895, 33449] - 17.919693999999996
[10315, 10335, 12831] - 20.68612599999999
[34893, 10335] - 19.5402
[12715, 10335] - 27.76350000000001
[12723, 10335] - 24.6488
[10315, 10335, 12875] - 23.211547000000003
[12695, 10335] - 33.389599999999994
[32213, 12487, 10335] - 21.681988999999998
[10315, 32213, 10335] - 22.702531
[12679, 10335] - 34.4499
[12703, 12487, 10335] - 20.169763999999997
[12703, 10311, 10335] - 19.847214000000005
[10315, 12703, 10335] - 24.294508000000004
[10307, 10295, 10311, 10335] - 20.62726951
[10315, 10295, 10311, 10335] - 28.026154749999993
[10315, 10307, 10295, 10335] - 27.063079820000006
[10295, 12895, 10335] - 20.224975999999995
[12483, 12487, 10335] - 20.196395000000003
[12483, 10311, 10335] - 21.105854
[10315, 12483, 10335] - 31.436964
[12487, 10311, 10335] - 19.133869999999998
[10315, 12487, 10335] - 26.41552700000001
[10315, 10307, 10311, 10335] - 21.750229719999997
[10307, 12895, 10335] - 18.394902
[10315, 12895, 10335] - 26.320369999999997
[10315, 33449, 10335] - 18.744872
[33469, 10335] - 30.515600000000003
[12431, 12831] - 20.8436
[12703, 34893, 12831] - 18.13417999999999
[34893, 12487, 12831] - 17.917258
[12715, 12831] - 28.236399999999996
[12723, 12831] - 31.221300000000003
[12695, 12831, 12875] - 24.659957000000002
[12679, 12831, 12875] - 23.74946799999999
[12703, 12831, 12875] - 25.804807999999987
[12483, 12487, 12831, 12875] - 19.196551400000004
[10315, 12831, 12875] - 20.606174999999997
[33449, 12831, 12875] - 20.740500000000004
[12703, 12695, 12679, 12831] - 20.01385399
[12895, 12695, 12679, 12831] - 18.76506837
[12703, 12487, 12695, 12831] - 20.032925589999998
[12703, 12895, 12695, 12831] - 20.502678499999995
[10307, 10295, 12695, 12831] - 19.004806640000005
[12483, 12695, 12831] - 25.866653000000003
[12695, 10311, 12831] - 22.341474
[10315, 12695, 12831] - 25.381162000000003
[33469, 12695, 12831] - 22.241062
[12895, 12695, 33449, 12831] - 18.143572009999993
[12621, 12831] - 32.031499999999994
[32213, 12831] - 41.1291
[12703, 12895, 12679, 12831] - 20.13609841
[10295, 12679, 12831] - 25.067708000000003
[12483, 12679, 12831] - 23.309348999999994
[12487, 12679, 12831] - 22.619179
[10311, 12679, 12831] - 19.717402999999997
[10307, 12679, 12831] - 22.045475
[10315, 12679, 12831] - 20.349804000000002
[12679, 33449, 12831] - 25.342914000000004
[12663, 12895, 12831] - 21.558455
[12703, 10295, 12831] - 26.094652999999987
[12703, 12483, 12487, 12831] - 18.389648129999994
[12703, 10311, 12831] - 24.42867499999999
[10307, 12703, 12831] - 25.410121999999994
[10315, 12703, 12831] - 20.205248000000005
[12703, 33449, 12831] - 25.877852999999995
[12483, 10295, 12831] - 19.748564
[10295, 12487, 12831] - 25.03305299999999
[10307, 10295, 10311, 12831] - 25.876798440000023
[10315, 10295, 10311, 12831] - 18.617542569999998
[10315, 10307, 10295, 12831] - 22.815774089999994
[10307, 10295, 12895, 12831] - 22.422513499999997
[33469, 10295, 12831] - 23.850662999999997
[10295, 33449, 12831] - 27.307253000000003
[12483, 10311, 12831] - 27.867464000000012
[10307, 12483, 12831] - 24.636025999999994
[10315, 12483, 12831] - 29.290344000000005
[12483, 12895, 12831] - 27.067581
[12483, 33449, 12831] - 23.072929999999996
[12487, 10311, 12831] - 30.917577999999995
[10307, 12487, 12831] - 27.994322
[10315, 12487, 12831] - 29.808949999999996
[33469, 12487, 12831] - 18.106416000000003
[12487, 12895, 12831] - 28.393431999999994
[12487, 33449, 12831] - 21.548679999999997
[10315, 10307, 10311, 12831] - 18.85820089
[12895, 10311, 12831] - 25.792971999999995
[33469, 10307, 12831] - 21.651629999999997
[10307, 33449, 12831] - 23.51933299999999
[33469, 10315, 12831] - 17.883697
[10315, 12895, 12831] - 26.673402
[10315, 33449, 12831] - 20.719226999999993
[33469, 12895, 33449, 12831] - 18.977720419999994
[12431, 12875] - 20.669400000000003
[10877, 12431] - 52.57409999999998
[12703, 12431] - 18.247600000000002
[12483, 12431] - 28.9753
[12487, 12431] - 22.874999999999993
[12431, 33449] - 20.92819999999999
[34893, 12695, 12875] - 21.41586
[32213, 12703, 34893, 12487, 12875] - 21.872057916999996
[32213, 12703, 34893, 10311, 12875] - 18.411007265299997
[32213, 34893, 12487, 10311, 12875] - 19.08211444909999
[34893, 12679, 12875] - 18.764885
[12703, 12483, 34893, 12875] - 23.17923272
[12703, 34893, 12487, 10311, 12875] - 18.866529075699994
[12483, 34893, 12487, 12875] - 31.145745440000006
[10315, 34893, 12875] - 19.263344
[34893, 12895, 12875] - 23.412135000000003
[34893, 33449, 12875] - 23.18210000000001
[34893, 12695, 12679] - 18.159581
[12703, 34893, 12487, 12695] - 21.759976800000008
[12483, 34893, 12695] - 24.117848000000006
[34893, 12695, 33449] - 23.76527
[32213, 12703, 12483, 34893] - 24.303429460000004
[32213, 12703, 34893, 12487, 10311] - 23.897513750399998
[32213, 10295, 34893] - 20.910114999999998
[32213, 12483, 34893, 12487] - 27.298475409999998
[32213, 12483, 34893, 10311] - 22.234038450000003
[10307, 32213, 34893] - 20.63219100000001
[10315, 32213, 34893] - 25.911312000000017
[12703, 34893, 12679] - 26.211657000000002
[12483, 34893, 12679] - 18.021994000000003
[34893, 12487, 12679] - 23.268644999999996
[34893, 12895, 12679] - 18.563990000000004
[34893, 12663] - 25.766899999999996
[12703, 10295, 34893] - 18.947754999999997
[12703, 12483, 34893, 12487] - 36.37776539999999
[12703, 12483, 34893, 10311] - 23.747224349999993
[10307, 12703, 34893] - 19.666218999999995
[10315, 12703, 34893] - 23.823614
[12703, 34893, 12895] - 22.238263000000007
[12703, 34893, 33449] - 27.500958000000004
[34893, 10295, 12487] - 18.751841
[34893, 10295, 10311] - 26.889617999999995
[10307, 34893, 10295] - 20.227864
[10315, 34893, 10295] - 18.516260999999997
[12483, 34893, 12487, 10311] - 27.72467538000001
[10315, 12483, 34893] - 22.987709999999996
[12483, 34893, 12895] - 18.568106999999998
[12483, 34893, 33449] - 21.792092
[10307, 34893, 12487] - 19.195297999999998
[10315, 34893, 12487] - 28.836446000000002
[33469, 34893, 12487] - 19.682612000000006
[34893, 12487, 12895] - 23.49908199999999
[34893, 12487, 33449] - 26.873539
[10307, 34893, 10311] - 24.395310999999996
[10315, 34893, 10311] - 28.69805400000001
[33469, 34893, 33449] - 28.456527
[34893, 12895, 33449] - 21.968826999999997
[12715, 10295, 12723] - 18.277254
[12715, 10315, 12723] - 19.535811999999993
[12715, 12875] - 19.3267
[12715, 12695] - 28.042000000000005
[12715, 12621] - 33.956100000000006
[12715, 32213] - 22.491
[12715, 12679] - 25.879900000000003
[12715, 12663] - 17.986500000000003
[12715, 12703] - 30.424799999999998
[12715, 10295, 10311] - 21.215434
[12715, 10307, 10295] - 22.079217999999997
[12715, 10315, 10295] - 21.921139999999998
[12715, 12483] - 30.4509
[12715, 12487] - 31.03429999999999
[12715, 10307, 10311] - 18.894089000000005
[12715, 10315, 10311] - 21.87832200000001
[12715, 33469, 33449] - 19.855568
[12715, 12895] - 49.09810000000001
[12695, 12723] - 28.234500000000008
[12723, 12621] - 41.2527
[32213, 12723] - 20.721200000000003
[12679, 12723] - 22.060399999999994
[12663, 12723] - 22.251500000000004
[12703, 12723] - 25.781699999999994
[10295, 10311, 12723] - 22.285470999999994
[10307, 10295, 12723] - 22.147144999999995
[10315, 10295, 12723] - 27.03292300000001
[12483, 12723] - 26.8392
[12487, 12723] - 34.2314
[10307, 12723, 10311] - 18.657110000000003
[10315, 12723, 10311] - 20.97433700000001
[10315, 10307, 12723] - 18.179725
[33469, 12723, 33449] - 19.689695000000004
[12895, 12723] - 60.48529999999998
[32213, 12695, 12875] - 18.125846000000003
[12695, 12679, 12875] - 25.571858
[12703, 12483, 12695, 12875] - 17.881199159999994
[12703, 12487, 12695, 12875] - 24.417760380000004
[12703, 12895, 12695, 12875] - 18.58635098
[10295, 12695, 12875] - 19.257005999999997
[12483, 12487, 12695, 12875] - 18.212592790000002
[12695, 10311, 12875] - 21.577131
[10315, 12695, 12875] - 18.624447
[12695, 33449, 12875] - 25.407756999999997
[12621, 12875] - 18.3418
[32213, 12703, 12483, 12875] - 18.22572183
[32213, 12703, 12487, 10311, 12875] - 22.262766444599997
[32213, 10295, 12875] - 18.134151000000003
[32213, 12483, 12487, 12875] - 24.50783029000001
[32213, 12483, 10311, 12875] - 19.368464879999998
[10315, 32213, 12875] - 25.854694999999996
[32213, 12895, 12875] - 18.210358000000003
[12703, 12487, 12679, 12875] - 18.21970063
[12483, 12679, 12875] - 24.68601499999999
[10311, 12679, 12875] - 19.942032999999988
[12895, 12679, 12875] - 28.625023
[12679, 33449, 12875] - 21.298898000000005
[12487, 12663, 12875] - 17.981803999999997
[12703, 10295, 12875] - 22.359664
[12703, 12483, 12487, 12875] - 34.439716120000014
[12703, 12483, 10311, 12875] - 23.702033460000006
[10315, 12703, 12487, 12875] - 21.480081930000004
[12703, 12487, 12895, 12875] - 18.7595901
[10315, 12703, 10311, 12875] - 19.3212215
[10307, 12703, 12875] - 20.811031999999994
[12703, 33449, 12875] - 25.013024999999995
[12483, 10295, 12875] - 20.484039
[10295, 12487, 10311, 12875] - 19.04342208
[10307, 10295, 10311, 12875] - 19.356245959999995
[10295, 12895, 10311, 12875] - 18.108831490000007
[10315, 10295, 12875] - 30.236660000000008
[12483, 12487, 10311, 12875] - 40.71355441000001
[10315, 12483, 12487, 12875] - 23.04444887999999
[12483, 12487, 12895, 12875] - 21.99056386
[10315, 12483, 10311, 12875] - 20.704521739999997
[10307, 12483, 12875] - 22.306735000000003
[12483, 33449, 12875] - 23.856691999999995
[10315, 12487, 10311, 12875] - 24.485384020000005
[10307, 12487, 12875] - 23.824633000000006
[33469, 12487, 12875] - 21.75831699999999
[12487, 33449, 12875] - 26.436711999999993
[10315, 10307, 12875] - 25.517232000000003
[10307, 12895, 12875] - 27.21140700000002
[10315, 12895, 12875] - 28.43025000000001
[33469, 12895, 12875] - 19.758309000000008
[33469, 33449, 12875] - 24.950878999999997
[12895, 33449, 12875] - 29.674311999999997
[10877, 12663] - 28.546499999999998
[10877, 12483] - 18.1447
[12695, 12621] - 29.9812
[32213, 12703, 12487, 12695] - 27.283263980000008
[32213, 12703, 12695, 10311] - 24.858240239999997
[32213, 10295, 12695] - 25.582819000000004
[32213, 12483, 12695] - 20.904284
[10307, 32213, 12695] - 23.254369000000004
[10315, 32213, 12695] - 27.112588000000006
[32213, 12895, 12695] - 19.079727000000002
[32213, 12695, 33449] - 19.306176999999995
[12663, 12695, 12679] - 20.003447
[12703, 10295, 12695, 12679] - 19.083398530000004
[12703, 12483, 12695, 12679] - 18.375753940000003
[12703, 12487, 12695, 12679] - 21.803356400000002
[12703, 12695, 10311, 12679] - 20.738997689999998
[10307, 12703, 12695, 12679] - 18.03342659
[12703, 12895, 12695, 12679] - 28.968544539999996
[12703, 12695, 12679, 33449] - 20.92164678
[10307, 10295, 12695, 12679] - 22.047807029999998
[10295, 12895, 12695, 12679] - 19.017411570000004
[10315, 12695, 12679] - 25.41906300000001
[33469, 12695, 12679] - 21.092703000000004
[12895, 12695, 12679, 33449] - 17.98264027
[12703, 12663, 12695] - 18.956046000000004
[10307, 12663, 12695] - 18.822638999999995
[12663, 12895, 12695] - 22.415535000000002
[12703, 10295, 12487, 12695] - 20.767575779999998
[10307, 12703, 10295, 12695, 10311] - 19.403042206900007
[10315, 12703, 10295, 12695] - 25.970001390000007
[12703, 10295, 12895, 12695] - 22.910358679999998
[12703, 12483, 12487, 12695] - 36.216441960000004
[12703, 12483, 12695, 10311] - 22.36666175
[12703, 12483, 12895, 12695] - 19.6527893
[12703, 12483, 12695, 33449] - 19.297712710000003
[12703, 12487, 12695, 10311] - 29.270467270000008
[10307, 12703, 12487, 12695] - 18.21882276
[10315, 12703, 12487, 12695] - 25.52367839
[12703, 12487, 12895, 12695] - 25.622505250000003
[12703, 12487, 12695, 33449] - 22.53099837000001
[10315, 12703, 12695, 10311] - 29.801904409999985
[12703, 12895, 12695, 10311] - 25.942615970000002
[10315, 10307, 12703, 12695] - 20.714528160000008
[10307, 12703, 12895, 12695] - 22.258406869999998
[10315, 12703, 12895, 12695] - 18.70116882
[33469, 12703, 12695, 33449] - 22.025019429999997
[12703, 12895, 12695, 33449] - 24.494444079999997
[12483, 10295, 12695] - 30.225981
[10295, 12487, 12695, 10311] - 19.435452759999997
[10307, 10295, 12487, 12695] - 18.366202530000006
[10315, 10295, 12487, 12695] - 18.446255410000006
[10315, 10295, 12695, 10311] - 27.330791520000005
[10295, 12895, 12695, 10311] - 23.192146279999996
[10315, 10307, 10295, 12695] - 27.059694810000007
[33469, 10307, 10295, 12695] - 20.404413879999993
[10307, 10295, 12895, 12695] - 29.468017879999998
[10307, 10295, 12695, 33449] - 23.67775097
[10315, 10295, 12895, 12695] - 18.6612014
[10315, 10295, 12695, 33449] - 18.044157440000006
[33469, 10295, 12695, 33449] - 22.593858109999996
[10295, 12895, 12695, 33449] - 18.383519970000002
[12483, 12487, 12695, 10311] - 20.226971980000002
[12483, 12487, 12895, 12695] - 19.258451150000006
[10307, 12483, 12695] - 24.341289
[10315, 12483, 12695] - 28.948919000000007
[10315, 12487, 12695, 10311] - 21.28801831
[33469, 12487, 12695] - 23.680308000000007
[12487, 12895, 12695, 33449] - 18.654881029999995
[10315, 10307, 12695, 10311] - 21.521986709999997
[10307, 12895, 12695, 10311] - 21.4615178
[33469, 12695, 10311] - 20.330215000000006
[12695, 10311, 33449] - 27.941762000000008
[33469, 10307, 12695, 33449] - 20.765852969999997
[33469, 10315, 12695] - 22.949972
[33469, 12895, 12695, 33449] - 23.251716410000007
[32213, 12621] - 31.523699999999995
[12679, 12621] - 38.4266
[12663, 12621] - 32.687599999999996
[12703, 12621] - 36.0908
[10295, 10311, 12621] - 23.682225999999993
[10307, 10295, 12621] - 25.570720000000005
[10315, 10295, 12621] - 20.118332000000006
[12483, 12487, 12621] - 20.131164000000002
[12483, 10311, 12621] - 18.818466000000004
[12487, 10311, 12621] - 20.479069000000006
[10307, 10311, 12621] - 20.608041999999994
[10315, 10311, 12621] - 22.296834
[10315, 10307, 12621] - 19.385012
[10307, 12895, 12621] - 21.770860999999996
[33469, 12621] - 30.961599999999994
[12621, 33449] - 31.962500000000006
[12703, 32213, 12679] - 25.565319999999996
[32213, 12487, 12679] - 21.826095999999996
[32213, 10311, 12679] - 21.760749999999998
[32213, 12663] - 28.601400000000005
[32213, 12703, 10295, 12487] - 19.38910576
[32213, 12703, 10295, 10311] - 22.59125379000001
[32213, 12703, 12483, 12487, 10311] - 22.546099720000004
[10315, 32213, 12703, 12483] - 18.57765004999999
[10315, 32213, 12703, 12487, 10311] - 20.320789726999998
[10307, 32213, 12703, 12487] - 21.09794507
[10307, 32213, 12703, 10311] - 23.59730259000001
[33469, 32213, 12703] - 23.127430999999998
[32213, 12703, 12895] - 26.117802999999988
[32213, 12703, 33449] - 26.562347999999993
[32213, 12483, 10295] - 27.267715999999993
[32213, 10295, 12487, 10311] - 22.25437842
[10315, 32213, 10295, 12487] - 19.44171286
[10307, 32213, 10295, 10311] - 22.611716190000003
[10315, 32213, 10295, 10311] - 20.402113000000007
[10315, 10307, 32213, 10295] - 18.142953030000005
[33469, 32213, 10295] - 20.249464
[32213, 10295, 12895] - 20.597046000000002
[32213, 10295, 33449] - 24.776099
[10315, 32213, 12483, 12487] - 24.090268639999994
[10315, 32213, 12483, 10311] - 20.796613539999996
[10307, 32213, 12483] - 26.1082
[10307, 32213, 12487, 10311] - 23.788429070000007
[10315, 10307, 32213, 12487] - 19.09311674
[33469, 32213, 12487] - 22.6994
[32213, 12487, 12895] - 25.060709
[32213, 12487, 33449] - 26.412318999999993
[10315, 10307, 32213, 10311] - 21.434579670000005
[33469, 32213, 10311] - 26.819834
[32213, 12895, 10311] - 23.413505999999998
[32213, 10311, 33449] - 25.460592
[33469, 10307, 32213] - 25.770166000000003
[10307, 32213, 12895] - 17.982263999999997
[33469, 10315, 32213] - 24.961122
[10315, 32213, 12895] - 18.930185
[10315, 32213, 33449] - 23.591636999999988
[33469, 32213, 33449] - 26.72168299999999
[32213, 12895, 33449] - 18.685571999999997
[12703, 12663, 12679] - 27.273149999999994
[10295, 12663, 12679] - 28.480909000000008
[12663, 10311, 12679] - 23.710141000000004
[10307, 12663, 12895, 12679] - 20.52435007000001
[10315, 12663, 12679] - 21.569056
[12703, 10295, 10311, 12679] - 20.930483010000003
[10307, 12703, 10295, 12679] - 21.04417863
[12703, 12483, 12487, 12679] - 20.910000399999998
[12703, 12487, 12895, 12679] - 18.5459667
[10307, 12703, 12679, 10311] - 18.671000820000003
[10315, 12703, 12679, 10311] - 19.371926490000003
[33469, 12703, 12679] - 24.367347000000002
[10295, 12487, 12679] - 18.273905
[10307, 10295, 12679, 10311] - 23.09320995000001
[10295, 12895, 12679, 10311] - 19.521076509999997
[10307, 10295, 12895, 12679] - 26.79682105000001
[10315, 10295, 12679] - 33.863291999999994
[33469, 10295, 12679] - 19.276737000000008
[10295, 12679, 33449] - 22.131311
[12483, 10311, 12679] - 25.141183999999992
[10307, 12483, 12679] - 21.566877
[10315, 12483, 12679] - 21.362721999999998
[12483, 12679, 33449] - 24.679419999999993
[12487, 10311, 12679] - 31.139263000000014
[10315, 12487, 12679] - 24.727738999999996
[12487, 12679, 33449] - 23.734861
[10315, 10307, 12679] - 27.917207
[33469, 10307, 12679] - 21.600094
[10307, 12679, 33449] - 22.316086999999996
[10315, 12895, 12679] - 34.64876399999999
[33469, 12895, 12679] - 22.919541
[33469, 12679, 33449] - 35.13922800000001
[12703, 12663, 10311] - 20.660976999999995
[10307, 12703, 12663] - 19.824986000000003
[12703, 12663, 12895] - 23.603171000000007
[10295, 12663, 10311] - 29.011836999999996
[10307, 10295, 12663] - 36.43532099999999
[10315, 10295, 12663] - 20.850006
[10295, 12663, 12895] - 29.607000999999997
[12483, 12487, 12663] - 21.678347
[12483, 12663, 10311] - 18.588289999999997
[10315, 12483, 12663] - 18.425713
[12663, 12487, 10311] - 23.393301
[12663, 12487, 12895] - 18.686322000000004
[10307, 12663, 10311] - 25.295121999999996
[10315, 12663, 10311] - 23.03707000000001
[12663, 12895, 10311] - 24.882933999999988
[10315, 10307, 12663] - 19.692025
[10315, 12663, 12895] - 26.178241000000007
[33469, 12663, 33449] - 18.282549999999997
[12663, 12895, 33449] - 20.401650000000007
[12703, 12483, 10295, 12487] - 18.97741341
[12703, 12483, 10295, 10311] - 21.39259085
[12703, 10295, 12487, 10311] - 27.471445429999992
[10307, 12703, 10295, 12487] - 19.765558730000006
[10315, 12703, 10295, 12487] - 20.4107163
[10315, 12703, 10295, 10311] - 30.30017954
[12703, 10295, 12895, 10311] - 22.81074279
[10315, 10307, 12703, 10295] - 24.523305220000008
[10307, 12703, 10295, 12895] - 22.40954165999999
[33469, 12703, 10295] - 24.40508199999999
[12703, 10295, 33449] - 31.95839599999999
[10307, 12703, 12483, 12487] - 18.07345521
[10315, 12703, 12483, 12487] - 28.980753019999995
[12703, 12483, 12487, 12895] - 20.125422499999992
[12703, 12483, 12487, 33449] - 18.51673709999999
[10307, 12703, 12483, 10311] - 19.509536699999995
[10315, 12703, 12483, 10311] - 25.652510109999994
[33469, 12703, 12483] - 18.267843000000003
[10307, 12703, 12487, 10311] - 26.676201090000003
[10315, 10307, 12703, 12487] - 20.721988269999997
[33469, 12703, 12487] - 31.713179
[12703, 12487, 12895, 33449] - 18.81891149
[10315, 10307, 12703, 10311] - 26.785339400000005
[10307, 12703, 12895, 10311] - 20.683442410000005
[10315, 12703, 12895, 10311] - 18.825120230000003
[33469, 12703, 10311] - 29.941989000000003
[12703, 10311, 33449] - 32.31314100000001
[33469, 10307, 12703] - 30.372470999999997
[10307, 12703, 33449] - 23.634752000000002
[33469, 10315, 12703] - 25.432689000000003
[10315, 12703, 33449] - 27.840985000000007
[33469, 12703, 12895, 33449] - 18.30515736999999
[12483, 10295, 12487, 10311] - 32.97984976999999
[10307, 12483, 10295, 12487] - 24.338786840000004
[10315, 12483, 10295, 12487] - 25.74404804000001
[10307, 12483, 10295, 10311] - 27.174825289999976
[10315, 12483, 10295, 10311] - 25.060034890000004
[10315, 10307, 12483, 10295] - 20.03056984
[12483, 10295, 12895] - 27.305364000000008
[12483, 10295, 33449] - 26.064170999999998
[10307, 10295, 12487, 10311] - 33.60110111
[10315, 10295, 12487, 10311] - 33.38827941999999
[10295, 12487, 12895, 10311] - 21.255848649999997
[10315, 10307, 10295, 12487] - 27.91381991
[10307, 10295, 12487, 12895] - 18.446463459999997
[10315, 10295, 12487, 12895] - 18.632294779999995
[33469, 10295, 12487] - 19.991659
[10295, 12487, 33449] - 23.83261
[33469, 10307, 10295, 10311] - 21.20743026
[10307, 10295, 10311, 33449] - 21.412126029999996
[10315, 10295, 12895, 10311] - 30.762444080000005
[10315, 10295, 10311, 33449] - 19.045432669999997
[33469, 10295, 10311, 33449] - 21.518821309999996
[33469, 10315, 10307, 10295] - 19.05673862
[10315, 10307, 10295, 12895] - 30.05297331000001
[10315, 10307, 10295, 33449] - 19.657120920000008
[33469, 10307, 10295, 12895] - 20.598755999999998
[33469, 10307, 10295, 33449] - 32.67489411
[10307, 10295, 12895, 33449] - 21.191294600000003
[10315, 33469, 10295, 33449] - 22.882408460000004
[33469, 10295, 12895, 33449] - 22.260971640000005
[10307, 12483, 12487, 10311] - 29.98002308999999
[10315, 12483, 12487, 10311] - 40.75870966999999
[10315, 10307, 12483, 12487] - 22.72277898
[33469, 12483, 12487] - 28.05842600000001
[10315, 10307, 12483, 10311] - 23.124176119999994
[12483, 12895, 10311] - 30.13176
[12483, 10311, 33449] - 22.707505
[10307, 12483, 12895] - 27.775237999999987
[10307, 12483, 33449] - 20.193247999999993
[10315, 12483, 12895] - 29.800877
[10315, 12483, 33449] - 23.58830900000001
[33469, 12483, 33449] - 31.088884000000004
[10315, 10307, 12487, 10311] - 31.426745020000013
[10307, 12487, 12895, 10311] - 19.249935529999995
[33469, 12487, 10311] - 29.117461
[12487, 10311, 33449] - 28.832206000000003
[33469, 10307, 12487] - 25.06941699999999
[33469, 10315, 12487] - 25.579761999999995
[10315, 12487, 33449] - 26.102878000000004
[33469, 12487, 12895] - 23.445467000000004
[33469, 12487, 33449] - 36.29201599999999
[33469, 10315, 10307, 10311] - 19.77331061
[10315, 10307, 12895, 10311] - 24.313250599999996
[33469, 10307, 10311, 33449] - 18.584621820000002
[33469, 12895, 10311] - 22.840836999999997
[12895, 10311, 33449] - 27.902390000000004
[33469, 10307, 12895, 33449] - 21.03098086000001
[10315, 33469, 12895] - 24.890121999999995
[10315, 12895, 33449] - 33.027701000000015
