Total itemsets found: 7567
Elapsed time: 8554ms
[75] - 426.0999999999999
[58] - 426.44000000000034
[84] - 426.9099999999993
[28] - 430.91999999999985
[33] - 435.9200000000001
[98] - 451.2200000000001
[64] - 514.22
[68] - 555.2199999999993
[47, 90] - 423.0054000000001
[46, 41] - 435.71209999999996
[46, 97] - 441.05919999999935
[46, 94] - 444.40649999999965
[46, 36] - 443.0971999999994
[46, 90] - 443.88050000000027
[114, 7] - 446.6905000000003
[7, 63] - 445.3151000000003
[24, 7] - 433.4796999999998
[7, 94] - 435.1456999999999
[36, 7] - 441.04480000000024
[90, 7] - 465.8339
[123, 63] - 426.6902
[24, 123] - 479.8682000000003
[123, 38] - 425.38820000000027
[123, 97] - 481.41070000000025
[123, 90] - 475.2837999999999
[104, 21] - 431.63349999999986
[88, 79, 21] - 439.2956490000002
[88, 94, 21] - 437.17053999999956
[88, 36, 21] - 441.26332499999995
[88, 90, 21] - 446.5629460000001
[79, 94, 21] - 443.5851519999997
[79, 36, 21] - 446.1193279999995
[79, 90, 21] - 452.14809200000036
[71, 21] - 436.60369999999995
[67, 21] - 445.5775000000001
[41, 21] - 432.65819999999974
[97, 21] - 496.0364999999999
[36, 94, 21] - 443.5442429999997
[90, 94, 21] - 449.0016729999997
[36, 90, 21] - 452.7148440000009
[22, 55, 41] - 421.03633999999954
[22, 55, 38] - 428.9810769999998
[22, 55, 97] - 424.15222099999977
[22, 55, 94] - 426.051763
[22, 55, 36] - 430.82567699999976
[22, 55, 90] - 429.11344900000074
[22, 38, 41] - 427.0877880000002
[22, 94, 41] - 424.8040699999997
[22, 36, 41] - 425.5658709999997
[22, 90, 41] - 426.27260399999983
[22, 38, 97] - 426.00820099999964
[22, 38, 94] - 432.907325
[22, 36, 38] - 433.2085719999992
[22, 38, 90] - 432.06275699999975
[22, 94, 97] - 444.12923599999993
[22, 36, 97] - 448.38119299999994
[22, 90, 97] - 448.41042299999975
[22, 36, 94] - 450.340251
[22, 90, 94] - 450.0870569999999
[22, 36, 90] - 454.1119989999995
[44, 31] - 435.08259999999973
[44, 104] - 485.2280999999997
[44, 1, 90] - 422.5821530000004
[88, 44] - 423.8085999999992
[44, 79] - 432.3564999999992
[44, 71] - 517.9348
[44, 67] - 555.5119000000002
[44, 41] - 534.1138999999995
[44, 38] - 455.5790999999996
[44, 94, 97] - 443.7301449999998
[44, 36, 97] - 439.0350699999996
[44, 90, 97] - 465.7662520000002
[44, 36, 94] - 443.8836449999995
[44, 90, 94] - 444.5974000000003
[44, 36, 90] - 440.0036939999998
[24, 2, 125] - 421.45982099999986
[2, 125, 38] - 422.56943800000056
[2, 125, 97] - 426.383039
[2, 125, 94] - 422.38435400000003
[2, 36, 125] - 428.2018630000005
[2, 125, 90] - 426.55865800000015
[125, 120] - 447.8788000000003
[24, 36, 125] - 426.4280550000002
[24, 125, 90] - 424.1394730000005
[125, 38, 97] - 462.5899850000003
[125, 38, 94] - 477.6931140000005
[36, 125, 38] - 483.4346420000001
[125, 38, 90] - 479.9883029999998
[125, 94, 97] - 463.90503099999984
[36, 125, 97] - 469.53331300000065
[125, 90, 97] - 467.2371200000003
[36, 125, 94] - 483.6398080000002
[125, 90, 94] - 481.25186199999945
[36, 125, 90] - 488.09646300000014
[23, 53] - 550.7477000000002
[31, 53] - 459.61800000000005
[104, 53] - 551.2951
[1, 53] - 552.5098000000002
[88, 53] - 423.8424999999998
[79, 53] - 478.0149000000001
[71, 53] - 534.4706000000004
[67, 94, 53] - 430.0479220000001
[67, 36, 53] - 438.39718999999945
[67, 90, 53] - 436.0931670000003
[94, 41, 53] - 423.97954900000036
[36, 41, 53] - 424.5669489999995
[90, 41, 53] - 427.38272499999977
[38, 94, 53] - 432.9769940000001
[36, 38, 53] - 435.5021209999994
[38, 90, 53] - 436.8181799999997
[97, 53] - 531.5153000000004
[36, 94, 53] - 516.1698160000003
[90, 94, 53] - 518.1508260000003
[36, 90, 53] - 523.699183
[110, 102, 29] - 542.3283719999997
[110, 102, 70] - 544.4870340000008
[66, 110, 102] - 546.0667459999997
[55, 110, 102] - 543.042977
[110, 57, 102] - 543.8389430000002
[110, 2, 102] - 547.5846629999999
[110, 24, 102] - 541.4102319999995
[110, 102, 41] - 540.1313390000005
[110, 102, 38] - 544.3782599999998
[110, 102, 97] - 542.827128
[110, 102, 94] - 546.4785050000005
[110, 36, 102] - 543.1928869999995
[110, 102, 90] - 541.110618
[102, 29, 70] - 546.2225210000003
[66, 102, 29] - 547.6688670000004
[55, 102, 29] - 541.7675339999993
[57, 102, 29] - 545.4497960000001
[2, 102, 29] - 547.8306629999995
[24, 102, 29] - 542.0729960000003
[102, 29, 41] - 541.3127209999999
[102, 38, 29] - 545.3552259999997
[102, 29, 97] - 542.6776850000011
[102, 29, 94] - 547.7382539999996
[36, 102, 29] - 543.692385
[102, 90, 29] - 544.480029
[66, 102, 70] - 548.8092969999996
[55, 102, 70] - 545.7290390000002
[57, 102, 70] - 546.8539610000009
[2, 102, 70] - 549.5767220000006
[24, 102, 70] - 545.0483010000005
[102, 70, 41] - 543.7368890000008
[102, 38, 70] - 547.2720189999997
[102, 70, 97] - 544.991619000001
[102, 70, 94] - 550.8859939999992
[36, 102, 70] - 545.2116370000001
[102, 90, 70] - 544.1919089999996
[55, 66, 102] - 547.0959270000006
[66, 57, 102] - 549.7032939999995
[66, 2, 102] - 550.9016310000001
[66, 24, 102] - 547.7693280000001
[66, 102, 41] - 545.1477400000003
[66, 102, 38] - 550.2591239999999
[66, 102, 97] - 546.7694110000003
[66, 102, 94] - 551.5011639999991
[66, 36, 102] - 546.6019560000007
[66, 102, 90] - 547.3200380000011
[55, 57, 102] - 544.3756309999995
[55, 2, 102] - 546.1680420000009
[55, 24, 102] - 540.7609739999996
[55, 102, 41] - 540.0855870000003
[55, 102, 38] - 543.9834839999994
[55, 102, 97] - 542.4052300000003
[55, 102, 94] - 546.055228999999
[55, 36, 102] - 542.755962000001
[55, 102, 90] - 541.817464
[2, 57, 102] - 548.3733639999995
[24, 57, 102] - 545.0094019999999
[57, 102, 41] - 543.7409859999999
[57, 102, 38] - 547.3656709999995
[57, 102, 97] - 544.8356470000007
[57, 102, 94] - 548.6358169999999
[57, 36, 102] - 544.5009839999998
[57, 102, 90] - 545.1395569999991
[24, 2, 102] - 547.3658099999993
[2, 102, 41] - 545.2657209999995
[2, 102, 38] - 550.4065559999993
[2, 102, 97] - 547.2761500000004
[2, 102, 94] - 552.4860240000006
[2, 36, 102] - 547.2699449999998
[2, 102, 90] - 546.1984880000008
[24, 102, 41] - 540.8350399999995
[24, 102, 38] - 544.9876139999994
[24, 102, 97] - 542.5396230000003
[24, 102, 94] - 547.1216319999999
[24, 36, 102] - 542.4906350000007
[24, 102, 90] - 542.1795410000013
[102, 38, 41] - 543.2151120000009
[102, 41, 97] - 539.665024
[102, 94, 41] - 544.8657990000002
[36, 102, 41] - 539.649938
[102, 90, 41] - 540.4319319999995
[102, 38, 97] - 543.9856750000002
[102, 38, 94] - 549.8850520000001
[36, 102, 38] - 544.3336270000004
[102, 38, 90] - 543.2995440000007
[102, 94, 97] - 547.9831010000003
[36, 102, 97] - 542.1454690000006
[102, 90, 97] - 541.6981180000004
[36, 102, 94] - 547.4061969999996
[102, 90, 94] - 546.1892580000009
[102, 36, 90] - 542.317406
[122, 39, 60] - 426.2515720000004
[100, 39, 60] - 432.45446400000066
[39, 60, 31] - 432.82019100000036
[1, 39, 60] - 430.15836500000097
[88, 39, 60] - 433.60638300000016
[79, 39, 60] - 430.95657300000033
[56, 39, 60] - 428.9697250000001
[24, 39, 60] - 436.9391139999996
[39, 60, 41] - 429.28408099999996
[39, 60, 97] - 430.9173330000007
[39, 60, 94] - 432.12473500000016
[36, 39, 60] - 428.1672830000002
[39, 90, 60] - 425.385248
[100, 122, 60] - 426.8687189999997
[122, 60, 31] - 427.6502199999997
[1, 122, 60] - 424.9134330000004
[88, 122, 60] - 481.03285300000005
[122, 79, 60] - 479.5920859999999
[56, 122, 60] - 423.58317599999964
[122, 24, 60] - 430.5866590000002
[122, 60, 41] - 422.34501300000016
[122, 60, 97] - 480.06296800000024
[122, 60, 94] - 478.5658739999996
[122, 36, 60] - 477.2045530000002
[122, 90, 60] - 473.7925780000003
[100, 60, 31] - 435.4534920000003
[1, 100, 60] - 432.5022630000003
[88, 100, 60] - 435.2875369999999
[100, 79, 60] - 433.4362950000002
[56, 100, 60] - 430.3055810000006
[100, 24, 60] - 438.14271600000006
[100, 60, 41] - 431.59013700000025
[100, 60, 97] - 433.62849900000015
[100, 60, 94] - 434.4543019999997
[100, 36, 60] - 431.2935850000005
[100, 90, 60] - 428.61465200000055
[1, 60, 31] - 472.3386799999997
[88, 60, 31] - 475.8247959999999
[79, 60, 31] - 473.64668399999994
[56, 60, 31] - 430.5649790000005
[24, 60, 31] - 477.368125
[60, 41, 31] - 430.24065400000046
[60, 97, 31] - 472.40759400000053
[60, 94, 31] - 472.6929089999993
[36, 60, 31] - 470.2353279999994
[90, 60, 31] - 468.19011199999954
[88, 1, 60] - 474.05492900000115
[1, 79, 60] - 470.9207690000007
[56, 1, 60] - 428.20350599999955
[1, 24, 60] - 475.70888099999974
[1, 60, 41] - 427.98099099999973
[1, 60, 97] - 470.6815639999999
[1, 60, 94] - 469.8829540000004
[1, 36, 60] - 466.90688200000005
[1, 90, 60] - 466.4576930000003
[88, 79, 60, 97] - 433.57862522000045
[88, 79, 60, 94] - 433.15220702999994
[88, 79, 36, 60] - 433.2503542400009
[88, 79, 90, 60] - 431.66256928000047
[88, 56, 60] - 430.72703500000034
[88, 24, 60] - 478.79741500000006
[88, 60, 41] - 431.1975949999997
[88, 60, 94, 97] - 431.9258140699997
[88, 36, 60, 97] - 432.8601531199995
[88, 90, 60, 97] - 431.7853325000006
[88, 36, 60, 94] - 430.77190442000057
[88, 90, 60, 94] - 429.3341756500002
[88, 36, 90, 60] - 429.7013538800001
[56, 79, 60] - 428.7315770000003
[24, 79, 60] - 476.3943560000004
[79, 60, 41] - 428.9238859999999
[79, 60, 94, 97] - 431.1611438399997
[79, 36, 60, 97] - 431.2154394899999
[79, 90, 60, 97] - 429.36398861999936
[79, 36, 60, 94] - 430.74828954999987
[79, 90, 60, 94] - 428.49757543999954
[79, 36, 90, 60] - 428.12550316000033
[56, 24, 60] - 433.739425
[56, 60, 41] - 426.9733070000005
[56, 60, 97] - 428.7985620000005
[56, 60, 94] - 430.3358889999997
[56, 36, 60] - 427.6689930000004
[56, 90, 60] - 424.7269899999998
[24, 60, 41] - 433.85236699999973
[24, 60, 97] - 475.5614320000004
[24, 60, 94] - 475.4398619999998
[24, 36, 60] - 472.1899830000002
[24, 90, 60] - 471.30836199999976
[71, 60] - 482.15349999999916
[67, 60] - 488.28910000000036
[60, 41, 97] - 428.968579
[60, 94, 41] - 429.4009449999994
[36, 60, 41] - 426.06765000000036
[90, 60, 41] - 423.8332270000002
[36, 60, 94, 97] - 429.8731961000002
[90, 60, 94, 97] - 428.1214551400006
[36, 90, 60, 97] - 428.2762298900001
[36, 90, 60, 94] - 425.9776292000003
[122, 119] - 539.0060000000002
[104, 119] - 483.17000000000064
[88, 1, 119] - 429.13422400000024
[1, 79, 119] - 431.83738799999975
[1, 119, 41] - 423.9149809999999
[1, 119, 94] - 431.28976200000017
[1, 36, 119] - 433.2519699999998
[1, 90, 119] - 429.5341659999999
[88, 79, 119, 94] - 435.6572383399998
[88, 79, 36, 119] - 437.4967675599998
[88, 79, 90, 119] - 437.4516209700006
[88, 119, 41] - 480.56948200000016
[88, 119, 97] - 513.3114790000001
[88, 36, 119, 94] - 435.0401877099996
[88, 90, 119, 94] - 435.2074778700002
[88, 36, 90, 119] - 437.6756997000004
[79, 119, 41] - 480.9497629999996
[79, 119, 97] - 515.2228580000003
[79, 36, 119, 94] - 438.3168793599998
[79, 90, 119, 94] - 439.2292711000002
[79, 36, 90, 119] - 440.4866802199995
[24, 119] - 429.5982000000001
[119, 71] - 489.68049999999965
[67, 119] - 549.1163999999995
[119, 94, 41] - 481.85930199999945
[36, 119, 41] - 481.76269699999915
[90, 119, 41] - 481.4700940000001
[119, 94, 97] - 514.3484669999996
[36, 119, 97] - 516.2606459999994
[90, 119, 97] - 516.9903110000004
[36, 90, 119, 94] - 437.8310959899999
[45, 20] - 482.8854000000003
[114, 20] - 522.7057000000001
[63, 20] - 515.9167000000001
[42, 20] - 492.79429999999985
[100, 20] - 503.3245999999998
[128, 20] - 487.95020000000005
[11, 20] - 427.6146000000003
[2, 20] - 491.06799999999987
[56, 20, 120] - 478.08180299999987
[38, 20, 120] - 470.2037090000001
[97, 20, 120] - 481.60234700000024
[94, 20, 120] - 477.5179920000009
[36, 20, 120] - 480.2057640000001
[90, 20, 120] - 483.3558570000008
[56, 71, 20] - 424.6842410000003
[67, 56, 20] - 422.17503200000016
[56, 38, 97, 20] - 443.2318992299993
[56, 38, 94, 20] - 442.21505306000074
[56, 36, 38, 20] - 445.0146903799991
[56, 38, 90, 20] - 446.7225578799998
[56, 94, 20, 97] - 449.8836457700004
[56, 36, 20, 97] - 451.23157397000085
[56, 90, 20, 97] - 453.90469212000056
[56, 36, 94, 20] - 451.17275606999993
[56, 90, 94, 20] - 452.91334349000005
[56, 36, 90, 20] - 455.40491363
[24, 20] - 493.94749999999897
[38, 71, 20] - 439.81392800000054
[71, 97, 20] - 427.82182900000043
[71, 94, 20] - 443.50370300000003
[36, 71, 20] - 449.28311600000063
[90, 71, 20] - 453.14770400000003
[67, 38, 20] - 433.413122
[67, 97, 20] - 423.1323220000006
[67, 94, 20] - 442.06754900000084
[67, 36, 20] - 445.2652200000003
[67, 90, 20] - 450.197541
[38, 94, 20, 97] - 443.88800698999984
[36, 38, 20, 97] - 446.29047631000003
[38, 90, 20, 97] - 448.9582600000005
[36, 38, 94, 20] - 460.9886411799998
[38, 90, 94, 20] - 465.6696244899997
[36, 38, 90, 20] - 467.39090242999964
[36, 94, 20, 97] - 453.3210433200003
[90, 94, 20, 97] - 456.38371900999994
[36, 90, 20, 97] - 457.87558592000016
[36, 90, 94, 20] - 473.9553459399998
[57, 50, 97] - 442.4467680000003
[57, 94, 50] - 443.03411600000027
[57, 36, 50] - 447.8770840000003
[57, 90, 50] - 445.350401
[50, 31] - 460.08930000000015
[5, 50] - 441.2626999999995
[104, 50] - 488.0356999999995
[1, 50] - 514.8799999999999
[88, 50] - 473.4737000000002
[79, 50] - 471.0474999999998
[56, 50] - 458.11379999999974
[24, 50] - 485.63030000000015
[71, 50] - 462.68299999999977
[67, 50] - 504.6695999999996
[38, 50, 41] - 431.54217199999965
[50, 41, 97] - 540.6469360000003
[36, 50, 94, 41] - 436.1811388099998
[90, 50, 94, 41] - 432.89405964999935
[36, 90, 50, 41] - 438.4907752500005
[38, 50, 97] - 482.29521600000004
[38, 94, 50] - 485.0656070000007
[36, 38, 50] - 488.8245629999997
[38, 90, 50] - 485.9574660000002
[36, 50, 94, 97] - 466.0971875700008
[90, 50, 94, 97] - 464.55873102
[36, 90, 50, 97] - 468.6819444399993
[36, 90, 50, 94] - 497.67058560000135
[100, 122, 39] - 427.64114800000027
[122, 24, 39, 31] - 421.15286630000014
[1, 122, 39] - 551.1106099999994
[88, 122, 39] - 553.9156329999998
[122, 79, 39] - 551.555238
[56, 122, 39] - 425.2042750000003
[122, 39, 41] - 544.9493140000003
[122, 39, 97] - 427.75707899999935
[122, 39, 94] - 549.8340700000006
[122, 36, 39] - 546.2246720000002
[122, 39, 90] - 547.5853199999999
[39, 9] - 439.13259999999934
[12, 39] - 422.2436000000001
[100, 39, 31] - 468.38187900000025
[1, 100, 39] - 463.4177599999992
[88, 100, 39] - 437.2702279999995
[100, 79, 39] - 461.58981000000034
[56, 100, 39] - 430.460799
[100, 24, 39] - 472.86758299999934
[100, 39, 41] - 432.0371770000001
[100, 39, 97] - 467.08796300000023
[100, 39, 94] - 465.1154289999992
[100, 36, 39] - 463.25611900000007
[100, 39, 90] - 460.33833000000084
[88, 1, 39, 31] - 423.6547261900001
[1, 79, 39, 31] - 444.3008583700002
[1, 24, 39, 31] - 448.8695004700004
[1, 39, 94, 31] - 444.43553196999983
[1, 36, 39, 31] - 441.84278780999983
[1, 39, 90, 31] - 441.01291009999943
[88, 79, 39, 31] - 426.2296209599997
[88, 24, 39, 31] - 427.7139278000003
[88, 39, 94, 31] - 425.3635523799994
[88, 36, 39, 31] - 422.7074806500011
[88, 39, 90, 31] - 423.2752615400004
[24, 79, 39, 31] - 448.26516511999984
[79, 39, 94, 31] - 447.5277477999993
[79, 36, 39, 31] - 442.83412268
[79, 39, 90, 31] - 442.5432743900008
[56, 39, 31] - 430.8839690000013
[24, 39, 41, 31] - 422.0634978200003
[24, 39, 94, 31] - 448.1181560400002
[24, 36, 39, 31] - 447.6205876200001
[24, 39, 90, 31] - 446.9991304500002
[39, 97, 31] - 471.04736600000064
[36, 39, 94, 31] - 442.83769162000044
[39, 90, 94, 31] - 442.8092417799999
[36, 39, 90, 31] - 441.57931719000067
[5, 39] - 441.3176999999993
[88, 1, 79, 39] - 451.4728836900004
[88, 1, 24, 39] - 424.90281747999995
[88, 1, 39, 94] - 450.7314422200005
[88, 1, 36, 39] - 448.5008721800003
[88, 1, 39, 90] - 449.1031668199997
[1, 24, 79, 39] - 445.60828135999964
[1, 79, 39, 94] - 472.70089959000063
[1, 79, 36, 39] - 468.49018337999985
[1, 79, 39, 90] - 468.2289254699999
[56, 1, 39] - 471.26071100000024
[1, 24, 39, 94] - 445.55117039
[1, 24, 36, 39] - 442.5731845300001
[1, 24, 39, 90] - 442.71310482999996
[1, 39, 41] - 552.027958
[1, 39, 97] - 504.965128
[1, 36, 39, 94] - 468.6600901799999
[1, 39, 90, 94] - 468.43578119999995
[1, 36, 39, 90] - 465.39174857000046
[88, 24, 79, 39] - 456.66493841999994
[88, 79, 39, 94] - 484.65143692999885
[88, 79, 36, 39] - 479.87204246999966
[88, 79, 39, 90] - 482.5908898499999
[88, 56, 39] - 473.79032700000107
[88, 24, 39, 41] - 421.79228222
[88, 24, 39, 94] - 453.92047488999975
[88, 24, 36, 39] - 451.11221034999943
[88, 24, 39, 90] - 453.6730752199997
[88, 39, 97] - 521.821279000001
[88, 36, 39, 94] - 477.78659608999914
[88, 39, 90, 94] - 480.8488111300007
[88, 36, 39, 90] - 477.4561046899999
[56, 79, 39] - 468.8382190000001
[79, 24, 39, 94] - 477.36887919999947
[79, 24, 36, 39] - 472.62575778999997
[79, 24, 39, 90] - 474.0647963000001
[79, 39, 41] - 552.6666070000003
[79, 39, 97] - 547.1521169999993
[79, 36, 39, 94] - 500.05848374000027
[79, 39, 90, 94] - 502.18759482000013
[79, 36, 39, 90] - 497.60567700999957
[56, 24, 39] - 436.128731
[56, 39, 41] - 428.1124840000003
[56, 39, 97] - 470.7036009999997
[56, 39, 94] - 472.3567659999997
[56, 36, 39] - 467.33999499999896
[56, 39, 90] - 464.9389130000005
[24, 39, 97] - 515.0338680000009
[24, 36, 39, 94] - 470.80947629999935
[24, 39, 90, 94] - 472.55373088000005
[24, 36, 39, 90] - 471.6803640999997
[39, 71] - 498.5757999999995
[67, 39] - 497.4084000000005
[39, 41, 97] - 430.4201419999997
[39, 94, 41] - 551.2650659999998
[36, 39, 41] - 547.6726319999998
[39, 90, 41] - 548.813584000001
[39, 94, 97] - 550.2002300000004
[36, 39, 97] - 547.8997140000001
[39, 90, 97] - 547.3546090000011
[36, 39, 90, 94] - 496.13826628000044
[110, 29, 70] - 544.1772939999996
[66, 110, 29] - 545.3699190000001
[55, 110, 29] - 542.1377800000007
[110, 2, 57, 29] - 500.4120313399999
[110, 57, 29, 41] - 493.1137228500007
[110, 57, 38, 29] - 498.6319113200003
[110, 57, 29, 97] - 494.5962245700005
[110, 57, 29, 94] - 498.4410273899998
[110, 57, 36, 29] - 495.8172292400003
[110, 57, 90, 29] - 499.3865660500002
[110, 2, 29, 41] - 497.3194190799997
[110, 2, 38, 29] - 503.87721192000026
[110, 2, 29, 97] - 499.49177877999944
[110, 2, 29, 94] - 503.9861815299996
[110, 2, 36, 29] - 501.22224139999946
[110, 2, 90, 29] - 503.379384079999
[110, 24, 29] - 540.4688650000005
[110, 38, 29, 41] - 494.66428637000047
[110, 29, 41, 97] - 490.8301914399997
[110, 29, 94, 41] - 494.8180172200002
[110, 36, 29, 41] - 492.46656492000045
[110, 90, 29, 41] - 495.3981721499996
[110, 38, 29, 97] - 495.7477819399998
[110, 38, 29, 94] - 501.3301289800002
[110, 36, 38, 29] - 498.6148836599991
[110, 38, 90, 29] - 499.7914527499998
[110, 29, 94, 97] - 497.66132122000016
[110, 36, 29, 97] - 495.2314077499995
[110, 90, 29, 97] - 497.05662958999994
[110, 36, 29, 94] - 499.5537842600008
[110, 90, 29, 94] - 501.2715327699993
[110, 36, 90, 29] - 499.34200157000055
[66, 110, 70] - 545.4199940000001
[55, 110, 70] - 544.819773000001
[110, 57, 70] - 543.5948490000003
[110, 2, 70] - 548.1080849999996
[110, 24, 70] - 542.381158
[110, 70, 41] - 540.6514489999998
[110, 38, 70] - 544.5493070000003
[110, 70, 97] - 542.7610629999995
[110, 70, 94] - 546.764689
[110, 36, 70] - 544.0913860000003
[110, 90, 70] - 542.9372459999998
[55, 110, 66] - 546.2331000000003
[110, 66, 57] - 546.1899740000007
[110, 66, 2] - 549.2087699999995
[110, 66, 24] - 544.936813999999
[110, 66, 41] - 541.953006000001
[110, 66, 38] - 547.4325899999994
[110, 66, 97] - 544.4335360000001
[110, 66, 94] - 546.8521219999999
[110, 66, 36] - 545.525717
[110, 66, 90] - 545.6252309999998
[110, 6] - 459.82889999999935
[110, 55, 57] - 543.3876740000002
[110, 55, 2] - 546.6752089999997
[110, 55, 24, 38] - 421.1269147999991
[110, 55, 24, 94] - 420.8531611800004
[110, 55, 24, 36] - 421.2904451100004
[110, 55, 24, 90] - 420.8674923299995
[110, 55, 41] - 539.3080490000001
[110, 55, 38, 97] - 420.9703765199991
[110, 55, 38, 94] - 422.70271834999954
[110, 55, 36, 38] - 422.7589233399995
[110, 55, 38, 90] - 421.96092165999977
[110, 55, 94, 97] - 422.01621783000013
[110, 55, 36, 97] - 421.73440957
[110, 55, 90, 97] - 421.4196205000006
[110, 55, 36, 94] - 423.18416240000124
[110, 55, 90, 94] - 422.0505645499999
[110, 55, 36, 90] - 423.10777976000054
[110, 57, 2, 41] - 496.0402852699998
[110, 57, 2, 38] - 502.0617613900004
[110, 57, 2, 97] - 497.8623613799997
[110, 57, 2, 94] - 501.4879566600001
[110, 57, 2, 36] - 497.75815708000073
[110, 57, 2, 90] - 500.6747489600003
[110, 24, 57] - 541.992320999999
[110, 57, 38, 41] - 494.92595749000026
[110, 57, 41, 97] - 491.1584607599999
[110, 57, 94, 41] - 494.03528048999965
[110, 57, 36, 41] - 490.78785777000064
[110, 57, 90, 41] - 494.4555194699993
[110, 57, 38, 97] - 495.7647710299993
[110, 57, 38, 94] - 500.3296328399993
[110, 57, 36, 38] - 496.2235650400007
[110, 57, 38, 90] - 498.7812269400001
[110, 57, 94, 97] - 496.7594535100002
[110, 57, 36, 97] - 493.14651499
[110, 57, 90, 97] - 495.67526424999994
[110, 57, 36, 94] - 496.79068681999934
[110, 57, 90, 94] - 499.3734536599988
[110, 57, 36, 90] - 496.4988450600003
[110, 5] - 461.04660000000047
[110, 24, 2] - 546.0360809999997
[110, 2, 38, 41] - 499.12828653999935
[110, 2, 41, 97] - 494.8914335199996
[110, 2, 94, 41] - 499.0993686400009
[110, 2, 36, 41] - 495.39226092
[110, 2, 90, 41] - 497.68401485999976
[110, 2, 38, 97] - 500.3402660799991
[110, 2, 38, 94] - 506.2843627199997
[110, 2, 36, 38] - 502.11615379999955
[110, 2, 38, 90] - 502.64974338999974
[110, 2, 94, 97] - 501.94228093
[110, 2, 36, 97] - 498.38218977999935
[110, 2, 90, 97] - 499.54524919999875
[110, 2, 36, 94] - 502.8125172600007
[110, 2, 90, 94] - 503.86486138999976
[110, 2, 36, 90] - 500.6378595699997
[110, 120] - 456.52830000000023
[110, 24, 41] - 538.1702270000009
[110, 24, 38, 94] - 423.01342675999945
[110, 24, 36, 38] - 421.83849598000063
[110, 24, 38, 90] - 421.0329308999999
[110, 24, 94, 97] - 421.3367255199996
[110, 24, 36, 94] - 422.41773639000024
[110, 24, 90, 94] - 421.3990498899996
[110, 24, 36, 90] - 421.33418712000065
[110, 38, 41, 97] - 491.8554263999997
[110, 38, 94, 41] - 496.8271514199995
[110, 36, 38, 41] - 492.96722036999995
[110, 38, 90, 41] - 494.7073517699995
[110, 94, 41, 97] - 493.27322296999984
[110, 36, 41, 97] - 490.05968528000034
[110, 90, 41, 97] - 491.9760896000004
[110, 36, 94, 41] - 493.79560380000015
[110, 90, 94, 41] - 495.63900886999977
[110, 36, 90, 41] - 492.71635009999983
[110, 38, 94, 97] - 513.5674630400006
[110, 36, 38, 97] - 510.17051741999956
[110, 38, 90, 97] - 510.5594418799995
[110, 36, 38, 94] - 515.5311673400008
[110, 38, 90, 94] - 515.9219397599995
[110, 36, 38, 90] - 513.0066871900003
[110, 36, 94, 97] - 512.3655055700001
[110, 90, 94, 97] - 512.8878108100001
[110, 36, 90, 97] - 510.45070915999986
[110, 36, 90, 94] - 514.9509466500003
[121, 9] - 451.15590000000014
[121, 57, 128] - 452.70560699999993
[121, 128, 41] - 462.8264659999992
[121, 38, 128] - 469.9336440000004
[121, 128, 97] - 466.3162340000004
[121, 128, 94] - 465.6103249999997
[121, 36, 128] - 471.64967599999983
[121, 90, 128] - 467.421815
[11, 121] - 504.0168
[121, 6] - 472.7317
[121, 23] - 548.0860000000002
[55, 121] - 475.8197999999996
[121, 57, 38, 41] - 489.24227009
[121, 57, 41, 97] - 478.1805648699997
[121, 57, 94, 41] - 484.23611495000006
[121, 57, 36, 41] - 488.24271216999966
[121, 57, 90, 41] - 487.7100953900006
[121, 57, 38, 97] - 474.8177283400002
[121, 57, 38, 94] - 482.1123926599997
[121, 57, 36, 38] - 487.0532082199997
[121, 57, 38, 90] - 485.15291395999964
[121, 57, 94, 97] - 471.12944809
[121, 57, 36, 97] - 475.6052789499998
[121, 57, 90, 97] - 472.42562133
[121, 57, 36, 94] - 483.76121249999994
[121, 57, 90, 94] - 481.4869470000005
[121, 57, 36, 90] - 486.77197370000016
[121, 31] - 540.4011999999999
[121, 5] - 477.7378999999998
[121, 1, 104] - 439.09309299999995
[121, 67, 104] - 430.07963999999976
[121, 38, 104] - 438.0793809999996
[121, 104, 97] - 425.92428300000006
[121, 104, 94] - 434.5548989999997
[121, 36, 104] - 439.96519600000016
[121, 104, 90] - 438.92596900000024
[121, 67, 1] - 441.602029
[121, 1, 38] - 449.6695649999997
[121, 1, 97] - 436.01083599999953
[121, 1, 94] - 446.6645990000003
[121, 1, 36] - 454.15075499999983
[121, 1, 90] - 451.76503599999916
[121, 56] - 480.3620000000001
[121, 71] - 526.9090000000006
[121, 67, 38] - 438.9859980000002
[121, 67, 97] - 432.28953800000033
[121, 67, 94] - 436.1631330000005
[121, 67, 36] - 440.76716200000016
[121, 67, 90] - 439.76914499999975
[121, 38, 41, 97] - 508.01220671999994
[121, 38, 94, 41] - 514.4196311599985
[121, 36, 38, 41] - 517.7506408300001
[121, 38, 90, 41] - 517.2009650900002
[121, 94, 41, 97] - 504.9971234900005
[121, 36, 41, 97] - 507.85273651000034
[121, 90, 41, 97] - 506.2418100100004
[121, 36, 94, 41] - 514.8984476000007
[121, 90, 94, 41] - 513.9557719899996
[121, 36, 90, 41] - 517.36933299
[121, 38, 94, 97] - 523.16467405
[121, 36, 38, 97] - 528.4593418000003
[121, 38, 90, 97] - 525.2173593400007
[121, 36, 38, 94] - 536.5128654299996
[121, 38, 90, 94] - 533.668436399999
[121, 36, 38, 90] - 540.1542887599985
[121, 36, 94, 97] - 526.3498135899994
[121, 90, 94, 97] - 522.75722216
[121, 36, 90, 97] - 528.2743749499998
[121, 36, 90, 94] - 537.8100163899995
[77, 45] - 490.5576999999996
[45, 86] - 486.98069999999916
[45, 13] - 476.9910000000005
[45, 70] - 486.21640000000014
[66, 45] - 484.76790000000017
[45, 114, 63, 42] - 549.6176541599998
[100, 45, 114, 63] - 541.03369735
[45, 2, 114, 63] - 546.1489366600003
[45, 114, 63, 120] - 540.7261292200002
[56, 45, 114, 63] - 548.4122659100001
[45, 24, 114, 63] - 545.0860019800006
[45, 114, 38, 63] - 538.7758896600011
[45, 114, 63, 97] - 549.3327306400002
[45, 114, 94, 63] - 543.6320066299991
[45, 36, 114, 63] - 544.44916057
[45, 114, 90, 63] - 543.4320545599988
[100, 45, 114, 42] - 544.1138893299999
[45, 2, 114, 42] - 550.0203562700005
[45, 114, 42, 120] - 545.1604087200001
[56, 45, 114, 42] - 551.54846686
[45, 24, 114, 42] - 548.6127636199994
[45, 114, 38, 42] - 542.10225227
[45, 114, 97, 42] - 553.5209423399997
[45, 114, 94, 42] - 547.7161390499988
[45, 36, 114, 42] - 548.5713524299994
[45, 114, 90, 42] - 547.2302652499984
[45, 100, 2, 114] - 540.50575666
[45, 100, 114, 120] - 536.4150198800003
[56, 45, 100, 114] - 543.7289425200009
[45, 100, 24, 114] - 540.7972760899993
[45, 100, 114, 38] - 533.6848066900004
[45, 100, 114, 97] - 543.4775131000006
[45, 100, 114, 94] - 538.1354308699995
[45, 100, 36, 114] - 539.37312511
[45, 100, 114, 90] - 538.2996871700009
[45, 2, 114, 120] - 541.6076241399994
[56, 45, 2, 114] - 549.201278870001
[45, 24, 2, 114] - 546.5823821299991
[45, 2, 114, 38] - 539.0876316500006
[45, 2, 114, 97] - 549.0138398199988
[45, 2, 114, 94] - 543.3654712799998
[45, 2, 36, 114] - 545.3903907099993
[45, 2, 114, 90] - 544.9411552800008
[56, 45, 114, 120] - 543.6333879800004
[45, 24, 114, 120] - 540.7604619299992
[45, 114, 38, 120] - 534.4381004100006
[45, 114, 97, 120] - 545.1300715699996
[45, 114, 94, 120] - 539.8935922599992
[45, 36, 114, 120] - 539.41397147
[45, 114, 90, 120] - 538.6927492400005
[45, 56, 24, 114] - 547.7803262099999
[45, 56, 114, 38] - 541.0947662300008
[45, 56, 114, 97] - 551.69272317
[45, 56, 114, 94] - 545.791612610001
[45, 56, 36, 114] - 547.5105484599995
[45, 56, 114, 90] - 545.8198692900006
[45, 24, 114, 38] - 537.6722971399997
[45, 24, 114, 97] - 548.9260138799995
[45, 24, 114, 94] - 543.8773009200002
[45, 24, 36, 114] - 544.3784285199982
[45, 24, 114, 90] - 543.5650573399997
[45, 114, 38, 97] - 542.5493130800006
[45, 114, 38, 94] - 536.2043815300002
[45, 36, 114, 38] - 537.89463143
[45, 114, 38, 90] - 536.2887219600011
[45, 114, 94, 97] - 547.1453264499997
[45, 36, 114, 97] - 548.3139800900011
[45, 114, 90, 97] - 547.1592889999993
[45, 36, 114, 94] - 541.9004926799998
[45, 114, 90, 94] - 541.7283946000003
[45, 36, 114, 90] - 542.5959803399994
[100, 45, 63, 42] - 546.4718694400012
[45, 2, 63, 42] - 550.4457544399988
[45, 63, 42, 120] - 545.3705859499993
[56, 45, 63, 42] - 551.9889403099997
[45, 24, 63, 42] - 548.8873766299996
[45, 38, 63, 42] - 543.1555674500004
[45, 63, 97, 42] - 553.7550592200005
[45, 94, 63, 42] - 548.7972961399998
[45, 36, 63, 42] - 549.2562367799991
[45, 90, 63, 42] - 548.3913769499993
[45, 100, 2, 63] - 543.2862833899992
[45, 100, 63, 120] - 538.9186353799998
[56, 45, 100, 63] - 546.4315925000011
[45, 100, 24, 63] - 543.4152238499998
[45, 100, 38, 63] - 537.1229102700001
[45, 100, 63, 97] - 546.4651658700011
[45, 100, 94, 63] - 541.5040085899998
[45, 100, 36, 63] - 542.3864749
[45, 100, 90, 63] - 541.6817607600005
[45, 2, 63, 120] - 542.07613445
[56, 45, 2, 63] - 549.9936621600003
[45, 24, 2, 63] - 547.3203950500003
[45, 2, 38, 63] - 540.5472860300016
[45, 2, 63, 97] - 549.7183388299991
[45, 2, 94, 63] - 544.9253676699997
[45, 2, 36, 63] - 546.3633745099999
[45, 2, 90, 63] - 546.2752926900006
[56, 45, 63, 120] - 544.3091338700003
[45, 24, 63, 120] - 541.5962853900019
[45, 38, 63, 120] - 535.7658686600001
[45, 63, 97, 120] - 545.875871959999
[45, 94, 63, 120] - 541.2302610900015
[45, 36, 63, 120] - 540.3363903799997
[45, 90, 63, 120] - 539.8792855700008
[45, 56, 24, 63] - 548.3982814500001
[45, 56, 38, 63] - 542.5108371799993
[45, 56, 63, 97] - 552.5336671499997
[45, 56, 94, 63] - 547.2519910500005
[45, 56, 36, 63] - 548.6340409899999
[45, 56, 90, 63] - 547.1831253800011
[45, 24, 38, 63] - 538.9861323399996
[45, 24, 63, 97] - 549.7688712399998
[45, 24, 94, 63] - 545.215993900001
[45, 24, 36, 63] - 545.2420397099993
[45, 24, 90, 63] - 544.8505812999996
[45, 38, 63, 97] - 543.9556997900008
[45, 38, 94, 63] - 538.2142206099999
[45, 36, 38, 63] - 539.7505029399999
[45, 38, 90, 63] - 538.2294679700002
[45, 94, 63, 97] - 548.6742679799996
[45, 36, 63, 97] - 549.4148381999997
[45, 90, 63, 97] - 548.7437948999997
[45, 36, 94, 63] - 543.5125574900002
[45, 90, 94, 63] - 543.7081299299996
[45, 36, 90, 63] - 544.4134636999993
[45, 100, 2, 42] - 545.9011696199999
[45, 100, 42, 120] - 542.4355116599991
[56, 45, 100, 42] - 548.6566564599997
[45, 100, 24, 42] - 545.7691852600004
[45, 100, 38, 42] - 539.4397809600005
[45, 100, 97, 42] - 549.2984103700009
[45, 100, 94, 42] - 544.7470719900009
[45, 100, 36, 42] - 545.0548008800007
[45, 100, 90, 42] - 544.463147399999
[45, 2, 42, 120] - 545.6629077100001
[56, 45, 2, 42] - 552.6348580399983
[45, 24, 2, 42] - 550.1855446399996
[45, 2, 38, 42] - 543.3759132500005
[45, 2, 97, 42] - 553.0986954600008
[45, 2, 94, 42] - 548.2716114300002
[45, 2, 36, 42] - 549.6835661899997
[45, 2, 90, 42] - 549.4775234700011
[56, 45, 42, 120] - 547.5469518799999
[45, 24, 42, 120] - 544.8146840199995
[45, 38, 42, 120] - 539.02183661
[45, 97, 42, 120] - 549.8484165099995
[45, 94, 42, 120] - 545.3863566199993
[45, 36, 42, 120] - 544.1630372400001
[45, 90, 42, 120] - 543.5667237199993
[45, 56, 24, 42] - 550.7789954499995
[45, 56, 38, 42] - 544.7375317700005
[45, 56, 97, 42] - 555.5846851400003
[45, 56, 94, 42] - 550.4235429799993
[45, 56, 36, 42] - 551.49620044
[45, 56, 90, 42] - 549.932823079999
[45, 24, 38, 42] - 541.5769360399997
[45, 24, 97, 42] - 552.8516135300003
[45, 24, 94, 42] - 548.6565662099995
[45, 24, 36, 42] - 548.3005694099994
[45, 24, 90, 42] - 547.7586140999989
[45, 38, 97, 42] - 547.2109771800008
[45, 38, 94, 42] - 541.5089994499995
[45, 36, 38, 42] - 542.6343073200004
[45, 38, 90, 42] - 541.0681358200001
[45, 94, 42, 97] - 552.5279600599998
[45, 36, 42, 97] - 552.9844719099998
[45, 90, 42, 97] - 552.2020764100007
[45, 36, 94, 42] - 547.3987874600009
[45, 90, 94, 42] - 547.4508622899993
[45, 36, 90, 42] - 547.7423701899994
[12, 45] - 486.3447999999997
[45, 100, 2, 120] - 538.8657222299988
[56, 45, 100, 2] - 546.1310881299995
[45, 100, 24, 2] - 543.9588438400004
[45, 100, 2, 38] - 536.4050781700006
[45, 100, 2, 97] - 544.7944591099993
[45, 100, 2, 94] - 540.3680282500009
[45, 100, 2, 36] - 541.87838693
[45, 100, 2, 90] - 542.1476874000001
[56, 45, 100, 120] - 541.76902574
[45, 100, 24, 120] - 539.4523496399994
[45, 100, 38, 120] - 532.9786939600003
[45, 100, 97, 120] - 542.3398915199991
[45, 100, 94, 120] - 537.9346908699994
[45, 100, 36, 120] - 537.2267080599999
[45, 100, 90, 120] - 537.1054668799991
[45, 100, 56, 24] - 545.8720649500004
[45, 100, 56, 38] - 539.3383200999999
[45, 100, 56, 97] - 548.949033259999
[45, 100, 56, 94] - 543.6749921800007
[45, 100, 56, 36] - 545.3162333699995
[45, 100, 56, 90] - 544.1467188500005
[45, 100, 24, 38] - 536.1761954100006
[45, 100, 24, 97] - 546.0453264100004
[45, 100, 24, 94] - 542.0537725299987
[45, 100, 24, 36] - 542.0774670699997
[45, 100, 24, 90] - 541.8354504399998
[45, 100, 38, 97] - 539.8072472599993
[45, 100, 38, 94] - 534.4451308299998
[45, 100, 36, 38] - 535.9014796700003
[45, 100, 38, 90] - 534.8363945900005
[45, 100, 94, 97] - 543.64187505
[45, 100, 36, 97] - 545.0363651100006
[45, 100, 90, 97] - 544.45805973
[45, 100, 36, 94] - 539.32191189
[45, 100, 90, 94] - 539.7061159299996
[45, 100, 36, 90] - 540.4067106700007
[11, 45] - 484.3317000000003
[56, 45, 2, 120] - 545.1220740399998
[45, 24, 2, 120] - 542.8933353499996
[45, 2, 38, 120] - 536.2043458899991
[45, 2, 97, 120] - 545.3908492499995
[45, 2, 94, 120] - 541.0975633199988
[45, 2, 36, 120] - 541.28168804
[45, 2, 90, 120] - 541.3588432799994
[45, 56, 24, 2] - 550.33848729
[45, 56, 2, 38] - 542.9876528399998
[45, 56, 2, 97] - 552.3408991500006
[45, 56, 2, 94] - 547.3744113599996
[45, 56, 2, 36] - 549.7548324200005
[45, 56, 2, 90] - 548.8675423200001
[45, 2, 24, 38] - 540.1978952599997
[45, 2, 24, 97] - 550.1000522800001
[45, 2, 24, 94] - 546.1608237699987
[45, 2, 24, 36] - 547.1458461899995
[45, 2, 24, 90] - 547.1800132099997
[45, 2, 38, 97] - 543.4971889500005
[45, 2, 38, 94] - 537.7089121799994
[45, 2, 36, 38] - 540.2964249300004
[45, 2, 38, 90] - 539.1482698999998
[45, 2, 94, 97] - 547.20625463
[45, 2, 36, 97] - 549.1983231000008
[45, 2, 90, 97] - 548.8545796499996
[45, 2, 36, 94] - 543.8463114699999
[45, 2, 90, 94] - 544.4927025400006
[45, 2, 36, 90] - 546.0538123499998
[45, 56, 24, 120] - 543.9791110800007
[45, 56, 38, 120] - 538.0663578799994
[45, 56, 97, 120] - 548.2510453799999
[45, 56, 94, 120] - 543.4193603700003
[45, 56, 36, 120] - 543.4535010000003
[45, 56, 90, 120] - 542.1776533200012
[45, 24, 38, 120] - 535.0397778000006
[45, 24, 97, 120] - 545.7905463600002
[45, 24, 94, 120] - 541.7665356700003
[45, 24, 36, 120] - 540.4115973399993
[45, 24, 90, 120] - 540.3179706699995
[45, 38, 97, 120] - 540.1780874899995
[45, 38, 94, 120] - 534.5557870999991
[45, 36, 38, 120] - 535.0867656600002
[45, 38, 90, 120] - 533.7276629200002
[45, 94, 97, 120] - 545.2671923600005
[45, 36, 97, 120] - 544.7993087900002
[45, 90, 97, 120] - 544.3210081700007
[45, 36, 94, 120] - 539.4945127599992
[45, 90, 94, 120] - 539.7921329899991
[45, 36, 90, 120] - 539.0873746899986
[88, 45] - 484.611
[45, 79] - 481.3257999999999
[45, 56, 24, 38] - 541.246042429999
[45, 56, 24, 97] - 551.9253165599998
[45, 56, 24, 94] - 547.2293946399993
[45, 56, 24, 36] - 548.2425783899993
[45, 56, 24, 90] - 546.8880410600003
[45, 56, 38, 97] - 546.1652841799997
[45, 56, 38, 94] - 540.0519052
[45, 56, 36, 38] - 542.3711793600003
[45, 56, 38, 90] - 540.0421338300002
[45, 56, 94, 97] - 550.6495749200013
[45, 56, 36, 97] - 552.1348974000009
[45, 56, 90, 97] - 550.5667206899993
[45, 56, 36, 94] - 546.2166185200008
[45, 56, 90, 94] - 545.5638874699997
[45, 56, 36, 90] - 546.9848067199994
[45, 24, 38, 97] - 542.86403897
[45, 24, 38, 94] - 537.8118748300003
[45, 24, 36, 38] - 538.7144888699988
[45, 24, 38, 90] - 537.4030394800009
[45, 24, 94, 97] - 548.8521230000018
[45, 24, 36, 97] - 549.1141284299999
[45, 24, 90, 97] - 548.77329866
[45, 24, 36, 94] - 544.21793865
[45, 24, 90, 94] - 544.6628868100003
[45, 24, 36, 90] - 544.59992448
[45, 71] - 478.31189999999975
[67, 45] - 487.4856
[45, 38, 94, 97] - 541.70101626
[45, 36, 38, 97] - 544.0263106699997
[45, 38, 90, 97] - 542.06117852
[45, 36, 38, 94] - 537.0657595400003
[45, 38, 90, 94] - 536.5220926900005
[45, 36, 38, 90] - 537.8390829200007
[45, 36, 94, 97] - 547.1319368300002
[45, 90, 94, 97] - 547.3658424599992
[45, 36, 90, 97] - 548.1643967199994
[45, 36, 90, 94] - 542.63151855
[77, 86] - 436.97069999999974
[77, 70] - 490.48609999999957
[66, 77] - 481.24829999999986
[77, 114] - 488.8986000000003
[77, 63] - 494.20019999999994
[77, 42] - 494.41669999999965
[77, 100] - 485.2213000000002
[77, 128, 97] - 424.8496220000001
[77, 128, 94] - 423.75553600000006
[77, 36, 128] - 423.3421610000008
[77, 90, 128] - 425.3672749999996
[11, 77] - 526.9313000000004
[77, 6] - 449.5841999999998
[77, 57, 41] - 421.45533600000033
[77, 57, 97] - 422.23352599999976
[77, 57, 94] - 421.4975810000002
[77, 57, 36] - 422.2587730000005
[77, 5] - 443.71860000000027
[77, 2, 120] - 454.8604679999996
[77, 24, 2] - 547.6955560000005
[77, 2, 38] - 541.9678319999992
[77, 2, 97] - 550.4555859999997
[77, 2, 94] - 550.7187299999998
[77, 2, 36] - 543.2697759999995
[77, 2, 90] - 550.6912339999994
[77, 56, 120] - 484.24860600000034
[77, 24, 120] - 455.7238690000001
[77, 38, 97, 120] - 428.2221460499997
[77, 38, 94, 120] - 428.1362552500003
[77, 36, 38, 120] - 424.54709710000003
[77, 38, 90, 120] - 426.59724675999945
[77, 94, 97, 120] - 436.64386844
[77, 36, 97, 120] - 431.3493430399999
[77, 90, 97, 120] - 434.80605087000026
[77, 36, 94, 120] - 432.21998647999993
[77, 90, 94, 120] - 435.7648381199999
[77, 36, 90, 120] - 430.9825700200002
[77, 67, 56] - 428.9539130000003
[77, 56, 38, 97] - 454.31228245999966
[77, 56, 38, 94] - 450.9391947300002
[77, 56, 36, 38] - 452.4288287099993
[77, 56, 38, 90] - 452.12256198000017
[77, 56, 94, 97] - 461.6283026599997
[77, 56, 36, 97] - 461.1257768500005
[77, 56, 90, 97] - 462.10397841999895
[77, 56, 36, 94] - 458.8132633100003
[77, 56, 90, 94] - 460.62415585000065
[77, 56, 36, 90] - 459.7907311800005
[77, 24, 38] - 541.2058720000003
[77, 24, 97] - 550.5622119999997
[77, 24, 94] - 549.9958979999999
[77, 24, 36] - 543.7482900000007
[77, 24, 90] - 550.8193779999998
[77, 71, 97] - 428.08054100000027
[77, 71, 94] - 422.84372
[77, 36, 71] - 426.66914399999996
[77, 90, 71] - 426.31551899999977
[77, 67, 38] - 424.44884700000006
[77, 67, 97] - 432.9518039999996
[77, 67, 94] - 429.5227850000005
[77, 67, 36] - 431.37869599999965
[77, 67, 90] - 433.29450599999996
[77, 38, 41] - 421.62093099999987
[77, 41, 97] - 425.0652879999995
[77, 94, 41] - 422.9665880000001
[77, 36, 41] - 424.83426300000013
[77, 90, 41] - 421.0050100000002
[77, 36, 38, 94, 97] - 443.1315686625003
[77, 38, 90, 94, 97] - 443.8952129538996
[77, 36, 38, 90, 97] - 441.70567753770035
[77, 36, 38, 90, 94] - 441.1268662929007
[77, 36, 90, 94, 97] - 448.2823444849004
[70, 86] - 496.7720000000004
[66, 86] - 486.6572999999998
[114, 86] - 483.69240000000013
[63, 86] - 489.77989999999994
[42, 86] - 488.6973999999995
[100, 86] - 488.80569999999983
[38, 128, 86] - 425.63210699999956
[128, 97, 86] - 425.1844039999998
[128, 94, 86] - 426.1539639999998
[36, 128, 86] - 427.97799100000015
[90, 128, 86] - 428.928133
[11, 86] - 536.5615000000001
[6, 86] - 449.3861999999996
[57, 41, 86] - 421.7595329999996
[57, 38, 86] - 426.3739260000003
[57, 97, 86] - 420.8443939999996
[57, 94, 86] - 426.10954499999946
[57, 36, 86] - 425.9087069999997
[57, 90, 86] - 426.68015900000023
[5, 86] - 445.7630000000007
[2, 86, 120] - 454.93548800000013
[24, 2, 86] - 555.116478
[2, 38, 86] - 546.8099369999986
[2, 97, 86] - 551.9989030000003
[2, 94, 86] - 550.6585939999984
[2, 36, 86] - 548.0937029999998
[2, 90, 86] - 549.4282970000002
[56, 86, 120] - 490.55545400000005
[24, 86, 120] - 462.0742639999997
[38, 97, 86, 120] - 428.5578962499995
[38, 94, 86, 120] - 431.3352337
[36, 38, 86, 120] - 428.88005074000023
[38, 90, 86, 120] - 430.76799888000005
[94, 86, 97, 120] - 433.7561600400001
[36, 86, 97, 120] - 430.2749732400003
[90, 86, 97, 120] - 433.4591825899999
[36, 94, 86, 120] - 432.5562569099997
[90, 94, 86, 120] - 435.23698293000047
[36, 90, 86, 120] - 433.1119070900004
[56, 71, 86] - 428.13859300000047
[67, 56, 86] - 433.59631899999977
[56, 38, 97, 86] - 458.3766560800004
[56, 38, 94, 86] - 458.4839571100003
[56, 36, 38, 86] - 458.7281032200002
[56, 38, 90, 86] - 459.02977823000003
[56, 94, 86, 97] - 462.20204009000076
[56, 36, 86, 97] - 461.58789971
[56, 90, 86, 97] - 462.46015300999943
[56, 36, 94, 86] - 461.4142965299997
[56, 90, 94, 86] - 462.28853365000043
[56, 36, 90, 86] - 462.7694704499997
[24, 38, 86] - 553.1874009999996
[24, 94, 86, 97] - 422.79301651
[24, 90, 86, 97] - 421.05228823000004
[24, 36, 86] - 555.7467940000002
[38, 71, 86] - 422.257784
[71, 97, 86] - 422.81852499999957
[71, 94, 86] - 425.4331950000006
[36, 71, 86] - 426.13734499999987
[90, 71, 86] - 428.74028400000054
[67, 38, 86] - 425.7886330000001
[67, 97, 86] - 427.4607919999994
[67, 94, 86] - 429.52143099999984
[67, 36, 86] - 430.5088280000005
[67, 90, 86] - 430.1854340000003
[38, 41, 86] - 426.65736300000015
[41, 97, 86] - 422.10003799999964
[94, 41, 86] - 425.6369189999999
[36, 41, 86] - 426.71518499999996
[90, 41, 86] - 427.09665800000045
[36, 38, 94, 86, 97] - 446.3755260116002
[38, 90, 94, 86, 97] - 447.4772155119995
[36, 38, 90, 86, 97] - 446.28729421509934
[36, 38, 90, 94, 86] - 447.5012025164006
[36, 90, 94, 86, 97] - 449.31293311250073
[107, 9] - 445.7024000000001
[128, 107] - 538.5557000000002
[6, 107] - 457.3534999999999
[67, 23, 104, 107] - 423.86812086000066
[23, 38, 104, 107] - 422.1630141200003
[23, 36, 104, 107] - 428.1485302600006
[23, 104, 90, 107] - 422.6647047500004
[1, 23, 107] - 504.1531399999993
[23, 107, 71] - 521.7795180000004
[23, 67, 38, 107] - 425.8895767799998
[23, 67, 107, 94] - 423.3719327
[23, 67, 36, 107] - 430.90507848999994
[23, 67, 90, 107] - 425.72489722000057
[23, 107, 41] - 513.7711339999992
[23, 38, 107, 94] - 420.80339972999985
[23, 36, 38, 107] - 429.8705175799997
[23, 38, 90, 107] - 423.6646383300003
[23, 36, 107, 97] - 422.85729402000027
[23, 36, 107, 94] - 428.49567905000043
[23, 90, 107, 94] - 421.96811605
[23, 36, 90, 107] - 431.2284439200005
[57, 107] - 539.9109000000003
[56, 1, 107, 31] - 427.72438256000027
[1, 107, 41, 31] - 433.55376124
[1, 107, 97, 31] - 441.7105839699997
[1, 107, 94, 31] - 444.1597201900009
[1, 36, 107, 31] - 447.5473914999996
[1, 90, 107, 31] - 445.6583893500003
[56, 107, 41, 31] - 437.92067997999936
[56, 107, 97, 31] - 431.33298951999956
[56, 107, 94, 31] - 435.4100976899995
[56, 36, 107, 31] - 437.8007908699995
[56, 90, 107, 31] - 433.4729044299994
[107, 71, 31] - 488.2617639999998
[67, 107, 31] - 489.7650429999995
[107, 41, 97, 31] - 438.38993820999923
[107, 94, 41, 31] - 440.90205435999974
[36, 107, 41, 31] - 443.0996999200003
[90, 107, 41, 31] - 440.36860305000073
[107, 94, 31, 97] - 448.45549444000005
[36, 107, 31, 97] - 452.0687567299996
[90, 107, 31, 97] - 449.2262824400005
[36, 107, 94, 31] - 455.3600067299992
[90, 107, 94, 31] - 451.93474037000004
[36, 90, 107, 31] - 455.14020401999966
[5, 107, 97] - 439.7228
[5, 107, 94] - 441.3909669999992
[36, 5, 107] - 448.1321410000001
[5, 90, 107] - 444.09150200000005
[1, 104, 107] - 522.4135220000005
[67, 104, 107, 71] - 438.6335623900004
[38, 104, 107, 71] - 420.95877664000005
[104, 107, 71, 97] - 432.7443076600003
[104, 107, 71, 94] - 431.1472557300003
[36, 104, 107, 71] - 442.96602126000005
[104, 90, 107, 71] - 440.7017913900007
[67, 38, 104, 107] - 454.2487230199999
[67, 104, 107, 97] - 466.90890547999953
[67, 104, 107, 94] - 466.5622902600005
[67, 36, 104, 107] - 478.06562144000003
[67, 104, 90, 107] - 473.7231360200006
[104, 107, 41] - 511.3261990000007
[104, 38, 107, 97] - 447.3234088300001
[104, 38, 107, 94] - 447.52018745000106
[36, 104, 38, 107] - 459.5576426599997
[104, 38, 90, 107] - 454.0416090199998
[104, 107, 94, 97] - 459.56760664999985
[36, 104, 107, 97] - 471.5262421099998
[104, 90, 107, 97] - 467.57479685000055
[36, 104, 107, 94] - 472.17811274000115
[104, 90, 107, 94] - 466.52460489999964
[36, 104, 90, 107] - 479.72940744000005
[88, 1, 107] - 503.2778469999995
[1, 79, 107] - 499.9056060000008
[1, 56, 107, 41] - 432.76256346000025
[1, 56, 107, 97] - 425.9557898799995
[1, 56, 107, 94] - 427.95986992000024
[1, 56, 36, 107] - 432.1208162300009
[1, 56, 90, 107] - 428.29209220999905
[1, 107, 71, 41] - 433.79051624999994
[1, 107, 71, 97] - 440.71390209000003
[1, 107, 71, 94] - 443.26343085999946
[1, 36, 107, 71] - 452.3127397999995
[1, 90, 107, 71] - 448.30965381999954
[1, 67, 107, 41] - 461.88663436999923
[1, 67, 107, 97] - 468.08957690999927
[1, 67, 107, 94] - 470.9247467099999
[1, 67, 36, 107] - 478.6823328699999
[1, 67, 90, 107] - 475.9571682700004
[1, 107, 41, 97] - 539.6596668000005
[1, 107, 94, 41] - 542.3711010300011
[1, 36, 107, 41] - 549.6528905299999
[1, 90, 107, 41] - 544.2762703499997
[1, 38, 107] - 524.2232770000002
[1, 107, 94, 97] - 548.3082688299996
[1, 36, 107, 97] - 556.9795558899998
[1, 90, 107, 97] - 551.7951133699993
[1, 36, 107, 94] - 559.7690976300004
[1, 90, 107, 94] - 553.221215670001
[1, 36, 90, 107] - 562.0939994100003
[88, 79, 107] - 521.802592000001
[88, 107, 71] - 444.6690580000006
[88, 67, 107] - 489.21431099999967
[88, 107, 41] - 487.36550200000005
[88, 107, 94, 97] - 446.68323134999986
[88, 36, 107, 97] - 454.32671317999956
[88, 90, 107, 97] - 449.01711051999996
[88, 36, 107, 94] - 450.9790588300005
[88, 90, 107, 94] - 444.9423602399997
[88, 36, 90, 107] - 451.8282102099999
[79, 107, 71] - 452.64852299999967
[67, 79, 107] - 491.09575200000086
[79, 107, 41] - 485.29682400000024
[79, 107, 94, 97] - 445.2095239499996
[79, 36, 107, 97] - 450.3276970600005
[79, 90, 107, 97] - 448.47128723999975
[79, 36, 107, 94] - 449.5135010800005
[79, 90, 107, 94] - 446.7742976399996
[79, 36, 90, 107] - 452.05103726999965
[56, 107, 71] - 467.20083799999975
[67, 56, 107] - 470.27338499999945
[56, 107, 41, 97] - 436.96951472999956
[56, 107, 94, 41] - 438.44182360000053
[56, 36, 107, 41] - 442.03363734999965
[56, 90, 107, 41] - 437.74408807
[56, 107, 94, 97] - 432.1252455600004
[56, 36, 107, 97] - 436.4111652800001
[56, 90, 107, 97] - 431.5032672000005
[56, 36, 107, 94] - 439.26848334999926
[56, 90, 107, 94] - 433.8157060200001
[56, 36, 90, 107] - 437.9841225399994
[67, 38, 107, 71] - 423.8732437599993
[67, 107, 71, 97] - 476.85559853999933
[67, 107, 71, 94] - 475.56516258
[67, 36, 107, 71] - 485.4738448199998
[67, 90, 107, 71] - 484.32300922000013
[107, 71, 41, 97] - 433.70781610000085
[107, 71, 94, 41] - 436.7036047399992
[36, 107, 71, 41] - 444.6171624900001
[90, 107, 71, 41] - 440.21199300999996
[36, 38, 107, 71] - 428.18289406999963
[38, 90, 107, 71] - 425.1365981799995
[107, 71, 94, 97] - 510.8184398799994
[36, 107, 71, 97] - 522.6701764199996
[90, 107, 71, 97] - 519.2442658899996
[36, 107, 71, 94] - 522.4685773999998
[90, 107, 71, 94] - 517.3915922300004
[36, 90, 107, 71] - 529.44357032
[67, 107, 41, 97] - 462.84721324000026
[67, 107, 94, 41] - 466.6415899699996
[67, 36, 107, 41] - 471.86299768000003
[67, 90, 107, 41] - 469.9664203399992
[67, 38, 107, 97] - 449.82428966000003
[67, 38, 107, 94] - 450.2870412199997
[67, 36, 38, 107] - 460.87803085999985
[67, 38, 90, 107] - 455.59581685000035
[67, 107, 94, 97] - 542.4893625599987
[67, 36, 107, 97] - 552.2255948800001
[67, 90, 107, 97] - 550.5479711900003
[67, 36, 107, 94] - 552.4443604299997
[67, 90, 107, 94] - 549.1127884800017
[67, 36, 90, 107] - 559.4011936699998
[38, 107, 41] - 513.7209319999998
[107, 94, 41, 97] - 544.6141197999991
[36, 107, 41, 97] - 551.3145896800005
[90, 107, 41, 97] - 546.0915121699995
[36, 107, 94, 41] - 554.7323514699995
[90, 107, 94, 41] - 548.4931672199992
[36, 90, 107, 41] - 554.6838855699983
[38, 107, 94, 97] - 443.75281286999996
[36, 38, 107, 97] - 454.7248533900006
[38, 90, 107, 97] - 449.8394679300005
[36, 38, 107, 94] - 456.5015877500001
[38, 90, 107, 94] - 449.9455577100004
[36, 38, 90, 107] - 462.06034251000005
[36, 90, 107, 94, 97] - 474.96908931889965
[122, 16] - 519.4537999999993
[16, 9, 94] - 425.91026300000016
[36, 16, 9] - 429.36572999999953
[16, 90, 9] - 426.18271099999964
[16, 128] - 481.8351000000002
[16, 6] - 526.7036999999997
[55, 16] - 510.1056999999994
[57, 38, 16, 41] - 427.9424343600008
[57, 16, 41, 97] - 425.1170260200003
[57, 16, 94, 41] - 428.53160571000035
[57, 36, 16, 41] - 425.1558465100003
[57, 16, 90, 41] - 423.64946819000016
[57, 16, 38, 97] - 433.8849775900002
[57, 16, 38, 94] - 436.1656383199999
[57, 36, 16, 38] - 434.2157853099992
[57, 16, 38, 90] - 432.1174621300001
[57, 16, 94, 97] - 444.59359111999964
[57, 36, 16, 97] - 443.3009017900003
[57, 16, 90, 97] - 441.84905026000007
[57, 36, 16, 94] - 444.7669013299993
[57, 16, 90, 94] - 443.7872196599997
[57, 36, 16, 90] - 442.9802942400002
[1, 16, 31] - 542.5016109999997
[56, 16, 31] - 462.8126419999994
[16, 41, 31] - 533.689631
[16, 97, 31] - 485.9707659999991
[16, 94, 31] - 545.9124680000008
[36, 16, 31] - 549.409854000001
[16, 90, 31] - 540.6056270000003
[16, 5, 97] - 429.8028760000007
[16, 5, 94] - 445.3767679999992
[36, 16, 5] - 447.9518869999999
[16, 5, 90] - 442.18254099999973
[2, 16] - 452.6935999999999
[104, 16] - 526.7429000000003
[56, 1, 16] - 454.8315350000002
[1, 16, 41] - 524.4556269999999
[1, 16, 97] - 478.00773900000024
[1, 16, 94] - 536.9651960000001
[1, 36, 16] - 542.4263870000003
[1, 16, 90] - 532.7635719999994
[88, 16, 94] - 448.6860680000004
[88, 36, 16] - 453.70783399999976
[88, 16, 90] - 447.0448159999994
[79, 16, 94] - 449.98392899999976
[79, 36, 16] - 450.707263
[79, 16, 90] - 447.25857200000013
[56, 16, 41] - 507.75535999999994
[56, 16, 97] - 504.2965289999997
[56, 16, 94] - 500.68540999999976
[56, 36, 16] - 502.52907999999974
[56, 16, 90] - 494.7492019999998
[24, 16, 41] - 544.6210340000009
[24, 16, 97] - 540.0519100000002
[24, 36, 16, 94] - 447.03843435000016
[24, 16, 90, 94] - 443.0949687999994
[24, 36, 16, 90] - 443.75078452000025
[16, 71, 97] - 421.64794299999994
[16, 71, 94] - 448.2228090000001
[36, 16, 71] - 453.48236000000014
[16, 90, 71] - 446.6306089999996
[67, 16, 97] - 421.2685819999996
[67, 16, 94] - 447.8807000000003
[67, 36, 16] - 453.2568530000003
[67, 16, 90] - 450.23811700000044
[16, 38, 41, 97] - 422.21639722999976
[16, 38, 94, 41] - 425.05539158000005
[36, 16, 38, 41] - 422.7369040099998
[36, 16, 94, 41, 97] - 439.2911080484997
[16, 90, 94, 41, 97] - 434.49249409000026
[36, 16, 90, 41, 97] - 433.4169699129993
[36, 16, 90, 94, 41] - 465.5413420433997
[16, 38, 94, 97] - 444.58085305999975
[36, 16, 38, 97] - 443.8680864299995
[16, 38, 90, 97] - 440.8542241400001
[36, 16, 38, 94] - 445.58415358000065
[16, 38, 90, 94] - 442.84686150000005
[36, 16, 38, 90] - 442.86757826000064
[36, 16, 90, 94, 97] - 459.8247953646994
[122, 108] - 421.0806
[9, 108] - 455.8936999999992
[57, 128, 108] - 432.31031200000047
[104, 128, 108] - 433.8426450000008
[128, 108, 71] - 434.1019390000003
[67, 128, 108] - 431.8447259999998
[128, 108, 97] - 434.94047799999964
[128, 108, 94] - 429.3392979999994
[36, 128, 108] - 431.65147399999967
[90, 128, 108] - 430.51486499999976
[6, 108] - 476.9046999999999
[67, 23, 104, 108] - 440.2051395499997
[23, 38, 104, 108] - 423.8869145500007
[23, 104, 108, 97] - 440.5446170300007
[23, 104, 108, 94] - 439.28242985999907
[23, 36, 104, 108] - 441.33634392999943
[23, 104, 90, 108] - 441.56660659000033
[1, 23, 108] - 532.6065290000009
[23, 108, 71] - 549.8742520000009
[23, 67, 38, 108] - 423.05408088000013
[23, 67, 108, 97] - 438.73914141000046
[23, 67, 108, 94] - 437.5336925499999
[23, 67, 36, 108] - 440.71930210999966
[23, 67, 90, 108] - 440.06678962999985
[23, 108, 41] - 510.21465900000004
[23, 38, 108, 97] - 422.5811561499994
[23, 38, 108, 94] - 421.29273522999983
[23, 36, 38, 108] - 423.6438287999998
[23, 38, 90, 108] - 422.71488066000023
[23, 108, 94, 97] - 437.51520576999985
[23, 36, 108, 97] - 440.1601376299993
[23, 90, 108, 97] - 439.4305220499998
[23, 36, 108, 94] - 439.69862700000056
[23, 90, 108, 94] - 438.62155191000045
[23, 36, 90, 108] - 441.70821151000024
[57, 104, 108] - 429.31578999999994
[57, 108, 71] - 431.82209800000044
[67, 57, 108] - 428.79705400000023
[57, 108, 97] - 431.5941700000002
[57, 108, 94] - 428.20173200000016
[57, 36, 108] - 427.69280400000025
[57, 90, 108] - 426.70246399999974
[56, 1, 108, 31] - 437.21806400000065
[1, 108, 41, 31] - 451.40871776000023
[1, 108, 97, 31] - 471.74054482000054
[1, 108, 94, 31] - 455.21104348999984
[1, 36, 108, 31] - 453.8903953400002
[1, 90, 108, 31] - 465.0984190400005
[56, 108, 41, 31] - 434.88569810999934
[56, 108, 97, 31] - 437.79710311999975
[56, 108, 94, 31] - 436.6074465300003
[56, 36, 108, 31] - 434.5787878499993
[56, 90, 108, 31] - 433.71881656000045
[108, 71, 31] - 523.8101120000009
[67, 108, 31] - 518.401927
[108, 41, 97, 31] - 453.60139418000006
[108, 94, 41, 31] - 436.6070533799999
[36, 108, 41, 31] - 434.9112436299998
[90, 108, 41, 31] - 447.360505490001
[108, 94, 31, 97] - 456.00943962999935
[36, 108, 31, 97] - 453.39419836999934
[90, 108, 31, 97] - 466.38774377999965
[36, 108, 94, 31] - 451.9612158999995
[90, 108, 94, 31] - 452.28210058999974
[36, 90, 108, 31] - 448.7174327600001
[5, 108, 97] - 459.442519
[5, 108, 94] - 453.0781580000002
[36, 5, 108] - 455.4041359999997
[5, 90, 108] - 456.054973
[67, 1, 104, 108] - 434.03068164000007
[1, 104, 108, 97] - 433.76604037999954
[1, 104, 90, 108] - 432.49823609000026
[67, 104, 108, 71] - 476.42369544000053
[38, 104, 108, 71] - 444.8974857699999
[104, 108, 71, 97] - 476.0257902500008
[104, 108, 71, 94] - 459.21636018
[36, 104, 108, 71] - 461.5653651700004
[104, 90, 108, 71] - 474.18760289000085
[67, 38, 104, 108] - 477.57057381999994
[67, 104, 108, 97] - 507.5285993299999
[67, 104, 108, 94] - 489.7085925799999
[67, 36, 104, 108] - 493.4780218900003
[67, 104, 90, 108] - 507.1415725100001
[104, 108, 41] - 535.1099450000005
[104, 38, 108, 97] - 475.17115061999954
[104, 38, 108, 94] - 457.70377394999974
[36, 104, 38, 108] - 460.46178814000064
[104, 38, 90, 108] - 473.51153429999965
[104, 108, 94, 97] - 489.23737057999944
[36, 104, 108, 97] - 492.1154107900004
[104, 90, 108, 97] - 505.9541256799996
[36, 104, 108, 94] - 489.1426167199995
[104, 90, 108, 94] - 489.2056415300005
[36, 104, 90, 108] - 493.06167050000005
[88, 1, 108] - 544.8032439999993
[1, 79, 108] - 534.9845100000003
[1, 56, 108, 41] - 434.02818519000004
[1, 56, 108, 97] - 455.67901587999984
[1, 56, 108, 94] - 454.61552272000057
[1, 56, 36, 108] - 453.27848396999934
[1, 56, 90, 108] - 451.1291963600001
[67, 1, 108, 71] - 446.83284474
[1, 108, 71, 41] - 453.7921236000007
[1, 108, 71, 97] - 486.9545653800005
[1, 108, 71, 94] - 473.0438670999995
[1, 36, 108, 71] - 474.02049317999985
[1, 90, 108, 71] - 483.93222862000033
[1, 67, 108, 41] - 482.8001528899999
[1, 67, 108, 97] - 516.0370497699998
[1, 67, 108, 94] - 501.1421108899991
[1, 67, 36, 108] - 501.5991879999995
[1, 67, 90, 108] - 514.8495445899995
[1, 90, 108, 41, 97] - 421.0696180350003
[1, 108, 94, 41] - 548.0961203300009
[1, 36, 108, 41] - 547.3843307600004
[1, 38, 108] - 551.5290119999993
[1, 36, 108, 94, 97] - 438.4192171645006
[1, 90, 108, 94, 97] - 437.81152008909936
[1, 36, 90, 108, 97] - 436.38122834550086
[1, 36, 90, 108, 94] - 437.02469990779974
[88, 79, 108] - 548.6651340000001
[88, 108, 71] - 484.1017349999997
[88, 67, 108] - 522.5828119999998
[88, 108, 41] - 492.737835
[88, 108, 94, 97] - 473.9016243700002
[88, 36, 108, 97] - 474.9189635100001
[88, 90, 108, 97] - 474.74830504999875
[88, 36, 108, 94] - 474.7777971500001
[88, 90, 108, 94] - 474.15402984000036
[88, 36, 90, 108] - 475.2758691600006
[79, 108, 71] - 476.9682630000001
[67, 79, 108] - 515.1742540000002
[79, 108, 41] - 485.0679580000001
[79, 108, 94, 97] - 468.9490622699994
[79, 36, 108, 97] - 466.9142535400001
[79, 90, 108, 97] - 469.74549943999943
[79, 36, 108, 94] - 468.6088011
[79, 90, 108, 94] - 470.57406898999966
[79, 36, 90, 108] - 469.6679371799995
[56, 108, 71] - 501.40939399999957
[67, 56, 108] - 492.3728949999997
[56, 108, 41, 97] - 435.0478985399995
[56, 108, 94, 41] - 433.90820550999916
[56, 36, 108, 41] - 432.1845051400004
[56, 90, 108, 41] - 430.8541103200001
[56, 108, 94, 97] - 453.4917747299993
[56, 36, 108, 97] - 451.0003548999999
[56, 90, 108, 97] - 449.88501414999917
[56, 36, 108, 94] - 450.6709070899996
[56, 90, 108, 94] - 450.4726878699999
[56, 36, 90, 108] - 447.0029223000005
[67, 38, 108, 71] - 445.45281762000053
[67, 108, 71, 97] - 516.8318735299998
[67, 108, 71, 94] - 501.0498936999998
[67, 36, 108, 71] - 504.99471834999935
[67, 90, 108, 71] - 515.94873238
[108, 71, 41, 97] - 454.91255710999985
[108, 71, 94, 41] - 438.9447743499999
[36, 108, 71, 41] - 440.2088418000001
[90, 108, 71, 41] - 450.98917128999955
[38, 108, 71, 97] - 443.71238427000037
[38, 108, 71, 94] - 426.76950935000025
[36, 38, 108, 71] - 429.9699683100001
[38, 90, 108, 71] - 441.12162884999947
[108, 71, 94, 97] - 541.6583199699999
[36, 108, 71, 97] - 543.1215650099982
[90, 108, 71, 97] - 554.9019888700009
[36, 108, 71, 94] - 543.001908399999
[90, 108, 71, 94] - 540.16719853
[36, 90, 108, 71] - 543.1951430200003
[67, 108, 41, 97] - 482.0596729600002
[67, 108, 94, 41] - 466.07180701
[67, 36, 108, 41] - 465.83674252999924
[67, 90, 108, 41] - 479.6369477600004
[67, 38, 108, 97] - 476.16997618000045
[67, 38, 108, 94] - 457.7915842399999
[67, 36, 38, 108] - 462.19032514
[67, 38, 90, 108] - 474.6297510100001
[67, 36, 108, 94, 97] - 427.94321958690034
[67, 90, 108, 94, 97] - 427.3052129733006
[67, 36, 90, 108, 97] - 429.21556239009976
[67, 36, 90, 108, 94] - 428.4871627546997
[38, 108, 41] - 532.1929920000003
[108, 94, 41, 97] - 547.06496937
[36, 108, 41, 97] - 545.1397285399997
[36, 108, 94, 41] - 544.8017776700004
[90, 108, 94, 41] - 545.0708419100001
[36, 90, 108, 41] - 543.2131213399998
[38, 108, 94, 97] - 456.05319796999964
[36, 38, 108, 97] - 459.59571141999965
[38, 90, 108, 97] - 471.93538495999996
[36, 38, 108, 94] - 457.57196915000026
[38, 90, 108, 94] - 455.26486769999946
[36, 38, 90, 108] - 459.5965513399999
[36, 90, 108, 94, 97] - 488.92444585359914
[66, 2, 29, 70] - 456.61098096000006
[66, 24, 29, 70] - 454.6457288099998
[66, 38, 29, 70] - 456.85890566999956
[66, 29, 70, 97] - 455.0850478099997
[66, 29, 70, 94] - 457.3035695299995
[66, 36, 29, 70] - 454.53634270999936
[66, 90, 29, 70] - 456.9652501199996
[55, 29, 70] - 545.4707829999998
[57, 29, 70] - 546.8477129999997
[24, 2, 29, 70] - 500.81999708000006
[2, 38, 29, 70] - 502.67030093000085
[2, 29, 70, 97] - 501.90835406999975
[2, 29, 70, 94] - 504.2112435299999
[2, 36, 29, 70] - 501.38503318000033
[2, 90, 29, 70] - 502.1378831100001
[24, 38, 29, 70] - 498.84728765999967
[24, 29, 70, 97] - 499.4640248800007
[24, 29, 70, 94] - 500.90637789000056
[24, 36, 29, 70] - 498.3345231099996
[24, 90, 29, 70] - 499.2885282800004
[29, 70, 41] - 542.9586569999996
[38, 29, 70, 97] - 500.19909180000025
[38, 29, 70, 94] - 502.7632034399994
[36, 38, 29, 70] - 499.8985864399996
[38, 90, 29, 70] - 499.9203911099995
[29, 70, 94, 97] - 503.46478337999974
[36, 29, 70, 97] - 500.01310578
[90, 29, 70, 97] - 501.04601771999927
[36, 29, 70, 94] - 502.08095544000037
[90, 29, 70, 94] - 502.96851166000016
[36, 90, 29, 70] - 500.81479167999925
[55, 66, 29] - 546.4865529999996
[66, 57, 29] - 549.265807
[66, 24, 2, 29] - 503.49055624999886
[66, 2, 38, 29] - 506.2102932000002
[66, 2, 29, 97] - 504.43443883999925
[66, 2, 29, 94] - 505.05909281999993
[66, 2, 36, 29] - 502.1834291099995
[66, 2, 90, 29] - 505.4582859899996
[66, 24, 38, 29] - 500.80825214999965
[66, 24, 29, 97] - 500.48926430000097
[66, 24, 29, 94] - 500.51035459000013
[66, 24, 36, 29] - 498.33138394999924
[66, 24, 90, 29] - 501.8736300300008
[66, 29, 41] - 544.1110870000006
[66, 38, 29, 97] - 501.5739389100004
[66, 38, 29, 94] - 502.50206554000084
[66, 36, 38, 29] - 500.03645897999934
[66, 38, 90, 29] - 502.85433733999974
[66, 29, 94, 97] - 502.33686022999996
[66, 36, 29, 97] - 499.64543496000084
[66, 90, 29, 97] - 502.98050213999926
[66, 36, 29, 94] - 499.3423415199985
[66, 90, 29, 94] - 502.8940648500001
[66, 36, 90, 29] - 501.37608874999955
[11, 29] - 521.4293000000002
[6, 29, 97] - 421.82230300000055
[55, 57, 29] - 544.0912140000002
[55, 2, 29] - 546.0125189999987
[55, 24, 29] - 540.0730599999998
[55, 29, 41] - 539.027161
[55, 38, 29] - 543.4964769999992
[55, 29, 97] - 541.2249300000002
[55, 29, 94] - 543.7863180000007
[55, 36, 29] - 543.3488819999995
[55, 90, 29] - 545.0155599999985
[57, 2, 29, 41] - 498.9081924399999
[57, 2, 38, 29] - 505.1340162200001
[57, 2, 29, 97] - 499.93876202000007
[57, 2, 29, 94] - 504.7273682900001
[57, 2, 36, 29] - 500.9928716699996
[57, 2, 90, 29] - 505.0147572999999
[24, 57, 29] - 544.2360639999999
[57, 38, 29, 41] - 497.61740847000016
[57, 29, 41, 97] - 492.67117763
[57, 29, 94, 41] - 496.89555989999957
[57, 36, 29, 41] - 493.6634202800008
[57, 90, 29, 41] - 498.77760828000015
[57, 38, 29, 97] - 497.69749792999977
[57, 38, 29, 94] - 503.33049163999954
[57, 36, 38, 29] - 499.31223101999996
[57, 38, 90, 29] - 503.03053457999994
[57, 29, 94, 97] - 498.97040904000016
[57, 36, 29, 97] - 495.24673420000084
[57, 90, 29, 97] - 499.0627488300004
[57, 36, 29, 94] - 500.1033873099998
[57, 90, 29, 94] - 503.7191052100003
[57, 36, 90, 29] - 501.033799190001
[5, 29] - 551.8633000000008
[2, 38, 29, 120] - 427.6889928799996
[2, 29, 97, 120] - 431.8795380599995
[2, 29, 94, 120] - 433.76424423999975
[2, 36, 29, 120] - 427.9126300300005
[2, 90, 29, 120] - 431.2921379500005
[2, 24, 38, 29, 97] - 441.28828847349973
[2, 24, 38, 29, 94] - 442.5582381765994
[2, 24, 36, 38, 29] - 439.6707102046996
[2, 24, 38, 90, 29] - 441.1352265636999
[2, 24, 29, 94, 97] - 444.1277700521003
[2, 24, 36, 29, 97] - 441.05285476709963
[2, 24, 90, 29, 97] - 443.4499847517003
[2, 24, 36, 29, 94] - 441.32739482390014
[2, 24, 90, 29, 94] - 443.8066858644002
[2, 24, 36, 90, 29] - 441.3632850181992
[2, 38, 29, 41] - 501.2295856300002
[2, 29, 41, 97] - 496.04563763999994
[2, 29, 94, 41] - 501.38620129999987
[2, 36, 29, 41] - 497.81500519
[2, 90, 29, 41] - 501.44683165000015
[2, 38, 29, 94, 97] - 512.2996850600003
[2, 36, 38, 29, 97] - 508.3086026421993
[2, 38, 90, 29, 97] - 510.3212567095999
[2, 36, 38, 29, 94] - 511.3536606096993
[2, 38, 90, 29, 94] - 513.7496787945003
[2, 36, 38, 90, 29] - 510.0614636765012
[2, 36, 29, 94, 97] - 510.934657163699
[2, 90, 29, 94, 97] - 514.1116595706994
[2, 36, 90, 29, 97] - 510.63599759270056
[2, 36, 90, 29, 94] - 512.7572850852
[24, 29, 120] - 513.0889610000004
[38, 29, 97, 120] - 427.4534408900005
[38, 29, 94, 120] - 430.1652894400002
[36, 38, 29, 120] - 424.05782718000006
[38, 90, 29, 120] - 426.5135814199997
[29, 94, 97, 120] - 435.6450292900003
[36, 29, 97, 120] - 428.9011531400004
[90, 29, 97, 120] - 432.85635636000035
[36, 29, 94, 120] - 430.37088217000075
[90, 29, 94, 120] - 434.2985421400009
[36, 90, 29, 120] - 428.57667420000035
[56, 29] - 489.6678000000008
[24, 29, 41] - 539.652188000001
[24, 38, 29, 94, 97] - 440.94643966810054
[24, 36, 38, 29, 97] - 437.87513601990014
[24, 38, 90, 29, 97] - 439.17978646489985
[24, 36, 38, 29, 94] - 438.3932192889005
[24, 38, 90, 29, 94] - 440.0832392640999
[24, 36, 38, 90, 29] - 437.6276403109003
[24, 36, 29, 94, 97] - 440.94014489669894
[24, 90, 29, 94, 97] - 443.32704529470016
[24, 36, 90, 29, 97] - 440.69711430439946
[24, 36, 90, 29, 94] - 440.5941185804007
[38, 29, 41, 97] - 492.8268348099996
[38, 29, 94, 41] - 498.84685071000024
[36, 38, 29, 41] - 495.16539402999996
[38, 90, 29, 41] - 498.3361368300009
[29, 94, 41, 97] - 494.54943695000065
[36, 29, 41, 97] - 491.34468558000015
[90, 29, 41, 97] - 494.7833173000004
[36, 29, 94, 41] - 496.2728948000006
[90, 29, 94, 41] - 499.45914686000015
[36, 90, 29, 41] - 496.82249904
[36, 38, 29, 94, 97] - 507.8796192777
[38, 90, 29, 94, 97] - 509.9640471223992
[36, 38, 90, 29, 97] - 506.3915706342995
[36, 38, 90, 29, 94] - 509.0119671367005
[36, 90, 29, 94, 97] - 510.28993195489943
[13, 114, 94] - 424.43141900000063
[13, 36, 114] - 421.78038000000004
[24, 13, 63] - 441.31713600000006
[13, 38, 63] - 463.2011709999991
[13, 63, 97] - 446.3927180000003
[13, 90, 63] - 459.28885399999996
[13, 38, 42] - 433.6347189999996
[13, 97, 42] - 455.34932199999975
[13, 94, 42] - 455.37956399999956
[13, 36, 42] - 456.5399550000007
[13, 90, 42] - 449.7388060000008
[12, 13] - 473.60859999999946
[56, 100, 13] - 470.5198810000004
[100, 24, 13] - 493.76378400000016
[100, 13, 97] - 495.60129800000067
[100, 13, 94] - 516.6632739999998
[100, 13, 36] - 516.4744250000005
[100, 13, 90] - 511.2661760000008
[13, 128] - 506.2724999999993
[11, 13] - 545.4794999999997
[13, 6] - 522.0339999999999
[23, 13] - 476.4920999999996
[1, 13, 31] - 493.36576999999966
[13, 71, 31] - 424.4933360000004
[67, 13, 31] - 426.50814599999984
[13, 41, 31] - 456.2587700000001
[13, 97, 31] - 469.320394
[13, 94, 31] - 421.86374199999955
[13, 36, 31] - 422.8166099999998
[13, 90, 31] - 495.30933299999964
[13, 5] - 519.2768999999997
[13, 2, 38] - 430.58574700000094
[13, 2, 94] - 431.159504
[13, 2, 36] - 426.5388489999997
[13, 2, 90] - 427.8422320000011
[67, 13, 104] - 450.0163079999995
[13, 38, 104] - 449.3044390000007
[13, 104, 97] - 437.2057730000002
[13, 104, 90] - 444.7949170000001
[56, 13, 120] - 483.50315799999987
[24, 13, 120] - 431.2305739999998
[13, 38, 97, 120] - 421.68580981000025
[13, 90, 97, 120] - 433.1670598099996
[13, 94, 120] - 547.4488559999993
[13, 36, 120] - 545.751337
[1, 13, 71] - 426.78708100000057
[67, 1, 13] - 470.93983000000037
[1, 13, 41] - 496.6092959999999
[1, 13, 97] - 505.5450330000006
[1, 13, 94] - 456.7889370000007
[1, 13, 36] - 456.97283199999964
[1, 13, 90] - 532.0424760000004
[88, 13, 97] - 482.91422299999994
[88, 13, 94] - 496.4862859999994
[88, 13, 36] - 496.39342300000004
[88, 13, 90] - 492.50002700000056
[13, 79, 97] - 500.8271049999998
[13, 79, 94] - 518.8190059999997
[13, 79, 36] - 516.6828259999996
[13, 79, 90] - 509.8815019999999
[56, 24, 13] - 467.67513500000024
[56, 13, 71] - 471.17687800000016
[67, 56, 13] - 476.6153329999995
[56, 13, 38, 97] - 451.24799100000115
[56, 13, 38, 94] - 451.01178385999975
[56, 13, 36, 38] - 454.4735007700008
[56, 13, 38, 90] - 448.71013886999987
[56, 13, 94, 97] - 531.2624486500004
[56, 13, 36, 97] - 533.5155179800004
[56, 13, 90, 97] - 526.7167939999998
[56, 13, 36, 94] - 535.0750158599988
[56, 13, 90, 94] - 529.4287442999998
[56, 13, 36, 90] - 530.8044093800003
[13, 24, 38] - 479.983594
[13, 24, 90, 97] - 441.9631540099999
[13, 24, 94] - 529.5276279999995
[13, 24, 36] - 522.4387140000002
[67, 13, 71] - 545.2728269999998
[13, 38, 71, 97] - 431.2748087300002
[13, 38, 90, 71] - 447.40552908999996
[13, 90, 71, 97] - 472.75017720999995
[13, 36, 71, 94] - 437.1841558500002
[13, 90, 71, 94] - 431.14243761
[13, 36, 90, 71] - 433.1958250099999
[67, 13, 41] - 441.7003900000001
[67, 13, 38, 97] - 464.8859649299994
[67, 13, 36, 38] - 423.73022011000023
[67, 13, 38, 90] - 479.10486716000054
[67, 13, 94, 97] - 449.4858747699994
[67, 13, 36, 97] - 447.683128870001
[67, 13, 90, 97] - 505.9965210600009
[67, 13, 36, 94] - 468.71256380000034
[67, 13, 90, 94] - 465.41235962000036
[67, 13, 36, 90] - 465.28389697999984
[13, 41, 97] - 467.11712800000004
[13, 94, 41] - 425.5411789999996
[13, 36, 41] - 421.82207200000005
[13, 90, 41] - 503.71261399999963
[13, 38, 94, 97] - 538.20540487
[13, 36, 38, 97] - 541.1098753999992
[13, 38, 90, 97] - 594.3751249100006
[13, 36, 38, 90, 94] - 424.33283389830007
[13, 36, 90, 94, 97] - 472.4152939644995
[66, 55, 24, 70] - 431.90017373999956
[66, 55, 70, 41] - 430.01812820000004
[66, 55, 70, 94] - 433.8388876100005
[66, 55, 36, 70] - 433.15457354000034
[66, 55, 90, 70] - 434.33569458999966
[66, 57, 70] - 548.8997790000001
[66, 24, 2, 70] - 554.0858171199999
[66, 2, 38, 70] - 551.1502683799996
[66, 2, 70, 97] - 550.3918284000001
[66, 2, 70, 94] - 551.7849868899998
[66, 2, 36, 70] - 550.0674191899992
[66, 2, 90, 70] - 549.1101708999994
[66, 70, 120] - 456.6663319999998
[66, 24, 70, 41] - 430.4905488199995
[66, 24, 38, 70] - 552.5845405399999
[66, 24, 70, 97] - 552.4862917900003
[66, 24, 36, 70, 94] - 431.54609427360043
[66, 24, 90, 70, 94] - 431.7149906422007
[66, 24, 36, 90, 70] - 431.27144726259974
[66, 70, 94, 41] - 431.6059134899997
[66, 36, 70, 41] - 429.0374324800003
[66, 90, 70, 41] - 431.4027697799997
[66, 38, 70, 97] - 548.9313794200009
[66, 38, 70, 94] - 551.4104098700002
[66, 36, 38, 70] - 549.2793257199996
[66, 38, 90, 70] - 548.0051291800003
[66, 70, 94, 97] - 550.9197824500003
[66, 36, 70, 97] - 548.8874748800002
[66, 90, 70, 97] - 548.4064639300008
[66, 36, 90, 70, 94] - 429.1071524067001
[114, 70, 63] - 424.5757120000003
[24, 114, 70] - 428.0605390000008
[114, 70, 94] - 422.0013620000005
[36, 114, 70] - 425.43458499999986
[114, 90, 70] - 422.22490899999923
[24, 70, 63] - 428.69953299999975
[70, 94, 63] - 423.53032699999955
[36, 70, 63] - 426.80568400000016
[90, 70, 63] - 423.66013699999996
[70, 42] - 490.65180000000015
[100, 70] - 476.69300000000027
[11, 2, 70] - 454.13746799999984
[11, 24, 70] - 454.2709810000004
[11, 38, 70] - 453.4256079999998
[11, 70, 97] - 453.7216509999996
[11, 70, 94] - 456.140466
[11, 36, 70] - 452.89006800000004
[11, 90, 70] - 451.4255200000004
[6, 70] - 530.1041999999999
[55, 57, 70] - 546.0656360000002
[55, 2, 70] - 548.4096000000003
[55, 24, 70, 41] - 450.8594996400001
[55, 24, 70, 94] - 453.5981803599992
[55, 24, 36, 70] - 452.9986345599999
[55, 24, 90, 70] - 454.3338386199997
[55, 70, 94, 41] - 452.49733009
[55, 36, 70, 41] - 451.4635461700001
[55, 90, 70, 41] - 453.4227265100008
[55, 38, 70] - 546.0765330000002
[55, 70, 97] - 544.1723929999998
[55, 36, 70, 94] - 455.3876688599998
[55, 90, 70, 94] - 456.0048403700005
[55, 36, 90, 70] - 456.0526297400003
[2, 57, 70] - 548.890557999999
[24, 57, 70] - 545.6909599999999
[57, 70, 41] - 543.9390640000004
[57, 38, 70] - 547.3231859999995
[57, 70, 97] - 544.6466240000001
[57, 70, 94] - 549.0428159999991
[57, 36, 70] - 545.3471740000001
[57, 90, 70] - 547.0410099999998
[5, 70] - 554.7595000000002
[24, 2, 70, 120] - 475.88432684999987
[2, 38, 70, 120] - 469.8503644900004
[2, 70, 97, 120] - 474.2576722900004
[2, 70, 94, 120] - 476.09531634000064
[2, 36, 70, 120] - 473.1030932600004
[2, 90, 70, 120] - 470.54428213999955
[2, 24, 38, 70, 97] - 513.5733185417002
[2, 24, 38, 70, 94] - 514.5891343200994
[2, 24, 36, 38, 70] - 513.8773637915008
[2, 24, 38, 90, 70] - 510.2208443079008
[2, 24, 70, 94, 97] - 516.6059156779005
[2, 24, 36, 70, 97] - 515.5877589320002
[2, 24, 90, 70, 97] - 513.5187883644004
[2, 24, 36, 70, 94] - 516.3777387235002
[2, 24, 90, 70, 94] - 514.0567756958004
[2, 24, 36, 90, 70] - 513.1947737802997
[2, 70, 41] - 546.0398280000004
[2, 38, 70, 94, 97] - 512.6197996156994
[2, 36, 38, 70, 97] - 511.8058778360002
[2, 38, 90, 70, 97] - 508.15484967660063
[2, 36, 38, 70, 94] - 513.0480663317002
[2, 38, 90, 70, 94] - 509.7044769870003
[2, 36, 38, 90, 70] - 508.8427432235001
[2, 36, 70, 94, 97] - 514.2287497332987
[2, 90, 70, 94, 97] - 512.3767236495994
[2, 36, 90, 70, 97] - 511.08492242879976
[2, 36, 90, 70, 94] - 512.163530789101
[24, 38, 70, 120] - 470.3484126500004
[24, 70, 97, 120] - 476.467275019999
[24, 70, 94, 120] - 477.9549199499991
[24, 36, 70, 120] - 473.82887806000053
[24, 90, 70, 120] - 472.02339365999984
[38, 70, 97, 120] - 470.312222639999
[38, 70, 94, 120] - 472.88326955000014
[36, 38, 70, 120] - 469.16976830999954
[38, 90, 70, 120] - 465.7316000300004
[70, 94, 97, 120] - 477.78465004999987
[36, 70, 97, 120] - 473.0730010499997
[90, 70, 97, 120] - 471.91012342000045
[36, 70, 94, 120] - 475.48921723999956
[90, 70, 94, 120] - 474.25248341
[36, 90, 70, 120] - 469.37734685999965
[56, 70] - 487.8058999999993
[24, 70, 94, 41] - 453.72994990000007
[24, 36, 70, 41] - 451.4390759300001
[24, 90, 70, 41] - 453.98066298000043
[24, 38, 70, 94, 97] - 512.3595581458006
[24, 36, 38, 70, 97] - 510.6538743072005
[24, 38, 90, 70, 97] - 507.51260562479996
[24, 36, 38, 70, 94] - 511.95657765449965
[24, 38, 90, 70, 94] - 509.06447879239886
[24, 36, 38, 90, 70] - 507.44380265709987
[24, 36, 70, 94, 97] - 514.1063992120996
[24, 90, 70, 94, 97] - 512.5911964841008
[24, 36, 90, 70, 97] - 510.56706827139976
[24, 36, 90, 70, 94] - 547.165262839
[38, 70, 41] - 543.5793059999994
[70, 41, 97] - 540.2796280000005
[36, 70, 94, 41] - 453.13175177000045
[90, 70, 94, 41] - 454.81679388000003
[36, 90, 70, 41] - 453.0047771300006
[36, 38, 70, 94, 97] - 510.76645967300004
[38, 90, 70, 94, 97] - 507.7785742269001
[36, 38, 90, 70, 97] - 505.97750487079963
[36, 38, 90, 70, 94] - 507.63202647389977
[36, 90, 70, 94, 97] - 510.28567873800074
[122, 9] - 484.2873000000003
[12, 122] - 559.5116000000002
[122, 100, 31] - 430.80647300000044
[1, 122, 100] - 428.3954359999999
[88, 122, 100] - 431.780441
[122, 100, 79] - 427.9597320000002
[56, 122, 100] - 425.5698490000002
[122, 100, 24] - 433.92991300000034
[122, 100, 41] - 425.47144700000047
[122, 100, 97] - 429.3594100000004
[122, 100, 94] - 429.9453120000001
[122, 100, 36] - 425.4889459999994
[122, 100, 90] - 423.9633370000002
[122, 6] - 525.6557999999992
[55, 122, 41] - 462.0908289999999
[55, 122, 94] - 521.9228299999995
[55, 122, 36] - 523.0677159999999
[55, 122, 90] - 524.4698089999999
[1, 122, 31] - 553.9102700000003
[88, 122, 79, 31] - 430.29551636000036
[88, 122, 24, 31] - 421.7625068300002
[88, 122, 41, 31] - 425.6961033200004
[88, 122, 94, 31] - 428.07810178999983
[88, 122, 36, 31] - 427.24409482999977
[88, 122, 90, 31] - 427.89300882999936
[122, 79, 41, 31] - 423.27504426000013
[122, 79, 94, 31] - 427.1801192599996
[122, 79, 36, 31] - 424.8636863399999
[122, 79, 90, 31] - 425.10976233999975
[56, 122, 31] - 426.6005079999995
[122, 97, 31] - 430.0605029999997
[122, 36, 94, 31] - 422.7757555700006
[122, 90, 94, 31] - 423.4523307099994
[122, 36, 90, 31] - 421.66549160000005
[122, 5, 41] - 446.89501700000056
[122, 5, 97] - 437.0067749999998
[122, 5, 94] - 487.0338979999994
[122, 36, 5] - 480.1699239999993
[122, 5, 90] - 482.1076479999995
[122, 104] - 530.7453
[88, 122, 1, 79] - 526.4622305299999
[88, 122, 1, 41] - 522.17325273
[88, 122, 1, 97] - 434.3812928899995
[88, 122, 1, 94] - 525.9591491299998
[88, 122, 1, 36] - 525.5564513499994
[88, 122, 1, 90] - 523.8953594100009
[122, 1, 79, 41] - 518.69642834
[122, 1, 79, 97] - 429.40564818
[122, 1, 79, 94] - 524.76175904
[122, 1, 79, 36] - 522.60443563
[122, 1, 79, 90] - 521.3306389599999
[56, 122, 1] - 425.57085400000057
[122, 1, 24] - 555.4581529999996
[67, 122, 1] - 423.5547010000004
[122, 1, 41, 97] - 426.55724562000023
[122, 1, 94, 41] - 518.2115606099991
[122, 1, 36, 41] - 517.42626409
[122, 1, 90, 41] - 516.3995160599994
[122, 1, 94, 97] - 432.03145768999985
[122, 1, 36, 97] - 429.5766033899999
[122, 1, 90, 97] - 427.1249382699999
[122, 1, 36, 94] - 521.4920608800003
[122, 1, 90, 94] - 520.4440621900003
[122, 1, 36, 90] - 519.4578073899997
[88, 122, 79, 94, 41] - 434.33486528819964
[88, 122, 79, 36, 41] - 433.3499173411002
[88, 122, 79, 90, 41] - 432.4880216259
[88, 122, 79, 97] - 517.5108194300002
[88, 122, 79, 36, 94] - 467.5588654308001
[88, 122, 79, 90, 94] - 466.3734569894993
[88, 122, 79, 36, 90] - 465.86422186110076
[88, 56, 122] - 491.27482599999973
[88, 122, 71] - 483.5966579999996
[88, 67, 122] - 526.2630230000007
[88, 122, 41, 97] - 472.75389849000067
[88, 122, 36, 94, 41] - 431.4783423350994
[88, 122, 90, 94, 41] - 430.7855063258002
[88, 122, 36, 90, 41] - 430.9378869647001
[88, 122, 94, 97] - 517.7188175299999
[88, 122, 36, 97] - 517.6141514200004
[88, 122, 90, 97] - 513.5647589599989
[88, 122, 36, 90, 94] - 462.7381713734013
[56, 122, 79] - 488.1869610000001
[122, 24, 79] - 555.934103
[122, 79, 71] - 483.4581240000004
[67, 122, 79] - 523.3913170000001
[122, 79, 41, 97] - 468.6738809199996
[122, 79, 36, 94, 41] - 430.38307124359983
[122, 79, 90, 94, 41] - 429.6984394368994
[122, 79, 36, 90, 41] - 428.38624835869945
[122, 79, 94, 97] - 517.4854472600002
[122, 79, 36, 97] - 514.7686394600003
[122, 79, 90, 97] - 511.38744019999973
[122, 79, 36, 90, 94] - 463.14029851549924
[122, 56, 24] - 430.7599030000008
[122, 56, 41] - 483.24991400000044
[122, 56, 97] - 487.8285969999992
[122, 56, 94] - 490.5510170000001
[122, 56, 36] - 486.24296300000026
[122, 56, 90] - 483.4187150000006
[122, 24, 41, 97] - 458.3612642900001
[122, 24, 94, 41] - 548.7626431799997
[122, 24, 36, 41] - 543.1268163299995
[122, 24, 90, 41] - 545.6635130100005
[122, 24, 94, 97] - 466.1761794199996
[122, 24, 36, 97] - 458.4142926800005
[122, 24, 90, 97] - 458.66472722
[122, 24, 36, 94] - 549.9968495500009
[122, 24, 90, 94] - 551.9007716100004
[122, 24, 36, 90] - 545.3233202599996
[122, 71, 41] - 424.5487769999997
[122, 71, 94] - 479.7547749999996
[122, 36, 71] - 485.37835000000103
[122, 90, 71] - 479.46240700000004
[122, 67, 41] - 465.6777930000007
[122, 67, 97] - 442.3395759999996
[122, 67, 94] - 520.6410919999998
[122, 67, 36] - 521.680450999999
[122, 67, 90] - 525.1374020000003
[122, 36, 94, 41, 97] - 453.87415307530034
[122, 90, 94, 41, 97] - 453.08111751530015
[122, 36, 90, 41, 97] - 448.0378844555
[122, 36, 90, 94, 41] - 527.2797864436008
[122, 38, 97] - 442.61078399999957
[122, 38, 94] - 461.6330010000005
[122, 36, 38] - 459.82186900000016
[122, 38, 90] - 458.57868699999995
[122, 36, 90, 94, 97] - 486.617796729701
[66, 114, 63] - 442.2074110000001
[66, 24, 114] - 462.46498900000006
[66, 114, 94] - 458.8671209999999
[66, 36, 114] - 450.8094440000004
[66, 114, 90] - 459.3885039999999
[66, 24, 63] - 448.76373799999965
[66, 94, 63] - 447.04064699999986
[66, 36, 63] - 448.45678699999985
[66, 90, 63] - 445.70094500000005
[66, 42] - 506.2812000000006
[66, 100] - 504.97199999999987
[66, 128] - 449.1567999999997
[66, 11, 2] - 487.44960800000024
[66, 11, 24] - 487.9178200000002
[66, 11, 38] - 489.6702390000007
[66, 11, 97] - 466.39863799999927
[66, 11, 94] - 487.20433400000024
[66, 11, 36] - 477.58427300000045
[66, 11, 90] - 485.44931600000035
[66, 6] - 546.9272000000002
[66, 55, 57] - 548.2911590000001
[66, 55, 24, 2] - 436.94395571
[66, 55, 2, 41] - 423.9081613999998
[66, 55, 2, 38] - 438.76534329000054
[66, 55, 2, 94] - 438.3368262900005
[66, 55, 2, 36] - 428.95871450999954
[66, 55, 2, 90] - 437.50707015000023
[66, 55, 24, 41] - 465.59152466999967
[66, 55, 24, 38] - 436.65967900999954
[66, 55, 24, 94] - 481.61601692999994
[66, 55, 24, 36] - 472.46247653000034
[66, 55, 24, 90] - 482.8684209299999
[66, 55, 38, 41] - 423.1942747300002
[66, 55, 94, 41] - 465.9618233100006
[66, 55, 36, 41] - 458.1052388199996
[66, 55, 90, 41] - 467.51585030999985
[66, 55, 38, 94] - 438.22000937000035
[66, 55, 36, 38] - 428.3832821900002
[66, 55, 38, 90] - 437.2308820099997
[66, 55, 97] - 559.5768210000003
[66, 55, 36, 94] - 473.7968007900003
[66, 55, 90, 94] - 483.39513251999944
[66, 55, 36, 90] - 475.40941605999984
[66, 2, 57] - 550.9535659999996
[66, 24, 57] - 549.1277889999998
[66, 57, 41] - 546.2209039999995
[66, 57, 38] - 551.1874840000003
[66, 57, 97] - 547.5649509999992
[66, 57, 94] - 550.2521420000004
[66, 57, 36] - 547.6251299999997
[66, 57, 90] - 550.5255259999997
[66, 24, 5] - 428.39883199999963
[66, 5, 94] - 431.6492970000004
[66, 36, 5] - 424.82871100000006
[66, 5, 90] - 431.178961
[66, 24, 2, 120] - 493.55424744000044
[66, 2, 38, 120] - 491.6777819700016
[66, 2, 97, 120] - 493.32275421000065
[66, 2, 94, 120] - 495.3461522200007
[66, 2, 36, 120] - 491.89103107000074
[66, 2, 90, 120] - 491.5791781000002
[66, 2, 24, 41] - 425.85876431000025
[66, 2, 24, 38, 97] - 526.7616939893013
[66, 2, 24, 38, 94] - 539.8465714587002
[66, 2, 24, 36, 38] - 532.4308626691006
[66, 2, 24, 38, 90] - 538.0834908248997
[66, 2, 24, 94, 97] - 527.1425209516001
[66, 2, 24, 36, 97] - 526.1145761438005
[66, 2, 24, 90, 97] - 525.5593571399002
[66, 2, 24, 36, 94] - 532.6977453434004
[66, 2, 24, 90, 94] - 538.7471346168012
[66, 2, 24, 36, 90] - 531.580280031401
[66, 2, 38, 41] - 427.41803441999997
[66, 2, 94, 41] - 426.79432187999936
[66, 2, 90, 41] - 425.6890410899996
[66, 2, 38, 94, 97] - 526.6035401576005
[66, 2, 36, 38, 97] - 525.2821637770002
[66, 2, 38, 90, 97] - 524.1643616624999
[66, 2, 36, 38, 94] - 532.3702443114003
[66, 2, 38, 90, 94] - 537.6696232972995
[66, 2, 36, 38, 90] - 530.4499958971996
[66, 2, 36, 94, 97] - 525.4938621985001
[66, 2, 90, 94, 97] - 524.7829412348005
[66, 2, 36, 90, 97] - 523.4104000701994
[66, 2, 36, 90, 94] - 530.6387641416991
[66, 24, 38, 120] - 491.8000984899997
[66, 24, 97, 120] - 495.00879324
[66, 24, 94, 120] - 496.74774064999997
[66, 24, 36, 120] - 493.0021469299999
[66, 24, 90, 120] - 493.7120393600004
[66, 38, 97, 120] - 493.2297235599999
[66, 38, 94, 120] - 495.60435741000083
[66, 36, 38, 120] - 491.71777852000054
[66, 38, 90, 120] - 491.9280473899987
[66, 94, 97, 120] - 497.8101673599995
[66, 36, 97, 120] - 493.5738187499993
[66, 90, 97, 120] - 494.23604127
[66, 36, 94, 120] - 495.65590924999964
[66, 90, 94, 120] - 496.4202895099998
[66, 36, 90, 120] - 492.03465336999994
[66, 56] - 489.42839999999995
[66, 24, 38, 41] - 424.8662492199998
[66, 24, 94, 41] - 469.11569765999957
[66, 24, 36, 41] - 459.01392351
[66, 24, 90, 41] - 470.0032849899996
[66, 24, 38, 94, 97] - 526.3908972921007
[66, 24, 36, 38, 97] - 524.9166418352995
[66, 24, 38, 90, 97] - 524.4213018358001
[66, 24, 36, 38, 94] - 531.4094283871993
[66, 24, 38, 90, 94] - 537.7566188492009
[66, 24, 36, 38, 90] - 530.0300239464015
[66, 24, 36, 94, 97] - 526.0228537146014
[66, 24, 90, 94, 97] - 525.8756348532004
[66, 24, 36, 90, 97] - 524.3236358332992
[66, 24, 36, 90, 94] - 567.2556825724009
[66, 38, 94, 41] - 425.8423695100004
[66, 38, 90, 41] - 424.58816268000044
[66, 41, 97] - 541.7922089999995
[66, 36, 94, 41] - 459.2894845599998
[66, 90, 94, 41] - 469.77982498999944
[66, 36, 90, 41] - 460.49773731999954
[66, 36, 38, 94, 97] - 525.2417433016001
[66, 38, 90, 94, 97] - 524.5911790907002
[66, 36, 38, 90, 97] - 522.8982041536998
[66, 36, 38, 90, 94] - 530.0831593681
[66, 36, 90, 94, 97] - 523.8704433532002
[100, 114, 63, 42] - 556.4151169100006
[2, 114, 63, 97, 42] - 421.3890257153998
[114, 63, 42, 120] - 555.6655081100009
[56, 114, 63, 42] - 553.1201714100016
[24, 114, 63, 97, 42] - 422.34446846040055
[114, 38, 63, 42] - 554.0584834000006
[114, 94, 63, 42, 97] - 421.54865336990014
[36, 114, 63, 42, 97] - 422.0342048417001
[114, 90, 63, 42, 97] - 421.0749775712992
[12, 114, 63] - 467.5260079999999
[100, 2, 114, 63] - 553.3589994199998
[100, 114, 63, 120] - 549.6692455099994
[56, 100, 114, 63] - 547.967188139999
[100, 24, 114, 63] - 555.6146201499992
[100, 114, 38, 94, 63] - 456.0447659738995
[100, 36, 114, 38, 63] - 459.0634817736006
[100, 114, 38, 90, 63] - 457.51124926859933
[100, 114, 63, 97] - 556.1825157100009
[100, 36, 114, 94, 63] - 459.86545593930003
[100, 114, 90, 94, 63] - 459.09164961699963
[100, 36, 114, 90, 63] - 462.1968449008
[2, 114, 63, 120] - 552.7045718199996
[56, 2, 114, 63] - 551.0430114999996
[24, 2, 114, 63] - 558.9919410299999
[2, 114, 38, 63] - 551.3465862900002
[2, 114, 94, 63] - 555.2998315400008
[2, 36, 114, 63] - 556.6661836100006
[2, 114, 90, 63] - 556.849892490001
[56, 114, 63, 120] - 546.59782885
[24, 114, 63, 120] - 554.3727981100013
[114, 38, 63, 120] - 547.6258761300011
[114, 63, 97, 120] - 555.8960371500009
[114, 94, 63, 120] - 552.4986385900002
[36, 114, 63, 120] - 551.8016960800009
[114, 90, 63, 120] - 551.6071949400008
[88, 114, 63] - 530.8414290000005
[79, 114, 63] - 542.2263140000003
[56, 24, 114, 63] - 550.9121287700007
[56, 114, 38, 63] - 544.5627895400003
[56, 114, 63, 97] - 553.393905280001
[56, 114, 94, 63] - 548.5246538000011
[56, 36, 114, 63] - 550.8480566200001
[56, 114, 90, 63] - 549.2893635599993
[24, 114, 38, 63] - 552.0254696199993
[24, 36, 114, 94, 63] - 486.22534421520044
[24, 114, 90, 94, 63] - 488.11342340330054
[24, 36, 114, 90, 63] - 488.95460240539995
[114, 71, 63] - 506.42831399999966
[67, 114, 63] - 508.8983959999994
[114, 38, 63, 97] - 554.3901382199998
[36, 114, 38, 94, 63] - 458.078744533901
[114, 38, 90, 94, 63] - 457.60868899260055
[36, 114, 38, 90, 63] - 460.23715762730006
[36, 114, 90, 94, 63] - 531.2946507431003
[100, 2, 114, 42] - 557.6398172100005
[100, 24, 114, 42, 120] - 431.53774901300045
[100, 114, 97, 42, 120] - 432.8808127174994
[100, 114, 94, 42, 120] - 430.46292309309956
[100, 36, 114, 42, 120] - 430.1953269332998
[100, 114, 90, 42, 120] - 428.99994752189986
[56, 100, 114, 42] - 549.0100972600007
[100, 24, 114, 97, 42] - 437.5659891583012
[100, 24, 114, 94, 42] - 433.4853923619
[100, 24, 36, 114, 42] - 435.4689614285995
[100, 24, 114, 90, 42] - 434.38694542589957
[100, 114, 38, 42] - 549.4187711799993
[100, 114, 94, 42, 97] - 434.1419155277003
[100, 36, 114, 42, 97] - 437.09051955059965
[100, 114, 90, 42, 97] - 435.4475920477994
[100, 36, 114, 94, 42] - 431.8204476756002
[100, 114, 90, 94, 42] - 430.82436087289966
[100, 36, 114, 90, 42] - 433.4429560302003
[2, 114, 42, 120] - 555.0537245600003
[56, 2, 114, 42] - 552.8364096699999
[2, 24, 114, 97, 42] - 424.0782689689002
[2, 24, 36, 114, 42] - 422.51889725289925
[2, 24, 114, 90, 42] - 421.98320100350105
[2, 114, 38, 42] - 553.2445754100006
[2, 114, 94, 42, 97] - 421.61871974670055
[2, 36, 114, 42, 97] - 424.98358239669983
[2, 114, 90, 42, 97] - 424.45683108209954
[2, 36, 114, 90, 42] - 423.03506034259965
[56, 114, 42, 120] - 548.6722773800001
[24, 114, 97, 42, 120] - 436.7531766637997
[24, 114, 94, 42, 120] - 434.8646397243005
[24, 36, 114, 42, 120] - 433.8510703696997
[24, 114, 90, 42, 120] - 433.0598169733007
[114, 38, 42, 120] - 549.3753884199992
[114, 94, 42, 97, 120] - 436.43629342070017
[36, 114, 42, 97, 120] - 435.9136871568012
[114, 90, 42, 97, 120] - 434.6016064756995
[36, 114, 94, 42, 120] - 433.1107407301008
[114, 90, 94, 42, 120] - 432.2599860197003
[36, 114, 90, 42, 120] - 432.00403018410015
[56, 24, 114, 42] - 552.2223013700004
[56, 114, 38, 42] - 545.7883575200001
[56, 114, 97, 42] - 555.4996988199995
[56, 114, 94, 42] - 550.4045672400002
[56, 36, 114, 42] - 552.8825242099994
[56, 114, 90, 42] - 550.8252330899998
[24, 114, 38, 42] - 553.0921782999994
[24, 114, 94, 42, 97] - 439.17469605120056
[24, 36, 114, 42, 97] - 440.91947504449996
[24, 114, 90, 42, 97] - 439.86893768280027
[24, 36, 114, 94, 42] - 436.53737258340044
[24, 114, 90, 94, 42] - 436.0575305913001
[24, 36, 114, 90, 42] - 437.6608699872001
[114, 38, 97, 42] - 556.6018635799996
[114, 38, 94, 42] - 552.0127252899999
[36, 114, 38, 42] - 553.3410460800005
[114, 38, 90, 42] - 551.8950277599989
[36, 114, 94, 42, 97] - 439.5742782779996
[114, 90, 94, 42, 97] - 438.8578171141001
[36, 114, 90, 42, 97] - 441.0507946832999
[36, 114, 90, 94, 42] - 436.1952159049986
[12, 24, 114] - 428.3351929999999
[12, 114, 94] - 471.2296470000006
[12, 36, 114] - 474.9459629999998
[12, 114, 90] - 477.33626100000083
[11, 100, 114] - 425.3327490000007
[100, 2, 114, 120] - 548.3765994000007
[56, 100, 2, 114] - 546.60835185
[100, 24, 2, 114] - 557.6233751000004
[100, 2, 114, 38] - 546.4357448000002
[100, 2, 114, 97] - 556.221884229999
[100, 2, 114, 94] - 549.8394718399995
[100, 2, 36, 114] - 554.4681696900002
[100, 2, 114, 90] - 554.4802917499986
[56, 100, 114, 120] - 542.88200559
[100, 24, 114, 97, 120] - 432.05980230280005
[100, 24, 114, 94, 120] - 429.85534915990024
[100, 24, 36, 114, 120] - 429.4933297234995
[100, 24, 114, 90, 120] - 429.1395765115003
[100, 114, 38, 120] - 543.2415104700001
[100, 114, 94, 97, 120] - 429.7597670487994
[100, 36, 114, 97, 120] - 430.25045971910043
[100, 114, 90, 97, 120] - 429.37518847429914
[100, 36, 114, 94, 120] - 426.9119497707999
[100, 114, 90, 94, 120] - 426.5276509277001
[100, 36, 114, 90, 120] - 427.0059171012002
[100, 79, 114] - 445.3767280000001
[100, 56, 24, 114] - 547.5207603499989
[100, 56, 114, 38] - 540.3087453800008
[100, 56, 114, 97] - 548.9815746200002
[100, 56, 114, 94] - 543.9124717900005
[100, 56, 36, 114] - 546.7770523299988
[100, 56, 114, 90] - 545.2411048700001
[100, 24, 114, 38] - 548.0451754700002
[100, 24, 114, 94, 97] - 433.2363316312001
[100, 24, 36, 114, 97] - 435.9361469144002
[100, 24, 114, 90, 97] - 435.28758147080003
[100, 24, 36, 114, 94] - 431.18838127760046
[100, 24, 114, 90, 94] - 431.0674767510007
[100, 24, 36, 114, 90] - 433.2756238838995
[100, 114, 71] - 454.3656340000002
[67, 100, 114] - 457.1701219999997
[100, 114, 38, 97] - 549.2474104100002
[100, 36, 114, 38, 94] - 452.3149398293005
[100, 114, 38, 90, 94] - 451.5184539352001
[100, 36, 114, 38, 90] - 454.5859443139005
[100, 36, 114, 94, 97] - 431.0074764906992
[100, 114, 90, 94, 97] - 430.4476925070995
[100, 36, 114, 90, 97] - 433.67706196880005
[100, 36, 114, 90, 94] - 471.9152992904003
[11, 114, 38] - 441.4367470000003
[11, 114, 94] - 458.12863099999953
[11, 36, 114] - 453.0383439999994
[11, 114, 90] - 459.35909200000003
[114, 5] - 447.02220000000034
[56, 2, 114, 120] - 546.4354673499987
[24, 2, 114, 120] - 554.4224326800012
[2, 114, 38, 120] - 546.77881552
[2, 114, 97, 120] - 554.5309990799991
[2, 114, 94, 120] - 551.0687707300004
[2, 36, 114, 120] - 551.62334673
[2, 114, 90, 120] - 552.0054126200008
[56, 24, 2, 114] - 551.8838446600002
[56, 2, 114, 38] - 543.9606240299995
[56, 2, 114, 97] - 552.4085059699999
[56, 2, 114, 94] - 547.6537623499996
[56, 2, 36, 114] - 550.8963769399991
[56, 2, 114, 90] - 549.9869792100008
[2, 24, 114, 38, 94] - 426.1250811538998
[2, 24, 36, 114, 38] - 420.8790359301001
[2, 24, 114, 38, 90] - 427.3897442745007
[2, 24, 36, 114, 97] - 422.23254422010035
[2, 24, 114, 90, 97] - 422.35654658030035
[2, 24, 36, 114, 94] - 424.48167685680045
[2, 24, 114, 90, 94] - 432.1025239884996
[2, 24, 36, 114, 90] - 428.2202354036993
[2, 114, 38, 97] - 552.9045783799994
[2, 114, 38, 90, 94] - 425.0744521338006
[2, 36, 114, 90, 97] - 422.61048131969955
[2, 36, 114, 90, 94] - 425.35618602790083
[56, 24, 114, 120] - 546.5708234400008
[56, 114, 38, 120] - 539.9752532499996
[56, 114, 97, 120] - 549.04366513
[56, 114, 94, 120] - 544.5506007699992
[56, 36, 114, 120] - 545.7331515099996
[56, 114, 90, 120] - 544.4028136900002
[24, 114, 38, 120] - 547.4749626000004
[24, 114, 94, 97, 120] - 435.0991008722999
[24, 36, 114, 97, 120] - 434.5836488709996
[24, 114, 90, 97, 120] - 434.2512187911006
[24, 36, 114, 94, 120] - 431.9853358498999
[24, 114, 90, 94, 120] - 432.06823586209987
[24, 36, 114, 90, 120] - 431.6885113656993
[114, 38, 97, 120] - 549.9338994899997
[114, 38, 94, 120] - 550.4310087300008
[36, 114, 38, 120] - 550.6890406100008
[114, 38, 90, 120] - 550.7140194800004
[36, 114, 94, 97, 120] - 432.6851985678004
[114, 90, 94, 97, 120] - 432.3234269223001
[36, 114, 90, 97, 120] - 432.43397078650037
[36, 114, 90, 94, 120] - 432.7321624759995
[88, 24, 114] - 484.8968739999998
[88, 114, 94] - 538.0326379999999
[88, 36, 114] - 546.2109719999993
[88, 114, 90] - 544.211385
[24, 79, 114] - 531.7381720000001
[79, 114, 38] - 427.3897729999994
[79, 36, 114, 94] - 435.8492690699997
[79, 114, 90, 94] - 432.82231021999985
[79, 36, 114, 90] - 438.7646454999999
[56, 24, 114, 38] - 543.5571104900005
[56, 24, 114, 97] - 553.1726628999999
[56, 24, 114, 94] - 548.7578392899989
[56, 24, 36, 114] - 550.9236643199991
[56, 24, 114, 90] - 549.3508595399994
[56, 114, 38, 97] - 546.5954089200004
[56, 114, 38, 94] - 541.1653075200002
[56, 36, 114, 38] - 544.0895957099995
[56, 114, 38, 90] - 542.2079990400005
[56, 114, 94, 97] - 550.6724674700005
[56, 36, 114, 97] - 552.85519411
[56, 114, 90, 97] - 551.1793553799998
[56, 36, 114, 94] - 547.3984999500001
[56, 114, 90, 94] - 546.7002943400008
[56, 36, 114, 90] - 549.0819128300008
[24, 114, 71] - 435.8783059999999
[67, 24, 114] - 442.2692989999996
[24, 114, 38, 97] - 554.1204518299992
[24, 36, 114, 38, 94] - 423.1017900654009
[24, 114, 38, 90, 94] - 430.2967180168006
[24, 36, 114, 38, 90] - 424.29612987890084
[24, 36, 114, 94, 97] - 436.4918584035005
[24, 114, 90, 94, 97] - 436.62737629790024
[24, 36, 114, 90, 97] - 438.53575463899955
[24, 36, 114, 90, 94] - 514.979014038
[114, 38, 71] - 448.80417699999987
[114, 71, 94] - 529.190187
[36, 114, 71] - 532.5630360000008
[114, 90, 71] - 535.802282
[67, 114, 38] - 451.26758899999953
[67, 114, 94] - 531.8148649999993
[67, 36, 114] - 535.4364280000005
[67, 114, 90] - 539.1112189999994
[114, 38, 94, 97] - 551.8752307199995
[36, 114, 38, 97] - 553.81872308
[114, 38, 90, 97] - 552.5748677099992
[36, 114, 38, 90, 94] - 473.737463481
[36, 114, 90, 94, 97] - 436.2200132515995
[57, 128, 9] - 515.0391219999996
[104, 128, 9] - 425.70955299999997
[128, 9, 71] - 430.57358999999934
[67, 128, 9] - 433.55430000000024
[128, 9, 41] - 456.0602040000001
[38, 128, 9] - 478.8450450000001
[128, 9, 97] - 526.4770659999999
[128, 9, 94] - 522.2136359999994
[36, 128, 9] - 524.0660300000003
[90, 128, 9] - 525.6558609999993
[6, 9, 41] - 429.09600399999994
[6, 9, 97] - 461.23095600000005
[6, 9, 94] - 454.80943799999983
[36, 6, 9] - 454.38103200000074
[6, 90, 9] - 454.8008330000004
[23, 9] - 510.1216999999998
[55, 24, 9] - 434.1640419999994
[55, 9, 94] - 429.18689399999903
[55, 36, 9] - 432.4067160000001
[55, 90, 9] - 437.731603
[57, 9, 71] - 432.74207700000034
[67, 57, 9] - 434.56346300000035
[57, 38, 9, 41] - 475.5441250900001
[57, 9, 41, 97] - 480.8067882199989
[57, 9, 94, 41] - 478.3018063999994
[57, 36, 9, 41] - 476.4623667399999
[57, 90, 9, 41] - 479.0716438999996
[57, 38, 9, 97] - 491.38074677999975
[57, 38, 9, 94] - 486.6288860399994
[57, 36, 38, 9] - 487.80835195000043
[57, 38, 90, 9] - 488.2303659100012
[57, 9, 94, 97] - 534.9634666799996
[57, 36, 9, 97] - 535.8126923799996
[57, 90, 9, 97] - 537.9675435399992
[57, 36, 9, 94] - 530.2049371199996
[57, 90, 9, 94] - 531.8406290999998
[57, 36, 90, 9] - 534.4441919000012
[104, 9, 31] - 467.9478459999998
[56, 1, 9, 31] - 434.6064749700009
[1, 9, 41, 31] - 485.4969218600002
[1, 9, 97, 31] - 482.9852794900002
[1, 9, 94, 31] - 527.38191047
[1, 36, 9, 31] - 527.2165443399991
[1, 90, 9, 31] - 529.7671464100001
[88, 9, 31] - 444.2447349999999
[79, 9, 31] - 465.60798500000004
[56, 9, 41, 31] - 438.6309194699996
[56, 9, 97, 31] - 439.7494061299995
[56, 9, 94, 31] - 439.91441649
[56, 36, 9, 31] - 437.74454624000015
[56, 90, 9, 31] - 436.61983502000027
[9, 71, 31] - 555.8685470000004
[67, 9, 31] - 558.2882570000003
[9, 41, 97, 31] - 443.95231831000035
[9, 94, 41, 31] - 488.52696416
[36, 9, 41, 31] - 486.8993740500002
[90, 9, 41, 31] - 488.57044557000023
[9, 94, 31, 97] - 492.06911751
[36, 9, 31, 97] - 489.11208844000004
[90, 9, 31, 97] - 490.2119198399999
[36, 9, 94, 31] - 534.2663746900002
[90, 9, 94, 31] - 537.2646097300003
[36, 90, 9, 31] - 535.5968499999999
[5, 9, 41] - 444.04620499999993
[5, 9, 97] - 502.84382899999986
[5, 9, 94] - 519.6164210000004
[36, 5, 9] - 519.6224620000002
[5, 90, 9] - 524.7917120000003
[2, 9] - 426.5438999999999
[1, 104, 9] - 480.2144449999998
[104, 9, 71] - 494.5591670000006
[67, 104, 9] - 496.4535740000004
[104, 9, 41] - 424.72701000000086
[104, 9, 97] - 465.57665599999973
[104, 9, 94] - 520.168566000001
[36, 104, 9] - 526.0275410000004
[104, 90, 9] - 531.2685990000003
[9, 120] - 536.1194999999999
[88, 1, 9] - 463.07688000000036
[1, 79, 9] - 474.32500700000037
[1, 56, 9, 41] - 430.97795066999953
[1, 56, 9, 97] - 451.5852372599998
[1, 56, 9, 94] - 448.73166696999965
[1, 56, 36, 9] - 448.64921556999985
[1, 56, 90, 9] - 446.5061176400002
[1, 9, 71, 94] - 426.8700784300008
[1, 36, 9, 71] - 428.76356866000003
[1, 90, 9, 71] - 428.5519593700001
[1, 67, 9, 94] - 425.8866660100003
[1, 67, 36, 9] - 427.10366329999965
[1, 67, 90, 9] - 430.1162459799991
[1, 9, 41, 97] - 436.7001098499998
[1, 9, 94, 41] - 479.1411416600001
[1, 36, 9, 41] - 479.10843364999977
[1, 90, 9, 41] - 480.10577986000004
[1, 9, 94, 97] - 495.51511379999994
[1, 36, 9, 97] - 494.99578449000023
[1, 90, 9, 97] - 494.74094583999994
[1, 36, 9, 94] - 536.8899356699994
[1, 90, 9, 94] - 538.4859691400007
[1, 36, 90, 9] - 540.08402177
[88, 79, 9] - 423.3318019999999
[88, 9, 97] - 443.73146800000023
[88, 9, 94] - 497.690092
[88, 36, 9] - 499.5825270000004
[88, 90, 9] - 502.448423000001
[79, 9, 97] - 462.08749500000005
[79, 9, 94] - 520.7244469999995
[79, 36, 9] - 520.1934879999995
[79, 90, 9] - 526.2767969999995
[56, 9, 71] - 493.70516100000015
[67, 56, 9] - 492.7766840000004
[56, 9, 41, 97] - 436.5927777199994
[56, 9, 94, 41] - 435.8019774499991
[56, 36, 9, 41] - 434.3414600500004
[56, 90, 9, 41] - 432.61478241000054
[56, 9, 94, 97] - 455.01243976000035
[56, 36, 9, 97] - 454.1873168399993
[56, 90, 9, 97] - 452.0931235099997
[56, 36, 9, 94] - 452.99006104000017
[56, 90, 9, 94] - 450.7941166800004
[56, 36, 90, 9] - 450.0099881899997
[24, 9, 41] - 545.251577
[24, 9, 94, 97] - 446.483238100001
[24, 36, 9, 97] - 444.31044029999975
[24, 90, 9, 97] - 446.10666924999987
[24, 36, 9, 94] - 485.7375674699996
[24, 90, 9, 94] - 489.33224958
[24, 36, 90, 9] - 488.9810457599994
[67, 9, 71] - 544.4888880000002
[9, 71, 41] - 503.23200299999996
[38, 9, 71] - 422.74493599999994
[9, 71, 94, 97] - 437.3989707
[36, 9, 71, 97] - 439.1470659500003
[90, 9, 71, 97] - 439.0854716799994
[36, 9, 71, 94] - 457.17401598000015
[90, 9, 71, 94] - 457.76570456000053
[36, 90, 9, 71] - 461.13218112000027
[67, 9, 41] - 505.98286800000017
[67, 38, 9] - 425.5320010000005
[67, 9, 94, 97] - 440.22955690000015
[67, 36, 9, 97] - 441.9278074400006
[67, 90, 9, 97] - 443.97635198999967
[67, 36, 9, 94] - 456.72003932999957
[67, 90, 9, 94] - 460.18954981000076
[67, 36, 90, 9] - 462.61206056000066
[38, 9, 41, 97] - 476.2165096800007
[38, 9, 94, 41] - 474.43409330000037
[36, 38, 9, 41] - 473.9823422599998
[38, 90, 9, 41] - 474.88798736999985
[36, 9, 94, 41, 97] - 479.50287431149974
[90, 9, 94, 41, 97] - 479.9663263128999
[36, 90, 9, 41, 97] - 477.6062355838
[36, 90, 9, 94, 41] - 511.1292345714001
[38, 9, 94, 97] - 523.4209224299998
[36, 38, 9, 97] - 524.4555019500009
[38, 90, 9, 97] - 525.5586367699995
[36, 38, 9, 94] - 521.3988726199995
[38, 90, 9, 94] - 522.4076307699996
[36, 38, 90, 9] - 524.3354984900001
[36, 90, 9, 94, 97] - 549.4181639880999
[100, 2, 63, 42] - 556.9113399200003
[100, 63, 42, 120] - 553.7693366000008
[56, 100, 63, 42] - 550.894629080001
[100, 24, 63, 42] - 558.3564313400003
[100, 38, 63, 42] - 552.5532674000004
[100, 63, 97, 42] - 560.1674825100007
[100, 94, 63, 42] - 556.9182938500012
[100, 36, 63, 42] - 557.57110243
[100, 90, 63, 42] - 556.7337212799997
[2, 63, 42, 120] - 555.22932304
[56, 2, 63, 42] - 552.8423234399996
[2, 24, 63, 97, 42] - 421.7946187799002
[2, 38, 63, 42] - 554.1884867599995
[2, 36, 63, 42, 97] - 420.99867829569934
[2, 90, 63, 42, 97] - 420.9884946420998
[2, 94, 63, 42] - 558.5245314100003
[56, 63, 42, 120] - 548.6361884499996
[24, 63, 97, 42, 120] - 425.9831265096
[24, 94, 63, 42, 120] - 424.1355675292001
[24, 36, 63, 42, 120] - 422.7381849147004
[24, 90, 63, 42, 120] - 422.9136944220998
[38, 63, 97, 42, 120] - 421.34404742090004
[94, 63, 42, 97, 120] - 425.53798824619963
[36, 63, 42, 97, 120] - 424.66946474979983
[90, 63, 42, 97, 120] - 424.4831512753001
[36, 94, 63, 42, 120] - 422.1038552031993
[90, 94, 63, 42, 120] - 422.37217067720024
[36, 90, 63, 42, 120] - 421.6850277289
[56, 24, 63, 42] - 552.0533832400005
[56, 38, 63, 42] - 546.5360605100002
[56, 63, 97, 42] - 555.4654506999996
[56, 94, 63, 42] - 551.13842283
[56, 36, 63, 42] - 553.1463766700003
[56, 90, 63, 42] - 551.5186669299991
[24, 38, 63, 97, 42] - 429.55452586200045
[24, 38, 94, 63, 42] - 427.05602106779907
[24, 36, 38, 63, 42] - 427.6378376690003
[24, 38, 90, 63, 42] - 427.03116843339996
[24, 94, 63, 42, 97] - 433.9678653995015
[24, 36, 63, 42, 97] - 434.08669343689917
[24, 90, 63, 42, 97] - 434.00949712509913
[24, 36, 94, 63, 42] - 431.53010495559926
[24, 90, 94, 63, 42] - 431.8458761921004
[24, 36, 90, 63, 42] - 432.09130100810046
[38, 94, 63, 42, 97] - 428.9652169057
[36, 38, 63, 42, 97] - 430.34961868950074
[38, 90, 63, 42, 97] - 429.3221128553998
[36, 38, 94, 63, 42] - 426.7382293859006
[38, 90, 94, 63, 42] - 426.45735130699944
[36, 38, 90, 63, 42] - 427.53483276939966
[36, 94, 63, 42, 97] - 432.76874230819993
[90, 94, 63, 42, 97] - 432.8776100167004
[36, 90, 63, 42, 97] - 433.56559068300004
[36, 90, 94, 63, 42] - 430.59434177809993
[12, 24, 63] - 507.29942399999925
[12, 38, 63] - 484.70555199999995
[12, 63, 97] - 448.2243710000001
[12, 94, 63] - 469.21074400000015
[12, 36, 63] - 471.69268999999974
[12, 90, 63] - 550.8403770000004
[100, 2, 63, 120] - 550.8842840700007
[56, 100, 2, 63] - 548.9420038000004
[100, 24, 2, 63] - 557.38743766
[100, 2, 38, 63] - 549.8135954599996
[100, 2, 63, 97] - 556.3455828899996
[100, 2, 94, 63] - 553.3388718399996
[100, 2, 36, 63] - 554.4336829800006
[100, 2, 90, 63] - 555.1245347899988
[56, 100, 63, 120] - 545.1801287899999
[100, 24, 63, 120] - 553.7826766000003
[100, 38, 63, 120] - 546.9523953100012
[100, 63, 97, 120] - 554.3438944200004
[100, 94, 63, 120] - 551.2123789500007
[100, 36, 63, 120] - 550.5282201400007
[100, 90, 63, 120] - 550.7543861400005
[100, 56, 24, 63] - 549.7103962000002
[100, 56, 38, 63] - 543.4634919900004
[100, 56, 63, 97] - 551.7788560799997
[100, 56, 94, 63] - 547.00303505
[100, 56, 36, 63] - 549.4308593900001
[100, 56, 90, 63] - 548.2325997800002
[100, 24, 38, 63] - 551.4644514299995
[100, 24, 63, 97] - 559.5865055
[100, 24, 94, 63] - 556.778827150001
[100, 24, 36, 63] - 556.6524289799996
[100, 24, 90, 63] - 556.8255070500006
[100, 71, 63] - 446.9529039999999
[67, 100, 63] - 443.78396100000055
[100, 38, 63, 97] - 553.1298901500004
[100, 36, 38, 94, 63] - 457.8306678340005
[100, 38, 90, 94, 63] - 457.40791765740033
[100, 36, 38, 90, 63] - 460.0451805186003
[100, 94, 63, 97] - 556.70304981
[100, 36, 63, 97] - 557.8657440399985
[100, 90, 63, 97] - 557.5232556000007
[100, 36, 90, 94, 63] - 461.0086163505001
[11, 38, 63] - 428.14504100000005
[11, 94, 63] - 428.7933919999999
[11, 36, 63] - 431.57761500000066
[11, 90, 63] - 428.4654830000006
[55, 63] - 425.47350000000046
[63, 31] - 423.42109999999957
[5, 63] - 457.0333999999994
[56, 2, 63, 120] - 546.7038109000006
[24, 2, 63, 120] - 555.3653998700008
[2, 38, 63, 120] - 548.219919740001
[2, 63, 97, 120] - 555.3523458
[2, 94, 63, 120] - 552.6938168299993
[2, 36, 63, 120] - 552.3533949000008
[2, 90, 63, 120] - 553.2336565600008
[56, 24, 2, 63] - 552.1870719900002
[56, 2, 38, 63] - 545.1239425800005
[56, 2, 63, 97] - 552.9653836299998
[56, 2, 94, 63] - 548.8819395600004
[56, 2, 36, 63] - 551.4821870899998
[56, 2, 90, 63] - 550.92083798
[2, 24, 38, 63] - 553.2040908200003
[2, 24, 90, 63, 97] - 421.3026242749006
[2, 24, 94, 63] - 558.8766498999994
[2, 24, 36, 63] - 559.0839090699995
[2, 38, 63, 97] - 554.3088049599988
[2, 38, 94, 63] - 550.6820584799995
[2, 36, 38, 63] - 552.3012837199997
[2, 38, 90, 63] - 552.1861743600005
[2, 94, 63, 97] - 557.9526806899997
[2, 36, 94, 63] - 555.5152017600004
[2, 90, 94, 63] - 556.8834341600007
[2, 36, 90, 63] - 557.9126383800001
[56, 24, 63, 120] - 547.2209751499998
[56, 38, 63, 120] - 541.1773825400007
[56, 63, 97, 120] - 549.7432453300003
[56, 94, 63, 120] - 545.7157229099996
[56, 36, 63, 120] - 546.4413688699997
[56, 90, 63, 120] - 545.4464496900014
[24, 38, 63, 97, 120] - 443.4652647903007
[24, 38, 90, 63, 120] - 439.67291784089946
[24, 94, 63, 97, 120] - 425.06817166629935
[24, 36, 63, 97, 120] - 423.86429773189997
[24, 90, 63, 97, 120] - 446.8862467849998
[24, 36, 94, 63, 120] - 421.47116496819984
[24, 90, 94, 63, 120] - 422.63406184019965
[24, 36, 90, 63, 120] - 421.43330412200027
[38, 90, 63, 97, 120] - 441.53708002830047
[38, 94, 63, 120] - 555.3854062999999
[36, 38, 63, 120] - 555.48078956
[36, 94, 63, 97, 120] - 422.22537029839975
[90, 94, 63, 97, 120] - 423.0614467295
[36, 90, 63, 97, 120] - 422.4088638953005
[88, 24, 63] - 503.85044299999964
[88, 38, 63] - 421.4771930000007
[88, 94, 63] - 543.6112979999996
[88, 36, 63] - 552.8279359999999
[88, 90, 63] - 550.8546860000009
[24, 79, 63] - 521.5334630000004
[79, 38, 63] - 437.1730279999997
[79, 94, 63] - 556.7422819999997
[79, 36, 90, 63] - 422.2383496899999
[56, 24, 38, 63] - 544.5512156299985
[56, 24, 63, 97] - 553.8204283000002
[56, 24, 94, 63] - 549.7630749799998
[56, 24, 36, 63] - 551.3993520100007
[56, 24, 90, 63] - 550.2895194600002
[56, 38, 63, 97] - 547.9404743300006
[56, 38, 94, 63] - 542.9667483799994
[56, 36, 38, 63] - 545.6931892099999
[56, 38, 90, 63] - 543.8676014499998
[56, 94, 63, 97] - 552.0765954199993
[56, 36, 63, 97] - 553.8339464600009
[56, 90, 63, 97] - 552.6574927700003
[56, 36, 94, 63] - 548.7225694500003
[56, 90, 94, 63] - 548.3882407500006
[56, 36, 90, 63] - 550.5472575900005
[24, 71, 63] - 500.6936269999994
[67, 24, 63] - 521.5815219999998
[24, 38, 94, 63, 97] - 427.94783869929967
[24, 36, 38, 63, 97] - 429.0934586793997
[24, 38, 90, 63, 97] - 472.6638205102994
[24, 36, 38, 94, 63] - 425.8170982908996
[24, 38, 90, 94, 63] - 426.1959952350997
[24, 36, 38, 90, 63] - 426.79994109219984
[24, 36, 94, 63, 97] - 432.1595902806998
[24, 90, 94, 63, 97] - 433.0911727262005
[24, 36, 90, 63, 97] - 433.32683951379977
[24, 36, 90, 94, 63] - 500.5683949149002
[38, 71, 63] - 522.3739300000005
[71, 63, 97] - 447.2547820000007
[71, 94, 63] - 501.44755300000065
[36, 71, 63] - 505.02710900000005
[90, 71, 63] - 586.5607459999994
[67, 38, 63] - 536.2554679999996
[67, 63, 97] - 461.0618280000004
[67, 94, 63] - 519.3226010000009
[67, 36, 63] - 524.1615859999997
[67, 90, 63] - 605.5514589999996
[36, 38, 94, 63, 97] - 427.1293283722996
[38, 90, 94, 63, 97] - 427.1068238385999
[36, 38, 90, 63, 97] - 428.6105140254009
[36, 38, 90, 94, 63] - 470.4378622278998
[36, 90, 94, 63, 97] - 430.8452884445999
[12, 2, 42] - 461.2945430000002
[12, 42, 120] - 431.0115280000001
[12, 38, 42] - 437.41167100000075
[12, 97, 42] - 484.3654440000007
[12, 94, 42] - 480.986585
[12, 36, 42] - 484.1538480000001
[12, 90, 42] - 487.0728020000002
[100, 2, 42, 120] - 552.0838208499996
[56, 100, 2, 42] - 549.5352106499993
[100, 2, 24, 97, 42] - 421.39461562969973
[100, 2, 38, 42] - 550.4634266900008
[100, 2, 94, 42] - 554.3276601899998
[100, 2, 36, 42] - 558.0996179699997
[100, 2, 90, 42] - 558.2390061299991
[56, 100, 42, 120] - 546.37103224
[100, 24, 97, 42, 120] - 435.07838658689957
[100, 24, 94, 42, 120] - 433.8163118915993
[100, 24, 36, 42, 120] - 432.19244590939945
[100, 24, 90, 42, 120] - 432.10514722319954
[100, 38, 42, 120] - 547.7626182699996
[100, 94, 42, 97, 120] - 434.5412289203998
[100, 36, 42, 97, 120] - 433.98213104660095
[100, 90, 42, 97, 120] - 433.3562522076994
[100, 36, 94, 42, 120] - 431.53859046760033
[100, 90, 94, 42, 120] - 431.2625567772993
[100, 36, 90, 42, 120] - 430.70874534450155
[100, 56, 24, 42] - 549.9124208200003
[100, 56, 38, 42] - 543.6868969399999
[100, 56, 97, 42] - 552.6314950599992
[100, 56, 94, 42] - 548.0909587899998
[100, 56, 36, 42] - 550.0647817999994
[100, 56, 90, 42] - 548.7664199800004
[100, 24, 38, 42] - 551.3714166400006
[100, 24, 94, 42, 97] - 436.97243423559974
[100, 24, 36, 42, 97] - 438.5279701216006
[100, 24, 90, 42, 97] - 438.14981558369954
[100, 24, 36, 94, 42] - 434.74436503870015
[100, 24, 90, 94, 42] - 434.84839761129916
[100, 24, 36, 90, 42] - 435.9499514922004
[100, 38, 97, 42] - 553.9071776599995
[100, 38, 94, 42] - 550.4158852799995
[100, 36, 38, 42] - 551.1111300500002
[100, 38, 90, 42] - 550.3725524800002
[100, 36, 94, 42, 97] - 435.6171075764998
[100, 90, 94, 42, 97] - 435.1860585298007
[100, 36, 90, 42, 97] - 437.4914442434004
[100, 36, 90, 94, 42] - 432.9624271709998
[128, 42] - 537.2009999999998
[11, 2, 42] - 427.92960000000016
[11, 38, 42] - 441.0242339999998
[11, 97, 42] - 464.3986719999997
[11, 94, 42] - 456.65268399999985
[11, 36, 42] - 462.1953279999998
[11, 90, 42] - 456.6244329999995
[6, 42] - 472.58450000000045
[5, 97, 42] - 440.9018170000004
[5, 94, 42] - 439.13376200000005
[36, 5, 42] - 440.05774200000013
[5, 90, 42] - 441.2857109999994
[56, 2, 42, 120] - 548.0746302300001
[2, 24, 38, 42, 120] - 424.5043276850003
[2, 24, 97, 42, 120] - 442.8365616762006
[2, 24, 94, 42, 120] - 439.7127615355005
[2, 24, 36, 42, 120] - 440.3144331999999
[2, 24, 90, 42, 120] - 440.4994303351996
[2, 38, 97, 42, 120] - 454.80326226700055
[2, 38, 94, 42, 120] - 451.1394704298995
[2, 36, 38, 42, 120] - 453.60543407910103
[2, 38, 90, 42, 120] - 451.8696778192995
[2, 94, 42, 97, 120] - 468.5310231397014
[2, 36, 42, 97, 120] - 470.86690476629934
[2, 90, 42, 97, 120] - 469.87468793180045
[2, 36, 94, 42, 120] - 466.80382679710016
[2, 90, 94, 42, 120] - 466.02919356790045
[2, 36, 90, 42, 120] - 468.92202592419983
[88, 2, 42] - 554.989425
[2, 79, 97, 42] - 427.9406218100002
[2, 79, 36, 42] - 427.6980037599999
[2, 79, 90, 42] - 423.6720622800008
[56, 24, 2, 42] - 552.8556823099998
[56, 2, 38, 42] - 545.9438053899988
[56, 2, 97, 42] - 554.3633691200004
[56, 2, 94, 42] - 550.0919364100012
[56, 2, 36, 42] - 552.8096580700002
[56, 2, 90, 42] - 551.8828693900007
[2, 24, 38, 97, 42] - 441.90185562260064
[2, 24, 38, 94, 42] - 437.77075140449955
[2, 24, 36, 38, 42] - 439.8112467626993
[2, 24, 38, 90, 42] - 439.0781369461996
[2, 24, 94, 42, 97] - 469.15251607849945
[2, 24, 36, 42, 97] - 472.8391013288002
[2, 24, 90, 42, 97] - 473.57160655439975
[2, 24, 36, 94, 42] - 466.039300814201
[2, 24, 90, 94, 42] - 467.4070669559993
[2, 24, 36, 90, 42] - 470.9818601312998
[2, 71, 42] - 547.4508889999995
[67, 2, 97, 42] - 421.4514378799998
[67, 2, 90, 42] - 421.5897706400001
[2, 38, 94, 42, 97] - 496.8416604460008
[2, 36, 38, 42, 97] - 501.8940777931011
[2, 38, 90, 42, 97] - 500.00250047259914
[2, 36, 38, 94, 42] - 495.8227490573001
[2, 38, 90, 94, 42] - 494.26461938799935
[2, 36, 38, 90, 42] - 499.0709049724989
[2, 36, 94, 42, 97] - 526.7284285263007
[2, 90, 94, 42, 97] - 526.9356481316996
[2, 36, 90, 42, 97] - 533.4579782208009
[2, 36, 90, 94, 42] - 525.2395146131998
[88, 42, 120] - 524.1434180000003
[79, 97, 42, 120] - 428.00645280000043
[79, 94, 42, 120] - 424.2889006699996
[79, 36, 42, 120] - 428.2451800199998
[79, 90, 42, 120] - 422.98843365999875
[56, 24, 42, 120] - 548.0221487100006
[56, 38, 42, 120] - 542.1246288499996
[56, 94, 42, 97, 120] - 437.04572241049954
[56, 36, 42, 97, 120] - 437.19940974620044
[56, 90, 42, 97, 120] - 436.23634502519985
[56, 36, 94, 42, 120] - 433.95729379899905
[56, 90, 94, 42, 120] - 433.44898797639905
[56, 36, 90, 42, 120] - 433.7585268352993
[24, 38, 97, 42, 120] - 443.7210309240007
[24, 38, 94, 42, 120] - 440.6797947865002
[24, 36, 38, 42, 120] - 440.57646106220096
[24, 38, 90, 42, 120] - 440.65064191899916
[24, 94, 42, 97, 120] - 477.4525961305
[24, 36, 42, 97, 120] - 476.82751946880035
[24, 90, 42, 97, 120] - 477.3805385322995
[24, 36, 94, 42, 120] - 473.55251984910024
[24, 90, 94, 42, 120] - 474.5318117774998
[24, 36, 90, 42, 120] - 474.2793503726996
[71, 42, 120] - 529.9092150000001
[67, 42, 120] - 547.661608000001
[38, 94, 42, 97, 120] - 471.25220278130007
[36, 38, 42, 97, 120] - 473.2283994062004
[38, 90, 42, 97, 120] - 471.6271365347999
[36, 38, 94, 42, 120] - 469.0296131667997
[38, 90, 94, 42, 120] - 468.0859524011997
[36, 38, 90, 42, 120] - 469.8919038269009
[36, 94, 42, 97, 120] - 527.0672366081013
[90, 94, 42, 97, 120] - 526.4757128113998
[36, 90, 42, 97, 120] - 528.3086557073993
[36, 90, 94, 42, 120] - 524.2386892269996
[88, 79, 42] - 477.37905600000056
[88, 24, 42] - 505.5030349999997
[88, 71, 42] - 446.6075129999998
[88, 67, 42] - 474.54111799999987
[88, 38, 97, 42] - 428.99461688999986
[88, 36, 38, 42] - 430.78017314000067
[88, 38, 90, 42] - 427.14699422999996
[88, 94, 42, 97] - 487.87252326999953
[88, 36, 42, 97] - 499.0041687500002
[88, 90, 42, 97] - 497.27574287999926
[88, 36, 94, 42] - 488.90010034
[88, 90, 94, 42] - 487.3637663200005
[88, 36, 90, 42] - 498.49263742000153
[24, 79, 42] - 553.5387449999996
[79, 71, 42] - 466.7202290000005
[67, 79, 42] - 493.5998819999997
[79, 38, 97, 42] - 438.2550893800005
[79, 38, 94, 42] - 431.60602091999976
[79, 36, 38, 42] - 439.1242623900002
[79, 38, 90, 42] - 433.96772692999946
[79, 94, 42, 97] - 521.1215889399998
[79, 36, 42, 97] - 529.70057499
[79, 90, 42, 97] - 524.9966044399996
[79, 36, 94, 42] - 521.7175998399997
[79, 90, 94, 42] - 516.6753315799999
[79, 36, 90, 42] - 525.5418689299994
[56, 24, 38, 42] - 544.9329337100004
[56, 24, 97, 42] - 554.7630510799995
[56, 24, 94, 42] - 550.9225845900002
[56, 24, 36, 42] - 552.2950236999991
[56, 24, 90, 42] - 550.7644328300009
[56, 38, 97, 42] - 549.1680825499992
[56, 38, 94, 42] - 544.0768006100004
[56, 36, 38, 42] - 546.5457923500006
[56, 38, 90, 42] - 544.4322938599998
[56, 36, 94, 42, 97] - 439.41757313119916
[56, 90, 94, 42, 97] - 439.18635272609896
[56, 36, 90, 42, 97] - 440.16129584460015
[56, 36, 90, 94, 42] - 436.77608783420027
[24, 71, 42] - 494.1882849999999
[67, 24, 42] - 530.1219189999995
[24, 38, 94, 42, 97] - 473.68873235680024
[24, 36, 38, 42, 97] - 476.32066219249987
[24, 38, 90, 42, 97] - 475.8323912551991
[24, 36, 38, 94, 42] - 470.7273792167996
[24, 38, 90, 94, 42] - 471.0508927792998
[24, 36, 38, 90, 42] - 473.306517453601
[24, 36, 94, 42, 97] - 519.5042421464
[24, 90, 94, 42, 97] - 520.9680788123003
[24, 36, 90, 42, 97] - 524.8016723871003
[24, 36, 90, 94, 42] - 517.3955820008005
[67, 71, 42] - 457.36224999999996
[38, 71, 42] - 542.7853570000007
[71, 94, 42, 97] - 482.94748549999963
[36, 71, 42, 97] - 487.74144528
[90, 71, 42, 97] - 490.6714540900002
[36, 71, 94, 42] - 480.94524858000085
[90, 71, 94, 42] - 483.3769494499996
[36, 90, 71, 42] - 489.2244952100001
[67, 38, 97, 42] - 429.0410776099997
[67, 38, 94, 42] - 422.23544736999975
[67, 36, 38, 42] - 427.6321561499987
[67, 38, 90, 42] - 428.41457325000044
[67, 94, 42, 97] - 504.61005180000024
[67, 36, 42, 97] - 509.3345688899999
[67, 90, 42, 97] - 511.9736787999997
[67, 36, 94, 42] - 501.74505014999966
[67, 90, 94, 42] - 503.6897980999999
[67, 36, 90, 42] - 510.3386749200007
[36, 38, 94, 42, 97] - 533.0640985756004
[38, 90, 94, 42, 97] - 531.5450271255991
[36, 38, 90, 42, 97] - 537.0875525297992
[36, 38, 90, 94, 42] - 529.9967032467014
[36, 90, 94, 42, 97] - 602.975685998599
[12, 100, 56, 24] - 438.05554584
[12, 100, 56, 97] - 434.39184803999996
[12, 100, 56, 94] - 435.09383431000015
[12, 100, 56, 36] - 435.1769492400002
[12, 100, 56, 90] - 436.3318380399993
[12, 100, 24, 97] - 435.00048007999936
[12, 100, 24, 94] - 436.6658995199998
[12, 100, 24, 36] - 435.6682818899996
[12, 100, 24, 90] - 437.0752715199992
[12, 100, 94, 97] - 432.55931644999976
[12, 100, 36, 97] - 432.4648860600002
[12, 100, 90, 97] - 433.64058416000046
[12, 100, 36, 94] - 461.964721730001
[12, 100, 90, 94] - 462.82383271999953
[12, 100, 36, 90] - 463.1921721799995
[12, 6] - 501.07609999999994
[23, 12] - 490.9001000000006
[55, 12] - 547.5584000000001
[12, 41, 31] - 421.9854390000002
[12, 5, 97] - 440.07647700000035
[12, 5, 94] - 464.0056920000001
[12, 36, 5] - 462.59485200000006
[12, 5, 90] - 485.876313000001
[12, 2, 120] - 483.48448100000013
[56, 12, 2] - 489.32889600000016
[12, 2, 38, 94] - 427.8343344000004
[12, 2, 36, 38] - 430.09182445999966
[12, 2, 38, 90] - 432.6530360500001
[12, 2, 94, 97] - 433.87036293999955
[12, 2, 36, 97] - 436.3336061599997
[12, 2, 90, 97] - 439.4683064599997
[12, 2, 36, 94] - 447.37520498000083
[12, 2, 90, 94] - 450.20014859999975
[12, 2, 36, 90] - 452.6245694900003
[88, 12, 104] - 425.56160799999986
[12, 79, 104] - 425.83447000000024
[12, 104, 71] - 421.8399720000004
[12, 104, 97] - 426.2250009999999
[12, 104, 94] - 429.85274100000015
[12, 36, 104] - 432.43803800000023
[12, 104, 90] - 514.7278279999998
[56, 12, 120] - 442.1212660000005
[12, 24, 120] - 426.14987199999996
[12, 38, 120] - 513.6631930000007
[12, 97, 120] - 531.0343839999995
[12, 94, 120] - 504.4535849999997
[12, 36, 120] - 507.05573600000014
[12, 90, 120] - 548.7664740000004
[88, 12, 1] - 432.3766189999996
[12, 1, 79] - 431.86877799999945
[12, 1, 41] - 517.1552559999999
[12, 1, 97] - 420.82072800000014
[12, 1, 94] - 455.58812999999964
[12, 1, 36] - 456.7752510000005
[12, 1, 90] - 533.7169160000001
[88, 12, 79, 97] - 482.7137435799996
[88, 12, 79, 94] - 557.9326805900004
[88, 12, 79, 36] - 559.0438647700008
[88, 12, 79, 90] - 559.1415041900005
[88, 56, 12] - 536.7483379999996
[88, 12, 24] - 499.63816300000053
[88, 12, 71] - 550.315195999999
[88, 67, 12] - 548.5848409999996
[88, 12, 41] - 544.692869
[88, 12, 38] - 523.6052170000006
[88, 12, 94, 97] - 550.9392934800005
[88, 12, 36, 97] - 552.6627644400003
[88, 12, 90, 97] - 554.6046370100003
[88, 12, 36, 90, 94] - 475.36746458600055
[56, 12, 79] - 538.6959740000005
[12, 24, 79] - 501.8304179999999
[12, 79, 71] - 552.4759270000003
[67, 12, 79] - 546.7674380000002
[12, 79, 41] - 545.3338920000003
[12, 79, 38] - 524.3830389999995
[12, 79, 94, 97] - 548.9774089999992
[12, 79, 36, 97] - 550.51213937
[12, 79, 90, 97] - 548.6200517000001
[12, 79, 36, 90, 94] - 473.4351115399002
[12, 56, 24, 97] - 436.15848476999986
[12, 56, 24, 94] - 436.0283437699998
[12, 56, 24, 36] - 435.79611292000055
[12, 56, 24, 90] - 436.9509851199998
[12, 56, 38] - 485.1928569999996
[12, 56, 94, 97] - 540.4644928700002
[12, 56, 36, 97] - 539.2511948199997
[12, 56, 90, 97] - 540.5292071700004
[12, 56, 36, 94] - 541.0363616499997
[12, 56, 90, 94] - 542.8848184999998
[12, 56, 36, 90] - 541.0058717199989
[12, 24, 71] - 442.9283439999999
[67, 12, 24] - 447.2788590000005
[12, 24, 38] - 465.7989269999997
[12, 24, 94, 97] - 467.8994663600002
[12, 24, 36, 97] - 467.7306397999994
[12, 24, 90, 97] - 531.5679687000003
[12, 24, 36, 94] - 515.5813726300003
[12, 24, 90, 94] - 517.7997530199997
[12, 24, 36, 90] - 517.6227334399996
[67, 12, 71] - 555.9360690000011
[12, 71, 41] - 452.15008599999953
[12, 38, 90, 71] - 431.22878362000034
[12, 71, 94, 97] - 425.63654231999976
[12, 36, 71, 97] - 427.7716854000004
[12, 90, 71, 97] - 494.36633602000074
[12, 36, 71, 94] - 498.8450992100004
[12, 90, 71, 94] - 501.1800843000005
[12, 36, 90, 71] - 504.0655945000002
[12, 67, 41] - 452.32449599999984
[12, 67, 38, 90] - 426.1833195500005
[12, 67, 90, 97] - 487.27522493
[12, 67, 36, 94] - 492.58287489999935
[12, 67, 90, 94] - 497.12932154000003
[12, 67, 36, 90] - 500.01443069999965
[12, 41, 97] - 521.3524810000004
[12, 36, 94, 41] - 425.13586577000063
[12, 90, 94, 41] - 425.27784335000007
[12, 36, 90, 41] - 425.3409920200004
[12, 38, 94, 97] - 496.30124088999935
[12, 36, 38, 97] - 500.63835893000015
[12, 38, 90, 97] - 562.5488620800005
[12, 36, 38, 94] - 551.199342349999
[12, 38, 90, 94] - 551.0778958599994
[12, 36, 38, 90] - 556.3122986500002
[12, 36, 90, 94, 97] - 520.3384657556993
[11, 100, 36] - 423.01073999999994
[56, 100, 6] - 458.3353129999999
[100, 24, 6] - 478.7039120000003
[100, 6, 97] - 479.4965730000003
[100, 6, 94] - 498.55954799999955
[100, 36, 6] - 497.48474100000004
[100, 6, 90] - 499.96660399999934
[1, 100, 31] - 550.7041980000002
[88, 100, 31] - 480.494182
[100, 79, 31] - 522.0818589999997
[56, 100, 31] - 433.611256
[100, 24, 31] - 490.26210600000036
[100, 41, 31] - 516.99288
[100, 97, 31] - 484.85477300000036
[100, 94, 31] - 562.282251
[100, 36, 31] - 562.6739709999995
[100, 90, 31] - 558.2043899999999
[56, 100, 5] - 456.7491320000001
[100, 24, 5] - 474.2116370000001
[100, 5, 97] - 469.08822899999984
[100, 5, 94] - 499.66132999999974
[100, 36, 5] - 497.93711899999977
[100, 5, 90] - 495.4100460000006
[56, 100, 2, 120] - 544.033090979999
[100, 24, 2, 120] - 552.8409125900002
[100, 2, 38, 120] - 544.9674779899998
[100, 2, 97, 120] - 551.5592442200002
[100, 2, 94, 120] - 548.8144999100007
[100, 2, 36, 120] - 548.8168792700002
[100, 2, 90, 120] - 550.0130637499993
[100, 56, 24, 2] - 549.5935735200002
[100, 56, 2, 38] - 541.7278763599996
[100, 56, 2, 97] - 549.3677040799993
[100, 56, 2, 94] - 545.1054587900005
[100, 56, 2, 36] - 547.9244665300004
[100, 56, 2, 90] - 547.8362787999995
[100, 2, 24, 38] - 550.1440513499999
[100, 2, 24, 94] - 555.3206533999995
[100, 2, 24, 36] - 558.2379804999998
[100, 2, 24, 90] - 559.2216748799999
[100, 2, 38, 97] - 550.0393012800009
[100, 2, 38, 94] - 546.5007018899987
[100, 2, 36, 38] - 548.166028249999
[100, 2, 38, 90] - 548.5698954399996
[100, 2, 94, 97] - 552.7605363099995
[100, 2, 36, 97] - 557.1372046900002
[100, 2, 90, 97] - 557.65811844
[100, 2, 36, 94] - 550.9185802599995
[100, 2, 90, 94] - 552.4632876800006
[100, 2, 36, 90] - 555.9911275100005
[100, 56, 24, 120] - 545.3111647100011
[100, 56, 38, 120] - 538.472917420001
[100, 56, 97, 120] - 546.9256212800001
[100, 56, 94, 120] - 542.6531720200003
[100, 56, 36, 120] - 543.6784927799999
[100, 56, 90, 120] - 542.9924012000014
[100, 24, 38, 120] - 546.8333430099998
[100, 24, 94, 97, 120] - 433.8216418751002
[100, 24, 36, 97, 120] - 433.2504598959999
[100, 24, 90, 97, 120] - 433.4346796730004
[100, 24, 36, 94, 120] - 431.0280235722993
[100, 24, 90, 94, 120] - 431.54372690499974
[100, 24, 36, 90, 120] - 430.84310506649996
[100, 38, 97, 120] - 548.2614800999997
[100, 38, 94, 120] - 544.6331090299998
[100, 36, 38, 120] - 544.8184012300001
[100, 38, 90, 120] - 544.8369994800004
[100, 36, 94, 97, 120] - 431.1909709060996
[100, 90, 94, 97, 120] - 431.2182965270002
[100, 36, 90, 97, 120] - 431.6195908724997
[100, 36, 90, 94, 120] - 428.5215293706998
[88, 100, 1] - 477.97668900000036
[100, 1, 79] - 507.1553479999996
[56, 100, 1] - 431.98944099999954
[100, 1, 24] - 470.89768700000025
[100, 1, 41] - 517.7370760000002
[100, 1, 97] - 466.9146809999991
[100, 1, 94] - 547.977273
[100, 1, 36] - 546.4457270000005
[100, 1, 90] - 542.9565230000007
[88, 56, 100, 79] - 464.05762487000015
[88, 100, 24, 79] - 468.3952141000006
[88, 100, 79, 97] - 466.6018518699995
[88, 100, 79, 94] - 480.76526965
[88, 100, 79, 36] - 480.0690179900008
[88, 100, 79, 90] - 475.57528124999993
[88, 100, 56, 24, 97] - 451.26503108460093
[88, 100, 56, 24, 94] - 450.10040398990026
[88, 100, 56, 24, 36] - 450.49954738769907
[88, 100, 56, 24, 90] - 447.85945694020114
[88, 100, 56, 94, 97] - 449.5608932910001
[88, 100, 56, 36, 97] - 450.9536411595994
[88, 100, 56, 90, 97] - 447.8372472695004
[88, 100, 56, 36, 94] - 449.01378836719994
[88, 100, 56, 90, 94] - 446.7279431527999
[88, 100, 56, 36, 90] - 446.83374780430034
[88, 100, 24, 94, 97] - 452.07745528220005
[88, 100, 24, 36, 97] - 451.8447370215
[88, 100, 24, 90, 97] - 449.73514778649957
[88, 100, 24, 36, 94] - 449.7648692492005
[88, 100, 24, 90, 94] - 448.1933755344999
[88, 100, 24, 36, 90] - 446.8860867661994
[88, 100, 71] - 436.90755800000034
[88, 67, 100] - 440.48714800000016
[88, 100, 41] - 476.6054790000002
[88, 100, 36, 94, 97] - 450.5290800734003
[88, 100, 90, 94, 97] - 448.6201682338988
[88, 100, 36, 90, 97] - 448.07340674630024
[88, 100, 36, 90, 94] - 467.3032159496002
[100, 56, 79, 24, 97] - 452.21462362069985
[100, 56, 79, 24, 94] - 451.8747934627999
[100, 56, 79, 24, 36] - 450.9963346309006
[100, 56, 79, 24, 90] - 445.88378282470023
[100, 56, 79, 94, 97] - 448.9608131262014
[100, 56, 79, 36, 97] - 449.24647530159996
[100, 56, 79, 90, 97] - 443.99691514020026
[100, 56, 79, 36, 94] - 447.74827871679963
[100, 56, 79, 90, 94] - 443.1436349526006
[100, 56, 79, 36, 90] - 442.6582362130001
[100, 79, 24, 94, 97] - 477.50533878059997
[100, 79, 24, 36, 97] - 475.53683194379965
[100, 79, 24, 90, 97] - 471.3698689851007
[100, 79, 24, 36, 94] - 474.79793059820025
[100, 79, 24, 90, 94] - 471.1376594010992
[100, 79, 24, 36, 90] - 468.1826729673001
[100, 79, 71] - 456.2593590000004
[67, 100, 79] - 450.94206500000024
[100, 79, 41] - 475.2338850000002
[100, 79, 36, 94, 97] - 472.4474961152002
[100, 79, 90, 94, 97] - 468.09968750200056
[100, 79, 36, 90, 97] - 466.80177811000084
[100, 79, 36, 90, 94] - 488.1063775347997
[100, 56, 24, 71] - 433.2741429799998
[67, 100, 56, 24] - 438.7570986699992
[100, 56, 24, 38] - 542.11568824
[100, 56, 24, 36, 94, 97] - 493.7050222636331
[100, 56, 24, 90, 94, 97] - 493.55205575930427
[100, 56, 24, 36, 90, 97] - 491.99623657485967
[100, 56, 24, 36, 90, 94] - 489.8260751187469
[100, 56, 71, 97] - 434.30025461999986
[100, 56, 71, 94] - 433.55399965999857
[100, 56, 36, 71] - 434.67581938999973
[100, 56, 90, 71] - 434.75977796000006
[100, 56, 67, 97] - 434.4597965099999
[100, 56, 67, 94] - 433.67494676999945
[100, 56, 67, 36] - 430.78315970999984
[100, 56, 67, 90] - 435.48772293000104
[100, 56, 41] - 430.38519099999974
[100, 56, 38, 97] - 544.6714073599995
[100, 56, 38, 94] - 539.6229663400003
[100, 56, 36, 38] - 542.3841241699995
[100, 56, 38, 90] - 541.0998336500008
[100, 56, 36, 90, 94, 97] - 489.1931468004326
[100, 24, 71, 97] - 444.0854102600006
[100, 24, 71, 94] - 444.47499480999926
[100, 24, 36, 71] - 443.9181744699999
[100, 24, 90, 71] - 444.6934028999994
[100, 67, 24, 97] - 448.1308042499999
[100, 67, 24, 94] - 447.7572312699998
[100, 67, 24, 36] - 442.89366983999986
[100, 67, 24, 90] - 448.23205721000073
[100, 24, 41] - 438.6791879999996
[100, 24, 38, 97] - 552.3718088499999
[100, 24, 38, 94] - 549.3961058699989
[100, 24, 36, 38] - 549.5925552299989
[100, 24, 38, 90] - 549.6703975800009
[100, 24, 36, 90, 94, 97] - 509.77454253654764
[100, 38, 71] - 438.7177430000002
[100, 71, 94, 97] - 444.4438855299993
[100, 36, 71, 97] - 444.1360166399994
[100, 90, 71, 97] - 444.71649456999944
[100, 36, 71, 94] - 502.2039620899998
[100, 90, 71, 94] - 501.2318348499997
[100, 36, 90, 71] - 504.1603695099995
[100, 67, 38] - 435.33944500000035
[100, 67, 94, 97] - 443.62895967999947
[100, 67, 36, 97] - 439.64432049999994
[100, 67, 90, 97] - 444.61333377
[100, 67, 36, 94] - 497.02009667999977
[100, 67, 90, 94] - 501.34396317999983
[100, 67, 36, 90] - 500.19249454000015
[100, 41, 97] - 433.7824749999995
[100, 94, 41] - 514.7302710000004
[100, 36, 41] - 513.4457620000003
[100, 90, 41] - 509.9171619999999
[100, 38, 94, 97] - 549.7762052299989
[100, 36, 38, 97] - 551.8969235399986
[100, 38, 90, 97] - 551.1451001999999
[100, 36, 38, 90, 94] - 454.0105437460999
[11, 57, 128] - 458.05878599999943
[11, 56, 128] - 490.9846859999996
[11, 128, 71] - 429.80403799999954
[11, 67, 128] - 448.53788099999935
[11, 128, 41] - 483.3741210000002
[11, 38, 128, 97] - 455.9220990599999
[11, 38, 128, 94] - 472.6956794999997
[11, 36, 38, 128] - 470.12318539999984
[11, 38, 90, 128] - 474.6293800099993
[11, 128, 94, 97] - 453.45893977000026
[11, 36, 128, 97] - 458.6121994900005
[11, 90, 128, 97] - 454.53872427000005
[11, 36, 128, 94] - 467.9684179200001
[11, 90, 128, 94] - 473.0946067000002
[11, 36, 90, 128] - 469.7832370500002
[57, 6, 128] - 472.16948300000064
[56, 6, 128] - 463.0889200000003
[6, 128, 71] - 423.58002900000054
[67, 6, 128] - 432.988954
[6, 128, 41] - 462.5139199999996
[38, 6, 128] - 549.6921649999996
[6, 128, 94, 97] - 421.6625372400003
[36, 6, 128, 97] - 424.08113235999946
[6, 90, 128, 97] - 423.7668048200005
[36, 6, 128, 94] - 426.64582265999996
[6, 90, 128, 94] - 430.02035672999943
[36, 6, 90, 128] - 428.7904152000001
[23, 57, 128, 31] - 546.9559523299989
[1, 23, 57, 104, 128] - 429.7018493713999
[56, 23, 57, 104, 128] - 432.01884048070025
[23, 57, 104, 128, 71] - 435.2176273850997
[67, 23, 57, 104, 128] - 433.5694983072004
[23, 57, 104, 128, 97] - 432.8999251508002
[23, 57, 104, 128, 94] - 433.67691290369874
[23, 57, 36, 104, 128] - 436.5927110856999
[23, 57, 104, 90, 128] - 434.3592232035003
[56, 23, 1, 57, 128] - 429.2475482175997
[23, 1, 57, 128, 71] - 432.1472688848003
[67, 23, 1, 57, 128] - 430.6234313426002
[23, 1, 57, 128, 97] - 430.1708574839002
[23, 1, 57, 128, 94] - 430.79066239450003
[23, 1, 57, 36, 128] - 434.19065932520124
[23, 1, 57, 90, 128] - 431.17567102250047
[23, 56, 57, 128, 71] - 434.28637782370123
[67, 23, 56, 57, 128] - 432.8498713241999
[23, 56, 57, 128, 97] - 432.37382790819936
[23, 56, 57, 128, 94] - 433.1872831452002
[23, 56, 57, 36, 128] - 435.35967837720034
[23, 56, 57, 90, 128] - 432.4614298848008
[67, 23, 57, 128, 71] - 435.58022488870006
[23, 57, 128, 71, 97] - 435.6526020268995
[23, 57, 128, 71, 94] - 435.7411087913993
[23, 57, 36, 128, 71] - 437.91857773969986
[23, 57, 90, 128, 71] - 435.9470352118006
[23, 67, 57, 128, 97] - 433.8430286114999
[23, 67, 57, 128, 94] - 434.0868573410999
[23, 67, 57, 36, 128] - 436.96723442359996
[23, 67, 57, 90, 128] - 433.7596954836
[23, 57, 128, 41] - 553.7812695100006
[23, 57, 38, 128] - 544.6468070499997
[23, 57, 128, 94, 97] - 433.2861587868992
[23, 57, 36, 128, 97] - 436.2191480379999
[23, 57, 90, 128, 97] - 433.08608322450044
[23, 57, 36, 128, 94] - 437.6868916243004
[23, 57, 90, 128, 94] - 434.63257131040046
[23, 57, 36, 90, 128] - 437.46693442730026
[23, 104, 128, 31] - 548.6238836800003
[1, 23, 128, 31] - 543.0774881800003
[56, 23, 128, 31] - 545.4444745600007
[23, 128, 71, 31] - 549.5649287899994
[67, 23, 128, 31] - 548.9481839399997
[23, 128, 41, 31] - 554.2095741500004
[23, 38, 128, 31] - 545.0989936399999
[23, 128, 97, 31] - 546.8646889000003
[23, 128, 94, 31] - 547.8111182800002
[23, 36, 128, 31] - 552.0348280099998
[23, 90, 128, 31] - 549.7474875199999
[56, 23, 1, 104, 128] - 429.10630469339986
[23, 1, 104, 128, 71] - 433.4171070735998
[67, 23, 1, 104, 128] - 430.7279295823
[23, 1, 104, 128, 97] - 430.4289273521
[23, 1, 104, 128, 94] - 430.1287998303999
[23, 1, 36, 104, 128] - 435.0721128477996
[23, 1, 104, 90, 128] - 432.4464184353002
[23, 56, 104, 128, 71] - 434.84461912369994
[67, 23, 56, 104, 128] - 432.7030226043009
[23, 56, 104, 128, 97] - 432.4283103864996
[23, 56, 104, 128, 94] - 432.14575426560043
[23, 56, 36, 104, 128] - 436.0485247027
[23, 56, 104, 90, 128] - 433.65919062059993
[67, 23, 104, 128, 71] - 436.17226218059983
[23, 104, 128, 71, 97] - 436.4720697726002
[23, 104, 128, 71, 94] - 435.7558248236006
[23, 36, 104, 128, 71] - 439.41353836839966
[23, 104, 90, 128, 71] - 437.7605815639995
[23, 67, 104, 128, 97] - 434.1297786236997
[23, 67, 104, 128, 94] - 433.3060850670014
[23, 67, 36, 104, 128] - 437.74404110040007
[23, 67, 104, 90, 128] - 435.19403250989916
[23, 104, 128, 41] - 554.7801412299997
[23, 38, 104, 128] - 546.9613119199996
[23, 104, 128, 94, 97] - 432.63790459780023
[23, 36, 104, 128, 97] - 436.8158393250002
[23, 104, 90, 128, 97] - 434.43604821610006
[23, 36, 104, 128, 94] - 437.47755940429965
[23, 104, 90, 128, 94] - 435.0370485452
[23, 36, 104, 90, 128] - 439.41774201140004
[23, 1, 56, 128, 71] - 431.3142344778996
[67, 23, 1, 56, 128] - 428.8778209389004
[23, 1, 56, 128, 97] - 428.9710962022001
[23, 1, 56, 128, 94] - 428.6015551418999
[23, 1, 56, 36, 128] - 432.90046704919973
[23, 1, 56, 90, 128] - 429.5642786065003
[67, 23, 1, 128, 71] - 432.3415430912996
[23, 1, 128, 71, 97] - 432.8013628993996
[23, 1, 128, 71, 94] - 432.2491057827991
[23, 1, 36, 128, 71] - 436.17046327530096
[23, 1, 90, 128, 71] - 433.6858186703005
[23, 1, 67, 128, 97] - 430.35397668999957
[23, 1, 67, 128, 94] - 429.43962214749945
[23, 1, 67, 36, 128] - 434.2542518597992
[23, 1, 67, 90, 128] - 430.8347117039003
[23, 1, 128, 41] - 547.9867934699994
[23, 1, 38, 128] - 540.2729811599994
[23, 1, 128, 94, 97] - 429.1644715029003
[23, 1, 36, 128, 97] - 433.9484349649998
[23, 1, 90, 128, 97] - 430.4703979600993
[23, 1, 36, 128, 94] - 434.49282528080005
[23, 1, 90, 128, 94] - 431.0991328962
[23, 1, 36, 90, 128] - 435.7720584462994
[67, 23, 56, 128, 71] - 434.0583504976989
[23, 56, 128, 71, 97] - 434.58943405460013
[23, 56, 128, 71, 94] - 433.80850966669936
[23, 56, 36, 128, 71] - 436.96603216470027
[23, 56, 90, 128, 71] - 434.4314643931995
[23, 56, 67, 128, 97] - 432.3180428160989
[23, 56, 67, 128, 94] - 431.7790191871004
[23, 56, 67, 36, 128] - 435.3989160468009
[23, 56, 67, 90, 128] - 431.83056442990073
[23, 56, 128, 41] - 551.1887877600014
[23, 56, 38, 128] - 543.1789796600003
[23, 56, 128, 94, 97] - 431.2012861177001
[23, 56, 36, 128, 97] - 434.8302140025995
[23, 56, 90, 128, 97] - 431.48606624249965
[23, 56, 36, 128, 94] - 435.58791443060034
[23, 56, 90, 128, 94] - 432.1803879584003
[23, 56, 36, 90, 128] - 435.83887175889924
[23, 67, 128, 71, 97] - 435.75156015719926
[23, 67, 128, 71, 94] - 434.7313388407001
[23, 67, 36, 128, 71] - 438.1417885776999
[23, 67, 90, 128, 71] - 435.4900475393
[23, 128, 71, 41] - 555.1434969000005
[23, 38, 128, 71] - 546.8186170999996
[23, 128, 71, 94, 97] - 434.6467084895
[23, 36, 128, 71, 97] - 438.14419548150033
[23, 90, 128, 71, 97] - 435.68223651129983
[23, 36, 128, 71, 94] - 438.3222208326999
[23, 90, 128, 71, 94] - 435.9145570303999
[23, 36, 90, 128, 71] - 439.4748244118004
[23, 67, 128, 41] - 555.1432695100004
[23, 67, 38, 128] - 547.2048293699995
[23, 67, 128, 94, 97] - 432.2347802026003
[23, 67, 36, 128, 97] - 436.4117214261007
[23, 67, 90, 128, 97] - 432.9987979030996
[23, 67, 36, 128, 94] - 436.51913563450034
[23, 67, 90, 128, 94] - 433.2356580682004
[23, 67, 36, 90, 128] - 437.29453697930023
[23, 38, 128, 41] - 551.2591217999991
[23, 128, 41, 97] - 552.7400546100004
[23, 128, 94, 41] - 551.99749858
[23, 36, 128, 41] - 557.3135679199994
[23, 90, 128, 41] - 553.9021308800002
[23, 38, 128, 97] - 544.1608947499999
[23, 38, 128, 94] - 544.2747353899996
[23, 36, 38, 128] - 549.8237434200003
[23, 38, 90, 128] - 545.8038539299998
[23, 36, 128, 94, 97] - 435.5911398976006
[23, 90, 128, 94, 97] - 432.5972974088998
[23, 36, 90, 128, 97] - 436.39926007640054
[23, 36, 90, 128, 94] - 438.0747065887004
[57, 104, 128, 31] - 548.4320867300005
[1, 57, 128, 31] - 543.8590011700006
[56, 57, 128, 31] - 545.1646054100003
[57, 128, 71, 31] - 547.9540046400004
[67, 57, 128, 31] - 548.4565808300008
[57, 128, 41, 31] - 555.5558645100003
[57, 38, 128, 31] - 546.1928938100004
[57, 128, 97, 31] - 547.3123983999997
[57, 128, 94, 31] - 549.6971457599999
[57, 36, 128, 31] - 553.6602991299995
[57, 90, 128, 31] - 550.5308116600004
[57, 5, 128, 97] - 425.48981458000065
[57, 5, 128, 94] - 422.88117368999997
[57, 36, 5, 128] - 427.9849656899998
[57, 5, 90, 128] - 424.83815617999966
[56, 1, 57, 104, 128] - 428.7201628162998
[1, 57, 104, 128, 71] - 431.7504343609997
[67, 1, 57, 104, 128] - 430.43607540410056
[1, 57, 104, 128, 97] - 430.4033951031006
[1, 57, 104, 128, 94] - 431.4784213026009
[1, 57, 36, 104, 128] - 436.1375973320001
[1, 57, 104, 90, 128] - 432.82342757179913
[56, 57, 104, 128, 71] - 434.4029870856001
[67, 56, 57, 104, 128] - 432.97463254120026
[56, 57, 104, 128, 97] - 433.33190389640026
[56, 57, 104, 128, 94] - 433.0172725908998
[56, 57, 36, 104, 128] - 436.17246589160044
[56, 57, 104, 90, 128] - 433.21744963159955
[67, 57, 104, 128, 71] - 482.7091032520004
[57, 38, 104, 128, 71] - 432.2747415118995
[57, 104, 128, 71, 97] - 484.49747855089976
[57, 104, 128, 71, 94] - 480.4164679363003
[57, 36, 104, 128, 71] - 484.8859157697999
[57, 104, 90, 128, 71] - 484.08145130439914
[67, 57, 38, 104, 128] - 433.96217216020045
[67, 57, 104, 128, 97] - 484.75541842390015
[67, 57, 104, 128, 94] - 480.6770566725
[67, 57, 36, 104, 128] - 486.3995563332996
[67, 57, 104, 90, 128] - 484.0785665280002
[57, 104, 128, 41] - 555.4584824299998
[57, 104, 38, 128, 97] - 433.88009042190055
[57, 104, 38, 128, 94] - 432.34520994230036
[57, 36, 104, 38, 128] - 437.7287348350997
[57, 104, 38, 90, 128] - 434.6660479395995
[57, 104, 128, 94, 97] - 481.98019615970077
[57, 36, 104, 128, 97] - 487.333871148501
[57, 104, 90, 128, 97] - 485.1244777246999
[57, 36, 104, 128, 94] - 485.5257761843003
[57, 104, 90, 128, 94] - 483.5936981393999
[57, 36, 104, 90, 128] - 489.5328991584995
[57, 128, 120] - 540.0307029999996
[1, 56, 57, 128, 71] - 431.5800665627997
[67, 1, 56, 57, 128] - 430.48511305620065
[1, 56, 57, 128, 97] - 430.8379835681999
[1, 56, 57, 128, 94] - 430.4308039529002
[1, 56, 57, 36, 128] - 433.99846656980077
[1, 56, 57, 90, 128] - 430.16837960260034
[67, 1, 57, 128, 71] - 432.753330268
[1, 57, 128, 71, 97] - 433.3546240907007
[1, 57, 128, 71, 94] - 432.63618182190015
[1, 57, 36, 128, 71] - 436.1842700973983
[1, 57, 90, 128, 71] - 433.05230166210083
[1, 67, 57, 128, 97] - 432.31240897559945
[1, 67, 57, 128, 94] - 431.11406136379986
[1, 67, 57, 36, 128] - 435.6450662110993
[1, 67, 57, 90, 128] - 431.51130317440067
[1, 57, 128, 41] - 549.9115944199992
[1, 57, 38, 128] - 541.7042537000005
[1, 57, 128, 94, 97] - 431.283560976499
[1, 57, 36, 128, 97] - 435.8388386734997
[1, 57, 90, 128, 97] - 431.29371335940004
[1, 57, 36, 128, 94] - 437.30101009430007
[1, 57, 90, 128, 94] - 433.26824851359993
[1, 57, 36, 90, 128] - 437.69269527219893
[67, 56, 57, 128, 71] - 435.44294722159975
[56, 57, 128, 71, 97] - 436.4264238742994
[56, 57, 128, 71, 94] - 435.5014502171
[56, 57, 36, 128, 71] - 437.98522184669974
[56, 57, 90, 128, 71] - 435.0379042386007
[56, 67, 57, 128, 97] - 434.9135539610001
[56, 67, 57, 128, 94] - 434.0923779628001
[56, 67, 57, 36, 128] - 437.17833107349963
[56, 67, 57, 90, 128] - 433.15353152779994
[56, 57, 128, 41] - 551.9115633499994
[56, 57, 38, 128] - 543.5252147300004
[56, 57, 128, 94, 97] - 434.2604228394009
[56, 57, 36, 128, 97] - 437.4413297767002
[56, 57, 90, 128, 97] - 433.24566250550043
[56, 57, 36, 128, 94] - 437.74225565389935
[56, 57, 90, 128, 94] - 433.8345898819004
[56, 57, 36, 90, 128] - 436.84468802210023
[67, 57, 38, 128, 71] - 433.2295645533005
[67, 57, 128, 71, 97] - 485.44864707659985
[67, 57, 128, 71, 94] - 481.0011813420002
[67, 57, 36, 128, 71] - 485.7021120671991
[67, 57, 90, 128, 71] - 483.5074181320003
[57, 128, 71, 41] - 554.5762384399995
[57, 38, 128, 71, 97] - 433.65673168169985
[57, 38, 128, 71, 94] - 430.65503160549963
[57, 36, 38, 128, 71] - 435.1704367345995
[57, 38, 90, 128, 71] - 431.74523483600007
[57, 128, 71, 94, 97] - 482.7474402071001
[57, 36, 128, 71, 97] - 487.35833200449986
[57, 90, 128, 71, 97] - 485.52384999460014
[57, 36, 128, 71, 94] - 483.50515523510006
[57, 90, 128, 71, 94] - 482.0148619142004
[57, 36, 90, 128, 71] - 486.7172999495004
[67, 57, 128, 41] - 555.8669065299994
[67, 57, 38, 128, 97] - 435.37983317759887
[67, 57, 38, 128, 94] - 431.8151206645004
[67, 57, 36, 38, 128] - 437.2668805868002
[67, 57, 38, 90, 128] - 433.23145106909965
[67, 57, 128, 94, 97] - 482.87078446540016
[67, 57, 36, 128, 97] - 488.67902690190004
[67, 57, 90, 128, 97] - 485.12328999079966
[67, 57, 36, 128, 94] - 484.8804231592998
[67, 57, 90, 128, 94] - 481.71576916380025
[67, 57, 36, 90, 128] - 487.5728561003007
[57, 38, 128, 41, 97] - 513.3789035694991
[57, 38, 128, 94, 41] - 514.6647013839004
[57, 36, 38, 128, 41] - 517.7183443371996
[57, 38, 90, 128, 41] - 513.4565745064018
[57, 128, 94, 41, 97] - 514.1099991523996
[57, 36, 128, 41, 97] - 516.8960081279997
[57, 90, 128, 41, 97] - 512.4854936330997
[57, 36, 128, 94, 41] - 518.862382101399
[57, 90, 128, 94, 41] - 514.7854411309
[57, 36, 90, 128, 41] - 517.9920181503004
[57, 38, 128, 94, 97] - 532.5005319961997
[57, 36, 38, 128, 97] - 536.5511208625004
[57, 38, 90, 128, 97] - 531.3704829888009
[57, 36, 38, 128, 94] - 537.4183654338998
[57, 38, 90, 128, 94] - 532.6553788868989
[57, 36, 38, 90, 128] - 537.4024199364999
[57, 36, 90, 128, 94, 97] - 439.7769000503743
[1, 104, 128, 31] - 544.4403301999996
[56, 104, 128, 31] - 545.54938373
[104, 128, 71, 31] - 549.5972513500001
[67, 104, 128, 31] - 549.2779278600005
[104, 128, 41, 31] - 556.1432121500006
[38, 104, 128, 31] - 548.2293005199992
[104, 128, 97, 31] - 548.1957551099996
[104, 128, 94, 31] - 549.4207993199999
[36, 104, 128, 31] - 555.6806296100007
[104, 90, 128, 31] - 553.1808065799984
[56, 1, 128, 31] - 540.1986462700002
[1, 128, 71, 31] - 544.0599358799996
[1, 67, 36, 128, 31] - 423.01354556309997
[1, 128, 41, 31] - 549.8736248800002
[1, 36, 38, 128, 31] - 422.3947916529006
[1, 36, 128, 31, 97] - 422.7495904434997
[1, 36, 128, 94, 31] - 424.1420866955998
[1, 90, 128, 94, 31] - 420.8568020134998
[1, 36, 90, 128, 31] - 426.67264391300046
[56, 128, 71, 31] - 546.7653160599991
[67, 56, 128, 31] - 546.6170087499999
[56, 128, 41, 31] - 551.5569263600012
[56, 38, 128, 31] - 543.0412427200004
[56, 128, 97, 31] - 545.3492875600004
[56, 128, 94, 31] - 545.3057050699999
[56, 36, 128, 31] - 550.2374036600006
[56, 90, 128, 31] - 546.6334029300011
[67, 128, 71, 31] - 550.0645086999997
[128, 71, 41, 31] - 554.2263974300006
[38, 128, 71, 31] - 545.6303007899998
[128, 71, 97, 31] - 549.386026110001
[128, 71, 94, 31] - 548.9674171099997
[36, 128, 71, 31] - 553.6188815400006
[90, 128, 71, 31] - 550.8882423200007
[67, 128, 41, 31] - 555.2670980500001
[67, 38, 128, 97, 31] - 421.43071371100007
[67, 36, 38, 128, 31] - 424.74958542360105
[67, 38, 90, 128, 31] - 422.2610021068006
[67, 128, 94, 31, 97] - 421.23825266590103
[67, 36, 128, 31, 97] - 426.33828796330005
[67, 90, 128, 31, 97] - 423.28174417809913
[67, 36, 128, 94, 31] - 425.61020667930023
[67, 90, 128, 94, 31] - 422.86023494569923
[67, 36, 90, 128, 31] - 427.75903691200017
[38, 128, 41, 31] - 553.2472993300001
[128, 41, 97, 31] - 554.2388202700012
[128, 94, 41, 31] - 554.7238748799995
[36, 90, 128, 41, 31] - 421.52099764809986
[38, 128, 94, 31, 97] - 426.3247649247004
[36, 38, 128, 31, 97] - 430.9603693805003
[38, 90, 128, 31, 97] - 428.39465105489984
[36, 38, 128, 94, 31] - 432.4452632383
[38, 90, 128, 94, 31] - 430.004442636201
[36, 38, 90, 128, 31] - 434.7693658022011
[36, 128, 94, 31, 97] - 432.52521866590007
[90, 128, 94, 31, 97] - 429.7368059017999
[36, 90, 128, 31, 97] - 434.05594173990073
[36, 90, 128, 94, 31] - 436.9724365545007
[104, 5, 128] - 476.43415799999985
[56, 5, 128] - 471.191651
[5, 128, 71] - 510.4751939999998
[67, 5, 128] - 522.7950949999998
[5, 128, 41] - 470.7292339999992
[5, 38, 128, 97] - 445.4967510900007
[5, 38, 128, 94] - 452.1168885900002
[36, 5, 38, 128] - 454.1650930999989
[5, 38, 90, 128] - 452.4936085699995
[5, 128, 94, 97] - 492.8117826299996
[36, 5, 128, 97] - 497.70486323000057
[5, 90, 128, 97] - 495.54513143999964
[36, 5, 128, 94] - 499.1870515199997
[5, 90, 128, 94] - 501.2285698500001
[36, 5, 90, 128] - 503.5064626100005
[24, 2, 128] - 539.9824120000003
[2, 38, 128] - 498.32435900000013
[2, 128, 97] - 520.265434999999
[2, 128, 94] - 539.3190289999997
[2, 36, 128] - 526.5392949999999
[2, 90, 128] - 540.3418389999999
[104, 128, 120] - 449.9832989999997
[1, 56, 104, 128, 71] - 431.6056671385
[67, 1, 56, 104, 128] - 429.4320841785996
[1, 56, 104, 128, 97] - 430.07598242020043
[1, 56, 104, 128, 94] - 428.7508281142996
[1, 56, 36, 104, 128] - 434.0281620089002
[1, 56, 104, 90, 128] - 430.5427553469001
[67, 1, 104, 128, 71] - 432.81911920720023
[1, 104, 128, 71, 97] - 433.6723742551995
[1, 104, 128, 71, 94] - 432.3429152819992
[1, 36, 104, 128, 71] - 437.3774828645002
[1, 104, 90, 128, 71] - 434.39810081250016
[1, 67, 104, 128, 97] - 431.80372782310064
[1, 67, 104, 128, 94] - 429.660102849899
[1, 67, 36, 104, 128] - 435.7691081148004
[1, 67, 104, 90, 128] - 432.18630138750115
[1, 104, 128, 41] - 549.6774185299997
[1, 38, 104, 128] - 542.8345716600006
[1, 104, 128, 94, 97] - 430.0623942809005
[1, 36, 104, 128, 97] - 435.83274345710026
[1, 104, 90, 128, 97] - 431.92647286040045
[1, 36, 104, 128, 94] - 436.92321978009943
[1, 104, 90, 128, 94] - 433.2943454722991
[1, 36, 104, 90, 128] - 439.21947535340047
[67, 56, 104, 128, 71] - 435.0139962038992
[56, 104, 128, 71, 97] - 436.27246236600075
[56, 104, 128, 71, 94] - 434.5621277166011
[56, 36, 104, 128, 71] - 438.7610820190999
[56, 104, 90, 128, 71] - 436.0634588104997
[56, 67, 104, 128, 97] - 434.4163632273002
[56, 67, 104, 128, 94] - 432.4475730077001
[56, 67, 36, 104, 128] - 437.3427449075001
[56, 67, 104, 90, 128] - 433.93835592540046
[56, 104, 128, 41] - 551.7573559599992
[56, 38, 104, 128] - 544.7619511900002
[56, 104, 128, 94, 97] - 432.86538883700007
[56, 36, 104, 128, 97] - 437.45985571080047
[56, 104, 90, 128, 97] - 433.99123246779965
[56, 36, 104, 128, 94] - 436.9785269941004
[56, 104, 90, 128, 94] - 433.61858964780043
[56, 36, 104, 90, 128] - 438.30175650969954
[67, 38, 104, 128, 71] - 435.0316466659999
[67, 104, 128, 71, 97] - 485.4592137149999
[67, 104, 128, 71, 94] - 480.0396765492002
[67, 36, 104, 128, 71] - 486.4926162939996
[67, 104, 90, 128, 71] - 484.80487447950026
[104, 128, 71, 41] - 555.4368248100003
[104, 38, 128, 71, 97] - 435.4662612084999
[104, 38, 128, 71, 94] - 431.70015991330035
[36, 104, 38, 128, 71] - 437.319034417101
[104, 38, 90, 128, 71] - 434.80103015600054
[104, 128, 71, 94, 97] - 481.9929628250001
[36, 104, 128, 71, 97] - 487.9271173965006
[104, 90, 128, 71, 97] - 486.54503440009967
[36, 104, 128, 71, 94] - 483.4507928242007
[104, 90, 128, 71, 94] - 482.2435226846995
[36, 104, 90, 128, 71] - 488.72197823790003
[67, 104, 128, 41] - 556.06497582
[67, 104, 38, 128, 97] - 436.8392207651997
[67, 104, 38, 128, 94] - 432.3454335327999
[67, 36, 104, 38, 128] - 438.8889109166001
[67, 104, 38, 90, 128] - 436.0420145232991
[67, 104, 128, 94, 97] - 481.6705222165013
[67, 36, 104, 128, 97] - 488.89768444169937
[67, 104, 90, 128, 97] - 486.29549541860007
[67, 36, 104, 128, 94] - 484.0707971583006
[67, 104, 90, 128, 94] - 481.7143923527995
[67, 36, 104, 90, 128] - 489.4222312774999
[38, 104, 128, 41] - 554.8508304100005
[104, 128, 41, 97] - 554.7428684999998
[104, 128, 94, 41] - 554.2170148699986
[36, 104, 90, 128, 41] - 422.41784168539914
[104, 38, 128, 94, 97] - 432.4671685578998
[36, 104, 38, 128, 97] - 438.6309990073001
[104, 38, 90, 128, 97] - 435.4219816033003
[36, 104, 38, 128, 94] - 437.15306320449963
[104, 38, 90, 128, 94] - 434.0296305702998
[36, 104, 38, 90, 128] - 441.0306849588
[36, 104, 128, 94, 97] - 485.10937706009963
[104, 90, 128, 94, 97] - 483.15179419480063
[36, 104, 90, 128, 97] - 489.96424814009976
[36, 104, 90, 128, 94] - 488.2678538074004
[56, 38, 128, 120] - 452.9551854399994
[56, 128, 97, 120] - 488.2641782000002
[56, 128, 94, 120] - 486.8561400599997
[56, 36, 128, 120] - 489.6445692099993
[56, 90, 128, 120] - 487.6981217800002
[128, 71, 97, 120] - 426.3727656099998
[128, 71, 94, 120] - 422.49145452000016
[36, 128, 71, 120] - 426.91188090999987
[90, 128, 71, 120] - 427.1183965399993
[67, 128, 97, 120] - 435.8623006800003
[67, 128, 94, 120] - 434.41156025000055
[67, 36, 128, 120] - 438.7927909100006
[67, 90, 128, 120] - 436.4319124500001
[128, 41, 120] - 454.9287989999999
[38, 128, 97, 120] - 549.6855983599997
[38, 128, 94, 120] - 551.0647078300002
[36, 38, 128, 120] - 551.6162761800003
[38, 90, 128, 120] - 552.1548763100002
[36, 128, 94, 97, 120] - 450.3170950892996
[90, 128, 94, 97, 120] - 451.0866664219996
[36, 90, 128, 97, 120] - 451.9992022682998
[36, 90, 128, 94, 120] - 453.3123854622999
[67, 1, 56, 128, 71] - 431.4945129160998
[1, 56, 128, 71, 97] - 432.7350018209997
[1, 56, 128, 71, 94] - 431.24214698109915
[1, 56, 36, 128, 71] - 435.5975375068999
[1, 56, 90, 128, 71] - 431.98472156210016
[1, 56, 67, 128, 97] - 430.9416994699
[1, 56, 67, 128, 94] - 428.93667456479955
[1, 56, 67, 36, 128] - 434.1324743857002
[1, 56, 67, 90, 128] - 429.6791232729008
[1, 56, 128, 41] - 545.2479516900004
[1, 56, 38, 128] - 537.9996591900012
[1, 56, 128, 94, 97] - 429.53831362809984
[1, 56, 36, 128, 97] - 434.6586572397008
[1, 56, 90, 128, 97] - 429.9603690138006
[1, 56, 36, 128, 94] - 434.10886426099927
[1, 56, 90, 128, 94] - 429.68279382220055
[1, 56, 36, 90, 128] - 434.6175536444006
[1, 67, 128, 71, 97] - 433.66245822949963
[1, 67, 128, 71, 94] - 431.5975664135996
[1, 67, 36, 128, 71] - 436.5424476653986
[1, 67, 90, 128, 71] - 432.80743959819955
[1, 128, 71, 41] - 548.732749359999
[1, 38, 128, 71] - 541.1888708300002
[1, 128, 71, 94, 97] - 432.44201995039975
[1, 36, 128, 71, 97] - 437.3476325352001
[1, 90, 128, 71, 97] - 433.3393804642002
[1, 36, 128, 71, 94] - 436.65592252379946
[1, 90, 128, 71, 94] - 433.0084692341003
[1, 36, 90, 128, 71] - 437.8070505062008
[1, 67, 128, 41] - 548.9013790099999
[1, 67, 36, 38, 128] - 422.4960019472
[1, 67, 128, 94, 97] - 441.06859802089957
[1, 67, 36, 128, 97] - 447.5212320852005
[1, 67, 90, 128, 97] - 442.78333339270034
[1, 67, 36, 128, 94] - 446.08146946740015
[1, 67, 90, 128, 94] - 441.6399976889006
[1, 67, 36, 90, 128] - 447.82558839249907
[1, 38, 128, 41] - 547.1020772399992
[1, 128, 41, 97] - 547.9442490800004
[1, 128, 94, 41] - 547.5679032900002
[1, 36, 128, 41] - 555.1238359599998
[1, 90, 128, 41] - 550.8086135200006
[1, 36, 38, 128, 97] - 421.59982441030024
[1, 36, 38, 128, 94] - 422.1039231811996
[1, 36, 38, 90, 128] - 424.65380400850034
[1, 36, 128, 94, 97] - 446.7984638104001
[1, 90, 128, 94, 97] - 442.1559843356991
[1, 36, 90, 128, 97] - 447.90567263639974
[1, 36, 90, 128, 94] - 450.1028333902
[88, 67, 128] - 441.5313190000004
[88, 128, 97] - 512.4449050000001
[88, 128, 94] - 503.6629479999995
[88, 36, 128] - 511.27118099999933
[88, 90, 128] - 507.762776000001
[79, 128, 71] - 424.48198599999984
[67, 79, 128] - 443.36950000000024
[79, 38, 128] - 434.2032229999998
[79, 128, 97] - 521.2656099999998
[79, 128, 94] - 518.0171109999997
[79, 36, 128] - 517.9378689999999
[79, 90, 128] - 518.7908530000004
[56, 67, 38, 128, 71] - 444.09921762769943
[56, 67, 128, 71, 97] - 470.9773713082005
[56, 67, 128, 71, 94] - 469.1232239770002
[56, 67, 36, 128, 71] - 472.2460791872998
[56, 67, 90, 128, 71] - 469.32417359950034
[56, 128, 71, 41] - 552.3822765600005
[56, 38, 128, 71, 97] - 477.3054789550008
[56, 38, 128, 71, 94] - 473.7057472634011
[56, 36, 38, 128, 71] - 478.1200687055001
[56, 38, 90, 128, 71] - 475.80801091259946
[56, 128, 71, 94, 97] - 502.9147144330998
[56, 36, 128, 71, 97] - 506.91735821030034
[56, 90, 128, 71, 97] - 504.5977872013009
[56, 36, 128, 71, 94] - 504.24464224039997
[56, 90, 128, 71, 94] - 502.2117936893999
[56, 36, 90, 128, 71] - 506.2040287960006
[56, 67, 128, 41] - 552.9561582900006
[56, 67, 38, 128, 97] - 478.2962277642998
[56, 67, 38, 128, 94] - 476.5615334444987
[56, 67, 36, 38, 128] - 480.1526735685002
[56, 67, 38, 90, 128] - 476.66779532440097
[56, 67, 128, 94, 97] - 503.17444740619953
[56, 67, 36, 128, 97] - 506.55154566659996
[56, 67, 90, 128, 97] - 502.4853198370006
[56, 67, 36, 128, 94] - 505.52229455309964
[56, 67, 90, 128, 94] - 501.7422671483997
[56, 67, 36, 90, 128] - 505.04207929859984
[56, 38, 128, 41] - 549.2665014600005
[56, 128, 41, 97] - 551.9090927299999
[56, 128, 94, 41] - 549.6660648199993
[56, 36, 128, 41] - 555.5613360899993
[56, 90, 128, 41] - 551.2163660900013
[56, 38, 128, 94, 97] - 543.8236739346984
[56, 36, 38, 128, 97] - 548.6264196974997
[56, 38, 90, 128, 97] - 544.6556656293998
[56, 36, 38, 128, 94] - 546.1061420556
[56, 38, 90, 128, 94] - 542.9421150980004
[56, 36, 38, 90, 128] - 547.7143136226001
[56, 36, 90, 128, 94, 97] - 430.926736205257
[24, 38, 128] - 519.4898309999996
[24, 128, 97] - 539.9586520000008
[24, 90, 128, 94] - 423.02010474999975
[24, 36, 128] - 549.0487360000004
[67, 128, 71, 41] - 556.0904631899995
[67, 38, 128, 71, 97] - 468.90288144620035
[67, 38, 128, 71, 94] - 464.7956725140009
[67, 36, 38, 128, 71] - 469.42682515689955
[67, 38, 90, 128, 71] - 467.00217625550056
[67, 128, 71, 94, 97] - 515.2160148255996
[67, 36, 128, 71, 97] - 520.6656967081003
[67, 90, 128, 71, 97] - 518.9407998503001
[67, 36, 128, 71, 94] - 515.7158838426994
[67, 90, 128, 71, 94] - 514.1599897495003
[67, 36, 90, 128, 71] - 520.0882277993003
[38, 128, 71, 41] - 551.7000172399993
[128, 71, 41, 97] - 555.6281832899997
[128, 71, 94, 41] - 553.1917882399996
[36, 128, 71, 41] - 558.9098766600002
[90, 128, 71, 41] - 555.0325834600002
[38, 128, 71, 94, 97] - 498.0951106378996
[36, 38, 128, 71, 97] - 504.0015477719005
[38, 90, 128, 71, 97] - 501.47473004809984
[36, 38, 128, 71, 94] - 498.58800570030047
[38, 90, 128, 71, 94] - 496.4972732126002
[36, 38, 90, 128, 71] - 502.54372107110026
[36, 128, 71, 94, 97] - 550.0906005281996
[90, 128, 71, 94, 97] - 549.5546636949002
[36, 90, 128, 71, 97] - 555.6775479724005
[36, 90, 128, 71, 94] - 549.9192607750992
[67, 38, 128, 41] - 553.9105624600012
[67, 36, 128, 41, 97] - 420.85086378280033
[67, 128, 94, 41] - 553.0464475899998
[67, 90, 128, 41] - 555.3792266499997
[67, 38, 128, 94, 97] - 510.7891708117002
[67, 36, 38, 128, 97] - 516.6546752211001
[67, 38, 90, 128, 97] - 513.1028617116004
[67, 36, 38, 128, 94] - 512.8257039705004
[67, 38, 90, 128, 94] - 509.5198299252992
[67, 36, 38, 90, 128] - 515.6936853365
[67, 36, 90, 128, 94, 97] - 424.27210462753555
[38, 128, 94, 41, 97] - 512.6901256013997
[36, 38, 128, 41, 97] - 516.9255490892998
[38, 90, 128, 41, 97] - 512.1944550405993
[36, 38, 128, 94, 41] - 524.8338520531992
[38, 90, 128, 94, 41] - 526.454988843401
[36, 38, 90, 128, 41] - 525.3439665004004
[36, 128, 94, 41, 97] - 517.5603067098997
[90, 128, 94, 41, 97] - 513.1001357127
[36, 90, 128, 41, 97] - 517.1575040886999
[36, 90, 128, 94, 41] - 526.4771608177006
[36, 38, 90, 128, 94, 97] - 517.9714580901118
[11, 38, 6] - 553.9146420000002
[11, 6, 97] - 530.1867000000005
[11, 6, 94] - 556.6061250000001
[11, 36, 6] - 559.2242299999996
[11, 6, 90] - 560.215243
[11, 23, 31] - 432.94634499999995
[11, 1, 23, 104] - 427.1500227299995
[11, 23, 104, 71] - 422.43363189000024
[11, 67, 23, 104] - 484.1817506600002
[11, 23, 104, 41] - 444.0251148499998
[11, 23, 38, 104] - 482.4110402799997
[11, 23, 104, 97] - 460.98902274999995
[11, 23, 104, 94] - 477.90061652000026
[11, 23, 36, 104] - 486.88436933999986
[11, 23, 104, 90] - 481.08606512999995
[11, 67, 23, 1] - 455.2781880300004
[11, 23, 1, 41] - 457.3383840999996
[11, 23, 1, 38] - 454.5342109699994
[11, 23, 1, 94] - 450.4869700999995
[11, 23, 1, 36] - 460.5126170500001
[11, 23, 1, 90] - 454.4096230800001
[11, 67, 23, 71] - 448.8804995099997
[11, 23, 38, 71] - 446.8115906400009
[11, 23, 71, 94] - 443.45669094000016
[11, 23, 36, 71] - 452.7902610800004
[11, 23, 90, 71] - 447.0188219100003
[11, 23, 67, 41] - 472.11238375000096
[11, 23, 67, 38] - 508.55564959999913
[11, 23, 67, 97] - 457.90379493000006
[11, 23, 67, 94] - 504.3505748799999
[11, 23, 67, 36] - 513.945304429999
[11, 23, 67, 90] - 507.9408542200003
[11, 23, 38, 41] - 469.7186306099996
[11, 23, 94, 41] - 466.5342952299998
[11, 23, 36, 41] - 475.3920044899994
[11, 23, 90, 41] - 469.98112973999963
[11, 23, 38, 97] - 456.92832032000007
[11, 23, 38, 94] - 501.7341491500003
[11, 23, 36, 38] - 511.1769201599997
[11, 23, 38, 90] - 504.2057319199995
[11, 23, 94, 97] - 453.50529513000004
[11, 23, 36, 97] - 461.7442101900008
[11, 23, 90, 97] - 455.72869205999933
[11, 23, 36, 94] - 507.7820393500006
[11, 23, 90, 94] - 500.59212208000014
[11, 23, 36, 90] - 511.4988985300009
[11, 55, 41] - 543.2227829999996
[11, 55, 38, 94] - 466.1789591900002
[11, 55, 36, 38] - 462.8725678299997
[11, 55, 38, 90] - 468.58781583000024
[11, 55, 97] - 552.8587640000001
[11, 55, 36, 94] - 473.2738848399996
[11, 55, 90, 94] - 478.2124191299999
[11, 55, 36, 90] - 478.6908223600001
[11, 57, 38, 41] - 502.6637108599994
[11, 57, 41, 97] - 480.6479038199992
[11, 57, 94, 41] - 501.3503330399992
[11, 57, 36, 41] - 505.83584553000026
[11, 57, 90, 41] - 502.15680587999947
[11, 57, 38, 97] - 480.1671174200004
[11, 57, 38, 94] - 500.87812249999996
[11, 57, 36, 38] - 504.04517297
[11, 57, 38, 90] - 500.4515150100004
[11, 57, 94, 97] - 491.72811312000056
[11, 57, 36, 97] - 494.5861770200003
[11, 57, 90, 97] - 489.7338773199998
[11, 57, 36, 94] - 517.22721873
[11, 57, 90, 94] - 513.156821079999
[11, 57, 36, 90] - 516.7062376200001
[11, 1, 31] - 448.6144559999997
[11, 71, 31] - 438.0602469999994
[11, 67, 31] - 456.00611899999967
[11, 41, 31] - 435.9794820000004
[11, 38, 31] - 455.6042959999995
[11, 94, 31] - 469.62594899999976
[11, 36, 31] - 482.23243400000024
[11, 90, 31] - 475.6417460000001
[11, 5, 41] - 442.2987949999998
[11, 5, 38, 97] - 430.0733764999998
[11, 5, 38, 94] - 452.2789196099994
[11, 36, 5, 38] - 452.7125344400001
[11, 5, 38, 90] - 449.3229614799999
[11, 5, 94, 97] - 433.07508043000047
[11, 36, 5, 97] - 435.5080461300002
[11, 5, 90, 97] - 429.01078327999994
[11, 36, 5, 94] - 454.88578015999957
[11, 5, 90, 94] - 452.24946796000035
[11, 36, 5, 90] - 452.58388787000007
[11, 2, 120] - 548.3954220000002
[11, 2, 24, 38] - 499.59427101000045
[11, 2, 24, 97] - 486.4204786500003
[11, 2, 24, 94] - 500.9448367999996
[11, 2, 24, 36] - 493.72723618000055
[11, 2, 24, 90] - 501.90613271000046
[11, 2, 38, 97] - 524.9803914899995
[11, 2, 38, 94] - 549.9281476400006
[11, 2, 36, 38] - 543.1326239700002
[11, 2, 38, 90] - 548.7249835699995
[11, 2, 94, 97] - 526.1748071600002
[11, 2, 36, 97] - 528.4943639900001
[11, 2, 90, 97] - 526.1273869400001
[11, 2, 36, 94] - 543.99524567
[11, 2, 90, 94] - 551.2616463899999
[11, 2, 36, 90] - 545.9920455199997
[11, 67, 1, 104] - 426.4668038999997
[11, 1, 104, 41] - 429.6522294200003
[11, 1, 38, 104] - 429.4634429400006
[11, 1, 104, 94] - 424.4155410899999
[11, 1, 36, 104] - 434.55315865999967
[11, 1, 104, 90] - 428.7653436799997
[11, 67, 104, 71] - 420.93678657000004
[11, 36, 104, 71] - 424.8877396699994
[11, 67, 104, 41] - 442.90267967
[11, 67, 38, 104] - 484.8367567000002
[11, 67, 104, 97] - 463.29100552999995
[11, 67, 104, 94] - 478.6729592599998
[11, 67, 36, 104] - 488.63393722000046
[11, 67, 104, 90] - 483.2715257699999
[11, 38, 104, 41] - 444.0399583199999
[11, 104, 41, 97] - 421.4588529899996
[11, 104, 94, 41] - 439.53808331000016
[11, 36, 104, 41] - 448.1853909300001
[11, 104, 90, 41] - 443.49694435999976
[11, 104, 38, 97] - 463.52862666000067
[11, 104, 38, 94] - 480.1825329500001
[11, 36, 104, 38] - 489.95602963999943
[11, 104, 38, 90] - 483.4973616300002
[11, 104, 94, 97] - 457.28369064999936
[11, 36, 104, 97] - 467.0415024799999
[11, 104, 90, 97] - 461.08969469000056
[11, 36, 104, 94] - 484.59578665000026
[11, 104, 90, 94] - 477.9086244400008
[11, 36, 104, 90] - 489.39381671000086
[11, 56, 120] - 547.8805150000004
[11, 24, 120] - 527.5019250000001
[11, 67, 120] - 434.8573500000003
[11, 38, 97, 120] - 546.7128740300012
[11, 38, 94, 120] - 556.87385277
[11, 36, 38, 120] - 561.0745764699996
[11, 38, 90, 120] - 556.9404142500014
[11, 94, 97, 120] - 556.2098101700002
[11, 36, 97, 120] - 559.7104453800007
[11, 90, 97, 120] - 554.8618869900006
[11, 36, 90, 94, 120] - 427.2107364164008
[11, 1, 71] - 532.1562560000001
[11, 1, 67, 41] - 456.5711187699992
[11, 1, 67, 38] - 468.5781201999998
[11, 1, 67, 97] - 433.90547798000034
[11, 1, 67, 94] - 469.1729608900007
[11, 1, 67, 36] - 480.7242391199998
[11, 1, 67, 90] - 474.1810133399996
[11, 1, 38, 41] - 458.2122725699992
[11, 1, 94, 41] - 453.0537705899999
[11, 1, 36, 41] - 464.34821050000056
[11, 1, 90, 41] - 457.0955894099997
[11, 1, 38, 97] - 428.79845651
[11, 1, 38, 94] - 466.17558983999936
[11, 1, 36, 38] - 477.68645576999955
[11, 1, 38, 90] - 470.58556878000013
[11, 1, 94, 97] - 435.7185725299999
[11, 1, 36, 97] - 445.55886615000037
[11, 1, 90, 97] - 439.3250989300001
[11, 1, 36, 94] - 484.60592376999995
[11, 1, 90, 94] - 476.6349591199999
[11, 1, 36, 90] - 489.3808787399999
[11, 88, 79] - 432.95629699999944
[11, 88, 71] - 421.83829399999945
[11, 88, 67] - 522.799787
[11, 88, 38, 97] - 426.62742890999954
[11, 88, 38, 94] - 450.8699227799999
[11, 88, 36, 38] - 463.14151583000034
[11, 88, 38, 90] - 452.6976031800006
[11, 88, 94, 97] - 423.5343119499996
[11, 88, 36, 97] - 435.07682535
[11, 88, 90, 97] - 425.37867238000007
[11, 88, 36, 94] - 460.5825405100003
[11, 88, 90, 94] - 450.8748258899996
[11, 88, 36, 90] - 463.67379705000064
[11, 79, 71] - 429.23148299999997
[11, 67, 79] - 533.2789390000008
[11, 79, 38, 97] - 435.1517488400012
[11, 79, 38, 94] - 462.0648467199995
[11, 79, 36, 38] - 470.2146665400004
[11, 79, 38, 90] - 463.8055746499995
[11, 79, 94, 97] - 439.9447476900006
[11, 79, 36, 97] - 446.7464007000005
[11, 79, 90, 97] - 440.97530380999996
[11, 79, 36, 94] - 476.2552334700005
[11, 79, 90, 94] - 468.6503075800004
[11, 79, 36, 90] - 478.5267460100006
[11, 56, 71] - 552.564017
[11, 67, 56] - 553.6462209999999
[11, 56, 38, 97] - 551.0899493099993
[11, 56, 38, 94] - 547.2890412499986
[11, 56, 36, 38] - 554.1188258099991
[11, 56, 38, 90] - 547.5174403299992
[11, 56, 94, 97] - 548.9884125599993
[11, 56, 36, 97] - 555.2785555400008
[11, 56, 90, 97] - 548.8894297000004
[11, 56, 36, 94] - 552.0039067800005
[11, 56, 90, 94] - 546.9223279800008
[11, 56, 36, 90] - 552.3427810500001
[11, 24, 38, 97] - 496.5212376199999
[11, 24, 38, 94] - 515.0138827000002
[11, 24, 36, 38] - 506.5074188899993
[11, 24, 38, 90] - 513.5735510199999
[11, 24, 94, 97] - 508.59978804000036
[11, 24, 36, 97] - 509.7602642799998
[11, 24, 90, 97] - 508.8198079099996
[11, 24, 36, 94] - 518.5510736299991
[11, 24, 90, 94] - 526.8696328800007
[11, 24, 36, 90] - 519.5814089900002
[11, 67, 38, 71] - 513.3826041600001
[11, 67, 71, 97] - 469.64041443999946
[11, 67, 71, 94] - 511.7436284600006
[11, 67, 36, 71] - 522.9100039300008
[11, 67, 90, 71] - 517.0587740399997
[11, 71, 41] - 546.6125360000007
[11, 38, 71, 97] - 534.8333233500006
[11, 36, 38, 71, 94] - 434.29444430990054
[11, 38, 90, 71, 94] - 428.4132350029997
[11, 36, 38, 90, 71] - 438.1127040958998
[11, 71, 94, 97] - 535.2246418299993
[11, 36, 71, 97] - 545.5431532999996
[11, 90, 71, 97] - 538.0129836099995
[11, 36, 90, 71, 94] - 438.46679597479977
[11, 67, 38, 41] - 469.5178611900005
[11, 67, 94, 41] - 465.5225150500002
[11, 67, 36, 41] - 474.67762787999976
[11, 67, 90, 41] - 469.787894540001
[11, 67, 38, 94, 97] - 455.10087930049986
[11, 67, 36, 38, 97] - 461.6469598130003
[11, 67, 38, 90, 97] - 457.70866532290063
[11, 67, 36, 38, 94] - 493.29695461129995
[11, 67, 38, 90, 94] - 488.6173973318995
[11, 67, 36, 38, 90] - 497.31974185430084
[11, 67, 36, 94, 97] - 463.5678917114998
[11, 67, 90, 94, 97] - 460.1097147132007
[11, 67, 36, 90, 97] - 467.15072449229916
[11, 67, 36, 90, 94] - 499.4399895468993
[11, 38, 94, 41, 97] - 464.6293395953006
[11, 36, 38, 41, 97] - 468.70703834500046
[11, 38, 90, 41, 97] - 465.06790295369944
[11, 36, 38, 94, 41] - 513.0133165829003
[11, 38, 90, 94, 41] - 514.9362104622996
[11, 36, 38, 90, 41] - 515.3361590393998
[11, 36, 94, 41, 97] - 466.61758674049986
[11, 90, 94, 41, 97] - 463.0140024530999
[11, 36, 90, 41, 97] - 467.8060823165003
[11, 36, 90, 94, 41] - 512.6363649845997
[11, 36, 38, 90, 94, 97] - 535.6239674056112
[23, 57, 6] - 467.9759120000002
[23, 104, 6, 94] - 423.0431651500005
[23, 36, 104, 6] - 424.2999354999998
[23, 104, 6, 90] - 426.7195582099998
[1, 23, 6] - 448.09106100000014
[56, 23, 6] - 446.51737399999917
[23, 6, 71] - 518.5063100000002
[67, 23, 6] - 556.9260870000005
[23, 6, 41] - 515.4148799999999
[23, 38, 6] - 558.0761269999999
[23, 6, 97] - 539.9287280000005
[23, 36, 6, 94] - 439.58986577999997
[23, 6, 90, 94] - 440.8569001399993
[23, 36, 6, 90] - 443.99291705999985
[55, 38, 6] - 470.85488799999956
[55, 6, 97] - 428.48108399999927
[55, 6, 94] - 455.92563700000034
[55, 36, 6] - 460.67551699999933
[55, 6, 90] - 479.36947900000007
[57, 104, 6] - 467.3794390000007
[56, 57, 6] - 446.0836150000006
[57, 6, 71] - 443.3000260000006
[67, 57, 6] - 441.92328300000065
[57, 38, 6, 41] - 544.9894500500001
[57, 6, 41, 97] - 529.7544160099998
[57, 6, 94, 41] - 545.8814649900015
[57, 36, 6, 41] - 546.0702810099998
[57, 6, 90, 41] - 547.5525840500006
[57, 38, 6, 97] - 521.7792981700012
[57, 38, 6, 94] - 538.5914102800006
[57, 36, 38, 6] - 539.2706782400004
[57, 38, 6, 90] - 540.1739586100005
[57, 6, 94, 97] - 547.6225021999995
[57, 36, 6, 97] - 547.9706004199992
[57, 6, 90, 97] - 548.5375293399993
[57, 36, 6, 90, 94] - 423.12865519060017
[56, 1, 6, 31] - 426.49291349000043
[1, 6, 41, 31] - 471.3320515099995
[1, 6, 97, 31] - 469.7693339200007
[1, 6, 94, 31] - 479.31446710000046
[1, 36, 6, 31] - 478.2794867800002
[1, 6, 90, 31] - 493.4124292700007
[56, 6, 41, 31] - 434.30317098000006
[56, 6, 97, 31] - 430.57563327000025
[56, 6, 94, 31] - 433.16259974999997
[56, 36, 6, 31] - 430.11340316000013
[56, 6, 90, 31] - 431.44374975
[6, 71, 31] - 555.4541270000004
[67, 6, 90, 31] - 424.67089403
[6, 41, 97, 31] - 453.09858205999905
[6, 94, 41, 31] - 473.6485681399993
[36, 6, 41, 31] - 470.99300651999994
[6, 90, 41, 31] - 486.87529858999994
[38, 6, 31] - 447.6635370000001
[6, 94, 31, 97] - 461.45014225000074
[36, 6, 31, 97] - 460.5142806499999
[6, 90, 31, 97] - 476.8827748300008
[36, 6, 94, 31] - 496.1434224399996
[6, 90, 94, 31] - 497.5071589399991
[36, 6, 90, 31] - 496.2104322300002
[2, 6, 120] - 455.2330000000004
[24, 2, 6] - 530.8667050000003
[2, 38, 6, 97] - 481.6187408100001
[2, 38, 6, 94] - 490.42147561999974
[2, 36, 38, 6] - 492.32804104999957
[2, 38, 6, 90] - 494.00934077999966
[2, 6, 94, 97] - 479.98200531
[2, 36, 6, 97] - 484.58354679999985
[2, 6, 90, 97] - 483.47274026999986
[2, 36, 6, 94] - 490.06582946000003
[2, 6, 90, 94] - 491.48419751000046
[2, 36, 6, 90] - 493.6229177299994
[1, 104, 6] - 459.1138789999997
[56, 104, 6] - 445.5861420000001
[104, 6, 71] - 529.4113419999999
[67, 104, 6, 90] - 428.99342070000023
[104, 6, 41] - 511.25753400000013
[104, 38, 6, 90] - 431.7157029999995
[104, 6, 90, 97] - 435.09588498999994
[36, 104, 6, 94] - 433.87047147999965
[104, 6, 90, 94] - 434.64550327
[36, 104, 6, 90] - 438.71142418999955
[56, 6, 120] - 478.0357660000004
[38, 6, 97, 120] - 482.7367228500002
[38, 6, 94, 120] - 482.80052007000023
[36, 38, 6, 120] - 485.49883574000046
[38, 6, 90, 120] - 493.41527049000024
[6, 94, 97, 120] - 498.5462372000007
[36, 6, 97, 120] - 501.15736138000005
[6, 90, 97, 120] - 508.43730449000003
[36, 6, 94, 120] - 508.3018748499995
[6, 90, 94, 120] - 509.2497972600002
[36, 6, 90, 120] - 511.6031496199991
[88, 1, 6] - 440.88575599999945
[1, 79, 6] - 443.55670399999974
[1, 56, 6, 41] - 429.6651238300002
[1, 56, 6, 97] - 443.62672136000003
[1, 56, 6, 94] - 444.52153223999966
[1, 56, 36, 6] - 441.7318645100003
[1, 56, 6, 90] - 443.7373319099992
[1, 6, 71] - 557.4385739999994
[1, 67, 6, 97] - 432.5631969999996
[1, 67, 6, 94] - 435.1557965100001
[1, 67, 36, 6] - 436.7651057799998
[1, 67, 6, 90] - 454.5516225999998
[1, 6, 41, 97] - 479.6705721699997
[1, 6, 94, 41] - 486.8818199500002
[1, 36, 6, 41] - 485.95605953000114
[1, 6, 90, 41] - 502.1684520100002
[1, 38, 6] - 467.2651770000001
[1, 6, 94, 97] - 502.59749007000016
[1, 36, 6, 97] - 502.1205693399989
[1, 6, 90, 97] - 519.11022214
[1, 36, 6, 94] - 524.9902036800004
[1, 6, 90, 94] - 526.420128790001
[1, 36, 6, 90] - 525.916927410001
[88, 79, 6] - 548.6400000000003
[88, 56, 6] - 544.1578879999996
[88, 6, 71] - 440.950056
[88, 67, 6] - 492.57260999999994
[88, 6, 41] - 476.5607580000005
[88, 38, 6] - 451.81835599999994
[88, 6, 94, 97] - 500.67232143000035
[88, 36, 6, 97] - 505.27641181000104
[88, 6, 90, 97] - 504.5244052699997
[88, 36, 6, 94] - 522.235012110001
[88, 6, 90, 94] - 521.8987598799994
[88, 36, 6, 90] - 524.5048033699993
[56, 79, 6] - 535.8111880000002
[79, 6, 71] - 443.65873900000014
[67, 79, 6] - 491.82823199999984
[79, 6, 41] - 468.0141940000011
[79, 38, 6] - 450.9136960000002
[79, 6, 94, 97] - 500.00420662999886
[79, 36, 6, 97] - 503.7652917
[79, 6, 90, 97] - 503.4992754100003
[79, 36, 6, 94] - 522.6803508199996
[79, 6, 90, 94] - 522.7955043699998
[79, 36, 6, 90] - 525.6000808700002
[56, 24, 6] - 463.43352599999946
[56, 6, 71, 97] - 485.4301609100007
[56, 6, 71, 94] - 482.29990029000015
[56, 36, 6, 71] - 482.02173869000046
[56, 6, 90, 71] - 485.3747890300002
[56, 67, 6, 97] - 482.6260607900004
[56, 67, 6, 94] - 478.96528933999986
[56, 67, 36, 6] - 476.7730974800001
[56, 67, 6, 90] - 482.49338533000036
[56, 6, 41, 97] - 484.0380359800003
[56, 6, 94, 41] - 483.1354050499993
[56, 36, 6, 41] - 481.3856234299995
[56, 6, 90, 41] - 483.24298514999964
[56, 38, 6, 97] - 499.95033216
[56, 38, 6, 94] - 496.45341797000066
[56, 36, 38, 6] - 497.25451506000024
[56, 38, 6, 90] - 498.8225926899995
[56, 36, 6, 94, 97] - 511.6228157273
[56, 6, 90, 94, 97] - 513.5459217764002
[56, 36, 6, 90, 97] - 512.2053640976002
[56, 36, 6, 90, 94] - 509.0405218842997
[24, 6, 41] - 528.6767479999995
[24, 38, 6, 97] - 425.7199088000001
[24, 38, 6, 90] - 429.0044541700004
[24, 36, 6, 94, 97] - 436.30038662590067
[24, 6, 90, 94, 97] - 437.45307684970027
[24, 36, 6, 90, 97] - 436.0727122204999
[24, 36, 6, 90, 94] - 434.87904538780055
[67, 38, 6, 71] - 428.1188572599997
[67, 6, 71, 97] - 458.7897884499998
[67, 6, 71, 94] - 470.5978600799999
[67, 36, 6, 71] - 473.2744520200009
[67, 6, 90, 71] - 493.2893284600003
[6, 90, 71, 41] - 430.86501917000004
[38, 6, 71, 97] - 450.28479421000026
[38, 6, 71, 94] - 461.6465011200009
[36, 38, 6, 71] - 465.3670557399999
[38, 6, 90, 71] - 482.10418889
[6, 71, 94, 97] - 535.9555443499994
[36, 6, 71, 97] - 538.2203818999997
[6, 90, 71, 97] - 557.5471871500001
[36, 6, 90, 71, 94] - 427.85852176040015
[67, 6, 41, 97] - 425.0763897099997
[67, 6, 94, 41] - 440.8613620699999
[67, 36, 6, 41] - 440.28165372000035
[67, 6, 90, 41] - 459.9590358600005
[67, 38, 6, 97] - 492.45629778000034
[67, 38, 6, 94] - 502.70869689999995
[67, 36, 38, 6] - 506.75664208999854
[67, 38, 6, 90] - 524.219807029999
[67, 36, 6, 94, 97] - 429.9764947596004
[67, 6, 90, 94, 97] - 433.3808380189
[67, 36, 6, 90, 97] - 435.9208969694003
[67, 36, 6, 90, 94] - 454.9119927698009
[38, 6, 90, 41, 97] - 426.56990088530046
[36, 38, 6, 94, 41] - 440.8584979839998
[38, 6, 90, 94, 41] - 443.52421669599966
[36, 38, 6, 90, 41] - 442.9327895373997
[36, 6, 94, 41, 97] - 538.6126809546995
[6, 90, 94, 41, 97] - 539.6630584030993
[36, 6, 90, 41, 97] - 538.7499541230001
[36, 6, 90, 94, 41] - 564.5908625369013
[36, 38, 6, 90, 94, 97] - 447.13525439722764
[55, 23, 104] - 452.33640100000076
[88, 55, 23] - 492.11409699999984
[55, 23, 79] - 492.641297
[55, 23, 71] - 453.12960000000027
[55, 67, 23] - 535.6758949999994
[55, 23, 41] - 421.44422800000046
[55, 23, 38] - 530.4825310000001
[55, 23, 94] - 526.0709250000003
[55, 23, 36] - 538.5531889999999
[55, 23, 90] - 535.3836120000004
[23, 57, 104, 71, 31] - 434.55302299030035
[67, 23, 57, 104, 31] - 433.7451603350996
[23, 57, 104, 41, 31] - 437.11874729569996
[23, 57, 38, 104, 31] - 429.2374250438999
[23, 57, 104, 94, 31] - 433.58832909379964
[23, 57, 36, 104, 31] - 436.35148974910044
[23, 57, 104, 90, 31] - 434.4824763888999
[1, 23, 57, 31] - 548.6056115300003
[56, 23, 57, 31] - 542.3042010900001
[67, 23, 57, 71, 31] - 435.7007750437001
[23, 57, 71, 41, 31] - 437.97564515380066
[23, 57, 38, 71, 31] - 429.21607496809946
[23, 57, 71, 94, 31] - 435.47465759739924
[23, 57, 36, 71, 31] - 437.4689362205996
[23, 57, 90, 71, 31] - 435.69480461179955
[23, 67, 57, 41, 31] - 438.7402015435
[23, 67, 57, 38, 31] - 430.1216525152003
[23, 67, 57, 94, 31] - 434.70453576300076
[23, 67, 57, 36, 31] - 437.4820528869993
[23, 67, 57, 90, 31] - 435.2759377602
[23, 57, 38, 41, 31] - 434.3427974051009
[23, 57, 94, 41, 31] - 437.22927531329987
[23, 57, 36, 41, 31] - 439.8382208208998
[23, 57, 90, 41, 31] - 437.5089060068001
[23, 57, 38, 94, 31] - 428.88935455869984
[23, 57, 36, 38, 31] - 431.7208787735997
[23, 57, 38, 90, 31] - 428.9255436701005
[23, 57, 97, 31] - 545.8054303099991
[23, 57, 36, 94, 31] - 437.3896286418999
[23, 57, 90, 94, 31] - 434.9011879871001
[23, 57, 36, 90, 31] - 437.66345148150066
[23, 57, 5] - 455.7263340000001
[56, 23, 1, 57, 104] - 426.25180151650017
[23, 1, 57, 104, 71] - 437.9479789424009
[67, 23, 1, 57, 104] - 435.14480449290005
[23, 1, 57, 104, 97] - 427.2278336306002
[23, 1, 57, 104, 94] - 435.9247196800997
[23, 1, 57, 36, 104] - 439.8201370358995
[23, 1, 57, 104, 90] - 436.7906583425998
[23, 56, 57, 104, 71] - 468.7098645338994
[67, 23, 56, 57, 104] - 464.347227401
[23, 56, 57, 104, 41] - 480.1609147525998
[23, 56, 57, 38, 104] - 475.28842506279926
[23, 56, 57, 104, 97] - 498.5690949898002
[23, 56, 57, 104, 94] - 500.6427735545002
[23, 56, 57, 36, 104] - 501.5663448940993
[23, 56, 57, 104, 90] - 499.98075087799924
[67, 23, 57, 104, 71] - 478.49964349929996
[23, 57, 104, 71, 41] - 474.6452393929995
[23, 57, 38, 104, 71] - 467.9258684988998
[23, 57, 104, 71, 97] - 470.10251860290043
[23, 57, 104, 71, 94] - 495.73566471370003
[23, 57, 36, 104, 71] - 497.9877595507999
[23, 57, 104, 90, 71] - 496.8630123904991
[23, 67, 57, 104, 41] - 474.30129397770014
[23, 67, 57, 38, 104] - 467.3026980395997
[23, 67, 57, 104, 97] - 465.68450809319916
[23, 67, 57, 104, 94] - 492.2492969634001
[23, 67, 57, 36, 104] - 494.44429498649987
[23, 67, 57, 104, 90] - 493.78968198719997
[23, 57, 38, 104, 41] - 504.3711414466011
[23, 57, 104, 41, 97] - 479.8552542778998
[23, 57, 104, 94, 41] - 505.1401374962011
[23, 57, 36, 104, 41] - 507.6499562485998
[23, 57, 104, 90, 41] - 506.65447010410037
[23, 57, 104, 38, 97] - 474.98874852190033
[23, 57, 104, 38, 94] - 501.1342981125003
[23, 57, 36, 104, 38] - 503.13618072619954
[23, 57, 104, 38, 90] - 501.5239145844989
[23, 57, 104, 94, 97] - 500.75722081839956
[23, 57, 36, 104, 97] - 502.6835195977006
[23, 57, 104, 90, 97] - 500.9441018723987
[23, 57, 36, 104, 94] - 529.5452131197998
[23, 57, 104, 90, 94] - 528.5213699504
[23, 57, 36, 104, 90] - 530.5377666044
[23, 57, 120] - 501.22146500000014
[23, 1, 56, 57, 71] - 429.2006220452003
[67, 23, 1, 56, 57] - 427.3654996762005
[23, 1, 56, 57, 97] - 427.38555862689907
[23, 1, 56, 57, 94] - 428.26590689429923
[23, 1, 56, 57, 36] - 431.1306298804007
[23, 1, 56, 57, 90] - 427.22072059969986
[67, 23, 1, 57, 71] - 438.0927903361995
[23, 1, 57, 71, 97] - 430.5890984226003
[23, 1, 57, 71, 94] - 438.704414391701
[23, 1, 57, 36, 71] - 441.7320692074997
[23, 1, 57, 90, 71] - 438.84516186319996
[23, 1, 67, 57, 97] - 428.42097203010013
[23, 1, 67, 57, 94] - 436.1041076168007
[23, 1, 67, 57, 36] - 440.1600244810006
[23, 1, 67, 57, 90] - 436.26534250429967
[23, 1, 57, 41] - 556.0473625099997
[23, 1, 57, 38] - 547.4628206099994
[23, 1, 57, 94, 97] - 428.3156698119992
[23, 1, 57, 36, 97] - 432.0361905750003
[23, 1, 57, 90, 97] - 427.68258759160085
[23, 1, 57, 36, 94] - 441.3281242687999
[23, 1, 57, 90, 94] - 437.4471960803
[23, 1, 57, 36, 90] - 441.16693590199964
[88, 23, 57] - 455.30487000000034
[23, 79, 57] - 452.91580800000054
[67, 23, 56, 57, 71] - 450.8018843907998
[23, 56, 57, 71, 41] - 449.0496038440006
[23, 56, 57, 38, 71] - 441.90185867930006
[23, 56, 57, 71, 97] - 468.97949793060036
[23, 56, 57, 71, 94] - 469.46178099810066
[23, 56, 57, 36, 71] - 470.7200369598005
[23, 56, 57, 90, 71] - 468.17052197759995
[23, 56, 67, 57, 41] - 449.0258995831006
[23, 56, 67, 57, 38] - 442.1556334406008
[23, 56, 67, 57, 97] - 464.8529612378
[23, 56, 67, 57, 94] - 467.4191801816996
[23, 56, 67, 57, 36] - 468.08691943589895
[23, 56, 67, 57, 90] - 465.70519147290065
[23, 56, 57, 38, 41] - 479.4381643478001
[23, 56, 57, 41, 97] - 480.07752444109997
[23, 56, 57, 94, 41] - 481.50982545249985
[23, 56, 57, 36, 41] - 482.7721207134004
[23, 56, 57, 90, 41] - 480.2933192736993
[23, 56, 57, 38, 97] - 474.2280915087997
[23, 56, 57, 38, 94] - 476.64076032690036
[23, 56, 57, 36, 38] - 477.57539464310025
[23, 56, 57, 38, 90] - 474.7748225846998
[23, 56, 57, 94, 97] - 500.30622688429935
[23, 56, 57, 36, 97] - 501.55211899750003
[23, 56, 57, 90, 97] - 498.51161496820015
[23, 56, 57, 36, 94] - 504.5770358899009
[23, 56, 57, 90, 94] - 502.04948665059953
[23, 56, 57, 36, 90] - 502.45300848189993
[23, 67, 57, 71, 41] - 459.49038551709936
[23, 67, 57, 38, 71] - 451.0502294627996
[23, 67, 57, 71, 97] - 453.78623352390076
[23, 67, 57, 71, 94] - 479.19402427440104
[23, 67, 57, 36, 71] - 481.1759370283004
[23, 67, 57, 90, 71] - 479.89787728909965
[23, 57, 38, 71, 41] - 470.8201416454996
[23, 57, 71, 41, 97] - 449.0366024169003
[23, 57, 71, 94, 41] - 473.6749987710996
[23, 57, 36, 71, 41] - 476.3252805466006
[23, 57, 90, 71, 41] - 474.1598999882004
[23, 57, 38, 71, 97] - 441.5978589845002
[23, 57, 38, 71, 94] - 466.5137586367004
[23, 57, 36, 38, 71] - 468.8944708476
[23, 57, 38, 90, 71] - 466.30844498560003
[23, 57, 71, 94, 97] - 470.3494500039007
[23, 57, 36, 71, 97] - 472.2750203956995
[23, 57, 90, 71, 97] - 469.84228529629985
[23, 57, 36, 71, 94] - 498.4033355988002
[23, 57, 90, 71, 94] - 496.5216852637998
[23, 57, 36, 90, 71] - 498.8053769517998
[23, 67, 57, 38, 41] - 473.0326791897994
[23, 67, 57, 41, 97] - 448.8183724023997
[23, 67, 57, 94, 41] - 474.75781538670026
[23, 67, 57, 36, 41] - 477.08525873410025
[23, 67, 57, 90, 41] - 475.7063490719994
[23, 67, 57, 38, 97] - 441.8163665476003
[23, 67, 57, 38, 94] - 467.44398181609955
[23, 67, 57, 36, 38] - 469.51246183680064
[23, 67, 57, 38, 90] - 467.9782180852992
[23, 67, 57, 94, 97] - 467.78637118360047
[23, 67, 57, 36, 97] - 469.5854512573017
[23, 67, 57, 90, 97] - 467.12862218500004
[23, 67, 57, 36, 94] - 496.5245038429989
[23, 67, 57, 90, 94] - 495.46655558699916
[23, 67, 57, 36, 90] - 497.1567360518996
[23, 57, 38, 41, 97] - 479.0435719337002
[23, 57, 38, 94, 41] - 503.4854283979998
[23, 57, 36, 38, 41] - 506.1538179401005
[23, 57, 38, 90, 41] - 504.09957876930025
[23, 57, 94, 41, 97] - 480.6122103139999
[23, 57, 36, 41, 97] - 483.05694185930025
[23, 57, 90, 41, 97] - 480.2869362057003
[23, 57, 36, 94, 41] - 508.2466511845005
[23, 57, 90, 94, 41] - 506.55368415399965
[23, 57, 36, 90, 41] - 508.9783935900003
[23, 57, 38, 94, 97] - 475.33391938419965
[23, 57, 36, 38, 97] - 477.31958523400004
[23, 57, 38, 90, 97] - 474.21921884720035
[23, 57, 36, 38, 94] - 503.4168879858005
[23, 57, 38, 90, 94] - 501.0989876173005
[23, 57, 36, 38, 90] - 503.27305506800053
[23, 57, 36, 94, 97] - 504.91728794509936
[23, 57, 90, 94, 97] - 502.6096180534001
[23, 57, 36, 90, 97] - 503.8931302718996
[23, 57, 36, 90, 94] - 532.2076000775993
[1, 23, 104, 31] - 549.5523137900001
[56, 23, 104, 31] - 542.7491998499996
[67, 23, 104, 71, 31] - 437.03257926440034
[23, 104, 71, 41, 31] - 439.77804148290016
[23, 38, 104, 71, 31] - 432.7070910908002
[23, 104, 71, 94, 31] - 436.4468297658001
[23, 36, 104, 71, 31] - 440.06599049860097
[23, 104, 90, 71, 31] - 438.6326361351
[23, 67, 104, 41, 31] - 439.33829975569967
[23, 67, 38, 104, 31] - 432.48442640420063
[23, 67, 104, 94, 31] - 434.3476847167001
[23, 67, 36, 104, 31] - 438.7277184875004
[23, 67, 104, 90, 31] - 437.1775311346997
[23, 38, 104, 41, 31] - 436.41160670250053
[23, 104, 94, 41, 31] - 437.0643955718994
[23, 36, 104, 41, 31] - 441.41136576930074
[23, 104, 90, 41, 31] - 439.6204138918005
[23, 104, 38, 94, 31] - 430.49384705460034
[23, 36, 104, 38, 31] - 434.8388383272
[23, 104, 38, 90, 31] - 432.83470484089924
[23, 104, 97, 31] - 546.5781607900005
[23, 36, 104, 94, 31] - 438.07098510640066
[23, 104, 90, 94, 31] - 436.10817925060024
[23, 36, 104, 90, 31] - 440.55418836610033
[56, 23, 1, 31] - 537.4405363700002
[67, 23, 1, 71, 31] - 459.9084502777999
[23, 1, 71, 41, 31] - 463.90100667139956
[23, 1, 38, 71, 31] - 455.9850214751996
[23, 1, 71, 94, 31] - 457.6154575206006
[23, 1, 36, 71, 31] - 463.39356130649986
[23, 1, 90, 71, 31] - 460.23550740210015
[23, 1, 67, 41, 31] - 464.6822775119004
[23, 1, 67, 38, 31] - 457.4392112597999
[23, 1, 67, 94, 31] - 457.4316100148013
[23, 1, 67, 36, 31] - 464.04959425389967
[23, 1, 67, 90, 31] - 460.3343942923001
[23, 1, 38, 41, 31] - 461.0548118342002
[23, 1, 94, 41, 31] - 461.6647976570996
[23, 1, 36, 41, 31] - 468.0169870395993
[23, 1, 90, 41, 31] - 464.26228936339913
[23, 1, 38, 94, 31] - 454.15453400659914
[23, 1, 36, 38, 31] - 460.6243261713
[23, 1, 38, 90, 31] - 456.83483607299934
[23, 1, 97, 31] - 538.8091471900001
[23, 1, 36, 94, 31] - 462.0089501801002
[23, 1, 90, 94, 31] - 458.2593478711996
[23, 1, 36, 90, 31] - 464.7970076430001
[23, 56, 71, 31] - 544.6725249200003
[67, 23, 56, 31] - 543.3944830899994
[23, 56, 41, 31] - 549.53203923
[23, 56, 38, 31] - 540.2195025699998
[23, 56, 97, 31] - 541.3950528799993
[23, 56, 94, 31] - 543.3564341399999
[23, 56, 36, 31] - 546.9502319299997
[23, 56, 90, 31] - 543.4106802399994
[23, 67, 71, 41, 31] - 484.6261284478009
[23, 67, 38, 71, 31] - 476.3317043316003
[23, 67, 71, 94, 31] - 478.9667392238
[23, 67, 36, 71, 31] - 484.2549889031007
[23, 67, 90, 71, 31] - 481.7450935118997
[23, 38, 71, 41, 31] - 479.79986444320014
[23, 71, 94, 41, 31] - 481.24453870099984
[23, 36, 71, 41, 31] - 486.56935065630034
[23, 90, 71, 41, 31] - 483.6521022411998
[23, 38, 71, 94, 31] - 472.91421820669945
[23, 36, 38, 71, 31] - 478.10815120759963
[23, 38, 90, 71, 31] - 475.3114613573
[23, 71, 97, 31] - 549.1556041300004
[23, 36, 71, 94, 31] - 481.9220505231999
[23, 90, 71, 94, 31] - 479.2365702760998
[23, 36, 90, 71, 31] - 484.6670436033996
[23, 67, 38, 41, 31] - 482.4805722715999
[23, 67, 94, 41, 31] - 482.3071433766995
[23, 67, 36, 41, 31] - 488.24251349010035
[23, 67, 90, 41, 31] - 485.10390783089895
[23, 67, 38, 94, 31] - 474.2177058090007
[23, 67, 36, 38, 31] - 480.06893958260065
[23, 67, 38, 90, 31] - 477.0565219072004
[23, 67, 97, 31] - 547.50497637
[23, 67, 36, 94, 31] - 482.31845074270035
[23, 67, 90, 94, 31] - 479.54903239709927
[23, 67, 36, 90, 31] - 485.3750043487001
[23, 38, 94, 41, 31] - 477.89421782169984
[23, 36, 38, 41, 31] - 483.6912147320994
[23, 38, 90, 41, 31] - 480.29868548309906
[23, 41, 97, 31] - 550.64689034
[23, 36, 94, 41, 31] - 484.60169668630107
[23, 90, 94, 41, 31] - 481.4718067364996
[23, 36, 90, 41, 31] - 487.18156856150034
[23, 38, 97, 31] - 541.1591214800002
[23, 36, 38, 94, 31] - 476.5509378459012
[23, 38, 90, 94, 31] - 473.27929187270036
[23, 36, 38, 90, 31] - 479.2860777007003
[23, 94, 31, 97] - 546.2767445300004
[23, 36, 31, 97] - 550.5330370099999
[23, 90, 31, 97] - 547.2823562400004
[23, 36, 90, 94, 31] - 482.8709360437004
[23, 5, 104, 71] - 442.07315470000003
[67, 23, 5, 104] - 471.5917801600001
[23, 5, 104, 41] - 443.00307100000015
[23, 38, 5, 104] - 486.8940737400005
[23, 5, 104, 97] - 483.93467273000016
[23, 5, 104, 94] - 494.07880711000024
[23, 36, 5, 104] - 499.4967180900007
[23, 5, 104, 90] - 495.8983592400002
[67, 23, 1, 5] - 428.1670506800008
[23, 1, 5, 94] - 426.7203618600005
[23, 1, 36, 5] - 435.9873946500001
[23, 1, 5, 90] - 430.06416964999994
[88, 23, 5] - 427.55334
[23, 79, 5] - 424.44620699999984
[56, 23, 5] - 449.147277
[67, 23, 5, 71] - 449.20564154
[23, 38, 5, 71] - 448.74170757999985
[23, 5, 71, 97] - 433.8486094899994
[23, 5, 71, 94] - 458.70903378000037
[23, 36, 5, 71] - 465.93590600999954
[23, 5, 90, 71] - 461.86727522
[23, 67, 5, 41] - 439.8607938999996
[23, 67, 38, 5] - 481.6975170399996
[23, 67, 5, 97] - 460.49297631000024
[23, 67, 5, 94] - 489.35708475999894
[23, 67, 36, 5] - 496.12948743999976
[23, 67, 5, 90] - 491.4342815800001
[23, 38, 5, 41] - 466.6403359800001
[23, 5, 41, 97] - 431.7168395099986
[23, 5, 94, 41] - 460.4729724200005
[23, 36, 5, 41] - 466.7295057600003
[23, 5, 90, 41] - 462.0943870600003
[23, 5, 38, 97] - 474.54387974000065
[23, 5, 38, 94] - 503.4626920599997
[23, 36, 5, 38] - 509.7934381200001
[23, 5, 38, 90] - 505.16673481999914
[23, 5, 94, 97] - 483.9052449099999
[23, 36, 5, 97] - 488.83600616999996
[23, 5, 90, 97] - 483.88075615999975
[23, 36, 5, 94] - 518.4241785199996
[23, 5, 90, 94] - 514.2594319899999
[23, 36, 5, 90] - 520.3014210899995
[23, 36, 104, 120] - 421.52491945000077
[88, 23, 1, 104] - 447.2473548300003
[23, 1, 79, 104] - 443.21729298999935
[23, 1, 56, 104, 71] - 429.8304596013002
[67, 23, 1, 56, 104] - 426.6518525104
[23, 1, 56, 104, 97] - 426.9882706073002
[23, 1, 56, 104, 94] - 426.7867085441999
[23, 1, 56, 36, 104] - 431.5197902141996
[23, 1, 56, 104, 90] - 428.0041264397998
[23, 1, 67, 36, 104, 71] - 424.66421300092276
[23, 1, 67, 104, 90, 71] - 421.82956960432
[23, 1, 104, 71, 41] - 541.7650540401996
[23, 1, 38, 104, 71] - 537.1150783067998
[23, 1, 104, 71, 97] - 551.1158210760997
[23, 1, 36, 104, 71, 94] - 425.03714365767564
[23, 1, 104, 90, 71, 94] - 421.63374760706444
[23, 1, 36, 104, 90, 71] - 427.44024830640797
[23, 1, 67, 38, 104, 41] - 440.55255984738267
[23, 1, 67, 104, 41, 97] - 432.4485684142903
[23, 1, 67, 104, 94, 41] - 438.00091268436694
[23, 1, 67, 36, 104, 41] - 444.23433261853387
[23, 1, 67, 104, 90, 41] - 440.88086516707847
[23, 1, 67, 104, 38, 97] - 429.8229615756437
[23, 1, 67, 104, 38, 94] - 436.1211537787022
[23, 1, 67, 36, 104, 38] - 442.343760454678
[23, 1, 67, 104, 38, 90] - 438.46732885285945
[23, 1, 67, 104, 94, 97] - 444.90621227402045
[23, 1, 67, 36, 104, 97] - 451.1487001082342
[23, 1, 67, 104, 90, 97] - 447.5105913131701
[23, 1, 67, 36, 104, 94] - 457.7516277423885
[23, 1, 67, 104, 90, 94] - 453.5340306382401
[23, 1, 67, 36, 104, 90] - 460.3190576095924
[23, 1, 104, 38, 41, 97] - 430.9295501169623
[23, 1, 104, 38, 94, 41] - 437.195767439599
[23, 1, 36, 104, 38, 41] - 443.5396378446121
[23, 1, 104, 38, 90, 41] - 439.6908877996537
[23, 1, 104, 94, 41, 97] - 429.5918870262486
[23, 1, 36, 104, 41, 97] - 435.54519655261606
[23, 1, 104, 90, 41, 97] - 431.97701086672777
[23, 1, 36, 104, 94, 41] - 442.0990884754853
[23, 1, 104, 90, 94, 41] - 438.02665921970026
[23, 1, 36, 104, 90, 41] - 444.7534371416471
[23, 1, 104, 38, 94, 97] - 427.00016014763565
[23, 1, 36, 104, 38, 97] - 432.9077774487665
[23, 1, 104, 38, 90, 97] - 428.8085703396475
[23, 1, 36, 104, 38, 94] - 440.4921436833857
[23, 1, 104, 38, 90, 94] - 435.78457027716667
[23, 1, 36, 104, 38, 90] - 442.7672257744376
[23, 1, 36, 104, 94, 97] - 450.05290260480643
[23, 1, 104, 90, 94, 97] - 445.89095383559635
[23, 1, 36, 104, 90, 97] - 452.19079960748485
[23, 1, 36, 104, 90, 94] - 459.6890797432093
[88, 23, 79, 104] - 524.1120626000003
[88, 23, 104, 71] - 539.7773914799991
[88, 23, 67, 38, 104] - 422.7238474495001
[88, 23, 67, 104, 94] - 442.8271157028002
[88, 23, 67, 36, 104] - 450.52645817680013
[88, 23, 67, 104, 90] - 446.2990345013005
[88, 23, 104, 41] - 531.3698457699991
[88, 23, 104, 38, 97] - 431.0920129499003
[88, 23, 104, 38, 94] - 455.7909652962996
[88, 23, 36, 104, 38] - 462.7364953075008
[88, 23, 104, 38, 90] - 457.37293451919993
[88, 23, 104, 94, 97] - 453.0397437532999
[88, 23, 36, 104, 97] - 460.84819335749995
[88, 23, 104, 90, 97] - 455.2787848644995
[88, 23, 36, 104, 94] - 485.64756078100027
[88, 23, 104, 90, 94] - 479.7410664756002
[88, 23, 36, 104, 90] - 487.57554266639926
[23, 79, 104, 71] - 540.6125689099987
[23, 67, 79, 38, 104] - 425.2748128828005
[23, 67, 79, 104, 94] - 444.63773351899977
[23, 67, 79, 36, 104] - 447.4575391538002
[23, 67, 79, 104, 90] - 449.58474344060005
[23, 79, 104, 41] - 530.2518101299994
[23, 79, 104, 38, 97] - 431.4332778973999
[23, 79, 104, 38, 94] - 459.3708822636
[23, 79, 36, 104, 38] - 462.8929625345
[23, 79, 104, 38, 90] - 463.24877581009986
[23, 79, 104, 94, 97] - 452.7538119119994
[23, 79, 36, 104, 97] - 455.89543770229955
[23, 79, 104, 90, 97] - 456.93345785399947
[23, 79, 36, 104, 94] - 483.71914799909973
[23, 79, 104, 90, 94] - 484.0889157071
[23, 79, 36, 104, 90] - 488.84495196100033
[67, 23, 56, 104, 71] - 451.4077980623999
[23, 56, 104, 71, 41] - 450.56594312359954
[23, 56, 38, 104, 71] - 444.6306287664995
[23, 56, 104, 71, 97] - 470.11384390769956
[23, 56, 104, 71, 94] - 469.64673762639995
[23, 56, 36, 104, 71] - 472.9581735547998
[23, 56, 104, 90, 71] - 470.65141494410017
[23, 56, 67, 104, 41] - 448.99921109759975
[23, 56, 67, 38, 104] - 443.46181803209976
[23, 56, 67, 104, 97] - 464.5278472911997
[23, 56, 67, 104, 94] - 465.7649278236006
[23, 56, 67, 36, 104] - 468.4139821450007
[23, 56, 67, 104, 90] - 466.57836515760033
[23, 56, 38, 104, 41] - 481.0236569900006
[23, 56, 104, 41, 97] - 480.802634220399
[23, 56, 104, 94, 41] - 481.13921351780067
[23, 56, 36, 104, 41] - 484.4128860088999
[23, 56, 104, 90, 41] - 482.45529133249966
[23, 56, 104, 38, 97] - 476.19189568579907
[23, 56, 104, 38, 94] - 477.62485931390006
[23, 56, 36, 104, 38] - 480.3280273500001
[23, 56, 104, 38, 90] - 478.2433380300999
[23, 56, 104, 94, 97] - 499.9755597772993
[23, 56, 36, 104, 97] - 503.0607124238995
[23, 56, 104, 90, 97] - 500.7073199034985
[23, 56, 36, 104, 94] - 505.02365287069966
[23, 56, 104, 90, 94] - 502.8645565554999
[23, 56, 36, 104, 90] - 505.52973241949945
[23, 67, 38, 104, 71, 41] - 436.89041800678893
[23, 67, 104, 71, 94, 41] - 435.1994619706051
[23, 67, 36, 104, 71, 41] - 439.7283234404563
[23, 67, 104, 90, 71, 41] - 438.8765738042319
[23, 67, 104, 38, 71, 97] - 459.08097501395997
[23, 67, 104, 38, 71, 94] - 477.1915675759824
[23, 67, 36, 104, 38, 71] - 482.9556514165808
[23, 67, 104, 38, 90, 71] - 481.15275595653435
[23, 67, 104, 71, 94, 97] - 473.4321506432326
[23, 67, 36, 104, 71, 97] - 478.9705503223821
[23, 67, 104, 90, 71, 97] - 477.1390456933632
[23, 67, 36, 104, 71, 94] - 498.4557538069916
[23, 67, 104, 90, 71, 94] - 495.95916118742815
[23, 67, 36, 104, 90, 71] - 502.49922934631826
[23, 104, 38, 71, 41, 97] - 427.4027569628092
[23, 104, 38, 71, 94, 41] - 445.9104111390558
[23, 36, 104, 38, 71, 41] - 450.8614415245569
[23, 104, 38, 90, 71, 41] - 449.20083349109944
[23, 104, 71, 94, 41, 97] - 426.5157522334347
[23, 36, 104, 71, 41, 97] - 430.8891271469295
[23, 104, 90, 71, 41, 97] - 429.0565337767716
[23, 36, 104, 71, 94, 41] - 450.26746100317905
[23, 104, 90, 71, 94, 41] - 448.1350323953631
[23, 36, 104, 90, 71, 41] - 453.6213184695478
[23, 104, 38, 71, 94, 97] - 467.62460127155305
[23, 36, 104, 38, 71, 97] - 473.1576557200841
[23, 104, 38, 90, 71, 97] - 470.59372315688654
[23, 36, 104, 38, 71, 94] - 492.7567977875546
[23, 104, 38, 90, 71, 94] - 489.25084477808616
[23, 36, 104, 38, 90, 71] - 496.21547967745084
[23, 36, 104, 71, 94, 97] - 490.1288155019689
[23, 104, 90, 71, 94, 97] - 487.1915312046757
[23, 36, 104, 90, 71, 97] - 493.34036255228034
[23, 36, 104, 90, 71, 94] - 513.4206687493111
[23, 67, 104, 38, 41, 97] - 460.70423687813815
[23, 67, 104, 38, 94, 41] - 480.29826968029516
[23, 67, 36, 104, 38, 41] - 484.83113131340195
[23, 67, 104, 38, 90, 41] - 483.42682786049073
[23, 67, 104, 94, 41, 97] - 458.70033263559344
[23, 67, 36, 104, 41, 97] - 462.91295716124887
[23, 67, 104, 90, 41, 97] - 461.39369037213584
[23, 67, 36, 104, 94, 41] - 482.8914681102468
[23, 67, 104, 90, 94, 41] - 481.52525996667634
[23, 67, 36, 104, 90, 41] - 486.41080484178616
[23, 67, 104, 38, 94, 97] - 501.72841157931896
[23, 67, 36, 104, 38, 97] - 507.3718543268168
[23, 67, 104, 38, 90, 97] - 505.0653048701128
[23, 67, 36, 104, 38, 94] - 527.0981278199653
[23, 67, 104, 38, 90, 94] - 524.2133958928669
[23, 67, 36, 104, 38, 90] - 530.972829255004
[23, 67, 36, 104, 94, 97] - 521.5270522784599
[23, 67, 104, 90, 94, 97] - 518.9363465060419
[23, 67, 36, 104, 90, 97] - 525.3603351370331
[23, 67, 36, 104, 90, 94] - 545.4433805963845
[23, 104, 38, 94, 41, 97] - 483.0502927269761
[23, 36, 104, 38, 41, 97] - 487.46474659505947
[23, 104, 38, 90, 41, 97] - 485.40086297602824
[23, 36, 104, 38, 94, 41] - 506.8902410175667
[23, 104, 38, 90, 94, 41] - 504.6272120849756
[23, 36, 104, 38, 90, 41] - 509.962405050264
[23, 36, 104, 94, 41, 97] - 486.5512812100746
[23, 104, 90, 94, 41, 97] - 484.3808044922022
[23, 36, 104, 90, 41, 97] - 489.3102234743099
[23, 36, 104, 90, 94, 41] - 508.85791217334537
[23, 36, 104, 38, 94, 97] - 530.7820345033347
[23, 104, 38, 90, 94, 97] - 527.3740054452367
[23, 36, 104, 38, 90, 97] - 533.7221294785871
[23, 36, 104, 38, 90, 94] - 553.3925952868325
[23, 36, 104, 90, 94, 97] - 549.8341459040752
[56, 23, 120] - 463.6468349999994
[23, 71, 120] - 527.4031140000002
[67, 23, 120] - 528.6675159999993
[23, 41, 120] - 465.3635669999994
[23, 38, 120] - 512.6612160000004
[23, 97, 120] - 514.3781060000003
[23, 94, 120] - 553.7103699999997
[23, 36, 90, 120] - 421.29116896999994
[88, 67, 23, 1] - 475.5968915900006
[88, 23, 1, 41] - 447.35695956000006
[88, 23, 1, 38] - 443.9388121699996
[88, 23, 1, 97] - 435.64866503999957
[88, 23, 1, 94] - 475.6383619299993
[88, 23, 1, 36] - 485.01113370000087
[88, 23, 1, 90] - 475.192448509999
[67, 23, 1, 79] - 474.64720859000045
[23, 1, 79, 41] - 445.9609224700001
[23, 1, 79, 38] - 446.1166268900005
[23, 1, 79, 97] - 431.9336492299994
[23, 1, 79, 94] - 475.8423671499994
[23, 1, 79, 36] - 481.45496405000006
[23, 1, 79, 90] - 479.3958711800004
[67, 23, 1, 56, 71] - 429.09721784
[23, 1, 56, 71, 97] - 429.9970114865001
[23, 1, 56, 71, 94] - 429.3924757240998
[23, 1, 56, 36, 71] - 433.20231025579966
[23, 1, 56, 90, 71] - 429.58434594189976
[23, 1, 56, 67, 97] - 427.15679765850024
[23, 1, 56, 67, 94] - 426.43852885760106
[23, 1, 56, 67, 36] - 431.07940891789997
[23, 1, 56, 67, 90] - 426.5508441047994
[23, 1, 56, 41] - 543.3336504899997
[23, 1, 56, 38] - 535.5737505099996
[23, 1, 56, 94, 97] - 426.4786558417006
[23, 1, 56, 36, 97] - 430.9484305738992
[23, 1, 56, 90, 97] - 426.5064839381996
[23, 1, 56, 36, 94] - 431.7778122227005
[23, 1, 56, 90, 94] - 427.2983506097995
[23, 1, 56, 36, 90] - 431.5821249030995
[23, 1, 67, 38, 71, 41] - 440.1315597335286
[23, 1, 67, 71, 94, 41] - 437.74940576723003
[23, 1, 67, 36, 71, 41] - 445.15333279112946
[23, 1, 67, 90, 71, 41] - 440.9248629218495
[23, 1, 67, 38, 71, 94] - 434.10590675900755
[23, 1, 67, 36, 38, 71] - 441.4434236304844
[23, 1, 67, 38, 90, 71] - 437.0834861937283
[23, 1, 67, 71, 97] - 550.7548360439006
[23, 1, 67, 36, 71, 94] - 457.02544680196405
[23, 1, 67, 90, 71, 94] - 452.30868067683315
[23, 1, 67, 36, 90, 71] - 459.9699525709356
[23, 1, 38, 71, 94, 41] - 436.35249434317245
[23, 1, 36, 38, 71, 41] - 443.8548415896457
[23, 1, 38, 90, 71, 41] - 439.48910635290173
[23, 1, 71, 41, 97] - 530.6817341036011
[23, 1, 36, 71, 94, 41] - 442.73648647456224
[23, 1, 90, 71, 94, 41] - 437.9990670612866
[23, 1, 36, 90, 71, 41] - 445.78120311527954
[23, 1, 38, 71, 97] - 525.8094313103005
[23, 1, 36, 38, 71, 94] - 438.6332281991056
[23, 1, 38, 90, 71, 94] - 433.62363124711794
[23, 1, 36, 38, 90, 71] - 441.59228832629924
[23, 1, 71, 94, 97] - 549.7545324143002
[23, 1, 36, 71, 97] - 556.3967744903993
[23, 1, 90, 71, 97] - 551.7510407624001
[23, 1, 36, 90, 71, 94] - 458.78664188270847
[23, 1, 67, 38, 41, 97] - 431.42536454667845
[23, 1, 67, 38, 94, 41] - 471.2345884104541
[23, 1, 67, 36, 38, 41] - 479.42288168287394
[23, 1, 67, 38, 90, 41] - 474.0452414052324
[23, 1, 67, 94, 41, 97] - 429.6572103264424
[23, 1, 67, 36, 41, 97] - 435.93425833929433
[23, 1, 67, 90, 41, 97] - 431.7324914202299
[23, 1, 67, 36, 94, 41] - 476.96110092158017
[23, 1, 67, 90, 94, 41] - 471.4903892258156
[23, 1, 67, 36, 90, 41] - 479.88582259408696
[23, 1, 67, 38, 94, 97] - 427.52594594730755
[23, 1, 67, 36, 38, 97] - 433.8325532033774
[23, 1, 67, 38, 90, 97] - 429.2219024495151
[23, 1, 67, 36, 38, 94] - 474.6723511459151
[23, 1, 67, 38, 90, 94] - 468.7521566326564
[23, 1, 67, 36, 38, 90] - 477.49997772614154
[23, 1, 67, 36, 94, 97] - 449.7770513199062
[23, 1, 67, 90, 94, 97] - 444.944769950644
[23, 1, 67, 36, 90, 97] - 451.4358309762012
[23, 1, 67, 36, 90, 94] - 492.3943065079098
[23, 1, 38, 94, 41, 97] - 427.9836374161454
[23, 1, 36, 38, 41, 97] - 434.3826481869123
[23, 1, 38, 90, 41, 97] - 429.65834568409656
[23, 1, 36, 38, 94, 41] - 475.39348184752885
[23, 1, 38, 90, 94, 41] - 469.58397211746546
[23, 1, 36, 38, 90, 41] - 478.16530181942926
[23, 1, 36, 94, 41, 97] - 433.863060217734
[23, 1, 90, 94, 41, 97] - 429.0529407535434
[23, 1, 36, 90, 41, 97] - 435.43674219058215
[23, 1, 36, 90, 94, 41] - 476.56606351025425
[23, 1, 36, 38, 94, 97] - 431.67157678834656
[23, 1, 38, 90, 94, 97] - 426.2930395982761
[23, 1, 36, 38, 90, 97] - 432.9061817118384
[23, 1, 36, 38, 90, 94] - 474.0687227617627
[23, 1, 36, 90, 94, 97] - 450.65792455134624
[88, 23, 79, 71] - 436.71126586999964
[88, 67, 23, 79] - 490.77147099000007
[88, 23, 79, 41] - 427.3675025299996
[88, 23, 79, 38] - 507.1256376799999
[88, 23, 79, 97] - 485.7451499199996
[88, 23, 79, 94] - 536.5781360200007
[88, 23, 79, 36] - 543.3669041200004
[88, 23, 79, 90] - 540.9617745400001
[88, 67, 23, 71] - 544.3439658700001
[88, 23, 71, 41] - 458.0452773900007
[88, 23, 38, 71] - 533.4424831199984
[88, 23, 71, 97] - 503.32518093000044
[88, 23, 36, 71, 94] - 429.72158081509946
[88, 23, 90, 71, 94] - 423.0888032254
[88, 23, 36, 90, 71] - 431.3332564333013
[88, 23, 67, 41] - 516.0034300100002
[88, 23, 67, 38, 94] - 441.3497441978995
[88, 23, 67, 36, 38] - 449.50836921990043
[88, 23, 67, 38, 90] - 444.30894659750044
[88, 23, 67, 36, 97] - 423.2007206340003
[88, 23, 67, 36, 94] - 471.0962318795003
[88, 23, 67, 90, 94] - 465.356559011
[88, 23, 67, 36, 90] - 474.0679578873996
[88, 23, 36, 38, 41] - 422.6516574253998
[88, 23, 41, 97] - 494.7165273699999
[88, 23, 36, 94, 41] - 424.937408195699
[88, 23, 36, 90, 41] - 424.75071315449975
[88, 23, 38, 94, 97] - 428.2110195096999
[88, 23, 36, 38, 97] - 435.7256061535002
[88, 23, 38, 90, 97] - 429.53735467199965
[88, 23, 36, 38, 94] - 482.2072382467999
[88, 23, 38, 90, 94] - 475.1516078164994
[88, 23, 36, 38, 90] - 483.31890642800033
[88, 23, 36, 94, 97] - 459.3982747785004
[88, 23, 90, 94, 97] - 452.548607393
[88, 23, 36, 90, 97] - 460.7397879449999
[88, 23, 36, 90, 94] - 507.40385098019993
[67, 23, 79, 71] - 546.3350024399995
[23, 79, 71, 41] - 460.4137763600008
[23, 79, 38, 71] - 539.7646697099992
[23, 79, 71, 97] - 502.9417843199992
[23, 79, 36, 71, 94] - 429.5308281243998
[23, 79, 90, 71, 94] - 429.30657122810027
[23, 79, 36, 90, 71] - 434.64022814070006
[23, 67, 79, 41] - 515.6756943599996
[23, 67, 79, 38, 94] - 446.3094162356009
[23, 67, 79, 36, 38] - 450.16090236589935
[23, 67, 79, 38, 90] - 451.1301801223002
[23, 67, 79, 97] - 556.2479551200005
[23, 67, 79, 36, 94] - 470.5107800011987
[23, 67, 79, 90, 94] - 471.2186403088
[23, 67, 79, 36, 90] - 476.32293690050017
[23, 79, 38, 94, 41] - 421.1014058672003
[23, 79, 36, 38, 41] - 423.67946805770083
[23, 79, 38, 90, 41] - 423.94597280179977
[23, 79, 41, 97] - 492.3482164600002
[23, 79, 36, 94, 41] - 422.59845093119947
[23, 79, 90, 94, 41] - 422.9253194239006
[23, 79, 36, 90, 41] - 426.54243942540063
[23, 79, 38, 94, 97] - 431.1925920192999
[23, 79, 36, 38, 97] - 434.55417479749906
[23, 79, 38, 90, 97] - 434.5317380203
[23, 79, 36, 38, 94] - 484.8689014374996
[23, 79, 38, 90, 94] - 483.6493397159999
[23, 79, 36, 38, 90] - 489.83076761529935
[23, 79, 36, 94, 97] - 457.1695084261001
[23, 79, 90, 94, 97] - 456.97883133030103
[23, 79, 36, 90, 97] - 461.3781741209004
[23, 79, 36, 90, 94] - 511.4180766473993
[23, 56, 67, 71, 41] - 432.8685294008
[23, 56, 67, 38, 71] - 426.39719025739987
[23, 56, 67, 71, 97] - 451.15771026199945
[23, 56, 67, 71, 94] - 451.0448693797995
[23, 56, 67, 36, 71] - 453.44700011619994
[23, 56, 67, 90, 71] - 450.6394074909004
[23, 56, 38, 71, 41] - 447.01535529000057
[23, 56, 71, 41, 97] - 449.1782706744001
[23, 56, 71, 94, 41] - 448.65617264790023
[23, 56, 36, 71, 41] - 452.0944724891998
[23, 56, 90, 71, 41] - 448.5694970002005
[23, 56, 38, 71, 97] - 442.3924529869997
[23, 56, 38, 71, 94] - 442.5579145546005
[23, 56, 36, 38, 71] - 445.6977003307996
[23, 56, 38, 90, 71] - 442.24556969720055
[23, 56, 71, 94, 97] - 468.37989569159976
[23, 56, 36, 71, 97] - 471.4414061997991
[23, 56, 90, 71, 97] - 467.9600654761005
[23, 56, 36, 71, 94] - 472.34454261190007
[23, 56, 90, 71, 94] - 468.87763836529996
[23, 56, 36, 90, 71] - 471.82173289099967
[23, 56, 67, 38, 41] - 448.3085971168002
[23, 56, 67, 41, 97] - 447.7402911881995
[23, 56, 67, 94, 41] - 448.68962466190015
[23, 56, 67, 36, 41] - 451.38451651870014
[23, 56, 67, 90, 41] - 448.5268356605009
[23, 56, 67, 38, 97] - 441.489190783901
[23, 56, 67, 38, 94] - 443.1565575754004
[23, 56, 67, 36, 38] - 445.4677670172996
[23, 56, 67, 38, 90] - 442.92225041720104
[23, 56, 67, 94, 97] - 464.6290265077993
[23, 56, 67, 36, 97] - 467.3024293280002
[23, 56, 67, 90, 97] - 463.99734433130067
[23, 56, 67, 36, 94] - 469.54053521680027
[23, 56, 67, 90, 94] - 466.89638236239944
[23, 56, 67, 36, 90] - 468.7190225987002
[23, 56, 38, 41, 97] - 478.9324268028995
[23, 56, 38, 94, 41] - 479.3996567819003
[23, 56, 36, 38, 41] - 482.9369215026985
[23, 56, 38, 90, 41] - 479.6387677850999
[23, 56, 94, 41, 97] - 479.6026972215996
[23, 56, 36, 41, 97] - 483.22671585009874
[23, 56, 90, 41, 97] - 479.6957317106999
[23, 56, 36, 94, 41] - 484.3896992913996
[23, 56, 90, 94, 41] - 481.2233037257989
[23, 56, 36, 90, 41] - 484.2562969131993
[23, 56, 38, 94, 97] - 474.84337462029947
[23, 56, 36, 38, 97] - 477.8082528155999
[23, 56, 38, 90, 97] - 474.2988522855006
[23, 56, 36, 38, 94] - 480.2999880567006
[23, 56, 38, 90, 94] - 477.08476610549957
[23, 56, 36, 38, 90] - 479.73758165369964
[23, 56, 36, 94, 97] - 503.18658441869906
[23, 56, 90, 94, 97] - 499.8674130546994
[23, 56, 36, 90, 97] - 502.2806340089001
[23, 56, 36, 90, 94] - 505.938264914599
[23, 67, 38, 71, 94, 41] - 465.4213916315328
[23, 67, 36, 38, 71, 41] - 471.49654904446396
[23, 67, 38, 90, 71, 41] - 469.0614167515924
[23, 67, 71, 41, 97] - 553.7380226365009
[23, 67, 36, 71, 94, 41] - 470.4764991013433
[23, 67, 90, 71, 94, 41] - 467.54103870710196
[23, 67, 36, 90, 71, 41] - 473.9611087852134
[23, 67, 38, 71, 94, 97] - 455.4116351288814
[23, 67, 36, 38, 71, 97] - 460.8706144095293
[23, 67, 38, 90, 71, 97] - 458.15359260230775
[23, 67, 36, 38, 71, 94] - 511.5702589731656
[23, 67, 38, 90, 71, 94] - 507.62984289617015
[23, 67, 36, 38, 90, 71] - 515.7318671560122
[23, 67, 36, 71, 94, 97] - 477.3648099821409
[23, 67, 90, 71, 94, 97] - 473.95469462335217
[23, 67, 36, 90, 71, 97] - 479.85249026727837
[23, 67, 36, 90, 71, 94] - 531.6983005381567
[23, 38, 71, 94, 41, 97] - 424.535581906491
[23, 36, 38, 71, 41, 97] - 429.2345322255861
[23, 38, 90, 71, 41, 97] - 426.4219779770713
[23, 36, 38, 71, 94, 41] - 480.3373413092474
[23, 38, 90, 71, 94, 41] - 476.8424880947419
[23, 36, 38, 90, 71, 41] - 483.88156057357816
[23, 36, 71, 94, 41, 97] - 429.76212119655804
[23, 90, 71, 94, 41, 97] - 426.47684690532134
[23, 36, 90, 71, 41, 97] - 431.3313819183511
[23, 36, 90, 71, 94, 41] - 483.3538355379214
[23, 36, 38, 71, 94, 97] - 470.4521560327184
[23, 38, 90, 71, 94, 97] - 466.40640484152414
[23, 36, 38, 90, 71, 97] - 472.6550696688118
[23, 36, 38, 90, 71, 94] - 523.8426101262163
[23, 36, 90, 71, 94, 97] - 491.214614148677
[23, 67, 38, 94, 41, 97] - 458.0704369390056
[23, 67, 36, 38, 41, 97] - 462.6196798022095
[23, 67, 38, 90, 41, 97] - 459.8586197701804
[23, 67, 36, 38, 94, 41] - 515.6699555253336
[23, 67, 38, 90, 94, 41] - 512.5506043702779
[23, 67, 36, 38, 90, 41] - 518.9391207640019
[23, 67, 36, 94, 41, 97] - 461.7805151756363
[23, 67, 90, 94, 41, 97] - 459.0746301311726
[23, 67, 36, 90, 41, 97] - 463.60599835813116
[23, 67, 36, 90, 94, 41] - 517.5255050102134
[23, 67, 36, 38, 94, 97] - 504.61109682882136
[23, 67, 38, 90, 94, 97] - 501.01651419923763
[23, 67, 36, 38, 90, 97] - 507.35421342471614
[23, 67, 36, 38, 90, 94] - 559.8777027814132
[23, 67, 36, 90, 94, 97] - 523.0272817276941
[23, 36, 38, 94, 41, 97] - 485.7969797629097
[23, 38, 90, 94, 41, 97] - 482.3872539587259
[23, 36, 38, 90, 41, 97] - 487.52217581361236
[23, 36, 38, 90, 94, 41] - 540.076860670679
[23, 36, 90, 94, 41, 97] - 487.7697662786462
[23, 36, 38, 90, 94, 97] - 530.8302239713099
[55, 24, 57, 2] - 471.1375062999998
[55, 57, 2, 41] - 430.50306647999975
[55, 57, 2, 38] - 464.65377503000053
[55, 57, 2, 97] - 476.18760057000037
[55, 57, 2, 94] - 496.48401101999957
[55, 57, 2, 36] - 496.71227698999917
[55, 57, 2, 90] - 499.74479230000065
[55, 57, 24, 38] - 443.08319265
[55, 57, 24, 97] - 492.35117814999944
[55, 57, 24, 94] - 494.5412561499987
[55, 57, 24, 36] - 495.15991722999905
[55, 57, 24, 90] - 498.0780580300011
[55, 57, 38, 41] - 442.96645661999975
[55, 57, 94, 41] - 441.61858395999946
[55, 57, 36, 41] - 441.3073231300008
[55, 57, 90, 41] - 444.48241819999976
[55, 57, 38, 97] - 438.9504365799994
[55, 57, 38, 94] - 474.04723089
[55, 57, 36, 38] - 474.7807652100002
[55, 57, 38, 90] - 476.8082535999999
[55, 57, 94, 97] - 496.05015549
[55, 57, 36, 97] - 495.1380301399996
[55, 57, 90, 97] - 498.0759822300003
[55, 57, 36, 94] - 529.0912125499993
[55, 57, 90, 94] - 532.0391171999992
[55, 57, 36, 90] - 534.6642773000004
[55, 90, 31] - 442.46978500000034
[55, 2, 5] - 425.66470799999973
[55, 24, 5] - 462.4996170000003
[55, 5, 41] - 524.0776979999994
[55, 5, 38, 97] - 423.3411832000007
[55, 5, 38, 94] - 443.46063220999997
[55, 36, 5, 38] - 440.2578295200003
[55, 5, 38, 90] - 461.4675530000008
[55, 5, 94, 97] - 449.2562964699994
[55, 36, 5, 97] - 448.78988697000034
[55, 5, 90, 97] - 470.03988752999936
[55, 36, 5, 94] - 508.67635888000024
[55, 5, 90, 94] - 518.5289113499997
[55, 36, 5, 90] - 517.6754421100003
[55, 2, 24, 41] - 421.14773063999945
[55, 2, 24, 38] - 466.9410392699992
[55, 2, 24, 97] - 483.65316952000046
[55, 2, 24, 94] - 496.1356699399993
[55, 2, 24, 36] - 490.1543913200007
[55, 2, 24, 90] - 500.1533361099992
[55, 2, 38, 41] - 445.8834245800005
[55, 2, 94, 41] - 445.85561982000024
[55, 2, 36, 41] - 437.2474194000003
[55, 2, 90, 41] - 445.90025355999944
[55, 2, 38, 97] - 531.9125601999993
[55, 2, 36, 38, 94] - 421.5305659045995
[55, 2, 38, 90, 94] - 426.4900571864995
[55, 2, 36, 38, 90] - 422.87532498520017
[55, 2, 36, 94, 97] - 421.73449382780035
[55, 2, 90, 94, 97] - 422.42834327639997
[55, 2, 36, 90, 97] - 425.7678185020999
[55, 2, 36, 90, 94] - 445.57942682699917
[55, 1, 104, 90] - 423.5686687099998
[55, 88, 79, 104] - 525.0414925100011
[55, 88, 67, 104] - 480.36044355000007
[55, 88, 104, 94] - 514.8995844799998
[55, 88, 36, 104] - 525.9036763700002
[55, 88, 104, 90] - 526.9936781100012
[55, 67, 79, 104] - 483.30897528999986
[55, 79, 104, 94] - 518.8543526500006
[55, 79, 36, 104] - 528.2228096799998
[55, 79, 104, 90] - 530.8076175899994
[55, 67, 104, 71] - 456.9131503199998
[55, 104, 90, 71] - 478.5013602799992
[55, 67, 38, 104] - 464.5153718300003
[55, 67, 104, 97] - 461.07686319000027
[55, 67, 104, 94] - 474.2897453500006
[55, 67, 36, 104] - 483.01606548000063
[55, 67, 104, 90] - 544.1006175599998
[55, 104, 41] - 546.8965529999998
[55, 104, 38, 97] - 424.98491410999924
[55, 104, 38, 90] - 465.2998968599994
[55, 104, 90, 97] - 459.3590836199998
[55, 36, 104, 94] - 522.4542710599997
[55, 104, 90, 94] - 523.3737017000007
[55, 36, 104, 90] - 535.6316005200002
[55, 24, 120] - 425.86493599999915
[55, 38, 120] - 465.3734380000006
[55, 97, 120] - 480.860174
[55, 94, 120] - 481.0550000000002
[55, 36, 120] - 478.32110299999977
[55, 90, 120] - 519.9469520000005
[88, 55, 1] - 538.6236959999998
[55, 1, 79, 94] - 424.9311914600002
[55, 1, 79, 36] - 433.2084071000001
[55, 1, 79, 90] - 432.7334368599998
[55, 1, 71] - 511.7052300000006
[55, 1, 67, 90] - 463.5329146799995
[55, 1, 90, 41] - 454.80746667999995
[55, 1, 38] - 544.1368269999995
[55, 1, 97] - 464.8599289999998
[55, 1, 36, 94] - 462.69879025
[55, 1, 90, 94] - 460.42159139000023
[55, 1, 36, 90] - 472.77844229000044
[55, 88, 79, 71] - 431.52211405
[55, 88, 67, 79] - 511.9858595499997
[55, 88, 79, 38] - 428.19306784000025
[55, 88, 79, 94] - 547.5933678700001
[55, 88, 79, 36, 90] - 424.71547542940016
[55, 88, 67, 71] - 424.57196845999937
[55, 88, 71, 94] - 436.26432705999997
[55, 88, 36, 71] - 446.8190718899999
[55, 88, 90, 71] - 447.54843355
[55, 88, 67, 38] - 446.6352657299998
[55, 88, 67, 94] - 516.801681819999
[55, 88, 67, 36] - 529.0564316699991
[55, 88, 67, 90] - 529.4643423000005
[55, 88, 41] - 499.9831640000003
[55, 88, 38, 94] - 436.46631540000016
[55, 88, 36, 38] - 447.9312086299992
[55, 88, 38, 90] - 445.0736359299998
[55, 88, 97] - 545.0205789999993
[55, 88, 36, 90, 94] - 425.87085778940036
[55, 67, 79, 71] - 432.5243731700002
[55, 79, 71, 94] - 452.28458302999957
[55, 79, 36, 71] - 461.7583578400003
[55, 79, 90, 71] - 464.2435982399998
[55, 67, 79, 38] - 446.97427968000034
[55, 67, 79, 97] - 424.52355828000043
[55, 67, 79, 94] - 530.2065741200007
[55, 67, 79, 36] - 540.9884775100004
[55, 67, 79, 90] - 543.0040054200008
[55, 79, 41] - 500.89463799999965
[55, 79, 38, 94] - 449.2204700599999
[55, 79, 36, 38] - 458.48380604999943
[55, 79, 38, 90] - 457.98305908999987
[55, 79, 94, 97] - 439.2312389999998
[55, 79, 36, 97] - 446.32861468999977
[55, 79, 90, 97] - 447.49240700000036
[55, 79, 36, 90, 94] - 453.4096027388998
[55, 24, 38, 41] - 484.80140487
[55, 24, 41, 97] - 464.33117120000026
[55, 24, 94, 41] - 511.34656209999997
[55, 24, 36, 41] - 503.5976399100003
[55, 24, 90, 41] - 573.8312360700014
[55, 24, 38, 97] - 553.4062170100001
[55, 24, 38, 94] - 512.724251500001
[55, 24, 36, 38] - 504.92579444999984
[55, 24, 38, 90] - 573.5045998199993
[55, 24, 94, 97] - 546.2735108900008
[55, 24, 36, 97] - 548.3763527500003
[55, 24, 90, 97] - 610.4341482800003
[55, 24, 36, 90, 94] - 488.02749722040033
[55, 67, 38, 71] - 461.75063537999915
[55, 67, 71, 94] - 450.8276263099998
[55, 67, 36, 71] - 463.44424030000044
[55, 67, 90, 71] - 523.3045358099993
[55, 71, 41] - 484.6686730000004
[55, 38, 90, 71] - 459.7958957499995
[55, 71, 97] - 541.1345529999995
[55, 36, 71, 94] - 481.3561825100003
[55, 90, 71, 94] - 481.4783566899999
[55, 36, 90, 71] - 494.8732153399998
[55, 67, 90, 41] - 424.68575727999985
[55, 67, 38, 97] - 441.0986871699998
[55, 67, 38, 94] - 468.92583838000013
[55, 67, 36, 38] - 481.0735608699996
[55, 67, 38, 90] - 537.3458733499998
[55, 67, 36, 97] - 426.9404034400003
[55, 67, 90, 97] - 486.81291534000013
[55, 67, 36, 90, 94] - 423.81088576000064
[55, 38, 94, 41, 97] - 466.1816974584995
[55, 36, 38, 41, 97] - 465.8716820515003
[55, 38, 90, 41, 97] - 511.93563038349964
[55, 36, 38, 94, 41] - 549.7836483919989
[55, 38, 90, 94, 41] - 554.2761953826998
[55, 36, 38, 90, 41] - 552.9661591398993
[55, 36, 94, 41, 97] - 465.90272564839944
[55, 90, 94, 41, 97] - 465.8736976644
[55, 36, 90, 41, 97] - 467.0352670360001
[55, 36, 90, 94, 41] - 617.757132785499
[55, 36, 38, 90, 94, 97] - 447.35247100619995
[1, 57, 104, 31] - 552.0529453999992
[56, 57, 104, 31] - 541.2317821599997
[67, 57, 104, 71, 31] - 434.5201314865002
[57, 104, 71, 41, 31] - 436.81665304500035
[57, 38, 104, 71, 31] - 429.6743100727
[57, 104, 71, 94, 31] - 434.3424424857998
[57, 36, 104, 71, 31] - 437.56525905560045
[57, 104, 90, 71, 31] - 435.3430451963997
[67, 57, 104, 41, 31] - 437.52010812259937
[67, 57, 38, 104, 31] - 430.55346275430077
[67, 57, 104, 94, 31] - 432.9992952599002
[67, 57, 36, 104, 31] - 437.2986643951
[67, 57, 104, 90, 31] - 434.80095417349986
[57, 38, 104, 41, 31] - 437.73738222699956
[57, 104, 94, 41, 31] - 438.92104223489923
[57, 36, 104, 41, 31] - 442.89876726389997
[57, 104, 90, 41, 31] - 440.5158687017
[57, 104, 38, 94, 31] - 432.34225614319996
[57, 36, 104, 38, 31] - 436.6447063527999
[57, 104, 38, 90, 31] - 433.75026545030073
[57, 104, 97, 31] - 546.1096052100004
[57, 36, 104, 94, 31] - 440.3191003344994
[57, 104, 90, 94, 31] - 437.59463832869943
[57, 36, 104, 90, 31] - 442.0127445132996
[57, 31, 120] - 432.39103899999947
[56, 1, 57, 31] - 537.4308766900004
[1, 57, 71, 94, 31] - 422.18395575020094
[1, 57, 36, 71, 31] - 425.4800237742995
[1, 57, 90, 71, 31] - 422.33364035619934
[1, 67, 57, 94, 31] - 421.7652134410002
[1, 67, 57, 36, 31] - 425.5829783270994
[1, 67, 57, 90, 31] - 421.9338021687009
[1, 57, 36, 41, 31] - 423.51720470520064
[1, 57, 38, 31] - 550.8508894899987
[1, 57, 94, 31, 97] - 422.64041981910015
[1, 57, 36, 31, 97] - 426.3511301227005
[1, 57, 90, 31, 97] - 421.4155665145996
[1, 57, 36, 94, 31] - 438.5049995792007
[1, 57, 90, 94, 31] - 434.46564808419987
[1, 57, 36, 90, 31] - 438.65319579569996
[56, 57, 71, 31] - 543.6760471700009
[67, 56, 57, 31] - 543.3995642299999
[56, 57, 41, 31] - 549.3339269600008
[56, 57, 38, 31] - 539.99231368
[56, 57, 97, 31] - 542.4224833199999
[56, 57, 94, 31] - 544.2315433500006
[56, 57, 36, 31] - 546.8709355799996
[56, 57, 90, 31] - 542.6660511999997
[67, 57, 71, 41, 31] - 438.6518750850996
[67, 57, 38, 71, 31] - 430.6273385617004
[67, 57, 71, 94, 31] - 440.19344773930044
[67, 57, 36, 71, 31] - 443.36522185090024
[67, 57, 90, 71, 31] - 440.7181441661015
[57, 38, 71, 41, 31] - 433.8306352611002
[57, 71, 94, 41, 31] - 437.1520766882003
[57, 36, 71, 41, 31] - 440.1277227756005
[57, 90, 71, 41, 31] - 437.6247312786996
[57, 38, 71, 94, 31] - 429.1669013507009
[57, 36, 38, 71, 31] - 432.4278326794999
[57, 38, 90, 71, 31] - 429.46131385800004
[57, 36, 71, 31, 97] - 423.25299243520044
[57, 36, 71, 94, 31] - 447.2046854919004
[57, 90, 71, 94, 31] - 444.3302836915
[57, 36, 90, 71, 31] - 447.5008545983
[67, 57, 38, 41, 31] - 436.30506804860056
[67, 57, 94, 41, 31] - 437.52947307220063
[67, 57, 36, 41, 31] - 441.47566244260054
[67, 57, 90, 41, 31] - 438.5860073561
[67, 57, 38, 94, 31] - 429.8174886035005
[67, 57, 36, 38, 31] - 434.0023546333991
[67, 57, 38, 90, 31] - 430.68711694650113
[67, 57, 36, 31, 97] - 423.79838515760053
[67, 57, 36, 94, 31] - 446.79621995270026
[67, 57, 90, 94, 31] - 443.77374824799966
[67, 57, 36, 90, 31] - 447.4307386869993
[57, 38, 94, 41, 31] - 436.8456861005001
[57, 36, 38, 41, 31] - 440.83388080090015
[57, 38, 90, 41, 31] - 437.7239731428002
[57, 41, 97, 31] - 551.4399897300012
[57, 36, 94, 41, 31] - 443.1469705476002
[57, 90, 94, 41, 31] - 440.30864360879997
[57, 36, 90, 41, 31] - 444.07932091879997
[57, 38, 97, 31] - 541.8774480599999
[57, 36, 38, 94, 31] - 436.14468332420034
[57, 38, 90, 94, 31] - 432.64387407640083
[57, 36, 38, 90, 31] - 437.02305009319997
[57, 36, 94, 31, 97] - 431.8354161441002
[57, 90, 94, 31, 97] - 427.65955062310104
[57, 36, 90, 31, 97] - 430.63545974399926
[57, 36, 90, 94, 31] - 458.81613097059943
[2, 57, 5] - 422.65067999999974
[57, 104, 5] - 540.5959979999997
[57, 5, 120] - 427.4779099999999
[56, 57, 5] - 446.1804289999994
[57, 5, 71] - 511.77451500000075
[67, 57, 5] - 516.1984930000001
[57, 38, 5, 41] - 532.08839579
[57, 5, 41, 97] - 521.5195225700002
[57, 5, 94, 41] - 530.8570534100007
[57, 36, 5, 41] - 532.7176647
[57, 5, 90, 41] - 531.6553395999999
[57, 5, 38, 97] - 556.2867675500006
[57, 36, 5, 38, 94] - 426.0922165176995
[57, 5, 38, 90, 94] - 424.14046232160075
[57, 36, 5, 38, 90] - 426.1226063503997
[57, 36, 5, 94, 97] - 463.11922357890023
[57, 5, 90, 94, 97] - 462.48049863580025
[57, 36, 5, 90, 97] - 464.90954365480053
[57, 36, 5, 90, 94] - 470.3425942336997
[57, 2, 24, 38] - 444.36468861000026
[57, 2, 24, 97] - 475.18483408000014
[57, 2, 24, 94] - 473.18026434999973
[57, 2, 24, 36] - 472.72790886
[57, 2, 24, 90] - 475.4864036499999
[57, 2, 38, 41] - 522.3044381200002
[57, 2, 41, 97] - 495.33352655000044
[57, 2, 94, 41] - 521.2095963200009
[57, 2, 36, 41] - 517.6160253899997
[57, 2, 90, 41] - 522.3636574999998
[57, 2, 38, 97] - 533.5844255800006
[57, 2, 38, 94] - 557.7920097199991
[57, 2, 36, 38] - 554.6002901700002
[57, 2, 38, 90] - 557.5159227900017
[57, 2, 36, 94, 97] - 423.8134764361999
[57, 2, 90, 94, 97] - 427.43505652600055
[57, 2, 36, 90, 97] - 425.68812548950007
[57, 2, 36, 90, 94] - 441.3265170103001
[57, 104, 120] - 543.6225870000002
[1, 56, 57, 104, 71] - 428.72338507310036
[67, 1, 56, 57, 104] - 426.6666599255996
[1, 56, 57, 104, 97] - 427.35903690499913
[1, 56, 57, 104, 94] - 427.2162462120003
[1, 56, 57, 36, 104] - 431.1150038382997
[1, 56, 57, 104, 90] - 427.12364329890073
[67, 1, 57, 104, 71] - 438.1442281866995
[1, 57, 104, 71, 97] - 430.8596072394003
[1, 57, 104, 71, 94] - 438.5801393149009
[1, 57, 36, 104, 71] - 442.728644955901
[1, 57, 104, 90, 71] - 439.5434673250001
[1, 67, 57, 104, 97] - 428.84719673669963
[1, 67, 57, 104, 94] - 435.4287280328002
[1, 67, 57, 36, 104] - 440.8311357785006
[1, 67, 57, 104, 90] - 436.9421318472003
[1, 57, 36, 104, 41] - 424.0292586928993
[1, 57, 38, 104] - 552.6310082000003
[1, 57, 104, 94, 97] - 428.2341526782998
[1, 57, 36, 104, 97] - 433.0291223394998
[1, 57, 104, 90, 97] - 428.34827130920064
[1, 57, 36, 104, 94] - 444.9289904232001
[1, 57, 104, 90, 94] - 440.9367143424001
[1, 57, 36, 104, 90] - 446.1746118904998
[88, 57, 104] - 531.8090730000004
[79, 57, 104] - 527.0416280000001
[67, 56, 57, 104, 71] - 450.0873736740006
[56, 57, 104, 71, 41] - 447.30605424899966
[56, 57, 38, 104, 71] - 441.5746425513996
[56, 57, 104, 71, 97] - 468.51694852320105
[56, 57, 104, 71, 94] - 467.9653967846997
[56, 57, 36, 104, 71] - 470.27192990659904
[56, 57, 104, 90, 71] - 467.81537882670045
[56, 67, 57, 104, 41] - 446.7073155980994
[56, 67, 57, 38, 104] - 441.19362024059996
[56, 67, 57, 104, 97] - 463.94961509939935
[56, 67, 57, 104, 94] - 464.71469243319956
[56, 67, 57, 36, 104] - 466.7893932022
[56, 67, 57, 104, 90] - 464.74283281460026
[56, 57, 38, 104, 41] - 477.7352593256
[56, 57, 104, 41, 97] - 478.5117166039001
[56, 57, 104, 94, 41] - 478.37486348500045
[56, 57, 36, 104, 41] - 480.60717725819995
[56, 57, 104, 90, 41] - 478.71095034219996
[56, 57, 104, 38, 97] - 474.04871374129993
[56, 57, 104, 38, 94] - 474.8326669317007
[56, 57, 36, 104, 38] - 476.9533855492001
[56, 57, 104, 38, 90] - 474.38686573020067
[56, 57, 104, 94, 97] - 498.5894285045997
[56, 57, 36, 104, 97] - 501.03077070820075
[56, 57, 104, 90, 97] - 498.01510683360027
[56, 57, 36, 104, 94] - 502.4907577599004
[56, 57, 104, 90, 94] - 500.06623515970045
[56, 57, 36, 104, 90] - 501.85804681590014
[67, 57, 104, 71, 41] - 457.94218076979956
[67, 57, 38, 104, 71] - 473.71318863799945
[67, 57, 104, 71, 97] - 501.65874385480004
[67, 57, 104, 71, 94] - 522.1172033395997
[67, 57, 36, 104, 71] - 526.5917015278999
[67, 57, 104, 90, 71] - 526.4391859576998
[57, 38, 104, 71, 41] - 469.8454492370001
[57, 104, 71, 41, 97] - 448.45537100960036
[57, 104, 71, 94, 41] - 471.252989958099
[57, 36, 104, 71, 41] - 474.8995481404991
[57, 104, 90, 71, 41] - 472.80540158279996
[57, 104, 38, 71, 97] - 465.8867619154999
[57, 104, 38, 71, 94] - 487.4278621837
[57, 36, 104, 38, 71] - 491.7278648049002
[57, 104, 38, 90, 71] - 489.42442486310046
[57, 104, 71, 94, 97] - 515.5476916211996
[57, 36, 104, 71, 97] - 519.4795272076997
[57, 104, 90, 71, 97] - 518.3282228993008
[57, 36, 104, 71, 94] - 540.6025914857004
[57, 104, 90, 71, 94] - 539.8747025801013
[57, 36, 104, 90, 71] - 544.769627913298
[67, 57, 38, 104, 41] - 471.95557058850034
[67, 57, 104, 41, 97] - 447.9058285578009
[67, 57, 104, 94, 41] - 471.4279330518004
[67, 57, 36, 104, 41] - 475.2406915452007
[67, 57, 104, 90, 41] - 474.02822039889975
[67, 57, 104, 38, 97] - 466.2820716014006
[67, 57, 104, 38, 94] - 487.7955396396001
[67, 57, 36, 104, 38] - 492.4333988188999
[67, 57, 104, 38, 90] - 490.91488705319983
[67, 57, 104, 94, 97] - 514.2425752433004
[67, 57, 36, 104, 97] - 518.7733044686006
[67, 57, 104, 90, 97] - 517.2066905155996
[67, 57, 36, 104, 94] - 540.2511656353994
[67, 57, 104, 90, 94] - 539.8598079896994
[67, 57, 36, 104, 90] - 545.0015745657997
[57, 104, 38, 41, 97] - 478.6413982885005
[57, 104, 38, 94, 41] - 504.5766189139988
[57, 36, 104, 38, 41] - 508.5074285049997
[57, 104, 38, 90, 41] - 506.72364086069985
[57, 104, 94, 41, 97] - 478.64256264350024
[57, 36, 104, 41, 97] - 482.04598067039973
[57, 104, 90, 41, 97] - 479.5905210273991
[57, 36, 104, 94, 41] - 508.7144520530006
[57, 104, 90, 94, 41] - 507.1359197177998
[57, 36, 104, 90, 41] - 511.1295441042006
[57, 104, 38, 94, 97] - 498.0031795469001
[57, 36, 104, 38, 97] - 502.0704332595008
[57, 104, 38, 90, 97] - 499.06694770210015
[57, 36, 104, 38, 94] - 528.0430620757996
[57, 104, 38, 90, 94] - 525.7975584781996
[57, 36, 104, 38, 90] - 530.7026883974
[57, 36, 104, 94, 97] - 551.0283882957013
[57, 104, 90, 94, 97] - 549.6922613495004
[57, 36, 104, 90, 97] - 553.8960303083998
[57, 36, 104, 90, 94] - 580.3628323353997
[1, 57, 120] - 440.10238899999996
[56, 57, 120] - 465.59336000000013
[57, 71, 120] - 527.7561230000003
[67, 57, 120] - 530.136725
[57, 38, 41, 120] - 547.0562127900002
[57, 41, 97, 120] - 520.4488790700009
[57, 94, 41, 120] - 552.10271868
[57, 36, 41, 120] - 551.9517355299995
[57, 90, 41, 120] - 551.46170571
[57, 38, 97, 120] - 535.2773263799994
[57, 36, 38, 94, 120] - 425.63340907350005
[57, 38, 90, 94, 120] - 424.00223549100065
[57, 36, 38, 90, 120] - 424.75705669259946
[57, 36, 94, 97, 120] - 459.91523147749905
[57, 90, 94, 97, 120] - 458.70260489619915
[57, 36, 90, 97, 120] - 458.48187239569984
[57, 36, 90, 94, 120] - 481.0219852760005
[67, 1, 56, 57, 71] - 429.93222694780036
[1, 56, 57, 71, 97] - 431.0419541314996
[1, 56, 57, 71, 94] - 430.4188508873008
[1, 56, 57, 36, 71] - 433.4171360410992
[1, 56, 57, 90, 71] - 429.4785396287994
[1, 56, 67, 57, 97] - 429.42500241430014
[1, 56, 67, 57, 94] - 428.4820544572003
[1, 56, 67, 57, 36] - 432.4161142683001
[1, 56, 67, 57, 90] - 427.57915765140075
[1, 56, 57, 41] - 543.9733976599995
[1, 56, 57, 38] - 535.9411576900005
[1, 56, 57, 94, 97] - 429.04508162590054
[1, 56, 57, 36, 97] - 432.8973328629006
[1, 56, 57, 90, 97] - 427.6759889311995
[1, 56, 57, 36, 94] - 433.3711832162002
[1, 56, 57, 90, 94] - 428.51064699170036
[1, 56, 57, 36, 90] - 431.9857887706012
[1, 67, 57, 71, 97] - 436.5612950761
[1, 67, 57, 71, 94] - 443.28453297439967
[1, 67, 57, 36, 71] - 447.5567283533004
[1, 67, 57, 90, 71] - 443.41507623310036
[1, 57, 36, 71, 41] - 421.9171425463002
[1, 57, 38, 71] - 549.1906481499994
[1, 57, 71, 94, 97] - 440.0246001660997
[1, 57, 36, 71, 97] - 443.8288675264994
[1, 57, 90, 71, 97] - 439.18710626299963
[1, 57, 36, 71, 94] - 452.66672504629986
[1, 57, 90, 71, 94] - 448.6303291282993
[1, 57, 36, 90, 71] - 452.5998440136009
[1, 67, 57, 36, 41] - 422.31329931549953
[1, 67, 57, 38] - 550.1437586800012
[1, 67, 57, 94, 97] - 438.60429960900007
[1, 67, 57, 36, 97] - 443.2060137932002
[1, 67, 57, 90, 97] - 437.6742318752007
[1, 67, 57, 36, 94] - 450.70907505409997
[1, 67, 57, 90, 94] - 445.89297988220005
[1, 67, 57, 36, 90] - 450.4581321324996
[1, 57, 36, 38, 41] - 423.26238405600014
[1, 57, 41, 97] - 546.4742286800006
[1, 57, 36, 94, 41] - 424.53999794060064
[1, 57, 36, 90, 41] - 425.4393293202
[1, 57, 38, 97] - 538.0256347900003
[1, 57, 38, 94] - 552.6226705399996
[1, 57, 38, 90] - 553.8611262900006
[1, 57, 36, 94, 97] - 452.0816034232004
[1, 57, 90, 94, 97] - 446.2771008557997
[1, 57, 36, 90, 97] - 450.28414283569896
[1, 57, 36, 90, 94] - 464.3203166129996
[88, 57, 71] - 472.0681959999995
[88, 67, 57] - 471.33152400000034
[88, 57, 38] - 442.9009840000003
[88, 57, 97] - 492.98225800000006
[88, 57, 94] - 531.9176860000001
[88, 57, 36] - 535.5083910000013
[88, 57, 90] - 533.5199489999993
[57, 79, 71] - 483.7095999999998
[67, 57, 79] - 480.49344300000024
[57, 79, 38] - 441.853601
[57, 79, 97] - 515.7778389999996
[57, 79, 90, 94] - 421.54437806000016
[57, 79, 36, 90] - 421.8970279999999
[56, 67, 57, 71, 41] - 431.9583500238005
[56, 67, 57, 38, 71] - 425.35450374319913
[56, 67, 57, 71, 97] - 452.12410567759986
[56, 67, 57, 71, 94] - 451.70086478259975
[56, 67, 57, 36, 71] - 453.36706171499964
[56, 67, 57, 90, 71] - 450.61965254820103
[56, 57, 38, 71, 41] - 445.17216108269963
[56, 57, 71, 41, 97] - 448.57432458560027
[56, 57, 71, 94, 41] - 447.5558066963997
[56, 57, 36, 71, 41] - 449.8036139342999
[56, 57, 90, 71, 41] - 446.61716419220033
[56, 57, 38, 71, 97] - 441.61151164849946
[56, 57, 38, 71, 94] - 441.2090555241002
[56, 57, 36, 38, 71] - 443.64279065100004
[56, 57, 38, 90, 71] - 439.9911554726996
[56, 57, 71, 94, 97] - 468.9108399753997
[56, 57, 36, 71, 97] - 471.18723282990015
[56, 57, 90, 71, 97] - 467.4146544146
[56, 57, 36, 71, 94] - 471.5296768236998
[56, 57, 90, 71, 94] - 468.1355032255002
[56, 57, 36, 90, 71] - 470.15572765959985
[56, 67, 57, 38, 41] - 447.3797285585001
[56, 67, 57, 41, 97] - 448.1387560147995
[56, 67, 57, 94, 41] - 448.3292795806999
[56, 67, 57, 36, 41] - 450.2121801049004
[56, 67, 57, 90, 41] - 447.6605512432993
[56, 67, 57, 38, 97] - 441.6277398406997
[56, 67, 57, 38, 94] - 442.3388180425995
[56, 67, 57, 36, 38] - 444.3368864002001
[56, 67, 57, 38, 90] - 441.55923211080045
[56, 67, 57, 94, 97] - 465.99624672690004
[56, 67, 57, 36, 97] - 468.1733116163001
[56, 67, 57, 90, 97] - 464.4695776584997
[56, 67, 57, 36, 94] - 469.6405035284997
[56, 67, 57, 90, 94] - 466.9462244538987
[56, 67, 57, 36, 90] - 468.1767315970005
[56, 57, 38, 41, 97] - 478.3096295187998
[56, 57, 38, 94, 41] - 478.1034378390002
[56, 57, 36, 38, 41] - 480.6081312046006
[56, 57, 38, 90, 41] - 477.4632190200997
[56, 57, 94, 41, 97] - 479.46805370519905
[56, 57, 36, 41, 97] - 482.21347528739926
[56, 57, 90, 41, 97] - 478.6340930311995
[56, 57, 36, 94, 41] - 482.49140437599993
[56, 57, 90, 94, 41] - 479.6078329433988
[56, 57, 36, 90, 41] - 481.5585680398004
[56, 57, 38, 94, 97] - 474.2747610078011
[56, 57, 36, 38, 97] - 476.8722097749006
[56, 57, 38, 90, 97] - 472.7231033094003
[56, 57, 36, 38, 94] - 478.3241943282996
[56, 57, 38, 90, 94] - 474.8646378788003
[56, 57, 36, 38, 90] - 476.8742073665001
[56, 57, 36, 94, 97] - 503.0291465686991
[56, 57, 90, 94, 97] - 499.34474501750054
[56, 57, 36, 90, 97] - 501.03810085490085
[56, 57, 36, 90, 94] - 504.15094471609916
[57, 24, 41] - 548.5008760000013
[57, 24, 38, 97] - 440.5028068799993
[57, 24, 38, 94] - 445.06203311000075
[57, 24, 36, 38] - 444.30088818999997
[57, 24, 38, 90] - 446.1176953100004
[57, 24, 94, 97] - 494.36383069999977
[57, 24, 36, 97] - 493.33398349000004
[57, 24, 90, 97] - 496.05712048999925
[57, 24, 36, 94] - 496.4148893600006
[57, 24, 90, 94] - 498.5810416500002
[57, 24, 36, 90] - 499.8848056999998
[67, 57, 38, 71, 41] - 455.28053976719974
[67, 57, 71, 41, 97] - 434.41764337640006
[67, 57, 71, 94, 41] - 457.3238950975996
[67, 57, 36, 71, 41] - 460.7293217175007
[67, 57, 90, 71, 41] - 458.49274751519977
[67, 57, 38, 71, 97] - 450.8923421444005
[67, 57, 38, 71, 94] - 471.4497453124995
[67, 57, 36, 38, 71] - 475.6818366003997
[67, 57, 38, 90, 71] - 473.30823873669965
[67, 57, 71, 94, 97] - 505.22975428170065
[67, 57, 36, 71, 97] - 509.1137376955
[67, 57, 90, 71, 97] - 507.11464920870003
[67, 57, 36, 71, 94] - 529.9506277761
[67, 57, 90, 71, 94] - 528.7630821913991
[67, 57, 36, 90, 71] - 533.4185605737007
[57, 38, 71, 41, 97] - 446.0612070756
[57, 38, 71, 94, 41] - 467.98581319050083
[57, 36, 38, 71, 41] - 471.74631159119974
[57, 38, 90, 71, 41] - 468.85088282819976
[57, 71, 94, 41, 97] - 448.25154641160003
[57, 36, 71, 41, 97] - 451.4118955638009
[57, 90, 71, 41, 97] - 447.8069062671002
[57, 36, 71, 94, 41] - 474.4005881621992
[57, 90, 71, 94, 41] - 471.5565709749999
[57, 36, 90, 71, 41] - 475.3567640415
[57, 38, 71, 94, 97] - 463.9738717891003
[57, 36, 38, 71, 97] - 468.02302767949993
[57, 38, 90, 71, 97] - 464.0709087590005
[57, 36, 38, 71, 94] - 489.7243387995997
[57, 38, 90, 71, 94] - 486.34128175380056
[57, 36, 38, 90, 71] - 491.17612901109993
[57, 36, 71, 94, 97] - 526.8793646467997
[57, 90, 71, 94, 97] - 525.0385667410998
[57, 36, 90, 71, 97] - 528.7060560681011
[57, 36, 90, 71, 94] - 551.4146420499009
[67, 57, 38, 41, 97] - 448.2221237672999
[67, 57, 38, 94, 41] - 470.7435990549997
[67, 57, 36, 38, 41] - 474.45162981930076
[67, 57, 38, 90, 41] - 472.42795109769975
[67, 57, 94, 41, 97] - 448.6829949494989
[67, 57, 36, 41, 97] - 451.8328923215004
[67, 57, 90, 41, 97] - 448.6989698066998
[67, 57, 36, 94, 41] - 475.4021826541987
[67, 57, 90, 94, 41] - 473.8098287437997
[67, 57, 36, 90, 41] - 477.1155963548
[67, 57, 38, 94, 97] - 465.2992611568
[67, 57, 36, 38, 97] - 469.65056789030064
[67, 57, 38, 90, 97] - 466.1044516511996
[67, 57, 36, 38, 94] - 491.1002689629
[67, 57, 38, 90, 94] - 488.92931291719975
[67, 57, 36, 38, 90] - 493.56099134570013
[67, 57, 36, 94, 97] - 527.7834592868004
[67, 57, 90, 94, 97] - 525.8195034921998
[67, 57, 36, 90, 97] - 529.5442636937997
[67, 57, 36, 90, 94] - 552.6682728706994
[57, 36, 38, 90, 94, 41, 97] - 440.06851514801326
[104, 5, 31] - 450.3406039999999
[56, 1, 5, 31] - 438.2636952199998
[1, 5, 71, 31] - 429.5318523899995
[67, 1, 5, 31] - 434.65970503999944
[1, 5, 41, 31] - 513.1479640799998
[1, 5, 97, 31] - 478.95066549999984
[1, 5, 94, 31] - 522.3117402600001
[1, 36, 5, 31] - 528.3261530400005
[1, 5, 90, 31] - 538.5233375199989
[88, 5, 31] - 427.4401469999998
[79, 5, 31] - 438.6187860000003
[56, 5, 41, 31] - 438.7880340699993
[56, 5, 97, 31] - 436.9249885800006
[56, 5, 94, 31] - 438.4343628799993
[56, 36, 5, 31] - 442.8888136300006
[56, 5, 90, 31] - 435.5428860599997
[5, 90, 71, 31] - 426.3679995099999
[67, 36, 5, 31] - 421.1125710199997
[67, 5, 90, 31] - 433.90946980000024
[5, 41, 97, 31] - 455.0522381899997
[5, 94, 41, 31] - 494.0808121700002
[36, 5, 41, 31] - 500.12328298999984
[5, 90, 41, 31] - 510.90583977999916
[38, 5, 31] - 449.9583650000006
[5, 94, 31, 97] - 467.46691280000067
[36, 5, 31, 97] - 469.9547536500001
[5, 90, 31, 97] - 479.93459710000036
[36, 5, 94, 31] - 527.63212349
[5, 90, 94, 31] - 525.2564452600006
[36, 5, 90, 31] - 528.8014948299992
[104, 31, 120] - 462.5510299999997
[56, 1, 104, 31] - 536.4425458700008
[67, 1, 104, 71, 31] - 500.59190363240003
[1, 104, 71, 41, 31] - 496.93923675250034
[1, 38, 104, 71, 31] - 479.31618657440055
[1, 104, 71, 97, 31] - 474.6415115995005
[1, 104, 71, 94, 31] - 468.96286669630007
[1, 36, 104, 71, 31] - 475.0172814803998
[1, 104, 90, 71, 31] - 518.0288373408994
[1, 67, 104, 41, 31] - 497.5689127342002
[1, 67, 38, 104, 31] - 479.4996519127994
[1, 67, 104, 97, 31] - 473.5396588271994
[1, 67, 104, 94, 31] - 467.56114915259985
[1, 67, 36, 104, 31] - 474.6615668131003
[1, 67, 104, 90, 31] - 517.6808930329001
[1, 38, 104, 41, 31] - 463.5937769214997
[1, 104, 41, 97, 31] - 455.05840317880023
[1, 104, 94, 41, 31] - 486.1927924397008
[1, 36, 104, 41, 31] - 493.5252099368005
[1, 104, 90, 41, 31] - 536.0257045401997
[1, 104, 38, 97, 31] - 469.79032976170004
[1, 104, 38, 94, 31] - 434.36471031930034
[1, 36, 104, 38, 31] - 440.88049972170035
[1, 104, 38, 90, 31] - 482.5277248496996
[1, 104, 94, 31, 97] - 425.19210857129997
[1, 36, 104, 31, 97] - 431.11443898450017
[1, 104, 90, 31, 97] - 472.54901420969935
[1, 36, 104, 94, 31] - 510.72865948890103
[1, 104, 90, 94, 31] - 509.20602495380075
[1, 36, 104, 90, 31] - 517.6416917142993
[88, 104, 31] - 453.06080999999983
[79, 104, 31] - 448.99103700000023
[56, 104, 71, 31] - 544.5872825099999
[67, 56, 104, 31] - 543.1317709300006
[56, 104, 41, 31] - 549.0088903999996
[56, 38, 104, 31] - 541.0902857199993
[56, 104, 97, 31] - 542.3597034699992
[56, 104, 94, 31] - 542.6955466500007
[56, 36, 104, 31] - 547.9515271500006
[56, 104, 90, 31] - 544.41523121
[67, 104, 71, 41, 31] - 503.7556423266998
[67, 38, 104, 71, 31] - 502.81992801009994
[67, 104, 71, 97, 31] - 482.9884781130991
[67, 104, 71, 94, 31] - 474.4229576311996
[67, 36, 104, 71, 31] - 480.61152346749856
[67, 104, 90, 71, 31] - 524.4011258272013
[38, 104, 71, 41, 31] - 483.3883422347002
[104, 71, 41, 97, 31] - 463.1082323082994
[104, 71, 94, 41, 31] - 470.15359208909956
[36, 104, 71, 41, 31] - 475.26547004070005
[104, 90, 71, 41, 31] - 519.3470931876997
[104, 38, 71, 97, 31] - 477.50777590850095
[104, 38, 71, 94, 31] - 452.41973596660034
[36, 104, 38, 71, 31] - 457.7016318633003
[104, 38, 90, 71, 31] - 501.00565199169813
[104, 71, 94, 31, 97] - 433.4243076127
[36, 104, 71, 31, 97] - 437.9358961174997
[104, 90, 71, 31, 97] - 481.7324914360985
[36, 104, 71, 94, 31] - 494.42090687430067
[104, 90, 71, 94, 31] - 493.2705423003996
[36, 104, 90, 71, 31] - 499.28505546629935
[67, 38, 104, 41, 31] - 484.4284315792995
[67, 104, 41, 97, 31] - 462.0588460229997
[67, 104, 94, 41, 31] - 470.0136616602002
[67, 36, 104, 41, 31] - 476.3730547679996
[67, 104, 90, 41, 31] - 520.0197216621999
[67, 104, 38, 97, 31] - 478.13882285600016
[67, 104, 38, 94, 31] - 452.70771146700065
[67, 36, 104, 38, 31] - 458.6846364313
[67, 104, 38, 90, 31] - 501.60687045029937
[67, 104, 94, 31, 97] - 432.7684128855003
[67, 36, 104, 31, 97] - 437.8979733280995
[67, 104, 90, 31, 97] - 480.6676771840999
[67, 36, 104, 94, 31] - 492.83561722279984
[67, 104, 90, 94, 31] - 492.37727844930026
[67, 36, 104, 90, 31] - 499.18896347910044
[104, 38, 41, 97, 31] - 459.5977761128002
[104, 38, 94, 41, 31] - 437.49962008640057
[36, 104, 38, 41, 31] - 443.0504799648998
[104, 38, 90, 41, 31] - 485.8251827423006
[104, 90, 41, 31, 97] - 460.5803779166987
[36, 104, 94, 41, 31] - 511.39629838850095
[104, 90, 94, 41, 31] - 509.8189876854003
[36, 104, 90, 41, 31] - 516.6900188502001
[104, 38, 94, 31, 97] - 428.01919773930035
[36, 104, 38, 31, 97] - 432.93736164679973
[104, 38, 90, 31, 97] - 475.48520343069987
[36, 104, 38, 94, 31] - 458.4381815730001
[104, 38, 90, 94, 31] - 456.67768803610005
[36, 104, 38, 90, 31] - 462.7719255450998
[36, 104, 94, 31, 97] - 435.33443385949977
[104, 90, 94, 31, 97] - 433.5065291807999
[36, 104, 90, 31, 97] - 438.1350274803999
[36, 104, 90, 94, 31] - 535.3652544816011
[1, 31, 120] - 465.1933870000004
[71, 31, 120] - 475.63163999999995
[67, 31, 120] - 487.8585680000003
[41, 31, 120] - 446.0041580000002
[38, 31, 120] - 477.4080459999996
[97, 31, 120] - 474.81783900000033
[94, 31, 120] - 472.7976189999994
[36, 31, 120] - 476.71032999999983
[90, 31, 120] - 513.0947409999997
[88, 1, 79, 31] - 556.6973460900005
[88, 56, 1, 31] - 507.3619056199994
[88, 1, 24, 31] - 473.6720741600006
[88, 1, 71, 31] - 461.95337732000013
[88, 67, 1, 31] - 480.90441111
[88, 1, 94, 41, 31] - 483.5930025965995
[88, 1, 36, 41, 31] - 485.8753869192001
[88, 1, 90, 41, 31] - 480.6562716884004
[88, 1, 36, 31, 97] - 421.7471413652999
[88, 1, 36, 94, 31] - 519.6050276933998
[88, 1, 90, 94, 31] - 515.6851933693999
[88, 1, 36, 90, 31] - 518.0175807919012
[56, 1, 79, 31] - 502.11091021999994
[1, 24, 79, 31] - 495.4177343499999
[1, 79, 71, 31] - 472.6206558200003
[67, 1, 79, 31] - 483.51275525000057
[1, 79, 94, 41, 31] - 480.2377097981987
[1, 79, 36, 41, 31] - 479.0270628782993
[1, 79, 90, 41, 31] - 478.9315336229009
[1, 79, 94, 31, 97] - 430.9619581687
[1, 79, 36, 31, 97] - 428.3240730274994
[1, 79, 90, 31, 97] - 427.69170929949973
[1, 79, 36, 94, 31] - 530.6493805459004
[1, 79, 90, 94, 31] - 531.09214992
[1, 79, 36, 90, 31] - 530.9575630897008
[67, 1, 56, 71, 31] - 466.1934372521989
[1, 56, 71, 41, 31] - 528.9234968968996
[1, 56, 71, 97, 31] - 525.9277515820997
[1, 56, 71, 94, 31] - 526.9891862218005
[1, 56, 36, 71, 31] - 531.4815487738007
[1, 56, 90, 71, 31] - 525.5328522844999
[1, 56, 67, 41, 31] - 528.2290600307992
[1, 56, 67, 97, 31] - 523.9553388443002
[1, 56, 67, 94, 31] - 523.9501600103998
[1, 56, 67, 36, 31] - 526.5437870039993
[1, 56, 67, 90, 31] - 524.3278974771
[1, 56, 94, 41, 31, 97] - 487.5456029786007
[1, 56, 36, 41, 31, 97] - 489.58388378594356
[1, 56, 90, 41, 31, 97] - 485.5310770540933
[1, 56, 36, 94, 41, 31] - 489.4233027363159
[1, 56, 90, 94, 41, 31] - 485.54312600072393
[1, 56, 36, 90, 41, 31] - 486.7718527813389
[1, 56, 38, 31] - 534.9438868500006
[1, 56, 36, 94, 31, 97] - 488.40098979636343
[1, 56, 90, 94, 31, 97] - 484.217648479341
[1, 56, 36, 90, 31, 97] - 485.40466262106133
[1, 56, 36, 90, 94, 31] - 486.6270660263936
[1, 24, 41, 31] - 485.6078267800004
[1, 24, 97, 31] - 458.8882817999997
[1, 24, 94, 31] - 497.4004639099997
[1, 24, 36, 31] - 496.54379670999947
[1, 24, 90, 31] - 554.5714321699994
[1, 67, 90, 71, 41, 31] - 442.12193716239693
[1, 67, 38, 71, 31] - 526.0578547494007
[1, 67, 71, 97, 31] - 541.1747763001001
[1, 67, 36, 71, 94, 31] - 426.57017203170665
[1, 67, 90, 71, 94, 31] - 423.61401777104925
[1, 67, 36, 90, 71, 31] - 429.9972565415436
[1, 38, 71, 41, 31] - 506.49596173240053
[1, 90, 71, 41, 31, 97] - 431.08184859643285
[1, 36, 71, 94, 41, 31] - 466.51144009244274
[1, 90, 71, 94, 41, 31] - 461.4674956748822
[1, 36, 90, 71, 41, 31] - 467.25409579193393
[1, 38, 71, 97, 31] - 470.4640592164002
[1, 38, 71, 94, 31] - 475.7202477306999
[1, 36, 38, 71, 31] - 482.7551260957002
[1, 38, 90, 71, 31] - 522.9507634388997
[1, 36, 71, 94, 31, 97] - 422.44785274704924
[1, 36, 90, 71, 31, 97] - 421.9083912378752
[1, 36, 90, 71, 94, 31] - 488.2299586721712
[1, 67, 38, 41, 31] - 509.0122019629994
[1, 67, 90, 41, 31, 97] - 432.00989026816603
[1, 67, 36, 94, 41, 31] - 465.5926613652322
[1, 67, 90, 94, 41, 31] - 464.0036608141096
[1, 67, 36, 90, 41, 31] - 468.38778826617806
[1, 67, 38, 97, 31] - 482.64023420839993
[1, 67, 38, 94, 31] - 488.2366196854996
[1, 67, 36, 38, 31] - 496.7242606683991
[1, 67, 38, 90, 31] - 536.4833014407004
[1, 67, 36, 94, 31, 97] - 427.8518926004974
[1, 67, 90, 94, 31, 97] - 426.29103116229214
[1, 67, 36, 90, 31, 97] - 429.01092047292246
[1, 67, 36, 90, 94, 31] - 494.5552441743367
[1, 38, 41, 97, 31] - 452.6782211190997
[1, 38, 94, 41, 31] - 462.7342922306997
[1, 36, 38, 41, 31] - 469.89697611829934
[1, 38, 90, 41, 31] - 509.2681936851002
[1, 36, 94, 41, 31, 97] - 492.2280490787169
[1, 90, 94, 41, 31, 97] - 488.68952175811785
[1, 36, 90, 41, 31, 97] - 489.93341455165705
[1, 36, 90, 94, 41, 31] - 585.1490503880814
[1, 38, 94, 31, 97] - 433.57284098550076
[1, 36, 38, 31, 97] - 440.0493180192001
[1, 38, 90, 31, 97] - 480.1272673040002
[1, 36, 38, 94, 31] - 495.49711624779906
[1, 38, 90, 94, 31] - 491.6937082531989
[1, 36, 38, 90, 31] - 500.3429411410002
[1, 36, 90, 94, 31, 97] - 526.4704577512387
[88, 24, 79, 31] - 473.9667773099996
[88, 79, 41, 31] - 532.7012857800003
[88, 79, 97, 31] - 439.05757602999995
[88, 79, 36, 94, 31] - 433.4769332668997
[88, 79, 90, 94, 31] - 434.58651510540034
[88, 79, 36, 90, 31] - 432.9217355863995
[88, 56, 41, 31] - 507.5550725800001
[88, 56, 97, 31] - 509.85155955999954
[88, 56, 94, 31] - 509.5400357600007
[88, 56, 36, 31] - 509.34270387000026
[88, 56, 90, 31] - 502.6942292200001
[88, 24, 41, 31] - 423.62111913000064
[88, 24, 94, 31] - 470.6583040099998
[88, 24, 36, 31] - 469.66921197000045
[88, 24, 90, 31] - 471.86526333999956
[88, 71, 41, 31] - 451.33724604999964
[88, 71, 94, 31] - 482.8720568300008
[88, 36, 71, 31] - 489.08754338000057
[88, 90, 71, 31] - 482.6572906499996
[88, 67, 41, 31] - 458.28775333999994
[88, 67, 94, 31] - 499.7082133399998
[88, 67, 36, 31] - 504.4215824900007
[88, 67, 90, 31] - 505.40361898999976
[88, 41, 97, 31] - 514.6790190700002
[88, 36, 94, 41, 31] - 501.45603680889997
[88, 90, 94, 41, 31] - 497.10038070410064
[88, 36, 90, 41, 31] - 497.72836093270064
[88, 36, 94, 31, 97] - 423.2783177764005
[88, 90, 31, 97] - 557.23769505
[88, 36, 90, 94, 31] - 533.4955316856017
[56, 79, 41, 31] - 504.08640161999995
[56, 79, 97, 31] - 503.2725031099995
[56, 79, 94, 31] - 507.66961212999956
[56, 79, 36, 31] - 503.15190923000114
[56, 79, 90, 31] - 501.5458489299998
[79, 24, 41, 31] - 422.2799406700001
[79, 24, 94, 31] - 504.73925828999876
[79, 24, 36, 31] - 500.65503698999976
[79, 24, 90, 31] - 502.2752388600004
[79, 71, 41, 31] - 451.5786179300001
[79, 71, 94, 31] - 495.3428320999995
[79, 36, 71, 31] - 496.87744093999913
[79, 90, 71, 31] - 496.92295854000037
[67, 79, 41, 31] - 451.43274072000025
[67, 79, 94, 31] - 505.3443914600002
[67, 79, 36, 31] - 505.1968360000001
[67, 79, 90, 31] - 511.14327446000044
[79, 41, 97, 31] - 506.47599590000056
[79, 36, 94, 41, 31] - 495.49620201210047
[79, 90, 94, 41, 31] - 496.68643357
[79, 36, 90, 41, 31] - 495.01865980909935
[79, 36, 94, 31, 97] - 439.08893459599983
[79, 90, 94, 31, 97] - 439.776131837
[79, 36, 90, 31, 97] - 435.62994534780046
[79, 36, 90, 94, 31] - 554.8131909048988
[56, 24, 31] - 437.00214600000015
[56, 67, 71, 41, 31] - 474.51810326500004
[56, 67, 71, 97, 31] - 469.2036663017001
[56, 67, 71, 94, 31] - 469.99578843030093
[56, 67, 36, 71, 31] - 473.5650140452993
[56, 67, 90, 71, 31] - 470.52789137699983
[56, 71, 41, 97, 31] - 532.3912917236984
[56, 71, 94, 41, 31] - 532.5503149560998
[56, 36, 71, 41, 31] - 537.3590641009997
[56, 90, 71, 41, 31] - 531.1787710582997
[56, 38, 71, 31] - 541.5673342000002
[56, 71, 94, 31, 97] - 529.6780342595011
[56, 36, 71, 31, 97] - 533.8164750121997
[56, 90, 71, 31, 97] - 528.3778512701001
[56, 36, 71, 94, 31] - 535.6427965494996
[56, 90, 71, 94, 31] - 529.7956878354994
[56, 36, 90, 71, 31] - 533.7431944609999
[56, 67, 41, 97, 31] - 533.2051707538999
[56, 67, 94, 41, 31] - 532.9360880761998
[56, 67, 36, 41, 31] - 534.4404459622002
[56, 67, 90, 41, 31] - 532.9846760899998
[56, 67, 38, 31] - 542.6023796900014
[56, 67, 94, 31, 97] - 528.1176490369006
[56, 67, 36, 31, 97] - 530.1532360859004
[56, 67, 90, 31, 97] - 527.8280551804003
[56, 67, 36, 94, 31] - 530.7228891905996
[56, 67, 90, 94, 31] - 529.0834775502999
[56, 67, 36, 90, 31] - 530.0995877259998
[56, 38, 41, 31] - 547.0051070900001
[56, 36, 94, 41, 31, 97] - 492.7372055544002
[56, 90, 94, 41, 31, 97] - 489.42623761845977
[56, 36, 90, 41, 31, 97] - 489.8437588483928
[56, 36, 90, 94, 41, 31] - 490.3993163518895
[56, 38, 97, 31] - 540.3936457899995
[56, 38, 94, 31] - 540.5657484500007
[56, 36, 38, 31] - 545.5839029999994
[56, 38, 90, 31] - 541.0901667200011
[56, 36, 90, 94, 31, 97] - 489.02693964361373
[67, 24, 31] - 437.2224639999999
[24, 94, 41, 31] - 425.58551307000016
[24, 36, 41, 31] - 423.4603515099993
[24, 90, 41, 31] - 482.88655667000074
[24, 90, 31, 97] - 466.3987339999998
[24, 36, 94, 31] - 503.80038642
[24, 90, 94, 31] - 505.90553517999825
[24, 36, 90, 31] - 504.9666899299997
[67, 38, 71, 41, 31] - 529.1696966463
[67, 71, 41, 97, 31] - 524.0970282527996
[67, 36, 71, 94, 41, 31] - 423.29072471791096
[67, 36, 90, 71, 41, 31] - 426.07190517495263
[67, 38, 71, 97, 31] - 478.94393170740017
[67, 38, 71, 94, 31] - 496.2084692764994
[67, 36, 38, 71, 31] - 503.0054981634007
[67, 38, 90, 71, 31] - 545.0251600264988
[67, 71, 94, 31, 97] - 500.00591445470087
[67, 36, 71, 31, 97] - 504.38876763459973
[67, 90, 71, 31, 97] - 547.584232290301
[67, 36, 90, 71, 94, 31] - 442.27248065208073
[38, 71, 41, 97, 31] - 459.83005780630054
[38, 71, 94, 41, 31] - 477.49782092629965
[36, 38, 71, 41, 31] - 483.4180137534003
[38, 90, 71, 41, 31] - 525.065318386
[71, 94, 41, 31, 97] - 534.239406856701
[36, 71, 41, 31, 97] - 539.1070683127003
[36, 90, 71, 94, 41, 31] - 478.86677650773953
[38, 71, 94, 31, 97] - 428.2435891848004
[36, 38, 71, 31, 97] - 432.65989840999976
[38, 90, 71, 31, 97] - 475.2291221994
[36, 38, 71, 94, 31] - 497.5185239356005
[38, 90, 71, 94, 31] - 494.5151493244
[36, 38, 90, 71, 31] - 501.26827109210024
[36, 90, 71, 94, 31, 97] - 425.8087005711375
[67, 38, 41, 97, 31] - 461.00914995940065
[67, 38, 94, 41, 31] - 480.15658287840023
[67, 36, 38, 41, 31] - 486.7732179160999
[67, 38, 90, 41, 31] - 527.7921101492011
[67, 94, 41, 31, 97] - 535.1158717812995
[67, 36, 41, 31, 97] - 537.6911812005995
[67, 36, 90, 94, 41, 31] - 479.7087753161494
[67, 38, 94, 31, 97] - 439.4320501492
[67, 36, 38, 31, 97] - 445.0241124838003
[67, 38, 90, 31, 97] - 486.9803363060005
[67, 36, 38, 94, 31] - 510.40803082720095
[67, 38, 90, 94, 31] - 507.4914144129002
[67, 36, 38, 90, 31] - 515.3794201573997
[67, 36, 90, 94, 31, 97] - 432.1964856194889
[38, 90, 41, 31, 97] - 457.3920352588996
[36, 38, 94, 41, 31] - 485.4565348681002
[38, 90, 94, 41, 31] - 481.5794061297996
[36, 38, 90, 41, 31] - 488.3114493887995
[36, 90, 94, 41, 31, 97] - 493.40445641633596
[36, 38, 94, 31, 97] - 449.1811072532996
[38, 90, 94, 31, 97] - 446.88527156010025
[36, 38, 90, 31, 97] - 451.3793239137998
[36, 38, 90, 94, 31] - 521.8939473841002
[2, 5, 120] - 481.77895099999967
[2, 24, 38, 5] - 426.57735289000004
[2, 24, 5, 97] - 457.5106491999992
[2, 24, 5, 94] - 465.52864319999986
[2, 24, 36, 5] - 460.7641632399995
[2, 24, 5, 90] - 466.6497324000004
[2, 5, 38, 97] - 502.95820891000045
[2, 5, 38, 94] - 515.6685698200008
[2, 36, 5, 38] - 507.89021092999974
[2, 5, 38, 90] - 513.6603127500006
[2, 5, 94, 97] - 540.4710558599998
[2, 36, 5, 97] - 536.93761776
[2, 5, 90, 97] - 541.1497170199997
[2, 36, 5, 94] - 543.6121859600006
[2, 5, 90, 94] - 552.6261158300009
[2, 36, 5, 90] - 545.4999851199999
[67, 1, 5, 104] - 448.8815598499994
[1, 5, 104, 41] - 444.8158100299997
[1, 38, 5, 104] - 423.3991859700009
[1, 5, 104, 97] - 427.3736987700005
[1, 5, 104, 94] - 449.39156314999997
[1, 36, 5, 104] - 457.3438595799996
[1, 5, 104, 90] - 469.2730146400004
[88, 5, 104] - 551.9224040000006
[79, 5, 104] - 544.6439190000002
[56, 5, 104] - 447.6090699999995
[67, 5, 104, 71] - 524.8131690899994
[38, 5, 104, 71] - 484.6872720699994
[5, 104, 71, 97] - 522.8464589599992
[5, 104, 71, 94] - 521.7820674199994
[36, 5, 104, 71] - 529.4885116199994
[5, 104, 90, 71] - 544.2665230400005
[67, 5, 104, 41] - 451.5412417299997
[67, 38, 5, 104] - 518.6866998500004
[67, 5, 104, 97] - 553.17329307
[67, 5, 104, 94] - 557.3523687599996
[67, 36, 5, 104, 90] - 426.5879628479991
[38, 5, 104, 41] - 464.597370960001
[5, 104, 41, 97] - 449.2549937499999
[5, 104, 94, 41] - 471.8617088400004
[36, 5, 104, 41] - 477.29049315999976
[5, 104, 90, 41] - 491.4387240600003
[5, 104, 38, 97] - 533.7111154400003
[5, 104, 38, 94] - 526.2732754499993
[36, 5, 104, 38] - 532.6503432400012
[5, 104, 38, 90] - 544.0785261699997
[36, 5, 104, 94, 97] - 421.24374670219913
[36, 5, 104, 90, 97] - 425.5200193209001
[36, 5, 104, 90, 94] - 453.38808052839977
[56, 5, 120] - 475.8610089999995
[24, 5, 120] - 457.7175990000006
[5, 71, 120] - 434.87346699999983
[67, 5, 120] - 443.94710000000003
[5, 38, 97, 120] - 492.76879330000054
[5, 38, 94, 120] - 495.14026363999955
[36, 5, 38, 120] - 494.2842538400009
[5, 38, 90, 120] - 498.7436406999997
[5, 94, 97, 120] - 533.3715500900007
[36, 5, 97, 120] - 533.0576418999995
[5, 90, 97, 120] - 539.1483649500002
[36, 5, 94, 120] - 541.2284659900002
[5, 90, 94, 120] - 540.4324521100002
[36, 5, 90, 120] - 540.5480892400002
[88, 1, 5, 94] - 452.25141177
[88, 1, 36, 5] - 456.08019119999955
[88, 1, 5, 90] - 452.4292231400007
[1, 79, 5, 94] - 454.79818355
[1, 79, 36, 5] - 454.9627175400001
[1, 79, 5, 90] - 454.5170173699999
[1, 56, 5, 41] - 437.4906118400004
[1, 56, 5, 97] - 452.6505059899996
[1, 56, 5, 94] - 452.6715370099992
[1, 56, 36, 5] - 459.11492884999944
[1, 56, 5, 90] - 450.55880868999947
[67, 1, 5, 71] - 475.1583055299992
[1, 5, 71, 41] - 500.6304726799989
[1, 5, 71, 97] - 484.4210346700001
[1, 5, 71, 94] - 509.5912801499998
[1, 36, 5, 71] - 520.2319235699995
[1, 5, 90, 71] - 526.6788884500004
[1, 67, 5, 41] - 532.37691669
[1, 67, 38, 5] - 448.57697798
[1, 67, 5, 97] - 519.5142278600007
[1, 67, 5, 94] - 548.7696504500009
[1, 67, 36, 5] - 556.1147160700003
[1, 67, 5, 90] - 566.6756730100004
[1, 38, 5, 41] - 438.9279135999998
[1, 5, 90, 41, 97] - 421.75061443549987
[1, 36, 5, 94, 41] - 460.08428349369984
[1, 5, 90, 94, 41] - 455.08274186880004
[1, 36, 5, 90, 41] - 461.16479636670016
[1, 5, 38, 94] - 434.6456867899996
[1, 36, 5, 38] - 443.76482156999936
[1, 5, 38, 90] - 452.4555633499999
[1, 36, 5, 94, 97] - 447.7333556430997
[1, 5, 90, 94, 97] - 442.03152840219917
[1, 36, 5, 90, 97] - 446.0182594625997
[1, 36, 5, 90, 94] - 493.248694857199
[88, 67, 79, 5] - 432.36331292999995
[88, 79, 5, 97] - 533.2737934499992
[88, 79, 36, 5, 94] - 431.04093828069927
[88, 79, 5, 90, 94] - 433.1771644439996
[88, 79, 36, 5, 90] - 433.12672429179975
[88, 56, 5] - 542.0712689999993
[88, 24, 5] - 485.4236739999995
[88, 5, 71, 97] - 452.98990332999966
[88, 5, 71, 94] - 479.8737961500001
[88, 36, 5, 71] - 485.8984794000007
[88, 5, 90, 71] - 482.79673025
[88, 67, 5, 97] - 487.7663982600003
[88, 67, 5, 94] - 518.9641250199996
[88, 67, 36, 5] - 522.8784287899995
[88, 67, 5, 90] - 524.4896608000006
[88, 5, 94, 41] - 459.5597725400006
[88, 36, 5, 41] - 460.7111904999998
[88, 5, 90, 41] - 457.9591586400002
[88, 5, 38, 97] - 429.93560380999935
[88, 5, 38, 94] - 446.06123461999954
[88, 36, 5, 38] - 450.9005250399991
[88, 5, 38, 90] - 448.27670823999944
[88, 36, 5, 94, 97] - 480.97649871089936
[88, 5, 90, 94, 97] - 480.1345619243999
[88, 36, 5, 90, 97] - 481.8202475464002
[88, 36, 5, 90, 94] - 517.7481086543004
[56, 79, 5] - 542.3420679999997
[24, 79, 5] - 506.4606190000005
[79, 5, 71, 97] - 453.4958602899998
[79, 5, 71, 94] - 482.7781201300006
[79, 36, 5, 71] - 485.05968537999917
[79, 5, 90, 71] - 485.2589600600001
[67, 79, 5, 97] - 486.94922984000027
[67, 79, 5, 94] - 520.7250398300007
[67, 79, 36, 5] - 520.7252195800006
[67, 79, 5, 90] - 523.91930746
[79, 5, 94, 41] - 456.15961638999994
[79, 36, 5, 41] - 453.78913924999966
[79, 5, 90, 41] - 454.71596791000076
[79, 5, 38, 97] - 429.27649591
[79, 5, 38, 94] - 446.63177483999937
[79, 36, 5, 38] - 448.2013766299998
[79, 5, 38, 90] - 447.90223121
[79, 36, 5, 94, 97] - 486.1408451670995
[79, 5, 90, 94, 97] - 485.67573539529917
[79, 36, 5, 90, 97] - 485.36093721490073
[79, 36, 5, 90, 94] - 522.7749225301009
[56, 24, 5] - 462.83117900000013
[56, 5, 71, 97] - 482.60849073999947
[56, 5, 71, 94] - 485.0144599200001
[56, 36, 5, 71] - 490.04091677000014
[56, 5, 90, 71] - 482.70224218999914
[56, 67, 5, 97] - 482.32803614999966
[56, 67, 5, 94] - 487.66176639999867
[56, 67, 36, 5] - 489.5372661399998
[56, 67, 5, 90] - 485.6545028899997
[56, 5, 41, 97] - 478.4510305700008
[56, 5, 94, 41] - 481.60535779000054
[56, 36, 5, 41] - 485.3529971700002
[56, 5, 90, 41] - 478.35783870000057
[56, 5, 38, 97] - 498.4694482300003
[56, 5, 38, 94] - 502.72228632999975
[56, 36, 5, 38] - 506.2807030999996
[56, 5, 38, 90] - 500.4213360699996
[56, 36, 5, 94, 97] - 512.7885408375
[56, 5, 90, 94, 97] - 507.48654024899946
[56, 36, 5, 90, 97] - 508.2265904122995
[56, 36, 5, 90, 94] - 514.2376951447002
[24, 5, 41] - 550.2642370000008
[24, 5, 38, 97] - 449.9056368999994
[24, 5, 38, 94] - 446.0528094299998
[24, 36, 5, 38] - 439.61654063000026
[24, 5, 38, 90] - 457.8811808600001
[24, 36, 5, 94, 97] - 484.7151874724003
[24, 5, 90, 94, 97] - 486.4281177948995
[24, 36, 5, 90, 97] - 483.52052553660053
[24, 36, 5, 90, 94] - 512.5852394074002
[67, 5, 71, 41] - 463.6330288999994
[67, 38, 5, 71] - 534.5052621800006
[67, 5, 71, 94, 97] - 434.8658289048003
[67, 36, 5, 71, 97] - 440.37953788359926
[67, 5, 90, 71, 97] - 450.3417565646998
[67, 36, 5, 71, 94] - 462.8360793641994
[67, 5, 90, 71, 94] - 460.86977071869956
[67, 36, 5, 90, 71] - 468.378568953601
[38, 5, 71, 41] - 427.02962504999994
[5, 71, 41, 97] - 479.54077266000036
[5, 71, 94, 41] - 501.7042290599994
[36, 5, 71, 41] - 511.1022878800002
[5, 90, 71, 41] - 518.8461086
[5, 38, 90, 71, 97] - 425.3686025981997
[36, 5, 38, 71, 94] - 432.4617904395007
[5, 38, 90, 71, 94] - 430.8794051117001
[36, 5, 38, 90, 71] - 436.3564101787006
[36, 5, 71, 94, 97] - 514.8296941316996
[5, 90, 71, 94, 97] - 511.2214306228008
[36, 5, 90, 71, 97] - 516.0256288967994
[36, 5, 90, 71, 94] - 545.8744816770999
[67, 38, 5, 41] - 459.49220252000003
[67, 5, 41, 97] - 508.20877680999985
[67, 5, 94, 41] - 535.9860910399998
[67, 36, 5, 41] - 541.5437577099999
[67, 5, 90, 41] - 553.7209388800004
[67, 5, 38, 94, 97] - 437.9220096318006
[67, 36, 5, 38, 97] - 442.45490906460043
[67, 5, 38, 90, 97] - 450.7229261341998
[67, 36, 5, 38, 94] - 462.57009086029893
[67, 5, 38, 90, 94] - 460.43106937339945
[67, 36, 5, 38, 90] - 465.2786045292003
[67, 36, 5, 94, 97] - 540.2945663626997
[67, 5, 90, 94, 97] - 539.9564007237991
[67, 36, 5, 90, 97] - 542.6497600497004
[67, 36, 5, 90, 94] - 575.5648408882992
[5, 38, 94, 41, 97] - 478.6589196831001
[36, 5, 38, 41, 97] - 480.7629841764001
[5, 38, 90, 41, 97] - 489.9648772085989
[36, 5, 38, 94, 41] - 507.8761571778994
[5, 38, 90, 94, 41] - 507.59815912800025
[36, 5, 38, 90, 41] - 508.7820083830991
[36, 5, 90, 94, 41, 97] - 448.66028457940985
[36, 5, 38, 90, 94, 97] - 515.2281621776057
[2, 104] - 461.10809999999975
[88, 2, 120] - 543.1606330000003
[2, 79, 36, 120] - 423.9168241199999
[56, 24, 2, 120] - 547.722658169999
[56, 2, 38, 97, 120] - 441.36383689030015
[56, 2, 38, 94, 120] - 437.7137203013996
[56, 2, 36, 38, 120] - 439.88819993369947
[56, 2, 38, 90, 120] - 438.73453527550015
[56, 2, 94, 97, 120] - 444.0530313380002
[56, 2, 36, 97, 120] - 445.43683855239965
[56, 2, 90, 97, 120] - 445.0530146277999
[56, 2, 36, 94, 120] - 441.8556910269
[56, 2, 90, 94, 120] - 442.05200003450057
[56, 2, 36, 90, 120] - 443.5897775235994
[2, 24, 38, 94, 97, 120] - 435.6046421639416
[2, 24, 36, 38, 97, 120] - 434.24416953943694
[2, 24, 38, 90, 97, 120] - 434.81867061655055
[2, 24, 36, 38, 94, 120] - 434.22236480029727
[2, 24, 38, 90, 94, 120] - 435.0744537144555
[2, 24, 36, 38, 90, 120] - 433.7979112503578
[2, 24, 36, 94, 97, 120] - 446.4418992580441
[2, 24, 90, 94, 97, 120] - 448.59085893066083
[2, 24, 36, 90, 97, 120] - 447.0937752449867
[2, 24, 36, 90, 94, 120] - 446.6536475556574
[2, 71, 120] - 519.2409990000001
[67, 2, 120] - 520.943685
[2, 36, 38, 94, 97, 120] - 481.54449428684273
[2, 38, 90, 94, 97, 120] - 481.4371312553587
[2, 36, 38, 90, 97, 120] - 481.4126350161928
[2, 36, 38, 90, 94, 120] - 492.14111375868885
[2, 36, 90, 94, 97, 120] - 492.8889333861348
[88, 79, 2] - 530.1211420000003
[88, 56, 2] - 489.6712639999999
[88, 24, 2] - 444.4498850000001
[88, 2, 71] - 459.9029830000003
[88, 67, 2] - 463.8928979999999
[88, 2, 38, 97] - 473.55064818000034
[88, 2, 38, 94] - 489.48026988000015
[88, 2, 36, 38] - 497.6629267500002
[88, 2, 38, 90] - 495.54044896999983
[88, 2, 94, 97] - 502.9344568000008
[88, 2, 36, 97] - 510.87181950000075
[88, 2, 90, 97] - 510.5043345600011
[88, 2, 36, 94] - 526.67387914
[88, 2, 90, 94] - 526.9196009099996
[88, 2, 36, 90] - 534.7115238999999
[56, 2, 79] - 491.604342
[24, 2, 79] - 462.6063410000003
[2, 79, 71] - 465.76371399999994
[67, 2, 79] - 469.1187729999996
[2, 79, 38, 97] - 486.8017795600001
[2, 79, 38, 94] - 504.6763563100005
[2, 79, 36, 38] - 510.10406701999995
[2, 79, 38, 90] - 506.9365406600003
[2, 79, 94, 97] - 515.6906313500006
[2, 79, 36, 97] - 522.3240559300002
[2, 79, 90, 97] - 519.9260946900004
[2, 79, 36, 94] - 538.6470495000005
[2, 79, 90, 94] - 536.7009921299996
[2, 79, 36, 90] - 543.42625882
[56, 2, 24, 38] - 545.0387437399996
[56, 2, 24, 97] - 553.7634941800001
[56, 2, 24, 94] - 550.3337569900006
[56, 2, 24, 36] - 552.6125174999994
[56, 2, 24, 90] - 551.9518037100006
[56, 2, 71] - 426.5972530000003
[67, 56, 2] - 428.753706
[56, 2, 38, 94, 97] - 477.4953900793999
[56, 2, 36, 38, 97] - 479.5381247387003
[56, 2, 38, 90, 97] - 478.78099677910075
[56, 2, 36, 38, 94] - 476.85898408600036
[56, 2, 38, 90, 94] - 477.4278952655998
[56, 2, 36, 38, 90] - 478.5109393326992
[56, 2, 36, 94, 97] - 481.3819298915001
[56, 2, 90, 94, 97] - 482.3094840610006
[56, 2, 36, 90, 97] - 483.5731797026998
[56, 2, 36, 90, 94] - 481.93403237000035
[2, 24, 71] - 441.0335369999995
[67, 2, 24] - 449.08079700000036
[2, 24, 38, 41] - 425.6704798200002
[2, 24, 94, 41] - 425.6075797799997
[2, 24, 90, 41] - 424.26990024
[2, 24, 36, 38, 94, 97] - 560.7040970536264
[2, 24, 38, 90, 94, 97] - 561.1739485116024
[2, 24, 36, 38, 90, 97] - 561.3181318815142
[2, 24, 36, 38, 90, 94] - 565.2501385861409
[2, 24, 36, 90, 94, 97] - 582.2425520169795
[67, 2, 71] - 430.1055610000004
[2, 38, 71, 97] - 427.0705902500001
[2, 38, 71, 94] - 443.88441107999967
[2, 36, 38, 71] - 447.2901417999992
[2, 38, 90, 71] - 450.54406000999955
[2, 71, 94, 97] - 458.0472476500004
[2, 36, 71, 97] - 461.19927168000027
[2, 90, 71, 97] - 465.2810517300007
[2, 36, 71, 94] - 477.6369910900002
[2, 90, 71, 94] - 481.3668354999997
[2, 36, 90, 71] - 485.9627251499998
[67, 2, 38, 97] - 424.83774160999997
[67, 2, 38, 94] - 443.3081032400003
[67, 2, 36, 38] - 446.38408428999986
[67, 2, 38, 90] - 450.41065759000014
[67, 2, 94, 97] - 459.33157887999994
[67, 2, 36, 97] - 462.0034759500002
[67, 2, 90, 97] - 467.3481930100001
[67, 2, 36, 94] - 479.70455002000017
[67, 2, 90, 94] - 485.5213028999998
[67, 2, 36, 90] - 489.7826026900002
[2, 38, 41, 97] - 496.70670972000005
[2, 38, 94, 41] - 540.2839382800009
[2, 36, 38, 41] - 528.3694631700001
[2, 38, 90, 41] - 538.8589275900001
[2, 94, 41, 97] - 497.99790685999994
[2, 36, 41, 97] - 493.8494063099993
[2, 90, 41, 97] - 496.8502258600006
[2, 36, 94, 41] - 529.0442073100012
[2, 90, 94, 41] - 540.2030729499999
[2, 36, 90, 41] - 529.2866215099993
[2, 36, 38, 90, 94, 97] - 655.3884367174754
[1, 104, 120] - 469.69676899999985
[56, 104, 120] - 464.3920309999999
[67, 104, 71, 120] - 466.39419752999964
[38, 104, 71, 120] - 427.1122827299998
[104, 71, 97, 120] - 446.25075692999974
[104, 71, 94, 120] - 438.2110348999994
[36, 104, 71, 120] - 445.5103641700006
[104, 90, 71, 120] - 476.26579433999984
[67, 38, 104, 120] - 431.3710247
[67, 104, 97, 120] - 446.68767436000036
[67, 104, 94, 120] - 439.71218641
[67, 36, 104, 120] - 447.7161565299997
[67, 104, 90, 120] - 478.0143047299997
[104, 41, 120] - 510.0064900000002
[104, 38, 90, 120] - 448.29199271000044
[104, 94, 97, 120] - 431.1932509199997
[36, 104, 97, 120] - 438.06678791000013
[104, 90, 97, 120] - 466.9744169399993
[36, 104, 94, 120] - 463.37263064000064
[104, 90, 94, 120] - 460.81331723999926
[36, 104, 90, 120] - 469.73926025000014
[88, 1, 79, 104] - 453.2670296899999
[88, 1, 104, 71] - 464.76247968
[88, 67, 1, 104] - 524.4787741600004
[88, 1, 104, 41] - 509.9297244999995
[88, 1, 38, 104] - 447.18163009000034
[88, 1, 104, 97] - 469.35459320999996
[88, 1, 36, 104, 94] - 434.1446136768994
[88, 1, 104, 90, 94] - 428.9985028948004
[88, 1, 36, 104, 90] - 437.54674164750077
[1, 79, 104, 71] - 461.82834818999964
[67, 1, 79, 104] - 520.7457926299992
[1, 79, 104, 41] - 504.96776146999997
[1, 79, 38, 104] - 444.0664531799996
[1, 79, 104, 97] - 461.3748753199992
[1, 79, 36, 104, 94] - 427.42341021940007
[1, 79, 104, 90, 94] - 427.84948504600055
[1, 79, 36, 104, 90] - 434.5017716550005
[67, 1, 56, 104, 71] - 429.4418716009002
[1, 56, 104, 71, 97] - 430.9046953795989
[1, 56, 104, 71, 94] - 429.5453874996004
[1, 56, 36, 104, 71] - 434.35182292690064
[1, 56, 104, 90, 71] - 430.59327652429977
[1, 56, 67, 104, 97] - 428.34633572300004
[1, 56, 67, 104, 94] - 426.28705592699987
[1, 56, 67, 36, 104] - 432.1310974302
[1, 56, 67, 104, 90] - 427.78507599700026
[1, 56, 104, 41] - 542.5287817600008
[1, 56, 38, 104] - 535.8972049
[1, 56, 104, 94, 97] - 427.1947675656004
[1, 56, 36, 104, 97] - 432.6408148297003
[1, 56, 104, 90, 97] - 428.0874740435999
[1, 56, 36, 104, 94] - 432.35708001520055
[1, 56, 104, 90, 94] - 427.8919286998002
[1, 56, 36, 104, 90] - 433.2048953236002
[1, 67, 38, 104, 71, 41] - 443.5197895953553
[1, 67, 104, 71, 41, 97] - 436.710622279218
[1, 67, 36, 104, 71, 41] - 423.40285286602585
[1, 67, 104, 90, 71, 41] - 456.283240315299
[1, 67, 104, 38, 71, 97] - 449.90207303785115
[1, 67, 36, 104, 38, 71] - 425.1344565232216
[1, 67, 104, 38, 90, 71] - 457.5639297253232
[1, 67, 104, 71, 94, 97] - 428.63747757881845
[1, 67, 36, 104, 71, 97] - 435.2312938331833
[1, 67, 104, 90, 71, 97] - 467.58528953421404
[1, 67, 36, 104, 71, 94] - 453.03485391200275
[1, 67, 104, 90, 71, 94] - 449.863423979708
[1, 67, 36, 104, 90, 71] - 457.60262424801186
[1, 104, 38, 71, 41, 97] - 435.5434460344072
[1, 104, 38, 90, 71, 41] - 442.9442860320454
[1, 104, 90, 71, 41, 97] - 436.0708428289567
[1, 36, 104, 71, 94, 41] - 433.8930549827005
[1, 104, 90, 71, 94, 41] - 430.4116308548198
[1, 36, 104, 90, 71, 41] - 437.81435751823034
[1, 104, 38, 90, 71, 97] - 448.2406372118612
[1, 36, 104, 38, 71, 94] - 422.5045033168825
[1, 36, 104, 38, 90, 71] - 426.3765467891922
[1, 36, 104, 71, 94, 97] - 433.5723948707714
[1, 104, 90, 71, 94, 97] - 429.9262859537996
[1, 36, 104, 90, 71, 97] - 436.4916711300026
[1, 36, 104, 90, 71, 94] - 468.9130411753276
[1, 67, 104, 38, 41, 97] - 470.12916997103633
[1, 67, 104, 38, 94, 41] - 438.58675974816305
[1, 67, 36, 104, 38, 41] - 445.68156995094296
[1, 67, 104, 38, 90, 41] - 477.0548648678545
[1, 67, 104, 94, 41, 97] - 431.1690781662716
[1, 67, 36, 104, 41, 97] - 437.8719478984366
[1, 67, 104, 90, 41, 97] - 469.6713085100438
[1, 67, 36, 104, 94, 41] - 467.9983873981037
[1, 67, 104, 90, 94, 41] - 464.6488841236954
[1, 67, 36, 104, 90, 41] - 472.7051774318634
[1, 67, 104, 38, 94, 97] - 445.4326475115129
[1, 67, 36, 104, 38, 97] - 452.57619447720793
[1, 67, 104, 38, 90, 97] - 483.835742801806
[1, 67, 36, 104, 38, 94] - 457.8838319281137
[1, 67, 104, 38, 90, 94] - 454.0573079232847
[1, 67, 36, 104, 38, 90] - 462.16581135340925
[1, 67, 36, 104, 94, 97] - 467.4086527252352
[1, 67, 104, 90, 94, 97] - 463.7489430532436
[1, 67, 36, 104, 90, 97] - 471.3090490974112
[1, 67, 36, 104, 90, 94] - 502.2843457835896
[1, 104, 38, 94, 41, 97] - 429.8760371091716
[1, 36, 104, 38, 41, 97] - 436.58285411626946
[1, 104, 38, 90, 41, 97] - 467.77476019855754
[1, 36, 104, 38, 94, 41] - 445.1449444973055
[1, 104, 38, 90, 94, 41] - 440.6795065349552
[1, 36, 104, 38, 90, 41] - 448.4627579827605
[1, 36, 104, 94, 41, 97] - 435.2917727351948
[1, 104, 90, 94, 41, 97] - 430.9838645710594
[1, 36, 104, 90, 41, 97] - 437.8904931893212
[1, 36, 104, 90, 94, 41] - 497.9343203876742
[1, 36, 104, 38, 94, 97] - 448.79072088466046
[1, 104, 38, 90, 94, 97] - 444.47998134627653
[1, 36, 104, 38, 90, 97] - 451.98395411450036
[1, 36, 104, 38, 90, 94] - 461.25907453053463
[1, 36, 104, 90, 94, 97] - 468.565151299402
[88, 79, 104, 71] - 554.4594120699983
[88, 67, 79, 104, 94] - 455.7136516332993
[88, 67, 79, 36, 104] - 462.8902991996
[88, 67, 79, 104, 90] - 464.89086589900035
[88, 79, 104, 41] - 501.3472233599998
[88, 79, 38, 104] - 551.7405888900008
[88, 79, 104, 94, 97] - 430.9236787548998
[88, 79, 36, 104, 97] - 437.6069412894
[88, 79, 104, 90, 97] - 437.74795857090044
[88, 79, 36, 104, 94] - 529.4308475129003
[88, 79, 104, 90, 94] - 529.9288351532001
[88, 79, 36, 104, 90] - 539.4976552491996
[88, 67, 104, 71, 97] - 428.1980315764007
[88, 67, 104, 71, 94] - 463.8678267765992
[88, 67, 36, 104, 71] - 474.4572136612997
[88, 67, 104, 90, 71] - 472.20895507879976
[88, 104, 71, 41] - 469.6863429600002
[88, 36, 104, 38, 71] - 426.6455799616001
[88, 104, 38, 90, 71] - 422.3238315779006
[88, 104, 71, 94, 97] - 441.60127905320024
[88, 36, 104, 71, 97] - 450.7578975815002
[88, 104, 90, 71, 97] - 447.0843142759998
[88, 36, 104, 71, 94] - 504.1306160066997
[88, 104, 90, 71, 94] - 500.3448529613005
[88, 36, 104, 90, 71] - 511.1941977218996
[88, 67, 104, 41] - 528.2547000799999
[88, 67, 104, 38, 97] - 441.4952004009997
[88, 67, 104, 38, 94] - 462.8711448590006
[88, 67, 36, 104, 38] - 472.2797510149998
[88, 67, 104, 38, 90] - 468.6642985769999
[88, 67, 104, 94, 97] - 485.1625790722993
[88, 67, 36, 104, 97] - 494.8689381787002
[88, 67, 104, 90, 97] - 491.7416891775003
[88, 67, 36, 104, 94] - 548.888067298601
[88, 67, 104, 90, 94] - 546.2848526765
[88, 67, 36, 104, 90] - 557.7883382490012
[88, 38, 104, 41] - 526.5461007800002
[88, 104, 41, 97] - 494.5817204499998
[88, 36, 104, 94, 41] - 469.0413220993
[88, 104, 90, 94, 41] - 465.2124832773993
[88, 36, 104, 90, 41] - 471.8727131741985
[88, 104, 38, 94, 97] - 472.93195636430085
[88, 36, 104, 38, 97] - 481.68635239460025
[88, 104, 38, 90, 97] - 477.06202798889956
[88, 36, 104, 38, 94] - 503.3309754740003
[88, 104, 38, 90, 94] - 497.89623313029983
[88, 36, 104, 38, 90] - 507.48172814360026
[88, 36, 104, 94, 97] - 527.3078984729
[88, 104, 90, 94, 97] - 523.0712628979991
[88, 36, 104, 90, 97] - 533.3011197094004
[88, 36, 104, 90, 94] - 622.9274645969012
[67, 79, 104, 71, 97] - 427.6070696953003
[67, 79, 104, 71, 94] - 466.48001476419927
[67, 79, 36, 104, 71] - 473.02801672469957
[67, 79, 104, 90, 71] - 476.3704836339
[79, 104, 71, 41] - 469.07786054000013
[79, 36, 104, 38, 71] - 426.6642261380997
[79, 104, 38, 90, 71] - 427.7616888381995
[79, 104, 71, 94, 97] - 440.8292891640005
[79, 36, 104, 71, 97] - 445.6882397470996
[79, 104, 90, 71, 97] - 448.36238670939923
[79, 36, 104, 71, 94] - 502.7338287361005
[79, 104, 90, 71, 94] - 505.18436034589973
[79, 36, 104, 90, 71] - 512.8126673776994
[67, 79, 104, 41] - 526.2387255
[67, 79, 104, 38, 97] - 442.2080554740002
[67, 79, 104, 38, 94] - 466.4808604307999
[67, 79, 36, 104, 38] - 471.7273556764999
[67, 79, 104, 38, 90] - 473.9481398160997
[67, 79, 104, 94, 97] - 485.9148195018989
[67, 79, 36, 104, 97] - 490.4309014101001
[67, 79, 104, 90, 97] - 493.7652528375997
[67, 79, 36, 104, 94] - 547.3442763589014
[67, 79, 104, 90, 94] - 550.9148505489009
[67, 79, 36, 104, 90] - 558.5210126829994
[79, 38, 104, 41] - 527.6816520200009
[79, 104, 41, 97] - 488.9116446700009
[79, 36, 104, 94, 41] - 463.6202550242999
[79, 104, 90, 94, 41] - 466.1228803232001
[79, 36, 104, 90, 41] - 470.0698962750994
[79, 104, 38, 94, 97] - 474.1063778796004
[79, 36, 104, 38, 97] - 478.92308674779986
[79, 104, 38, 90, 97] - 480.06530831850046
[79, 36, 104, 38, 94] - 503.08546415499956
[79, 104, 38, 90, 94] - 503.39800094620097
[79, 36, 104, 38, 90] - 510.53858607609925
[79, 36, 104, 94, 97] - 523.3725595292998
[79, 104, 90, 94, 97] - 525.4210210896988
[79, 36, 104, 90, 97] - 531.8742214881003
[79, 36, 104, 90, 94] - 624.1629736977998
[56, 67, 104, 71, 41] - 432.66846319900026
[56, 67, 38, 104, 71] - 427.4854843679994
[56, 67, 104, 71, 97] - 452.29196043090116
[56, 67, 104, 71, 94] - 450.83317734589986
[56, 67, 36, 104, 71] - 454.46071578089993
[56, 67, 104, 90, 71] - 452.2474777383993
[56, 38, 104, 71, 41] - 446.9803585476005
[56, 104, 71, 41, 97] - 449.35349383549953
[56, 104, 71, 94, 41] - 447.6342541024001
[56, 36, 104, 71, 41] - 451.77737684230016
[56, 104, 90, 71, 41] - 448.96121007069974
[56, 104, 38, 71, 97] - 443.7194417638999
[56, 104, 38, 71, 94] - 442.6420893117003
[56, 36, 104, 38, 71] - 446.7513729474999
[56, 104, 38, 90, 71] - 443.6573825590993
[56, 104, 71, 94, 97] - 468.75696968060026
[56, 36, 104, 71, 97] - 472.86354170269885
[56, 104, 90, 71, 97] - 469.4685539158001
[56, 36, 104, 71, 94] - 472.5023366621993
[56, 104, 90, 71, 94] - 469.2961969739991
[56, 36, 104, 90, 71] - 473.4135121793002
[56, 67, 38, 104, 41] - 448.01372496610014
[56, 67, 104, 41, 97] - 447.58936963570056
[56, 67, 104, 94, 41] - 446.6792307771994
[56, 67, 36, 104, 41] - 450.44838303799986
[56, 67, 104, 90, 41] - 448.5388053494994
[56, 67, 104, 38, 97] - 442.51707035459947
[56, 67, 104, 38, 94] - 442.2654325789994
[56, 67, 36, 104, 38] - 445.8646605551997
[56, 67, 104, 38, 90] - 443.8694381358991
[56, 67, 104, 94, 97] - 464.1542725895006
[56, 67, 36, 104, 97] - 468.12887998230104
[56, 67, 104, 90, 97] - 465.25057834070003
[56, 67, 36, 104, 94] - 468.4624021525
[56, 67, 104, 90, 94] - 466.30090752900054
[56, 67, 36, 104, 90] - 469.6159087082007
[56, 104, 38, 41, 97] - 479.13251184630013
[56, 104, 38, 94, 41] - 477.98485012420036
[56, 36, 104, 38, 41] - 482.28388920460054
[56, 104, 38, 90, 41] - 479.768007662199
[56, 104, 94, 41, 97] - 478.53662591050005
[56, 36, 104, 41, 97] - 482.97099780769975
[56, 104, 90, 41, 97] - 480.24190694269856
[56, 36, 104, 94, 41] - 482.4827997015001
[56, 104, 90, 94, 41] - 480.05498006599953
[56, 36, 104, 90, 41] - 484.1522434093998
[56, 104, 38, 94, 97] - 474.858589896699
[56, 36, 104, 38, 97] - 478.8569311470999
[56, 104, 38, 90, 97] - 475.7278822825004
[56, 36, 104, 38, 94] - 479.6318468085001
[56, 104, 38, 90, 94] - 476.78443899220076
[56, 36, 104, 38, 90] - 480.67115459700005
[56, 36, 104, 94, 97] - 503.00469402050055
[56, 104, 90, 94, 97] - 499.9241308212992
[56, 36, 104, 90, 97] - 503.6095047050996
[56, 36, 104, 90, 94] - 505.5930983947004
[24, 104] - 443.11000000000007
[67, 104, 38, 71, 41, 97] - 454.41356334889724
[67, 104, 38, 71, 94, 41] - 433.2490950174192
[67, 36, 104, 38, 71, 41] - 438.5691869381518
[67, 104, 38, 90, 71, 41] - 473.8793850195196
[67, 104, 90, 71, 41, 97] - 454.22447801435766
[67, 36, 104, 71, 94, 41] - 449.04142209923265
[67, 104, 90, 71, 94, 41] - 447.41427657825494
[67, 36, 104, 90, 71, 41] - 453.8696834488882
[67, 104, 38, 71, 94, 97] - 490.3088103054874
[67, 36, 104, 38, 71, 97] - 497.6340200609734
[67, 104, 38, 90, 71, 97] - 531.769773742931
[67, 36, 104, 38, 71, 94] - 512.913263616486
[67, 104, 38, 90, 71, 94] - 510.4304111429087
[67, 36, 104, 38, 90, 71] - 519.3009412542962
[67, 36, 104, 71, 94, 97] - 528.6864035715724
[67, 104, 90, 71, 94, 97] - 526.9279799417781
[67, 36, 104, 90, 71, 97] - 535.6219190927766
[67, 36, 104, 90, 71, 94] - 563.0411055337587
[104, 38, 71, 94, 41, 97] - 425.0230894007042
[36, 104, 38, 71, 41, 97] - 430.00065325776933
[104, 38, 90, 71, 41, 97] - 464.45111369718904
[36, 104, 38, 71, 94, 41] - 447.53748263004144
[104, 38, 90, 71, 94, 41] - 445.0260160428745
[36, 104, 38, 90, 71, 41] - 451.3887637155987
[36, 104, 71, 94, 41, 97] - 429.6128254939195
[104, 90, 71, 94, 41, 97] - 426.9295520715072
[36, 104, 90, 71, 41, 97] - 432.28413727177303
[36, 104, 90, 71, 94, 41] - 475.25856213515283
[36, 104, 38, 71, 94, 97] - 504.4824114561985
[104, 38, 90, 71, 94, 97] - 501.3052329758162
[36, 104, 38, 90, 71, 97] - 509.3578940149839
[36, 104, 38, 90, 71, 94] - 525.4241736794296
[36, 104, 90, 71, 94, 97] - 542.6716564160625
[67, 104, 38, 94, 41, 97] - 459.2143357486536
[67, 36, 104, 38, 41, 97] - 464.08546147798126
[67, 104, 38, 90, 41, 97] - 498.1392524025493
[67, 36, 104, 38, 94, 41] - 482.1293433940986
[67, 104, 38, 90, 94, 41] - 480.4738091027634
[67, 36, 104, 38, 90, 41] - 486.2528514861182
[67, 36, 104, 94, 41, 97] - 461.8871232472214
[67, 104, 90, 94, 41, 97] - 460.1501953941313
[67, 36, 104, 90, 41, 97] - 465.2839333764557
[67, 36, 104, 90, 94, 41] - 509.1309091979664
[67, 36, 104, 38, 94, 97] - 540.0905495389658
[67, 104, 38, 90, 94, 97] - 537.5751086258743
[67, 36, 104, 38, 90, 97] - 545.7943442060017
[67, 36, 104, 38, 90, 94] - 561.6851874902646
[67, 36, 104, 90, 94, 97] - 577.6031611232712
[36, 104, 38, 94, 41, 97] - 486.0895548337311
[104, 38, 90, 94, 41, 97] - 483.4791423028189
[36, 104, 38, 90, 41, 97] - 489.02886580030395
[36, 104, 38, 90, 94, 41] - 510.10055695182314
[36, 104, 90, 94, 41, 97] - 488.1497872884362
[36, 104, 38, 90, 94, 97] - 566.1622220452026
[1, 71, 120] - 484.5193869999996
[67, 1, 120] - 492.91327199999955
[1, 38, 120] - 432.3868230000002
[1, 97, 120] - 499.8984430000001
[1, 94, 120] - 467.5682980000004
[1, 36, 120] - 471.8463260000003
[1, 90, 120] - 508.2067520000003
[88, 79, 120] - 485.5101340000002
[88, 56, 97, 120] - 435.8571882999995
[88, 56, 94, 120] - 432.41106674999986
[88, 56, 36, 120] - 438.73890330999944
[88, 56, 90, 120] - 433.0644418199995
[88, 24, 120] - 425.3352060000004
[88, 71, 120] - 522.7479590000003
[88, 67, 120] - 530.7984740000004
[88, 38, 97, 120] - 476.7532797300003
[88, 38, 94, 120] - 496.83224047999965
[88, 36, 38, 120] - 505.67646726000027
[88, 38, 90, 120] - 501.1079722100005
[88, 94, 97, 120] - 524.4231547399997
[88, 36, 97, 120] - 532.8211666
[88, 90, 97, 120] - 527.9847173400001
[88, 36, 94, 120] - 552.9487287899996
[88, 90, 94, 120] - 549.6680842500002
[88, 36, 90, 120] - 558.4630247199999
[56, 79, 97, 120] - 440.6446090099998
[56, 79, 94, 120] - 438.38418289000003
[56, 79, 36, 120] - 442.11244338000046
[56, 79, 90, 120] - 435.86418310000033
[24, 79, 120] - 477.9156560000002
[79, 71, 120] - 543.5952890000001
[67, 79, 120] - 550.3122329999998
[79, 38, 97, 120] - 493.70266995999964
[79, 38, 94, 120] - 517.7718755199998
[79, 36, 38, 120] - 522.6319640000002
[79, 38, 90, 120] - 518.2738437800004
[79, 36, 94, 97, 120] - 423.33162657279985
[79, 36, 90, 97, 120] - 423.35318243130007
[79, 36, 90, 94, 120] - 440.4196833391002
[56, 24, 38, 120] - 540.3822499100012
[56, 24, 97, 120] - 549.7310121900002
[56, 24, 94, 120] - 546.1434263200006
[56, 24, 36, 120] - 546.5603051900009
[56, 24, 90, 120] - 545.6352907899999
[67, 56, 71, 120] - 450.4084031300006
[56, 38, 71, 97, 120] - 421.92680875150006
[56, 36, 38, 71, 120] - 423.7637881695
[56, 38, 90, 71, 120] - 422.7802844201001
[56, 71, 94, 97, 120] - 448.22163525599984
[56, 36, 71, 97, 120] - 451.16603205529964
[56, 90, 71, 97, 120] - 450.16849809239994
[56, 36, 71, 94, 120] - 449.76624801130004
[56, 90, 71, 94, 120] - 448.5602873550012
[56, 36, 90, 71, 120] - 452.5207309488993
[56, 67, 38, 97, 120] - 423.1744309399
[56, 67, 38, 94, 120] - 421.2110124082999
[56, 67, 36, 38, 120] - 424.9449028981993
[56, 67, 38, 90, 120] - 423.69040783749983
[56, 67, 94, 97, 120] - 447.9993835981998
[56, 67, 36, 97, 120] - 451.04583279750085
[56, 67, 90, 97, 120] - 450.040968564301
[56, 67, 36, 94, 120] - 449.6949998850997
[56, 67, 90, 94, 120] - 448.5262091086997
[56, 67, 36, 90, 120] - 452.3724171544999
[56, 41, 120] - 426.3802670000003
[56, 36, 38, 94, 97, 120] - 484.482476114399
[56, 38, 90, 94, 97, 120] - 481.3549372458689
[56, 36, 38, 90, 97, 120] - 485.71135473058115
[56, 36, 38, 90, 94, 120] - 482.7267830515925
[56, 36, 90, 94, 97, 120] - 505.7857762622746
[24, 71, 120] - 479.39208099999973
[67, 24, 120] - 492.42631299999965
[24, 36, 38, 94, 97, 120] - 445.97484358581715
[24, 38, 90, 94, 97, 120] - 448.22392272073944
[24, 36, 38, 90, 97, 120] - 445.62666724771634
[24, 36, 38, 90, 94, 120] - 445.65935951012625
[24, 36, 90, 94, 97, 120] - 472.33708506359534
[67, 38, 71, 120] - 547.38664087
[67, 90, 71, 97, 120] - 431.83683927680113
[67, 36, 71, 94, 120] - 426.0520294510001
[67, 90, 71, 94, 120] - 425.5733109249004
[67, 36, 90, 71, 120] - 432.37679337779883
[71, 41, 120] - 479.02823600000033
[38, 71, 94, 97, 120] - 472.8432896553994
[36, 38, 71, 97, 120] - 477.28007041280017
[38, 90, 71, 97, 120] - 500.3862119369999
[36, 38, 71, 94, 120] - 494.1770666335994
[38, 90, 71, 94, 120] - 493.02984208189946
[36, 38, 90, 71, 120] - 499.1442569519999
[36, 71, 94, 97, 120] - 521.9264410693
[90, 71, 94, 97, 120] - 520.7654873905994
[36, 90, 71, 97, 120] - 526.0309461296997
[36, 90, 71, 94, 120] - 543.8807793334006
[67, 41, 120] - 481.7786389999993
[67, 38, 94, 97, 120] - 477.8616916188005
[67, 36, 38, 97, 120] - 482.4712939091998
[67, 38, 90, 97, 120] - 504.94193707360097
[67, 36, 38, 94, 120] - 498.4726947974997
[67, 38, 90, 94, 120] - 497.66321375980044
[67, 36, 38, 90, 120] - 504.06568685750085
[67, 36, 94, 97, 120] - 526.7103225983009
[67, 90, 94, 97, 120] - 526.0093641557997
[67, 36, 90, 97, 120] - 531.1749099661996
[67, 36, 90, 94, 120] - 548.6561547056997
[38, 41, 97, 120] - 549.7655224300014
[38, 94, 41, 120] - 547.69740552
[36, 38, 41, 120] - 549.4821804600008
[38, 90, 41, 120] - 579.7485471600008
[94, 41, 97, 120] - 521.8173350600001
[36, 41, 97, 120] - 522.1248897900003
[90, 41, 97, 120] - 552.8656121299999
[36, 94, 41, 120] - 552.7868496000003
[90, 94, 41, 120] - 552.3841908499993
[36, 90, 41, 120] - 554.6376581900007
[36, 38, 90, 94, 97, 120] - 648.3478113749577
[88, 1, 24, 79] - 472.0316957400006
[88, 1, 79, 71] - 525.7130938999995
[88, 1, 67, 79, 94] - 447.28138401189926
[88, 1, 67, 79, 36] - 450.6227523007999
[88, 1, 67, 79, 90] - 451.9606340907003
[88, 1, 79, 41, 97] - 458.7455536594003
[88, 1, 79, 94, 41] - 548.6129928201999
[88, 1, 79, 36, 41] - 550.1954351276003
[88, 1, 79, 90, 41] - 547.5217250221001
[88, 1, 79, 94, 97] - 518.2550311587995
[88, 1, 79, 36, 97] - 519.5431633478995
[88, 1, 79, 90, 97] - 516.6247050360001
[88, 1, 79, 36, 90, 94] - 456.94482671066226
[88, 1, 56, 41] - 505.91724223999944
[88, 1, 56, 97] - 541.2427944999997
[88, 1, 56, 94] - 539.5968131700005
[88, 1, 56, 36] - 539.7264634300001
[88, 1, 56, 90] - 533.3441285399994
[88, 1, 24, 41] - 421.10729686000013
[88, 1, 24, 94] - 468.07148323999934
[88, 1, 24, 36] - 467.51121796999973
[88, 1, 24, 90] - 469.9435550100008
[88, 1, 67, 36, 71] - 421.1253723886995
[88, 1, 71, 94, 41] - 444.5797413299998
[88, 1, 36, 71, 41] - 452.07900395769957
[88, 1, 90, 71, 41] - 443.79674653630013
[88, 1, 71, 94, 97] - 427.16070541360097
[88, 1, 36, 71, 97] - 433.1962774093994
[88, 1, 90, 71, 97] - 426.2311402964997
[88, 1, 36, 71, 94] - 497.31540029319984
[88, 1, 90, 71, 94] - 490.19269503330065
[88, 1, 36, 90, 71] - 497.5106191293999
[88, 1, 67, 41, 97] - 426.1209788486989
[88, 1, 67, 94, 41] - 491.4169367691005
[88, 1, 67, 36, 41] - 497.2968284530993
[88, 1, 67, 90, 41] - 493.7747783362003
[88, 1, 67, 38] - 492.82434441999976
[88, 1, 67, 94, 97] - 480.84358185429966
[88, 1, 67, 36, 97] - 487.24471666440036
[88, 1, 67, 90, 97] - 483.6067735335004
[88, 1, 67, 36, 94] - 551.3076872306992
[88, 1, 67, 90, 94] - 547.9947854558003
[88, 1, 67, 36, 90] - 555.4053684165999
[88, 1, 38, 41] - 447.04502401000025
[88, 1, 94, 41, 97] - 551.8037129134999
[88, 1, 36, 41, 97] - 555.3662289263995
[88, 1, 90, 41, 97] - 548.0547754271998
[88, 1, 36, 90, 94, 41] - 488.2597959548205
[88, 1, 38, 97] - 450.0538066299999
[88, 1, 38, 94] - 489.53151661999993
[88, 1, 36, 38] - 500.7547807900005
[88, 1, 38, 90] - 491.8903446799991
[88, 1, 36, 90, 94, 97] - 458.19747525688143
[1, 56, 79, 41] - 501.81961063
[1, 56, 79, 97] - 533.9965832799986
[1, 56, 79, 94] - 536.3567720300001
[1, 56, 79, 36] - 532.9277564699994
[1, 56, 79, 90] - 530.8679037099996
[1, 79, 24, 94] - 491.72137116999977
[1, 79, 24, 36] - 489.23051817999954
[1, 79, 24, 90] - 490.2358790399998
[1, 67, 79, 36, 71] - 420.91812354529975
[1, 67, 79, 90, 71] - 421.0075451848003
[1, 79, 71, 94, 41] - 444.1659318871001
[1, 79, 36, 71, 41] - 448.1289392289997
[1, 79, 90, 71, 41] - 445.57234966659996
[1, 79, 71, 94, 97] - 432.0044039389993
[1, 79, 36, 71, 97] - 434.84530552200005
[1, 79, 90, 71, 97] - 433.2313423186004
[1, 79, 36, 71, 94] - 503.3807827049002
[1, 79, 90, 71, 94] - 501.3419608027995
[1, 79, 36, 90, 71] - 506.7477079427993
[1, 67, 79, 94, 41] - 486.8037992953996
[1, 67, 79, 36, 41] - 489.04845721079994
[1, 67, 79, 90, 41] - 490.52501030789944
[1, 67, 79, 38] - 492.23037280999927
[1, 67, 79, 94, 97] - 484.39215880170104
[1, 67, 79, 36, 97] - 485.9599066023
[1, 67, 79, 90, 97] - 487.3646634505003
[1, 67, 79, 36, 94] - 553.2901222277018
[1, 67, 79, 90, 94] - 554.4198551371989
[1, 67, 79, 36, 90] - 558.8726126691005
[1, 79, 38, 41] - 446.31984544000017
[1, 79, 94, 41, 97] - 544.0290319488995
[1, 79, 36, 41, 97] - 543.4551581439991
[1, 79, 90, 41, 97] - 542.0519287263999
[1, 79, 36, 90, 94, 41] - 484.24753777102677
[1, 79, 38, 97] - 445.5793346300005
[1, 79, 38, 94] - 488.80954198000035
[1, 79, 36, 38] - 496.9398653799999
[1, 79, 38, 90] - 494.7564493899998
[1, 79, 36, 90, 94, 97] - 465.70080182221693
[1, 56, 24] - 436.04961
[1, 56, 67, 71, 41] - 470.6067846696005
[1, 56, 67, 71, 97] - 490.40406634460004
[1, 56, 67, 71, 94] - 489.9442646519001
[1, 56, 67, 36, 71] - 494.8233243578999
[1, 56, 67, 90, 71] - 490.5776830608
[1, 56, 71, 41, 97] - 528.5157198210006
[1, 56, 71, 94, 41] - 527.899884180301
[1, 56, 36, 71, 41] - 533.9267141970997
[1, 56, 90, 71, 41] - 526.6642250438015
[1, 56, 38, 71] - 537.4134662499994
[1, 56, 71, 94, 97] - 551.0624161082994
[1, 56, 36, 71, 97] - 555.9690376642001
[1, 56, 90, 71, 97] - 549.3189087532986
[1, 56, 36, 71, 94] - 556.7719553697984
[1, 56, 90, 71, 94] - 549.8141500469013
[1, 56, 36, 90, 71] - 554.7177093719987
[1, 56, 67, 41, 97] - 528.1008237242997
[1, 56, 67, 94, 41] - 526.6863989924
[1, 56, 67, 36, 41] - 530.0179219257997
[1, 56, 67, 90, 41] - 527.5983929805996
[1, 56, 67, 38] - 537.7292357300004
[1, 56, 67, 94, 97] - 546.7644672726009
[1, 56, 67, 36, 97] - 550.3812415820998
[1, 56, 67, 90, 97] - 546.7383017726999
[1, 56, 67, 36, 94] - 549.8119120444011
[1, 56, 67, 90, 94] - 546.7044043596001
[1, 56, 67, 36, 90] - 549.5341439722
[1, 56, 38, 41] - 540.9095660000002
[1, 56, 36, 94, 41, 97] - 489.0950107893639
[1, 56, 90, 94, 41, 97] - 484.93783045761825
[1, 56, 36, 90, 41, 97] - 486.81949583969845
[1, 56, 36, 90, 94, 41] - 486.1145449066654
[1, 56, 38, 97] - 535.855706459999
[1, 56, 38, 94] - 534.826619850001
[1, 56, 36, 38] - 542.2916064499996
[1, 56, 38, 90] - 535.9331987600009
[1, 56, 36, 90, 94, 97] - 503.9198841321395
[67, 1, 24] - 438.2930770000002
[1, 24, 94, 41] - 422.23822777999993
[1, 24, 90, 41] - 481.68596199000007
[1, 24, 90, 97] - 455.9281777300006
[1, 24, 36, 94] - 491.26896196999996
[1, 24, 90, 94] - 492.4665859800003
[1, 24, 36, 90] - 491.2387429800003
[1, 67, 38, 71, 41, 97] - 435.55117438987435
[1, 67, 38, 71, 94, 41] - 437.10150520470467
[1, 67, 36, 38, 71, 41] - 445.19984125649427
[1, 67, 38, 90, 71, 41] - 475.77122183618195
[1, 67, 71, 94, 41, 97] - 442.00458838983604
[1, 67, 36, 71, 41, 97] - 448.4493168500117
[1, 67, 90, 71, 41, 97] - 480.3875262674826
[1, 67, 36, 71, 94, 41] - 501.5118669741823
[1, 67, 90, 71, 94, 41] - 496.3426214725808
[1, 67, 36, 90, 71, 41] - 505.50592284578994
[1, 67, 38, 90, 71, 97] - 448.2756015549666
[1, 67, 36, 38, 71, 94] - 455.5560190870098
[1, 67, 38, 90, 71, 94] - 450.7644652365507
[1, 67, 36, 38, 90, 71] - 459.9223982334081
[1, 67, 36, 71, 94, 97] - 481.7994588433232
[1, 67, 90, 71, 94, 97] - 477.8247621792843
[1, 67, 36, 90, 71, 97] - 484.62327007479274
[1, 67, 36, 90, 71, 94] - 537.2533090229706
[1, 38, 90, 71, 41, 97] - 433.44428157167357
[1, 36, 38, 71, 94, 41] - 441.8889014008286
[1, 38, 90, 71, 94, 41] - 436.51312378694587
[1, 36, 38, 90, 71, 41] - 445.14056427763404
[1, 36, 71, 94, 41, 97] - 491.9103056869186
[1, 90, 71, 94, 41, 97] - 485.7293902151848
[1, 36, 90, 71, 41, 97] - 492.30682519739486
[1, 36, 90, 71, 94, 41] - 557.9587795653459
[1, 38, 71, 94, 97] - 545.2991704967997
[1, 36, 38, 71, 97] - 553.9640561525006
[1, 36, 38, 90, 71, 94] - 455.5324422357597
[1, 36, 90, 71, 94, 97] - 530.8048090839305
[1, 67, 38, 94, 41, 97] - 429.82977289342375
[1, 67, 36, 38, 41, 97] - 437.02244454743516
[1, 67, 38, 90, 41, 97] - 467.4266463926628
[1, 67, 36, 38, 94, 41] - 477.24412325238654
[1, 67, 38, 90, 94, 41] - 471.23470003222724
[1, 67, 36, 38, 90, 41] - 480.36680086256854
[1, 67, 36, 94, 41, 97] - 523.1760453707279
[1, 67, 90, 94, 41, 97] - 520.0723307306628
[1, 67, 36, 90, 41, 97] - 525.3636485557149
[1, 67, 36, 90, 94, 41] - 591.5278875091444
[1, 67, 36, 38, 94, 97] - 457.66760453048465
[1, 67, 38, 90, 94, 97] - 452.80979544565196
[1, 67, 36, 38, 90, 97] - 461.1663113905466
[1, 67, 36, 38, 90, 94] - 500.4171626685244
[1, 67, 36, 90, 94, 97] - 571.2175725894408
[1, 36, 38, 94, 41, 97] - 433.84648421754457
[1, 38, 90, 94, 41, 97] - 428.45953483258455
[1, 36, 38, 90, 41, 97] - 435.79321264011134
[1, 36, 38, 90, 94, 41] - 479.0169484459067
[1, 36, 90, 94, 41, 97] - 614.2480542716872
[1, 36, 38, 90, 94, 97] - 457.4143639811067
[88, 56, 24, 79] - 466.57563603000017
[88, 56, 79, 41] - 477.0510933499999
[88, 56, 79, 94, 97] - 487.7857266361999
[88, 56, 79, 36, 97] - 487.57217226790044
[88, 56, 79, 90, 97] - 482.69163262119974
[88, 56, 79, 36, 94] - 487.4834207366006
[88, 56, 79, 90, 94] - 483.7256570638003
[88, 56, 79, 36, 90] - 481.8116358956
[88, 79, 24, 41] - 421.20903201000044
[88, 79, 24, 94, 97] - 432.0624983754003
[88, 79, 24, 36, 97] - 432.76748318750066
[88, 79, 24, 90, 97] - 431.64401502230055
[88, 79, 24, 36, 94] - 498.3307266366998
[88, 79, 24, 90, 94] - 498.5983124225998
[88, 79, 24, 36, 90] - 499.80710058289975
[88, 67, 79, 71, 97] - 425.1182337547999
[88, 67, 79, 71, 94] - 476.7012703663996
[88, 67, 79, 36, 71] - 483.6191489636004
[88, 67, 79, 90, 71] - 485.9909945180001
[88, 79, 71, 41] - 528.9318149700002
[88, 79, 38, 71] - 532.0672076100002
[88, 79, 71, 94, 97] - 526.6820353557995
[88, 79, 36, 71, 97] - 532.7035994294008
[88, 79, 90, 71, 97] - 531.0672290022992
[88, 79, 36, 90, 71, 94] - 451.6697274351258
[88, 67, 79, 94, 41] - 441.00256376690004
[88, 67, 79, 36, 41] - 441.2459114195004
[88, 67, 79, 90, 41] - 444.8517204200003
[88, 67, 79, 38, 94] - 447.5756959451001
[88, 67, 79, 36, 38] - 454.7685015134004
[88, 67, 79, 38, 90] - 455.0752077073996
[88, 67, 79, 36, 94, 97] - 434.96141374025063
[88, 67, 79, 90, 94, 97] - 436.51341767647205
[88, 67, 79, 36, 90, 97] - 441.35890169684694
[88, 67, 79, 36, 90, 94] - 492.6606800623596
[88, 79, 38, 41] - 423.97865371000006
[88, 79, 94, 41, 97] - 526.6602036378996
[88, 79, 36, 41, 97] - 525.9217234144007
[88, 79, 90, 41, 97] - 524.2977112276997
[88, 79, 36, 90, 94, 41] - 475.0844558756421
[88, 79, 38, 94, 97] - 497.71549102469976
[88, 79, 36, 38, 97] - 507.84920340409894
[88, 79, 38, 90, 97] - 503.2418749384005
[88, 79, 36, 38, 94] - 539.7652109440991
[88, 79, 38, 90, 94] - 534.7241988523006
[88, 79, 36, 38, 90] - 545.7716321802006
[88, 79, 36, 90, 94, 97] - 597.4572859183681
[88, 56, 24, 94, 97] - 451.84972843629924
[88, 56, 24, 36, 97] - 452.0887058342001
[88, 56, 24, 90, 97] - 449.4508305783001
[88, 56, 24, 36, 94] - 450.59676217800103
[88, 56, 24, 90, 94] - 448.3969018517995
[88, 56, 24, 36, 90] - 447.7119493258999
[88, 56, 36, 71, 97] - 423.0410533995999
[88, 56, 71, 94] - 555.6991966599988
[88, 56, 90, 71] - 553.1937184900011
[88, 56, 67, 97] - 552.3956131400003
[88, 56, 67, 94] - 551.4756019199988
[88, 56, 67, 36] - 551.4377454099995
[88, 56, 67, 90] - 553.0233906400003
[88, 56, 94, 41, 97] - 450.1999811898001
[88, 56, 36, 41, 97] - 450.36203934829996
[88, 56, 90, 41, 97] - 445.8812382779003
[88, 56, 36, 94, 41] - 450.1702149194009
[88, 56, 90, 94, 41] - 446.6030258267002
[88, 56, 36, 90, 41] - 444.4849332013998
[88, 56, 38, 97] - 541.8048384200004
[88, 56, 38, 94] - 537.2809687699994
[88, 56, 36, 38] - 544.0413989299984
[88, 56, 38, 90] - 536.3370035199999
[88, 56, 36, 90, 94, 97] - 509.386450655509
[88, 24, 71, 94] - 426.7449196599999
[88, 24, 36, 71] - 429.94941596000024
[88, 24, 90, 71] - 431.6395941799993
[88, 67, 24, 94] - 447.7864364600003
[88, 67, 24, 36] - 448.8155399400001
[88, 67, 24, 90] - 458.2309882800002
[88, 24, 38] - 456.5369790000001
[88, 24, 36, 94, 97] - 530.5627839687005
[88, 24, 90, 94, 97] - 530.8687762530997
[88, 24, 36, 90, 97] - 532.1778839920993
[88, 24, 36, 90, 94] - 596.0514650748001
[88, 67, 71, 41] - 539.3672314099996
[88, 67, 38, 71, 97] - 429.22546512049996
[88, 67, 38, 71, 94] - 470.60925729370075
[88, 67, 36, 38, 71] - 480.82076593160093
[88, 67, 38, 90, 71] - 477.69388567550004
[88, 67, 71, 94, 97] - 533.8287591887002
[88, 67, 36, 71, 97] - 543.4225820671998
[88, 67, 90, 71, 97] - 542.1500901303997
[88, 67, 36, 90, 71, 94] - 454.18681568755227
[88, 38, 71, 41] - 452.3914638000002
[88, 71, 41, 97] - 551.7444580000005
[88, 36, 71, 94, 41] - 499.5051329736995
[88, 90, 71, 94, 41] - 492.1572657533005
[88, 36, 90, 71, 41] - 499.26454504240013
[88, 38, 71, 94, 97] - 494.30521302039944
[88, 36, 38, 71, 97] - 503.93153563500084
[88, 38, 90, 71, 97] - 499.04482345539986
[88, 36, 38, 71, 94] - 544.6849808098991
[88, 38, 90, 71, 94] - 539.0073688715
[88, 36, 38, 90, 71] - 549.8363087270008
[88, 36, 90, 71, 94, 97] - 503.88965928944754
[88, 67, 38, 41] - 511.6426755099999
[88, 67, 94, 41, 97] - 457.34805150559964
[88, 67, 36, 41, 97] - 460.1367241279003
[88, 67, 90, 41, 97] - 458.2277280965004
[88, 67, 36, 94, 41] - 543.0428818554011
[88, 67, 90, 94, 41] - 542.115729606699
[88, 67, 36, 90, 41] - 545.7465881436002
[88, 67, 38, 94, 97] - 545.1691123860995
[88, 67, 36, 38, 97] - 556.1577130855007
[88, 67, 38, 90, 97] - 552.9955358851998
[88, 67, 36, 38, 90, 94] - 450.0100480258772
[88, 67, 36, 90, 94, 97] - 543.2698710874565
[88, 38, 41, 97] - 491.2370752299997
[88, 36, 38, 94, 41] - 421.2503350768011
[88, 36, 38, 90, 41] - 421.1405159941006
[88, 36, 90, 94, 41, 97] - 463.8593458985941
[88, 36, 38, 90, 94, 97] - 520.5939594655887
[56, 79, 24, 94, 97] - 451.21582411690025
[56, 79, 24, 36, 97] - 450.25313481129984
[56, 79, 24, 90, 97] - 445.5579295670995
[56, 79, 24, 36, 94] - 449.36904331609946
[56, 79, 24, 90, 94] - 444.89577940090044
[56, 79, 24, 36, 90] - 443.3236855894011
[56, 79, 71, 97] - 558.3886352299987
[56, 79, 36, 71, 94] - 422.3627562426
[56, 79, 90, 71] - 558.7183759299996
[56, 67, 79, 97] - 546.5908037200005
[56, 67, 79, 94] - 551.196172080001
[56, 67, 79, 36] - 546.4164469699986
[56, 67, 79, 90] - 548.3532953399995
[56, 79, 94, 41, 97] - 447.1815480653002
[56, 79, 36, 41, 97] - 443.8414944246006
[56, 79, 90, 41, 97] - 443.5065629176998
[56, 79, 36, 94, 41] - 446.7233009513013
[56, 79, 90, 94, 41] - 447.03902540120055
[56, 79, 36, 90, 41] - 442.9182500807001
[56, 79, 38, 97] - 545.8905606100004
[56, 79, 38, 94] - 546.09435686
[56, 79, 36, 38] - 548.4254140499999
[56, 79, 38, 90] - 543.8973852300005
[56, 79, 36, 90, 94, 97] - 503.9231840705354
[79, 24, 71, 94] - 445.17452694999946
[79, 24, 36, 71] - 445.4042935200002
[79, 24, 90, 71] - 446.74134062000036
[67, 79, 24, 94] - 462.2939177500004
[67, 79, 24, 36] - 462.54509463000016
[67, 79, 24, 90] - 466.01621032000037
[79, 24, 38] - 477.23070999999914
[79, 24, 36, 94, 97] - 554.8767038197996
[79, 24, 90, 94, 97] - 552.7592921265012
[79, 24, 36, 90, 97] - 552.3287334656005
[79, 24, 36, 90, 94] - 618.8519015442006
[67, 79, 71, 41] - 536.9394843499996
[67, 79, 38, 71, 97] - 430.8997283573999
[67, 79, 38, 71, 94] - 476.3563901643996
[67, 79, 36, 38, 71] - 481.50363954279845
[67, 79, 38, 90, 71] - 484.04919349939917
[67, 79, 71, 94, 97] - 538.8603021884998
[67, 79, 36, 71, 97] - 542.4972714610994
[67, 79, 90, 71, 97] - 546.100992936301
[67, 79, 36, 90, 71, 94] - 458.2417236103444
[79, 38, 71, 41] - 456.2847740500004
[79, 71, 41, 97] - 548.3352275399994
[79, 36, 71, 94, 41] - 496.39062608549995
[79, 90, 71, 94, 41] - 495.23171215599973
[79, 36, 90, 71, 41] - 499.61858292840066
[79, 38, 71, 94, 97] - 496.9340197001004
[79, 36, 38, 71, 97] - 501.0970744235996
[79, 38, 90, 71, 97] - 502.07178166119996
[79, 36, 38, 71, 94] - 547.3172836040012
[79, 38, 90, 71, 94] - 547.1777506118
[79, 36, 38, 90, 71] - 554.2370382931991
[79, 36, 90, 71, 94, 97] - 508.98548368162164
[67, 79, 38, 41] - 513.6711330799995
[67, 79, 94, 41, 97] - 453.17193434119963
[67, 79, 36, 41, 97] - 451.08075683389995
[67, 79, 90, 41, 97] - 454.90303989000006
[67, 79, 36, 94, 41] - 536.4368898894993
[67, 79, 90, 94, 41] - 541.007881946
[67, 79, 36, 90, 41] - 541.7264808591998
[67, 79, 38, 94, 97] - 548.3673694004007
[67, 79, 36, 38, 97] - 553.817199367699
[67, 79, 38, 90, 97] - 554.2245621363008
[67, 79, 36, 38, 90, 94] - 451.6154596262639
[67, 79, 36, 90, 94, 97] - 546.5221882945087
[79, 38, 41, 97] - 490.31361805999995
[79, 36, 38, 90, 41] - 424.30940616279946
[79, 36, 90, 94, 41, 97] - 459.1728227117657
[79, 36, 38, 90, 94, 97] - 525.4871361646992
[56, 24, 71, 97] - 432.08208400999956
[56, 24, 71, 94] - 430.9123478900006
[56, 24, 36, 71] - 431.72416701999924
[56, 24, 90, 71] - 431.73893858000014
[56, 67, 24, 97] - 438.52348369999976
[56, 67, 24, 94] - 437.62323636
[56, 67, 24, 36] - 434.30549805999993
[56, 67, 24, 90] - 439.6046526800004
[56, 24, 41] - 433.5563390000001
[56, 24, 38, 97] - 546.9575288100006
[56, 24, 38, 94] - 542.4320429299996
[56, 24, 36, 38] - 544.7291696799997
[56, 24, 38, 90] - 542.9400212300001
[56, 24, 36, 90, 94, 97] - 492.63305852501014
[56, 67, 38, 71, 41] - 430.61571907489974
[56, 67, 71, 41, 97] - 492.3557346064991
[56, 67, 71, 94, 41] - 492.3597457343013
[56, 67, 36, 71, 41] - 496.2966291582004
[56, 67, 90, 71, 41] - 493.12997526690003
[56, 67, 38, 71, 97] - 528.2739120901989
[56, 67, 38, 71, 94] - 526.1686243734009
[56, 67, 36, 38, 71] - 528.8181145333999
[56, 67, 38, 90, 71] - 528.4621509485006
[56, 67, 36, 71, 94, 97] - 460.35262206381003
[56, 67, 90, 71, 94, 97] - 459.50825766987623
[56, 67, 36, 90, 71, 97] - 462.3202444182719
[56, 67, 36, 90, 71, 94] - 462.4798912096321
[56, 38, 71, 41, 97] - 446.1712962124004
[56, 38, 71, 94, 41] - 444.4265235228993
[56, 36, 38, 71, 41] - 448.7762484800002
[56, 38, 90, 71, 41] - 444.8628169917998
[56, 36, 71, 94, 41, 97] - 428.08142272967166
[56, 90, 71, 94, 41, 97] - 422.93403509911184
[56, 36, 90, 71, 41, 97] - 426.8017363872889
[56, 36, 90, 71, 94, 41] - 427.26136182299786
[56, 36, 38, 71, 94, 97] - 484.75305935320955
[56, 38, 90, 71, 94, 97] - 483.1092274956283
[56, 36, 38, 90, 71, 97] - 486.22933350365474
[56, 36, 38, 90, 71, 94] - 484.97153591892715
[56, 36, 90, 71, 94, 97] - 597.2733670579757
[56, 67, 38, 41, 97] - 447.2893600668996
[56, 67, 38, 94, 41] - 446.4577750187002
[56, 67, 36, 38, 41] - 450.20549737310046
[56, 67, 38, 90, 41] - 447.1976145928002
[56, 67, 36, 94, 41, 97] - 425.5614880486218
[56, 67, 90, 94, 41, 97] - 424.5841377781588
[56, 67, 36, 90, 41, 97] - 425.37989072275604
[56, 67, 36, 90, 94, 41] - 426.1002900971853
[56, 67, 36, 38, 94, 97] - 483.50567779331163
[56, 67, 38, 90, 94, 97] - 482.2454769594725
[56, 67, 36, 38, 90, 97] - 485.1408345968601
[56, 67, 36, 38, 90, 94] - 484.3752794521862
[56, 67, 36, 90, 94, 97] - 592.3388568701226
[56, 38, 94, 41, 97] - 476.89005805340014
[56, 36, 38, 41, 97] - 481.64575259070006
[56, 38, 90, 41, 97] - 477.5969771411003
[56, 36, 38, 94, 41] - 481.2252521817998
[56, 38, 90, 94, 41] - 477.64033411130055
[56, 36, 38, 90, 41] - 481.8844151542996
[56, 36, 90, 94, 41, 97] - 540.549864711169
[56, 36, 38, 90, 94, 97] - 665.136191635186
[67, 24, 71] - 531.2041040000001
[24, 38, 71] - 520.263493
[24, 71, 94, 97] - 532.7846841900003
[24, 36, 71, 97] - 534.3518041000002
[24, 90, 71, 97] - 599.3811074100003
[24, 36, 90, 71, 94] - 432.6799788844998
[67, 24, 38] - 541.2593250000003
[67, 24, 94, 97] - 555.5640639599991
[67, 24, 36, 97] - 554.5585820399996
[67, 24, 90, 97] - 622.4594413000002
[67, 24, 36, 90, 94] - 447.31803935410085
[24, 38, 41, 97] - 467.8769854799998
[24, 38, 94, 41] - 428.0322738900004
[24, 38, 90, 41] - 487.95486684999946
[24, 36, 94, 41, 97] - 546.2692933579008
[24, 90, 94, 41, 97] - 547.671497999301
[24, 36, 90, 41, 97] - 541.7489572437992
[24, 36, 90, 94, 41] - 622.4506108467008
[24, 36, 38, 90, 94, 97] - 583.2598744192579
[67, 38, 90, 71, 41, 97] - 452.1026911654155
[67, 36, 38, 71, 94, 41] - 468.2339257660896
[67, 38, 90, 71, 94, 41] - 464.9872079092415
[67, 36, 38, 90, 71, 41] - 472.07092170810574
[67, 36, 71, 94, 41, 97] - 462.3961155320781
[67, 90, 71, 94, 41, 97] - 459.5619230375606
[67, 36, 90, 71, 41, 97] - 464.96816837639176
[67, 36, 90, 71, 94, 41] - 529.0332685989925
[67, 36, 38, 90, 71, 94, 97] - 425.1892000702491
[36, 38, 71, 94, 41, 97] - 427.72069574506776
[38, 90, 71, 94, 41, 97] - 424.1336115944223
[36, 38, 90, 71, 41, 97] - 429.75649527145845
[36, 38, 90, 71, 94, 41] - 480.073286369739
[36, 90, 71, 94, 41, 97] - 518.8396458033797
[67, 36, 38, 94, 41, 97] - 461.3408400106848
[67, 38, 90, 94, 41, 97] - 458.4450545658075
[67, 36, 38, 90, 41, 97] - 463.7876918273344
[67, 36, 38, 90, 94, 41] - 515.8030947305002
[67, 36, 90, 94, 41, 97] - 550.9351751223178
