Total itemsets found: 13251
Elapsed time: 16493ms
[3] - 337.5399999999999
[43] - 354.01000000000033
[51] - 366.52000000000004
[116] - 383.2599999999998
[81] - 401.62000000000006
[75] - 426.0999999999999
[58] - 426.44000000000034
[84] - 426.9099999999993
[28] - 430.91999999999985
[33] - 435.9200000000001
[55, 98] - 338.27629999999965
[31, 98] - 338.7550999999998
[41, 98] - 337.78580000000005
[36, 98] - 339.14989999999995
[90, 98] - 341.73150000000004
[88, 64] - 366.54879999999986
[79, 64] - 390.51340000000033
[56, 64] - 365.1778
[41, 64] - 360.12460000000044
[97, 64] - 388.26339999999976
[94, 64] - 387.24559999999957
[36, 64] - 387.5657999999996
[90, 64] - 380.2554000000005
[88, 68] - 398.9702000000002
[79, 68] - 415.6806999999996
[56, 68] - 367.3002
[24, 68] - 342.13490000000024
[68, 41] - 366.9464999999995
[68, 97] - 418.0511999999989
[68, 94] - 418.31599999999975
[68, 36] - 412.77679999999924
[68, 90] - 416.24949999999984
[55, 47] - 417.9088999999998
[24, 47] - 337.19959999999963
[47, 41] - 380.98210000000034
[47, 38] - 352.8935999999999
[47, 97] - 350.8462
[47, 94] - 417.8195999999997
[36, 47] - 415.54679999999956
[47, 90] - 423.0054000000001
[24, 46] - 398.5588999999999
[46, 41] - 435.71209999999996
[46, 97] - 441.05919999999935
[46, 94] - 444.40649999999965
[46, 36] - 443.0971999999994
[46, 90] - 443.88050000000027
[114, 7] - 446.6905000000003
[7, 63] - 445.3151000000003
[7, 42] - 345.4109999999999
[100, 7] - 377.20610000000056
[2, 7] - 341.95259999999996
[7, 120] - 349.16499999999985
[24, 7] - 433.4796999999998
[38, 7] - 399.4616
[7, 97] - 369.0652999999998
[7, 94] - 435.1456999999999
[36, 7] - 441.04480000000024
[90, 7] - 465.8339
[123, 114] - 369.4516999999996
[123, 63] - 426.6902
[123, 42] - 376.5742000000004
[100, 123] - 365.25459999999975
[2, 123] - 336.8733999999998
[123, 120] - 419.6319000000001
[123, 24, 97] - 361.0258750000005
[123, 24, 90] - 356.647422
[123, 38] - 425.38820000000027
[123, 90, 97] - 357.42326499999945
[123, 94] - 367.124
[123, 36] - 371.8745000000001
[122, 21] - 365.44269999999966
[55, 21] - 357.13720000000006
[104, 21] - 431.63349999999986
[1, 21] - 405.9476
[88, 79, 21] - 439.2956490000002
[88, 97, 21] - 368.87503299999975
[88, 94, 21] - 437.17053999999956
[88, 36, 90, 21] - 337.70839671000005
[79, 97, 21] - 372.80120000000045
[79, 90, 94, 21] - 338.81587920999993
[79, 36, 90, 21] - 341.4233537799996
[71, 21] - 436.60369999999995
[67, 90, 21] - 341.3975900000001
[41, 21] - 432.65819999999974
[94, 97, 21] - 371.0018680000007
[36, 97, 21] - 374.5367989999998
[90, 97, 21] - 377.8574719999996
[36, 90, 94, 21] - 338.97781413
[22, 102] - 366.10970000000003
[110, 22] - 365.13439999999997
[22, 29] - 370.1665999999999
[22, 70] - 366.7878
[66, 22] - 380.2277999999998
[22, 55, 41] - 421.03633999999954
[22, 55, 38] - 428.9810769999998
[22, 55, 97] - 424.15222099999977
[22, 55, 94] - 426.051763
[22, 55, 36] - 430.82567699999976
[22, 55, 90] - 429.11344900000074
[22, 57] - 391.74750000000057
[22, 2] - 383.9038999999999
[22, 24] - 379.43130000000014
[22, 38, 41] - 427.0877880000002
[22, 41, 97] - 418.7665590000003
[22, 94, 41] - 424.8040699999997
[22, 36, 41] - 425.5658709999997
[22, 90, 41] - 426.27260399999983
[22, 38, 97] - 426.00820099999964
[22, 38, 94] - 432.907325
[22, 36, 38] - 433.2085719999992
[22, 38, 90] - 432.06275699999975
[22, 94, 97] - 444.12923599999993
[22, 36, 90, 97] - 336.85109306999954
[22, 36, 90, 94] - 338.1905695400002
[44, 23] - 405.5046999999999
[44, 31] - 435.08259999999973
[44, 104, 71] - 337.3333580000002
[44, 67, 104] - 364.49710900000053
[44, 38, 104] - 344.14333999999985
[44, 104, 97] - 361.6751000000001
[44, 104, 94] - 337.70422200000036
[44, 36, 104] - 338.54918200000014
[44, 104, 90] - 365.02069000000006
[44, 1, 71] - 343.7065040000001
[44, 67, 1] - 368.77509600000036
[44, 1, 41] - 401.49820000000005
[44, 1, 97] - 420.7409119999989
[44, 1, 94] - 401.0191160000006
[44, 1, 36] - 395.46736500000026
[44, 1, 90] - 422.5821530000004
[88, 44] - 423.8085999999992
[44, 79] - 432.3564999999992
[44, 56] - 408.19360000000023
[44, 67, 71] - 363.2432620000001
[44, 71, 97] - 386.64785399999994
[44, 71, 94] - 360.89393800000005
[44, 36, 71] - 360.89700999999985
[44, 90, 71] - 388.17504800000006
[44, 67, 41] - 348.79724100000004
[44, 67, 38] - 343.52109500000023
[44, 67, 97] - 412.8192510000005
[44, 67, 94] - 391.6267349999998
[44, 67, 36] - 389.1016190000001
[44, 67, 90] - 417.33033499999993
[44, 41, 97] - 397.7576640000007
[44, 94, 41] - 377.2151610000003
[44, 36, 41] - 371.66601400000013
[44, 90, 41] - 400.06681000000026
[44, 38, 97] - 339.7592029999995
[44, 38, 90] - 341.7972419999999
[44, 94, 97] - 443.7301449999998
[44, 36, 97] - 439.0350699999996
[44, 90, 97] - 465.7662520000002
[44, 36, 94] - 443.8836449999995
[44, 90, 94] - 444.5974000000003
[44, 36, 90] - 440.0036939999998
[125, 29] - 355.0366
[125, 70] - 404.6802000000001
[66, 125] - 404.6817000000002
[114, 125] - 348.80430000000007
[11, 125] - 351.6857999999998
[24, 2, 125] - 421.45982099999986
[2, 125, 38] - 422.56943800000056
[2, 125, 97] - 426.383039
[2, 125, 94] - 422.38435400000003
[2, 36, 125] - 428.2018630000005
[2, 125, 90] - 426.55865800000015
[36, 125, 120] - 340.02545299999963
[125, 90, 120] - 337.13406999999984
[24, 125, 38] - 420.37690900000007
[24, 125, 97] - 420.7006810000002
[24, 125, 94] - 420.57565900000026
[24, 36, 125] - 426.4280550000002
[24, 125, 90] - 424.1394730000005
[125, 38, 94, 97] - 346.0743086200004
[36, 125, 38, 97] - 350.4398518899997
[125, 38, 90, 97] - 347.6165932300005
[36, 125, 38, 94] - 361.2296836599996
[125, 38, 90, 94] - 358.56301149000046
[36, 125, 38, 90] - 363.57072787000055
[36, 125, 94, 97] - 350.2819069599997
[125, 90, 94, 97] - 348.66284152000026
[36, 125, 90, 97] - 353.43523370999986
[36, 125, 90, 94] - 363.5894225100007
[23, 104, 53] - 369.5323660000002
[23, 71, 53] - 367.2320040000002
[67, 23, 53] - 392.55887399999955
[23, 41, 53] - 367.4546329999993
[23, 38, 53] - 398.30365599999953
[23, 97, 53] - 348.33520799999997
[23, 94, 53] - 408.8967159999999
[23, 36, 53] - 417.049011
[23, 90, 53] - 412.969618
[55, 53] - 377.46920000000006
[57, 53] - 401.35989999999987
[94, 53, 31] - 339.8591819999998
[36, 53, 31] - 346.5439060000001
[90, 53, 31] - 345.31568800000025
[104, 71, 53] - 340.67337200000026
[67, 104, 53] - 370.3344880000004
[104, 41, 53] - 368.69706900000006
[38, 104, 53] - 360.3476219999998
[104, 97, 53] - 345.5438569999997
[104, 94, 53] - 410.2989750000001
[36, 104, 53] - 417.6191219999992
[104, 90, 53] - 416.88571900000005
[1, 71, 53] - 340.64264599999996
[67, 1, 53] - 375.3358710000001
[1, 41, 53] - 364.508712
[1, 94, 53] - 411.9985250000001
[1, 36, 53] - 418.72281100000026
[1, 90, 53] - 415.9742640000001
[88, 53] - 423.8424999999998
[79, 94, 53] - 356.2226879999998
[79, 36, 53] - 361.1075829999997
[79, 90, 53] - 361.9892140000003
[67, 71, 53] - 373.95927799999913
[71, 41, 53] - 342.8030600000002
[38, 71, 53] - 349.115948
[71, 94, 53] - 397.50214999999963
[36, 71, 53] - 405.8906219999996
[90, 71, 53] - 401.3278509999998
[67, 41, 53] - 373.54006600000014
[67, 38, 53] - 383.7134220000004
[67, 97, 53] - 348.53760600000004
[67, 94, 53] - 430.0479220000001
[67, 36, 53] - 438.39718999999945
[67, 90, 53] - 436.0931670000003
[38, 41, 53] - 387.00200699999925
[94, 41, 53] - 423.97954900000036
[36, 41, 53] - 424.5669489999995
[90, 41, 53] - 427.38272499999977
[38, 97, 53] - 350.75147200000043
[38, 94, 53] - 432.9769940000001
[36, 38, 53] - 435.5021209999994
[38, 90, 53] - 436.8181799999997
[94, 53, 97] - 395.88685699999996
[36, 53, 97] - 403.8729620000001
[90, 53, 97] - 399.04601999999966
[36, 90, 94, 53] - 389.0717320800006
[110, 102, 29, 70] - 407.04495669000016
[66, 110, 102, 29] - 407.9046431100003
[55, 110, 102, 29] - 404.92908257999886
[110, 57, 102, 29] - 406.06091883999966
[110, 2, 102, 29] - 409.19145646000015
[110, 24, 102, 29] - 403.8267045400004
[110, 102, 29, 41] - 403.5119035700002
[110, 102, 38, 29] - 406.87977699999954
[110, 102, 29, 97] - 405.1307749599996
[110, 102, 29, 94] - 407.88607694000007
[110, 36, 102, 29] - 405.9803790299996
[110, 102, 90, 29] - 405.73207155000034
[66, 110, 102, 70] - 408.7940145800001
[55, 110, 102, 70] - 408.1833426100002
[110, 57, 102, 70] - 407.44783273000013
[110, 2, 102, 70] - 410.74126636000017
[110, 24, 102, 70] - 406.3757637100005
[110, 102, 70, 41] - 405.65008300000034
[110, 102, 38, 70] - 408.3662867999998
[110, 102, 70, 97] - 407.2156902999999
[110, 102, 70, 94] - 410.8101131500003
[110, 36, 102, 70] - 407.3410277100008
[110, 102, 90, 70] - 405.51570426000035
[55, 110, 66, 102] - 408.9450591499997
[110, 66, 57, 102] - 409.34049930999987
[110, 66, 2, 102] - 411.6007378200002
[110, 66, 24, 102] - 408.1513510100008
[110, 66, 102, 41] - 406.41960723999966
[110, 66, 102, 38] - 410.32559932000004
[110, 66, 102, 97] - 408.16900353999966
[110, 66, 102, 94] - 410.6829999300003
[110, 66, 36, 102] - 408.29664645999975
[110, 66, 102, 90] - 407.64844392999953
[110, 55, 57, 102] - 406.8310577000004
[110, 55, 2, 102] - 409.40458784000026
[110, 55, 24, 102] - 404.3920789799996
[110, 55, 102, 41] - 404.0504813299996
[110, 55, 102, 38] - 407.04814166000034
[110, 55, 102, 97] - 406.31558699999977
[110, 55, 102, 94] - 408.22474230999995
[110, 55, 36, 102] - 406.7317565699996
[110, 55, 102, 90] - 405.13960289000073
[110, 2, 57, 102] - 409.5725037599999
[110, 24, 57, 102] - 406.0637584099998
[110, 57, 102, 41] - 405.40666929999975
[110, 57, 102, 38] - 408.2009931499996
[110, 57, 102, 97] - 406.7382657299995
[110, 57, 102, 94] - 408.81081508000045
[110, 57, 36, 102] - 406.6608768000002
[110, 57, 102, 90] - 406.01788446999984
[110, 24, 2, 102] - 408.9687958399995
[110, 2, 102, 41] - 407.5638255899998
[110, 2, 102, 38] - 411.8782169699998
[110, 2, 102, 97] - 409.84419315000014
[110, 2, 102, 94] - 412.81139658000035
[110, 2, 36, 102] - 409.91518702000013
[110, 2, 102, 90] - 408.12747527999994
[110, 24, 102, 41] - 403.39488562000037
[110, 24, 102, 38] - 406.77068806000005
[110, 24, 102, 97] - 405.16528132
[110, 24, 102, 94] - 407.80972674000014
[110, 24, 36, 102] - 405.2687509899999
[110, 24, 102, 90] - 404.1186449799997
[110, 102, 38, 41] - 405.5707236900001
[110, 102, 41, 97] - 403.3755491600004
[110, 102, 94, 41] - 406.31039041000076
[110, 36, 102, 41] - 403.43752204999896
[110, 102, 90, 41] - 402.8298813500008
[110, 102, 38, 97] - 406.69648731999973
[110, 102, 38, 94] - 410.32476952000013
[110, 36, 102, 38] - 407.2395379
[110, 102, 38, 90] - 405.2693672000003
[110, 102, 94, 97] - 409.14836877
[110, 36, 102, 97] - 405.88463519999937
[110, 102, 90, 97] - 404.4568577199995
[110, 36, 102, 94] - 408.9521333199994
[110, 102, 90, 94] - 406.9352667099991
[110, 102, 36, 90] - 405.0193307099996
[121, 102] - 366.84379999999976
[102, 16] - 363.8298999999996
[66, 102, 29, 70] - 410.68204346000033
[55, 102, 29, 70] - 407.79775950999954
[57, 102, 29, 70] - 409.19888178000025
[2, 102, 29, 70] - 411.5536793099995
[24, 102, 29, 70] - 407.35495097000023
[102, 29, 70, 41] - 406.9570759700001
[102, 38, 29, 70] - 409.6811095299995
[102, 29, 70, 97] - 407.5928223299996
[102, 29, 70, 94] - 412.13400969000025
[36, 102, 29, 70] - 408.3106515499996
[102, 90, 29, 70] - 408.7526620500003
[55, 66, 102, 29] - 408.4495598399993
[66, 57, 102, 29] - 411.14994728000033
[66, 2, 102, 29] - 412.21817856999985
[66, 24, 102, 29] - 409.0750780999998
[66, 102, 29, 41] - 407.7789284099992
[66, 102, 38, 29] - 411.52128708999925
[66, 102, 29, 97] - 408.6838003799996
[66, 102, 29, 94] - 412.23592139000016
[66, 36, 102, 29] - 408.9853528899993
[66, 102, 90, 29] - 410.5969829200004
[55, 57, 102, 29] - 406.5765448199992
[55, 2, 102, 29] - 407.92168778999894
[55, 24, 102, 29] - 403.1499458000001
[55, 102, 29, 41] - 403.3154632599993
[55, 102, 38, 29] - 406.22021632999974
[55, 102, 29, 97] - 404.58319138999934
[55, 102, 29, 94] - 407.32796892000067
[55, 36, 102, 29] - 405.3804937699994
[55, 102, 90, 29] - 405.92827618000007
[2, 57, 102, 29] - 410.33654828000004
[24, 57, 102, 29] - 406.9986476700002
[57, 102, 29, 41] - 406.5359141799995
[57, 102, 38, 29] - 409.54523426999924
[57, 102, 29, 97] - 407.09510559000057
[57, 102, 29, 94] - 410.28941718000067
[57, 36, 102, 29] - 407.4691135700001
[57, 102, 90, 29] - 408.96801089999934
[24, 2, 102, 29] - 408.97599031999965
[2, 102, 29, 41] - 408.10611787999915
[2, 102, 38, 29] - 412.04406957000043
[2, 102, 29, 97] - 409.09053319000043
[2, 102, 29, 94] - 413.1871335700007
[2, 36, 102, 29] - 409.6616795600007
[2, 102, 90, 29] - 410.1094385900002
[24, 102, 29, 41] - 404.0005030600002
[24, 102, 38, 29] - 407.1984096500002
[24, 102, 29, 97] - 404.97826756999984
[24, 102, 29, 94] - 408.4218338900003
[24, 36, 102, 29] - 405.5239249600001
[24, 102, 90, 29] - 406.26271158
[102, 38, 29, 41] - 406.3982671099999
[102, 29, 41, 97] - 403.31812596000003
[102, 29, 94, 41] - 407.48089990999983
[36, 102, 29, 41] - 404.01724043999985
[102, 90, 29, 41] - 405.63740385000057
[102, 38, 29, 97] - 406.5409078100002
[102, 38, 29, 94] - 411.1081117500004
[36, 102, 38, 29] - 407.57004703000047
[102, 38, 90, 29] - 407.7098331299994
[102, 29, 94, 97] - 409.3139091600001
[36, 102, 29, 97] - 405.5030631299997
[102, 90, 29, 97] - 406.2803651100003
[36, 102, 29, 94] - 409.45739653000004
[102, 90, 29, 94] - 409.7458993200004
[102, 36, 90, 29] - 407.1624857000007
[55, 66, 102, 70] - 410.78608221000076
[66, 57, 102, 70] - 411.4782753899996
[66, 2, 102, 70] - 412.73309254
[66, 24, 102, 70] - 410.72573987000004
[66, 102, 70, 41] - 409.00218772999983
[66, 102, 38, 70] - 412.4942329500001
[66, 102, 70, 97] - 409.86456403999995
[66, 102, 70, 94] - 414.16484891000016
[66, 36, 102, 70] - 409.6463208200004
[66, 102, 90, 70] - 409.96364860000017
[55, 57, 102, 70] - 409.0397224599996
[55, 2, 102, 70] - 410.74498598000014
[55, 24, 102, 70] - 406.8812004
[55, 102, 70, 41] - 406.64177183000044
[55, 102, 38, 70] - 409.18287730000026
[55, 102, 70, 97] - 407.90654514999966
[55, 102, 70, 94] - 411.41336570000027
[55, 36, 102, 70] - 408.1234178999998
[55, 102, 90, 70] - 407.2483317600002
[2, 57, 102, 70] - 411.1285067999997
[24, 57, 102, 70] - 408.93846662999925
[57, 102, 70, 41] - 408.1020958899993
[57, 102, 38, 70] - 410.43685944999925
[57, 102, 70, 97] - 408.4832960999997
[57, 102, 70, 94] - 412.24500094
[57, 36, 102, 70] - 408.2255809999995
[57, 102, 90, 70] - 408.54913850999964
[24, 2, 102, 70] - 411.1438059199998
[2, 102, 70, 41] - 409.67956891999984
[2, 102, 38, 70] - 413.2052924000004
[2, 102, 70, 97] - 410.9335115200004
[2, 102, 70, 94] - 415.48885640000043
[2, 36, 102, 70] - 410.76037201000105
[2, 102, 90, 70] - 409.69325970999984
[24, 102, 70, 41] - 406.6321966199996
[24, 102, 38, 70] - 409.30425682999976
[24, 102, 70, 97] - 407.45249319000004
[24, 102, 70, 94] - 411.5080903199994
[24, 36, 102, 70] - 407.3661865399992
[24, 102, 90, 70] - 406.87460827000035
[102, 38, 70, 41] - 408.12350742999973
[102, 70, 41, 97] - 405.5640353499999
[102, 70, 94, 41] - 410.13740217999987
[36, 102, 70, 41] - 405.3950661800002
[102, 90, 70, 41] - 405.9233596900004
[102, 38, 70, 97] - 408.3742699700003
[102, 38, 70, 94] - 413.40600641000043
[36, 102, 38, 70] - 408.5726663500008
[102, 38, 90, 70] - 407.66980787000045
[102, 70, 94, 97] - 411.99180317999924
[36, 102, 70, 97] - 407.0086134399998
[102, 90, 70, 97] - 406.3453021600005
[36, 102, 70, 94] - 411.5669775799991
[102, 90, 70, 94] - 410.3537545300001
[102, 36, 90, 70] - 406.80304388999986
[66, 55, 57, 102] - 410.60181481999956
[66, 55, 2, 102] - 411.44387085000005
[66, 55, 24, 102] - 408.63680363999975
[66, 55, 102, 41] - 407.4817134600005
[66, 55, 102, 38] - 410.99112076999995
[66, 55, 102, 97] - 408.9553852200004
[66, 55, 102, 94] - 411.38715737999985
[66, 55, 36, 102] - 408.88545366999995
[66, 55, 102, 90] - 409.28836218000004
[66, 2, 57, 102] - 412.9218065099996
[66, 24, 57, 102] - 411.58370491999983
[66, 57, 102, 41] - 409.81930669999997
[66, 57, 102, 38] - 413.40337265999966
[66, 57, 102, 97] - 410.57202243999996
[66, 57, 102, 94] - 413.2327594499998
[66, 57, 36, 102] - 409.9900045100001
[66, 57, 102, 90] - 411.46786151999964
[66, 24, 2, 102] - 412.73196387999946
[66, 2, 102, 41] - 410.28727931000014
[66, 2, 102, 38] - 415.05396225000015
[66, 2, 102, 97] - 411.6474049500001
[66, 2, 102, 94] - 415.60276322999977
[66, 2, 36, 102] - 411.4910886900002
[66, 2, 102, 90] - 411.6604536600006
[66, 24, 102, 41] - 408.3692763900004
[66, 24, 102, 38] - 412.2508591999997
[66, 24, 102, 97] - 409.2678952299988
[66, 24, 102, 94] - 412.6611879399995
[66, 24, 36, 102] - 409.12462239999974
[66, 24, 102, 90] - 409.9006207600001
[66, 102, 38, 41] - 410.1105238400003
[66, 102, 41, 97] - 406.45649042000014
[66, 102, 94, 41] - 410.1825762200003
[66, 36, 102, 41] - 406.205891660001
[66, 102, 90, 41] - 407.80061077000005
[66, 102, 38, 97] - 410.41039603000013
[66, 102, 38, 94] - 414.95503585000006
[66, 36, 102, 38] - 410.46080425999986
[66, 102, 38, 90] - 410.8417771900004
[66, 102, 94, 97] - 412.4139947500004
[66, 36, 102, 97] - 407.82797096000047
[66, 102, 90, 97] - 408.53677999000007
[66, 36, 102, 94] - 411.5764330799998
[66, 102, 90, 94] - 411.87406293000015
[66, 102, 36, 90] - 408.6955420500004
[102, 9] - 364.28909999999996
[11, 102] - 360.7847000000001
[102, 6] - 364.01999999999987
[55, 2, 57, 102] - 408.92869595999974
[55, 24, 57, 102] - 406.31776608999996
[55, 57, 102, 41] - 406.0324830100001
[55, 57, 102, 38] - 408.4887313299995
[55, 57, 102, 97] - 406.8936962700001
[55, 57, 102, 94] - 408.9108090499997
[55, 57, 36, 102] - 406.89716708999987
[55, 57, 102, 90] - 407.2143750000002
[55, 24, 2, 102] - 407.55025411999986
[55, 2, 102, 41] - 406.85459643000024
[55, 2, 102, 38] - 410.6736235500004
[55, 2, 102, 97] - 408.6515385199999
[55, 2, 102, 94] - 411.57533384000044
[55, 2, 36, 102] - 408.7945697899996
[55, 2, 102, 90] - 407.65644135000076
[55, 24, 102, 41] - 403.1580302000001
[55, 24, 102, 38] - 405.9949019299996
[55, 24, 102, 97] - 404.64612831999995
[55, 24, 102, 94] - 407.18176288999985
[55, 24, 36, 102] - 404.5903077199999
[55, 24, 102, 90] - 404.2060833100001
[55, 102, 38, 41] - 405.59758240999946
[55, 102, 41, 97] - 403.29613715999983
[55, 102, 94, 41] - 406.1306625000009
[55, 36, 102, 41] - 403.231998570001
[55, 102, 90, 41] - 403.6520578499993
[55, 102, 38, 97] - 406.1792093200005
[55, 102, 38, 94] - 409.6834489499998
[55, 36, 102, 38] - 406.6134858500002
[55, 102, 38, 90] - 405.8217699000005
[55, 102, 94, 97] - 408.8457117300001
[55, 36, 102, 97] - 405.3723045799993
[55, 102, 90, 97] - 405.04423809000014
[55, 36, 102, 94] - 408.4320858300005
[55, 102, 90, 94] - 407.33878183000036
[55, 102, 36, 90] - 405.4589236299997
[24, 57, 2, 102] - 410.5018230500002
[57, 2, 102, 41] - 409.0359705600006
[57, 2, 102, 38] - 412.6485662499998
[57, 2, 102, 97] - 410.15066618000066
[57, 2, 102, 94] - 413.1173221400005
[57, 2, 36, 102] - 409.5060052700006
[57, 2, 102, 90] - 409.8314352200009
[57, 24, 102, 41] - 406.8829579699999
[57, 24, 102, 38] - 409.67666965999945
[57, 24, 102, 97] - 407.5335768999998
[57, 24, 102, 94] - 410.1169782400004
[57, 24, 36, 102] - 407.03345917999997
[57, 24, 102, 90] - 407.92030115000006
[57, 102, 38, 41] - 408.5623213899993
[57, 102, 41, 97] - 405.6673124100001
[57, 102, 94, 41] - 408.51308320999976
[57, 36, 102, 41] - 405.1244295900003
[57, 102, 90, 41] - 406.66392503000003
[57, 102, 38, 97] - 408.6807450099996
[57, 102, 38, 94] - 412.1384576099997
[57, 36, 102, 38] - 408.23346963999984
[57, 102, 38, 90] - 408.7263858599999
[57, 102, 94, 97] - 410.51669307000014
[57, 36, 102, 97] - 406.42239176999936
[57, 102, 90, 97] - 407.0894992500005
[57, 36, 102, 94] - 409.72708653
[57, 102, 90, 94] - 409.72151255999955
[57, 102, 36, 90] - 407.3184531699996
[102, 5] - 366.56499999999966
[2, 24, 102, 41] - 408.1679249600005
[2, 24, 102, 38] - 412.1285503900005
[2, 24, 102, 97] - 409.58265124999906
[2, 24, 102, 94] - 413.0249142899998
[2, 24, 36, 102] - 409.3670689100006
[2, 24, 102, 90] - 408.8836251699996
[2, 102, 38, 41] - 410.34712506000005
[2, 102, 41, 97] - 406.8978495999989
[2, 102, 94, 41] - 411.2323152200008
[2, 36, 102, 41] - 406.8565907400003
[2, 102, 90, 41] - 407.1903029799999
[2, 102, 38, 97] - 410.8812412999992
[2, 102, 38, 94] - 415.7999552600005
[2, 36, 102, 38] - 411.2303135099999
[2, 102, 38, 90] - 410.089307
[2, 102, 94, 97] - 413.4633867000005
[2, 36, 102, 97] - 408.7580830100002
[2, 102, 90, 97] - 408.34925695999976
[2, 36, 102, 94] - 412.9728137599995
[2, 102, 90, 94] - 411.76299865000016
[2, 102, 36, 90] - 408.4813540400001
[102, 120] - 359.6999000000004
[24, 102, 38, 41] - 406.5780825299997
[24, 102, 41, 97] - 403.72308336
[24, 102, 94, 41] - 407.4572390800002
[24, 36, 102, 41] - 403.43350081
[24, 102, 90, 41] - 404.44670233
[24, 102, 38, 97] - 407.17102026
[24, 102, 38, 94] - 411.28103855000063
[24, 36, 102, 38] - 407.0090626000002
[24, 102, 38, 90] - 406.6911026000002
[24, 102, 94, 97] - 409.51839908999995
[24, 36, 102, 97] - 405.2910839900004
[24, 102, 90, 97] - 405.30808967999974
[24, 36, 102, 94] - 409.0343195199996
[24, 102, 90, 94] - 408.49032288
[24, 102, 36, 90] - 405.59153387999953
[102, 38, 41, 97] - 404.71529835000035
[102, 38, 94, 41] - 409.34257245999953
[36, 102, 38, 41] - 404.69879736000036
[102, 38, 90, 41] - 405.2541552899994
[102, 94, 41, 97] - 406.8965189300003
[36, 102, 41, 97] - 402.1903051700002
[102, 90, 41, 97] - 403.0802631800005
[36, 102, 94, 41] - 406.30849027000033
[102, 90, 94, 41] - 406.5788539399998
[102, 36, 90, 41] - 403.1161445999995
[102, 38, 94, 97] - 410.93479572
[36, 102, 38, 97] - 405.9235841000003
[102, 38, 90, 97] - 405.2966942299998
[36, 102, 38, 94] - 410.56148148999966
[102, 38, 90, 94] - 409.49844161999994
[102, 36, 38, 90] - 405.86878957999954
[36, 102, 94, 97] - 408.9697138200004
[102, 90, 94, 97] - 408.38389947999985
[102, 36, 90, 97] - 404.4605448300007
[102, 36, 90, 94] - 408.2267070699999
[119, 60] - 356.36850000000004
[122, 39, 60] - 426.2515720000004
[100, 39, 60] - 432.45446400000066
[39, 60, 31] - 432.82019100000036
[1, 39, 60] - 430.15836500000097
[88, 39, 60] - 433.60638300000016
[79, 39, 60] - 430.95657300000033
[56, 39, 60] - 428.9697250000001
[24, 39, 60] - 436.9391139999996
[39, 60, 41] - 429.28408099999996
[39, 60, 97] - 430.9173330000007
[39, 60, 94] - 432.12473500000016
[36, 39, 60] - 428.1672830000002
[39, 90, 60] - 425.385248
[107, 60] - 385.5180999999999
[108, 60] - 389.6970999999996
[100, 122, 60] - 426.8687189999997
[122, 60, 31] - 427.6502199999997
[1, 122, 60] - 424.9134330000004
[88, 122, 79, 60] - 360.9846495100005
[88, 122, 60, 97] - 362.00621588000047
[88, 122, 60, 94] - 359.96417064999946
[88, 122, 36, 60] - 359.2708411599999
[88, 122, 90, 60] - 357.29772883000027
[122, 79, 60, 97] - 360.17724881999976
[122, 79, 60, 94] - 360.3469311
[122, 79, 36, 60] - 358.1593375799997
[122, 79, 90, 60] - 355.61656315999977
[56, 122, 60] - 423.58317599999964
[122, 24, 60] - 430.5866590000002
[122, 60, 41] - 422.34501300000016
[122, 60, 94, 97] - 359.7557327499999
[122, 36, 60, 97] - 358.86017502000016
[122, 90, 60, 97] - 356.4829386600001
[122, 36, 60, 94] - 357.4187518299997
[122, 90, 60, 94] - 355.36839059999954
[122, 36, 90, 60] - 353.4939673799999
[9, 60] - 338.9782000000002
[12, 60] - 357.30789999999996
[100, 60, 31] - 435.4534920000003
[1, 100, 60] - 432.5022630000003
[88, 100, 60] - 435.2875369999999
[100, 79, 60] - 433.4362950000002
[56, 100, 60] - 430.3055810000006
[100, 24, 60] - 438.14271600000006
[100, 60, 41] - 431.59013700000025
[100, 60, 97] - 433.62849900000015
[100, 60, 94] - 434.4543019999997
[100, 36, 60] - 431.2935850000005
[100, 90, 60] - 428.61465200000055
[6, 60] - 377.1549999999996
[88, 1, 60, 31] - 356.9357484399999
[1, 79, 60, 31] - 354.85532570999993
[1, 24, 60, 31] - 357.9197777200005
[1, 60, 97, 31] - 354.2576754499999
[1, 60, 94, 31] - 353.90900816
[1, 36, 60, 31] - 352.0518427400004
[1, 90, 60, 31] - 350.85242738999955
[88, 79, 60, 31] - 357.56412275000025
[88, 24, 60, 31] - 360.385264
[88, 60, 97, 31] - 356.90708060000026
[88, 60, 94, 31] - 356.7249027600003
[88, 36, 60, 31] - 354.6142259999996
[88, 90, 60, 31] - 353.98949923999993
[24, 79, 60, 31] - 358.8154696700005
[79, 60, 97, 31] - 354.4573041799996
[79, 60, 94, 31] - 355.91213857999975
[79, 36, 60, 31] - 353.3772513499994
[79, 90, 60, 31] - 351.3660180699996
[56, 60, 31] - 430.5649790000005
[24, 60, 97, 31] - 357.6256613000005
[24, 60, 94, 31] - 357.62087444000036
[24, 36, 60, 31] - 355.8109225700004
[24, 90, 60, 31] - 354.43593031999995
[60, 41, 31] - 430.24065400000046
[60, 94, 31, 97] - 354.51511857
[36, 60, 31, 97] - 352.70062343999984
[90, 60, 31, 97] - 351.5750491899998
[36, 60, 94, 31] - 352.42299309000026
[90, 60, 94, 31] - 351.5192817600001
[36, 90, 60, 31] - 348.54143706000036
[5, 60] - 377.1346999999998
[88, 1, 79, 60] - 355.7536227299994
[88, 1, 24, 60] - 359.3778334799998
[88, 1, 60, 97] - 355.93200582000065
[88, 1, 60, 94] - 354.9001527299998
[88, 1, 36, 60] - 352.6191562899999
[88, 1, 90, 60] - 353.02744987
[1, 24, 79, 60] - 357.0763077300001
[1, 79, 60, 97] - 352.6727272599996
[1, 79, 60, 94] - 353.3313345300005
[1, 79, 36, 60] - 350.47751067999997
[1, 79, 90, 60] - 349.6573317200001
[56, 1, 60] - 428.20350599999955
[1, 24, 60, 97] - 356.69926796999965
[1, 24, 60, 94] - 355.9909604899999
[1, 24, 36, 60] - 353.7021560799996
[1, 24, 90, 60] - 353.4396149400004
[1, 60, 41] - 427.98099099999973
[1, 60, 94, 97] - 352.6622067999998
[1, 36, 60, 97] - 350.67782398999975
[1, 90, 60, 97] - 350.49682378000034
[1, 36, 60, 94] - 349.3867648199997
[1, 90, 60, 94] - 349.49894805000014
[1, 36, 90, 60] - 346.50115578999987
[88, 24, 79, 60] - 359.48617181000026
[88, 79, 60, 97] - 433.57862522000045
[88, 79, 60, 94] - 433.15220702999994
[88, 79, 36, 60] - 433.2503542400009
[88, 79, 90, 60] - 431.66256928000047
[88, 56, 60] - 430.72703500000034
[88, 24, 60, 97] - 359.06588834000013
[88, 24, 60, 94] - 358.40100415999984
[88, 24, 36, 60] - 355.91386358999955
[88, 24, 90, 60] - 356.4234756899998
[88, 71, 60] - 360.98091000000005
[88, 67, 60] - 368.68851900000027
[88, 60, 41] - 431.1975949999997
[88, 60, 94, 97] - 431.9258140699997
[88, 36, 60, 97] - 432.8601531199995
[88, 90, 60, 97] - 431.7853325000006
[88, 36, 60, 94] - 430.77190442000057
[88, 90, 60, 94] - 429.3341756500002
[88, 36, 90, 60] - 429.7013538800001
[56, 79, 60] - 428.7315770000003
[79, 24, 60, 97] - 356.2753724600005
[79, 24, 60, 94] - 357.5070596099997
[79, 24, 36, 60] - 354.60260712000013
[79, 24, 90, 60] - 353.36110110999994
[79, 71, 60] - 362.3241850000001
[67, 79, 60] - 364.8105010000001
[79, 60, 41] - 428.9238859999999
[79, 60, 94, 97] - 431.1611438399997
[79, 36, 60, 97] - 431.2154394899999
[79, 90, 60, 97] - 429.36398861999936
[79, 36, 60, 94] - 430.74828954999987
[79, 90, 60, 94] - 428.49757543999954
[79, 36, 90, 60] - 428.12550316000033
[56, 24, 60] - 433.739425
[56, 60, 41] - 426.9733070000005
[56, 60, 97] - 428.7985620000005
[56, 60, 94] - 430.3358889999997
[56, 36, 60] - 427.6689930000004
[56, 90, 60] - 424.7269899999998
[24, 60, 41] - 433.85236699999973
[24, 60, 94, 97] - 356.4586820499998
[24, 36, 60, 97] - 354.12075452000005
[24, 90, 60, 97] - 353.7590915800001
[24, 36, 60, 94] - 353.42447577000075
[24, 90, 60, 94] - 353.32800562999967
[24, 36, 90, 60] - 349.9497428599995
[60, 71, 97] - 358.2139940000001
[60, 71, 94] - 358.18307899999996
[36, 60, 71] - 364.1771949999998
[90, 60, 71] - 358.76428799999996
[67, 60, 97] - 363.16644600000006
[67, 60, 94] - 361.367856
[67, 36, 60] - 363.2017760000004
[67, 90, 60] - 365.59268900000035
[60, 41, 97] - 428.968579
[60, 94, 41] - 429.4009449999994
[36, 60, 41] - 426.06765000000036
[90, 60, 41] - 423.8332270000002
[36, 60, 94, 97] - 429.8731961000002
[90, 60, 94, 97] - 428.1214551400006
[36, 90, 60, 97] - 428.2762298900001
[36, 90, 60, 94] - 425.9776292000003
[39, 119] - 400.6470999999998
[1, 122, 119] - 352.25212999999985
[88, 122, 119] - 404.59338600000046
[122, 79, 119] - 406.9775519999996
[122, 119, 41] - 371.5413249999998
[122, 119, 97] - 341.5702929999998
[122, 119, 94] - 404.70825799999983
[122, 36, 119] - 405.1095749999996
[122, 90, 119] - 403.57904899999994
[12, 119] - 393.5772000000004
[23, 119] - 348.4074000000008
[55, 119] - 398.6029
[119, 31] - 373.38390000000004
[5, 119] - 400.33400000000023
[88, 104, 119] - 361.1872319999999
[79, 104, 119] - 363.4362779999993
[104, 119, 94] - 362.6798089999999
[36, 104, 119] - 365.93167700000015
[104, 90, 119] - 365.2811159999999
[88, 1, 119] - 429.13422400000024
[1, 79, 119] - 431.83738799999975
[1, 119, 41] - 423.9149809999999
[1, 119, 97] - 364.1235549999997
[1, 119, 94] - 431.28976200000017
[1, 36, 119] - 433.2519699999998
[1, 90, 119] - 429.5341659999999
[88, 79, 119, 41] - 361.4182551200003
[88, 79, 119, 97] - 385.1898589200002
[88, 79, 119, 94] - 435.6572383399998
[88, 79, 36, 119] - 437.4967675599998
[88, 79, 90, 119] - 437.4516209700006
[88, 119, 71] - 364.96268099999975
[88, 67, 119] - 410.6829720000003
[88, 119, 94, 41] - 361.93528111999984
[88, 36, 119, 41] - 362.24010868
[88, 90, 119, 41] - 361.8183443400001
[88, 119, 94, 97] - 384.0521747999997
[88, 36, 119, 97] - 386.21102638000013
[88, 90, 119, 97] - 386.8358251099995
[88, 36, 119, 94] - 435.0401877099996
[88, 90, 119, 94] - 435.2074778700002
[88, 36, 90, 119] - 437.6756997000004
[79, 119, 71] - 370.6843859999999
[67, 79, 119] - 411.76262299999973
[79, 119, 94, 41] - 362.5542660699999
[79, 36, 119, 41] - 362.5740742099989
[79, 90, 119, 41] - 362.2379896499996
[79, 119, 94, 97] - 386.6591761399999
[79, 36, 119, 97] - 387.68005400999976
[79, 90, 119, 97] - 388.74442363999964
[79, 36, 119, 94] - 438.3168793599998
[79, 90, 119, 94] - 439.2292711000002
[79, 36, 90, 119] - 440.4866802199995
[56, 119] - 368.8724999999996
[24, 119] - 429.5982000000001
[119, 71, 94] - 364.87713999999966
[36, 119, 71] - 369.0085269999999
[90, 119, 71] - 369.2051350000003
[67, 119, 97] - 376.44830500000046
[67, 119, 94] - 412.03629400000034
[67, 36, 119] - 412.7125649999994
[67, 90, 119] - 414.8495739999992
[119, 41, 97] - 412.9531350000002
[36, 119, 94, 41] - 362.3410048000005
[90, 119, 94, 41] - 362.59811552000053
[36, 90, 119, 41] - 362.66399076999994
[38, 119] - 381.40070000000037
[36, 119, 94, 97] - 386.52338069999985
[90, 119, 94, 97] - 387.39185607999934
[36, 90, 119, 97] - 388.77498405000057
[36, 90, 119, 94] - 437.8310959899999
[45, 114, 20] - 366.05628000000013
[45, 63, 20] - 365.14214199999924
[45, 42, 20] - 370.163498
[100, 45, 20] - 356.0104249999998
[45, 2, 20] - 363.25218399999943
[45, 20, 120] - 357.5826560000001
[56, 45, 20] - 362.1736030000004
[45, 24, 20] - 365.44472300000035
[45, 38, 20] - 354.90058999999945
[45, 97, 20] - 364.74876800000027
[45, 94, 20] - 360.9518349999999
[45, 36, 20] - 359.335729
[45, 90, 20] - 362.71058299999993
[77, 20] - 356.2384999999999
[86, 20] - 349.6207999999999
[114, 63, 20] - 391.391997
[114, 42, 20] - 373.90518600000036
[100, 114, 20] - 381.44563599999964
[2, 114, 20] - 371.9933190000002
[114, 20, 120] - 361.84156000000013
[56, 114, 20] - 366.36300599999976
[24, 114, 20] - 373.79315599999967
[114, 38, 20] - 383.65359500000034
[114, 97, 20] - 368.44037299999974
[114, 94, 20] - 389.3460310000002
[36, 114, 20] - 387.2895099999998
[114, 90, 20] - 393.59379500000006
[63, 42, 20] - 372.68999700000035
[100, 63, 20] - 381.3711589999996
[2, 63, 20] - 366.2445729999992
[63, 20, 120] - 360.54531400000013
[56, 63, 20] - 365.3776610000001
[24, 63, 20] - 368.494528
[38, 63, 20] - 379.0352360000004
[63, 97, 20] - 368.0987200000002
[94, 63, 20] - 384.6187470000002
[36, 63, 20] - 385.08294500000073
[90, 63, 20] - 388.9508279999998
[100, 20, 42] - 363.3735780000002
[2, 20, 42] - 370.1388620000002
[20, 42, 120] - 365.24621800000045
[56, 20, 42] - 368.88129699999945
[24, 20, 42] - 372.3116739999999
[38, 20, 42] - 362.8371959999997
[97, 20, 42] - 371.75735499999985
[94, 20, 42] - 368.0570249999994
[36, 20, 42] - 367.36874100000034
[90, 20, 42] - 370.464491
[100, 2, 20] - 357.2470059999994
[100, 20, 120] - 353.07401600000003
[56, 100, 20] - 357.86471700000044
[100, 24, 20] - 360.57537000000013
[100, 38, 20] - 369.53742399999976
[100, 97, 20] - 359.08338000000043
[100, 94, 20] - 374.50852599999973
[100, 36, 20] - 375.276976
[100, 90, 20] - 379.3390609999999
[56, 128, 20] - 357.7400289999999
[38, 128, 20] - 358.10526400000015
[128, 97, 20] - 358.64665699999995
[128, 94, 20] - 364.1950620000003
[36, 128, 20] - 364.50347199999993
[90, 128, 20] - 369.1178399999999
[11, 20] - 427.6146000000003
[23, 20] - 352.9891000000001
[31, 20] - 352.5022
[5, 20] - 337.39379999999943
[2, 20, 120] - 359.0321310000003
[56, 2, 20] - 363.71377700000016
[24, 2, 20] - 371.8502290000001
[2, 38, 20] - 361.51597100000026
[2, 97, 20] - 364.7984390000002
[2, 94, 20] - 366.601248
[2, 36, 20] - 364.1482270000003
[2, 90, 20] - 369.70150700000016
[56, 38, 20, 120] - 351.55459648000016
[56, 97, 20, 120] - 359.0134408600002
[56, 94, 20, 120] - 356.17532362000037
[56, 36, 20, 120] - 359.0837331400004
[56, 90, 20, 120] - 360.5505864700009
[24, 20, 120] - 361.73347099999984
[38, 97, 20, 120] - 354.1552129099997
[38, 94, 20, 120] - 350.08834425000003
[36, 38, 20, 120] - 353.38175043000007
[38, 90, 20, 120] - 354.88807344
[94, 20, 97, 120] - 359.51644984999973
[36, 20, 97, 120] - 361.4963941900002
[90, 20, 97, 120] - 363.66758480000004
[36, 94, 20, 120] - 358.3955982800003
[90, 94, 20, 120] - 360.27003196000004
[36, 90, 20, 120] - 363.0449217099999
[1, 20] - 351.96259999999967
[88, 20] - 362.2295000000002
[79, 20] - 362.33420000000007
[56, 24, 20] - 365.10894300000024
[56, 71, 20] - 424.6842410000003
[67, 56, 20] - 422.17503200000016
[56, 38, 97, 20] - 443.2318992299993
[56, 38, 94, 20] - 442.21505306000074
[56, 36, 38, 20] - 445.0146903799991
[56, 38, 90, 20] - 446.7225578799998
[56, 36, 94, 20, 97] - 337.58162088890003
[56, 90, 94, 20, 97] - 339.1806743670996
[56, 36, 90, 20, 97] - 340.4479153169004
[56, 36, 90, 94, 20] - 340.1503234699
[24, 38, 20] - 363.3209240000003
[24, 97, 20] - 368.43560500000035
[24, 94, 20] - 370.0527880000002
[24, 36, 20] - 366.1287309999996
[24, 90, 20] - 371.4815169999999
[67, 71, 20] - 354.29083799999967
[38, 71, 20] - 439.81392800000054
[71, 97, 20] - 427.82182900000043
[71, 94, 20] - 443.50370300000003
[36, 90, 71, 20] - 340.4881869299998
[67, 38, 20] - 433.413122
[67, 97, 20] - 423.1323220000006
[67, 94, 20] - 442.06754900000084
[67, 36, 90, 20] - 337.66248216999986
[41, 20] - 359.33210000000014
[38, 94, 20, 97] - 443.88800698999984
[36, 38, 90, 20, 97] - 337.1231236817995
[36, 38, 90, 94, 20] - 348.3083586924995
[36, 90, 94, 20, 97] - 342.55555146390043
[9, 50] - 376.57700000000006
[128, 50] - 377.0053000000005
[6, 50] - 400.4139000000006
[23, 50] - 394.2292999999997
[55, 50] - 414.5718000000004
[57, 50, 41] - 407.41235499999976
[57, 38, 50] - 417.6560610000003
[57, 50, 97] - 442.4467680000003
[57, 36, 50, 94] - 336.8785231799995
[57, 36, 90, 50] - 339.1325647499996
[1, 50, 31] - 343.4826000000002
[94, 50, 31] - 342.4468530000001
[36, 50, 31] - 346.03625999999974
[90, 50, 31] - 344.98797400000035
[5, 50] - 441.2626999999995
[2, 50] - 360.83820000000026
[104, 94, 50] - 364.4753279999999
[36, 104, 50] - 366.37147199999987
[104, 90, 50] - 371.5600339999998
[1, 50, 41] - 353.7894409999999
[1, 50, 97] - 345.68998499999975
[1, 94, 50] - 383.3913420000001
[1, 36, 50] - 387.55961399999967
[1, 90, 50] - 386.96958600000033
[88, 94, 50] - 353.36469400000027
[88, 36, 50] - 355.3671510000001
[88, 90, 50] - 358.66818500000005
[79, 94, 50] - 354.39175100000017
[79, 36, 50] - 351.12340500000005
[79, 90, 50] - 356.01322399999964
[56, 50, 97] - 341.12582499999996
[56, 94, 50] - 343.4832759999998
[56, 36, 50] - 344.5712350000003
[56, 90, 50] - 345.5139549999999
[24, 94, 50] - 362.3315349999997
[24, 36, 50] - 368.8878550000001
[24, 90, 50] - 363.40993899999995
[71, 94, 50] - 344.23748600000016
[36, 71, 50] - 347.8104359999999
[90, 71, 50] - 349.0157729999999
[67, 50, 97] - 355.33470599999947
[67, 94, 50] - 376.6189210000003
[67, 36, 50] - 377.41535600000043
[67, 90, 50] - 381.5256729999995
[38, 50, 41] - 431.54217199999965
[94, 50, 41, 97] - 404.3312628799996
[36, 50, 41, 97] - 408.80584892999997
[90, 50, 41, 97] - 405.9786688500003
[36, 50, 94, 41] - 436.1811388099998
[90, 50, 94, 41] - 432.89405964999935
[36, 90, 50, 41] - 438.4907752500005
[38, 94, 50, 97] - 362.0305093400001
[36, 38, 50, 97] - 365.0288139599994
[38, 90, 50, 97] - 362.87970502000013
[36, 38, 50, 94] - 367.1519674
[38, 90, 50, 94] - 365.06158742999946
[36, 38, 90, 50] - 368.06738411000026
[36, 90, 50, 94, 97] - 350.92274499030026
[16, 39] - 389.85810000000026
[39, 108] - 346.4948000000001
[100, 122, 39] - 427.64114800000027
[1, 122, 39, 31] - 416.7708641
[88, 122, 39, 31] - 418.6622174900001
[122, 79, 39, 31] - 416.9478009899998
[122, 24, 39, 31] - 421.15286630000014
[122, 39, 41, 31] - 411.75445403000043
[122, 39, 94, 31] - 415.8876778800001
[122, 36, 39, 31] - 413.4652822199996
[122, 39, 90, 31] - 413.81891496999987
[88, 122, 1, 39] - 416.55853753000014
[122, 1, 79, 39] - 414.1083664700006
[122, 1, 24, 39] - 418.59168217000007
[122, 1, 39, 41] - 409.85068431999997
[122, 1, 39, 94] - 412.5776265500008
[122, 1, 36, 39] - 410.60635185000007
[122, 1, 39, 90] - 411.33727498000053
[88, 122, 79, 39] - 416.8054142800005
[88, 122, 24, 39] - 420.5844033900001
[88, 122, 39, 41] - 412.0772200800011
[88, 122, 39, 94] - 415.18628182999976
[88, 122, 36, 39] - 412.5225328699995
[88, 122, 39, 90] - 413.79530337000017
[122, 24, 79, 39] - 418.90043366999936
[122, 79, 39, 41] - 409.96404368
[122, 79, 39, 94] - 414.6875964899996
[122, 79, 36, 39] - 410.5017864299997
[122, 79, 39, 90] - 411.5452491500002
[56, 122, 39] - 425.2042750000003
[122, 24, 39, 41] - 414.47416006000066
[122, 24, 39, 94] - 417.46399183000017
[122, 24, 36, 39] - 414.3085146900004
[122, 24, 39, 90] - 415.35617076999955
[122, 39, 94, 41] - 408.29904514999964
[122, 36, 39, 41] - 406.0887804500002
[122, 39, 90, 41] - 406.8882931400005
[122, 39, 97] - 427.75707899999935
[122, 36, 39, 94] - 409.1832254399998
[122, 39, 90, 94] - 410.3538784599996
[122, 36, 39, 90] - 407.22133115000025
[39, 9] - 439.13259999999934
[12, 39] - 422.2436000000001
[1, 100, 39, 31] - 348.87512892999985
[100, 79, 39, 31] - 348.11289649999986
[100, 24, 39, 31] - 356.07982964000064
[100, 39, 97, 31] - 351.6772552000002
[100, 39, 94, 31] - 350.40893088999985
[100, 36, 39, 31] - 349.05553359999993
[100, 39, 90, 31] - 346.1883428400001
[100, 1, 79, 39] - 346.3488591700003
[100, 1, 24, 39] - 352.5449311200006
[100, 1, 39, 97] - 348.62842939999985
[100, 1, 39, 94] - 349.30549745999986
[100, 1, 36, 39] - 345.2536262300005
[100, 1, 39, 90] - 343.3671996200002
[88, 100, 39] - 437.2702279999995
[100, 24, 79, 39] - 350.90991575999993
[100, 79, 39, 97] - 346.36949885000007
[100, 79, 39, 94] - 348.91593771000004
[100, 79, 36, 39] - 343.9703138399997
[100, 79, 39, 90] - 341.61839861000004
[56, 100, 39] - 430.460799
[100, 24, 39, 97] - 355.34164834
[100, 24, 39, 94] - 353.43457037000013
[100, 24, 36, 39] - 351.6920462099996
[100, 24, 39, 90] - 349.7295985499998
[100, 39, 41] - 432.0371770000001
[100, 39, 94, 97] - 349.8757164599992
[100, 36, 39, 97] - 348.3890260799995
[100, 39, 90, 97] - 346.0540086500005
[100, 36, 39, 94] - 346.3390267899998
[100, 39, 90, 94] - 344.5723733000005
[100, 36, 39, 90] - 342.2678379300002
[88, 1, 39, 31] - 423.6547261900001
[1, 24, 79, 39, 31] - 337.22871511030036
[1, 24, 39, 94, 31] - 337.0903755254999
[1, 39, 41, 31] - 417.4391257599996
[1, 39, 97, 31] - 349.4576073499993
[1, 36, 39, 31] - 441.84278780999983
[1, 39, 90, 31] - 441.01291009999943
[88, 79, 39, 31] - 426.2296209599997
[88, 24, 39, 31] - 427.7139278000003
[88, 39, 41, 31] - 419.7793523599999
[88, 39, 94, 31] - 425.3635523799994
[88, 36, 39, 31] - 422.7074806500011
[88, 39, 90, 31] - 423.2752615400004
[79, 24, 39, 94, 31] - 337.77659911459983
[79, 39, 41, 31] - 418.0541087600003
[79, 39, 97, 31] - 349.8029764199999
[79, 36, 39, 31] - 442.83412268
[79, 39, 90, 31] - 442.5432743900008
[56, 39, 31] - 430.8839690000013
[24, 39, 41, 31] - 422.0634978200003
[24, 39, 97, 31] - 355.72957197
[24, 36, 39, 31] - 447.6205876200001
[24, 39, 90, 31] - 446.9991304500002
[39, 94, 41, 31] - 417.09765716999954
[36, 39, 41, 31] - 414.58253404999965
[39, 90, 41, 31] - 414.7398919600001
[39, 94, 31, 97] - 352.81937204
[36, 39, 31, 97] - 350.8174633299995
[39, 90, 31, 97] - 348.5550587800006
[36, 39, 94, 31] - 442.83769162000044
[39, 90, 94, 31] - 442.8092417799999
[36, 39, 90, 31] - 441.57931719000067
[5, 39] - 441.3176999999993
[88, 1, 79, 39, 94] - 339.65889626430055
[88, 1, 79, 36, 39] - 336.7387004404991
[88, 1, 79, 39, 90] - 337.30078590099964
[88, 56, 1, 39] - 356.8714277600003
[88, 1, 24, 39] - 424.90281747999995
[88, 1, 39, 41] - 417.7054884499999
[88, 1, 39, 97] - 359.6121062199999
[88, 1, 39, 90, 94] - 336.7618933482991
[56, 1, 79, 39] - 352.4878172100003
[1, 79, 39, 41] - 415.0266917200001
[1, 79, 39, 97] - 377.1167231999998
[1, 79, 36, 39, 94] - 352.28332150550017
[1, 79, 39, 90, 94] - 352.26045917610014
[1, 79, 36, 39, 90] - 348.9729960246003
[1, 56, 39, 97] - 354.5213846799994
[1, 56, 39, 94] - 355.1834210299999
[1, 56, 36, 39] - 351.7218508800003
[1, 56, 39, 90] - 349.8264961499999
[1, 24, 39, 41] - 419.53295902000013
[1, 24, 39, 97] - 353.22598876999973
[1, 24, 36, 39] - 442.5731845300001
[1, 24, 39, 90] - 442.71310482999996
[1, 39, 94, 41] - 413.8620001099998
[1, 36, 39, 41] - 411.8559567999998
[1, 39, 90, 41] - 412.48361860999995
[1, 39, 94, 97] - 380.76269466
[1, 36, 39, 97] - 376.37695789999975
[1, 39, 90, 97] - 374.4432944100001
[1, 36, 39, 90, 94] - 348.91173066999954
[88, 56, 79, 39] - 354.5300086599997
[88, 79, 24, 39, 94] - 343.5151381683997
[88, 79, 24, 36, 39] - 340.02266354729943
[88, 79, 24, 39, 90] - 341.96788847099975
[88, 79, 39, 41] - 418.0790372499997
[88, 79, 39, 97] - 391.3464771799995
[88, 79, 36, 39, 94] - 360.5190255786
[88, 79, 39, 90, 94] - 363.00381971239966
[88, 79, 36, 39, 90] - 359.2259555787007
[88, 56, 39, 97] - 356.4882563599995
[88, 56, 39, 94] - 357.09578184999964
[88, 56, 36, 39] - 353.4917272399998
[88, 56, 39, 90] - 352.2412719099996
[88, 24, 39, 41] - 421.79228222
[88, 24, 39, 97] - 364.1828596299997
[88, 24, 36, 39, 94] - 337.78233944800047
[88, 24, 39, 90, 94] - 339.7984494475997
[88, 24, 36, 39, 90] - 337.70211663270084
[88, 39, 71] - 357.2114739999997
[88, 67, 39] - 361.5420059999997
[88, 39, 94, 41] - 416.8128587599995
[88, 36, 39, 41] - 414.2579786900003
[88, 39, 90, 41] - 415.41947534000036
[88, 39, 94, 97] - 392.5006832199997
[88, 36, 39, 97] - 388.27418781999984
[88, 39, 90, 97] - 389.2584262300003
[88, 36, 39, 90, 94] - 357.6159868673001
[56, 79, 39, 97] - 352.0498277299998
[56, 79, 39, 94] - 354.5835770700003
[56, 79, 36, 39] - 349.8340634099994
[56, 79, 39, 90] - 347.8979730599998
[79, 24, 39, 41] - 419.9415546199994
[79, 24, 39, 97] - 383.0350906400004
[79, 24, 36, 39, 94] - 354.9179278714999
[79, 24, 39, 90, 94] - 356.3144982511
[79, 24, 36, 39, 90] - 352.9712760906999
[79, 39, 71] - 375.5298529999997
[67, 79, 39] - 372.566895
[79, 39, 94, 41] - 416.0914966
[79, 36, 39, 41] - 411.8943012699996
[79, 39, 90, 41] - 412.7379503299994
[79, 39, 94, 97] - 412.94365139000047
[79, 36, 39, 97] - 407.61788010000004
[79, 39, 90, 97] - 407.3426973100004
[79, 36, 39, 90, 94] - 373.3613260621996
[56, 24, 39] - 436.128731
[56, 39, 41] - 428.1124840000003
[56, 39, 94, 97] - 354.8873864299997
[56, 36, 39, 97] - 351.31752207999983
[56, 39, 90, 97] - 349.71759362999995
[56, 36, 39, 94] - 352.1360507299996
[56, 39, 90, 94] - 350.80771505999974
[56, 36, 39, 90] - 346.0771523300005
[24, 39, 94, 41] - 418.7528782600005
[24, 36, 39, 41] - 415.7462295100004
[24, 39, 90, 41] - 416.73503905999996
[24, 39, 94, 97] - 385.0471477200002
[24, 36, 39, 97] - 383.4241365699999
[24, 39, 90, 97] - 382.9023854500001
[24, 36, 39, 90, 94] - 351.3928191563993
[39, 71, 94] - 373.940942
[36, 39, 71] - 373.93440499999923
[39, 90, 71] - 373.59053800000004
[67, 39, 94] - 372.5329089999997
[67, 36, 39] - 368.55977099999996
[67, 39, 90] - 375.15115300000025
[39, 41, 97] - 430.4201419999997
[36, 39, 94, 41] - 410.67972719
[39, 90, 94, 41] - 411.78515925
[36, 39, 90, 41] - 408.4871875000002
[36, 39, 94, 97] - 409.4143354100002
[39, 90, 94, 97] - 409.5338011300002
[36, 39, 90, 97] - 407.0914707500001
[121, 110] - 375.1069
[110, 16] - 418.90240000000034
[66, 110, 29, 70] - 408.12288144999997
[55, 110, 29, 70] - 407.2870529700001
[110, 57, 29, 70] - 406.6776661600005
[110, 2, 29, 70] - 410.6696117800003
[110, 24, 29, 70] - 405.45701165999935
[110, 29, 70, 41] - 404.56600981999975
[110, 38, 29, 70] - 407.76233696999975
[110, 29, 70, 97] - 405.9449083200002
[110, 29, 70, 94] - 408.82609706000017
[110, 36, 29, 70] - 407.53541849000067
[110, 90, 29, 70] - 407.94057068000046
[55, 110, 66, 29] - 407.87361434000013
[110, 66, 57, 29] - 408.4211664599994
[110, 66, 2, 29] - 411.0747267600001
[110, 66, 24, 29] - 407.0030222200005
[110, 66, 29, 41] - 405.2782906800003
[110, 66, 38, 29] - 409.4861654000008
[110, 66, 29, 97] - 406.95320340000046
[110, 66, 29, 94] - 408.4583791600004
[110, 66, 36, 29] - 408.13450121000005
[110, 66, 90, 29] - 409.3332635400001
[110, 55, 57, 29] - 405.8638019300003
[110, 55, 2, 29] - 408.55940083999997
[110, 55, 24, 29] - 403.1204666700004
[110, 55, 29, 41] - 402.7396938599999
[110, 55, 38, 29] - 406.19200461999947
[110, 55, 29, 97] - 404.60429917
[110, 55, 29, 94] - 405.60424285000045
[110, 55, 36, 29] - 406.29622899999987
[110, 55, 90, 29] - 407.05223250000006
[110, 57, 2, 29, 41] - 371.7642165984994
[110, 57, 2, 38, 29] - 376.7035799007005
[110, 57, 2, 29, 97] - 372.9464415938992
[110, 57, 2, 29, 94] - 375.9385887753995
[110, 57, 2, 36, 29] - 373.4379858040988
[110, 57, 2, 90, 29] - 376.3606270359001
[110, 24, 57, 29] - 404.70531556
[110, 57, 38, 29, 41] - 370.60667498580005
[110, 57, 29, 41, 97] - 367.2198747626003
[110, 57, 29, 94, 41] - 369.71584971519985
[110, 57, 36, 29, 41] - 367.69695083249974
[110, 57, 90, 29, 41] - 371.0806914505997
[110, 57, 38, 29, 97] - 370.9731774689999
[110, 57, 38, 29, 94] - 374.70791859170043
[110, 57, 36, 38, 29] - 372.119510390001
[110, 57, 38, 90, 29] - 374.47390906100026
[110, 57, 29, 94, 97] - 371.5566624326006
[110, 57, 36, 29, 97] - 369.20493887899903
[110, 57, 90, 29, 97] - 371.8128569770007
[110, 57, 36, 29, 94] - 372.2470270286
[110, 57, 90, 29, 94] - 374.7210434418
[110, 57, 36, 90, 29] - 372.9321683817002
[110, 24, 2, 29] - 408.20262969000044
[110, 2, 38, 29, 41] - 374.10143852430014
[110, 2, 29, 41, 97] - 370.38509253360047
[110, 2, 29, 94, 41] - 373.6699364012
[110, 2, 36, 29, 41] - 371.3584043827998
[110, 2, 90, 29, 41] - 373.86045980870045
[110, 2, 38, 29, 97] - 374.7059069914005
[110, 2, 38, 29, 94] - 379.30946634520024
[110, 2, 36, 38, 29] - 376.74963835519975
[110, 2, 38, 90, 29] - 377.7149830250999
[110, 2, 29, 94, 97] - 375.59977387239957
[110, 2, 36, 29, 97] - 373.3622902911
[110, 2, 90, 29, 97] - 375.09445782410086
[110, 2, 36, 29, 94] - 376.8242415233999
[110, 2, 90, 29, 94] - 378.28427525689955
[110, 2, 36, 90, 29] - 376.2880708775997
[110, 24, 29, 41] - 401.92785088999966
[110, 24, 38, 29] - 405.83895168999993
[110, 24, 29, 97] - 403.70741436000037
[110, 24, 29, 94] - 405.3220248800004
[110, 24, 36, 29] - 404.9216739399997
[110, 24, 90, 29] - 405.6556733299996
[110, 38, 29, 41, 97] - 367.71328297349953
[110, 38, 29, 94, 41] - 371.6526007535
[110, 36, 38, 29, 41] - 369.3594850451997
[110, 38, 90, 29, 41] - 371.1719918631994
[110, 29, 94, 41, 97] - 368.5619668878996
[110, 36, 29, 41, 97] - 366.6669608947
[110, 90, 29, 41, 97] - 368.8643937874004
[110, 36, 29, 94, 41] - 369.66433452960007
[110, 90, 29, 94, 41] - 371.65000061859985
[110, 36, 90, 29, 41] - 369.9582448956004
[110, 38, 29, 94, 97] - 372.97843331169986
[110, 36, 38, 29, 97] - 370.6677746704995
[110, 38, 90, 29, 97] - 371.5533691580997
[110, 36, 38, 29, 94] - 374.8722201368004
[110, 38, 90, 29, 94] - 375.7298307565
[110, 36, 38, 90, 29] - 373.7173016122993
[110, 36, 29, 94, 97] - 372.0267243122997
[110, 90, 29, 94, 97] - 373.3097016873997
[110, 36, 90, 29, 97] - 371.5321664906008
[110, 36, 90, 29, 94] - 374.86176147230054
[55, 110, 66, 70] - 409.25850259
[110, 66, 57, 70] - 408.1053086700001
[110, 66, 2, 70] - 410.8188962900001
[110, 66, 24, 70] - 407.8696788200002
[110, 66, 70, 41] - 405.74631399000026
[110, 66, 38, 70] - 409.4061399999996
[110, 66, 70, 97] - 407.3423764499997
[110, 66, 70, 94] - 410.05284609999995
[110, 66, 36, 70] - 408.00435382000046
[110, 66, 90, 70] - 407.9175317199998
[110, 55, 57, 70] - 407.5197748999999
[110, 55, 2, 70] - 410.40751326000003
[110, 55, 24, 70] - 406.00686848999953
[110, 55, 70, 41] - 405.2246885299999
[110, 55, 38, 70] - 408.01088463999986
[110, 55, 70, 97] - 407.01010982000025
[110, 55, 70, 94] - 409.23446580999934
[110, 55, 36, 70] - 408.1086998300004
[110, 55, 90, 70] - 407.4279883399996
[110, 2, 57, 70] - 409.3429718499993
[110, 24, 57, 70] - 406.0364307
[110, 57, 70, 41] - 405.21718333000035
[110, 57, 38, 70] - 407.5767750599999
[110, 57, 70, 97] - 406.02239205999985
[110, 57, 70, 94] - 408.65086140000057
[110, 57, 36, 70] - 406.5519901200002
[110, 57, 90, 70] - 406.8256264300009
[110, 24, 2, 70] - 409.59358874000014
[110, 2, 70, 41] - 407.72289339999986
[110, 2, 38, 70] - 411.79578612999984
[110, 2, 70, 97] - 409.70621007000005
[110, 2, 70, 94] - 412.86730833999985
[110, 2, 36, 70] - 410.43672803000055
[110, 2, 90, 70] - 409.26361004999916
[110, 24, 70, 41] - 403.9118851600002
[110, 24, 38, 70] - 406.9963401900002
[110, 24, 70, 97] - 405.38960627000023
[110, 24, 70, 94] - 408.04248126000044
[110, 24, 36, 70] - 406.0337983300002
[110, 24, 90, 70] - 405.45158042000065
[110, 38, 70, 41] - 405.4726862199999
[110, 70, 41, 97] - 403.44013559000064
[110, 70, 94, 41] - 406.4395612899997
[110, 36, 70, 41] - 403.8815722700003
[110, 90, 70, 41] - 404.0371055400007
[110, 38, 70, 97] - 406.2286843900003
[110, 38, 70, 94] - 409.96377090999977
[110, 36, 38, 70] - 407.49377150999965
[110, 38, 90, 70] - 406.3255129099998
[110, 70, 94, 97] - 408.76131219999996
[110, 36, 70, 97] - 406.0646980600002
[110, 90, 70, 97] - 405.28519895000017
[110, 36, 70, 94] - 409.28074657999946
[110, 90, 70, 94] - 407.9466617399999
[110, 36, 90, 70] - 406.50343745000015
[110, 66, 55, 57] - 409.04786827999936
[110, 66, 55, 2] - 411.1336025799996
[110, 66, 55, 24] - 407.7083183199998
[110, 66, 55, 41] - 406.0786204799998
[110, 66, 55, 38] - 409.89206705999925
[110, 66, 55, 97] - 408.12656352999966
[110, 66, 55, 94] - 408.96921750000007
[110, 66, 55, 36] - 409.0967578199999
[110, 66, 55, 90] - 409.27044590999975
[110, 66, 2, 57] - 410.8705033600004
[110, 66, 24, 57] - 408.49137728000096
[110, 66, 57, 41] - 406.79947066000057
[110, 66, 57, 38] - 410.40653437999964
[110, 66, 57, 97] - 407.9570242799993
[110, 66, 57, 94] - 409.0959107100006
[110, 66, 57, 36] - 408.2832782800003
[110, 66, 57, 90] - 409.3787847799998
[110, 66, 24, 2] - 410.98834830000004
[110, 66, 2, 41] - 408.22445392999987
[110, 66, 2, 38] - 413.5211184400004
[110, 66, 2, 97] - 410.27532827000033
[110, 66, 2, 94] - 412.46233297
[110, 66, 2, 36] - 411.1476195500005
[110, 66, 2, 90] - 410.79488661999926
[110, 66, 24, 41] - 405.54543485000016
[110, 66, 24, 38] - 409.82941884999985
[110, 66, 24, 97] - 407.1002679600009
[110, 66, 24, 94] - 408.8026042500003
[110, 66, 24, 36] - 407.80500300999984
[110, 66, 24, 90] - 408.1474999200002
[110, 66, 38, 41] - 407.4311704899997
[110, 66, 41, 97] - 404.2683614200001
[110, 66, 94, 41] - 406.1367902699996
[110, 66, 36, 41] - 404.72394915999973
[110, 66, 90, 41] - 405.6290499299995
[110, 66, 38, 97] - 408.2548374600003
[110, 66, 38, 94] - 411.10017936
[110, 66, 36, 38] - 409.4454954399992
[110, 66, 38, 90] - 409.2178138299999
[110, 66, 94, 97] - 408.74216754999986
[110, 66, 36, 97] - 406.97542347
[110, 66, 90, 97] - 407.19319038999964
[110, 66, 36, 94] - 408.99214994000005
[110, 66, 90, 94] - 408.8839637199999
[110, 66, 36, 90] - 408.26289095000067
[110, 9] - 361.04589999999985
[11, 110] - 387.4875
[110, 57, 6] - 336.6516250000001
[110, 38, 6] - 344.8315989999997
[110, 6, 97] - 345.9420810000004
[110, 6, 94] - 341.5441710000002
[110, 36, 6] - 345.05548100000004
[110, 6, 90] - 342.3465569999998
[110, 55, 2, 57] - 408.57431748999994
[110, 55, 24, 57] - 405.1550041200002
[110, 55, 57, 41] - 404.7558492399996
[110, 55, 57, 38] - 407.4131960700001
[110, 55, 57, 97] - 405.9061377899999
[110, 55, 57, 94] - 406.7778918399998
[110, 55, 57, 36] - 406.89260614000034
[110, 55, 57, 90] - 407.3163680599998
[110, 55, 24, 2] - 407.5742081199998
[110, 55, 2, 41] - 406.39910578
[110, 55, 2, 38] - 410.8613848999989
[110, 55, 2, 97] - 408.75196508000005
[110, 55, 2, 94] - 410.12602011999905
[110, 55, 2, 36] - 409.9032038800001
[110, 55, 2, 90] - 408.86995533000055
[110, 55, 24, 41] - 402.20090222000044
[110, 55, 24, 38] - 421.1269147999991
[110, 55, 24, 97] - 420.0379209499994
[110, 55, 24, 94] - 420.8531611800004
[110, 55, 24, 36] - 421.2904451100004
[110, 55, 24, 90] - 420.8674923299995
[110, 55, 38, 41] - 404.7203090800004
[110, 55, 41, 97] - 402.73541947000064
[110, 55, 94, 41] - 403.9693939800004
[110, 55, 36, 41] - 403.4563164300006
[110, 55, 90, 41] - 403.6796345200002
[110, 55, 38, 97] - 420.9703765199991
[110, 55, 38, 94] - 422.70271834999954
[110, 55, 36, 38] - 422.7589233399995
[110, 55, 38, 90] - 421.96092165999977
[110, 55, 94, 97] - 422.01621783000013
[110, 55, 36, 97] - 421.73440957
[110, 55, 90, 97] - 421.4196205000006
[110, 55, 36, 94] - 423.18416240000124
[110, 55, 90, 94] - 422.0505645499999
[110, 55, 36, 90] - 423.10777976000054
[110, 24, 57, 2] - 408.6626500400001
[110, 57, 2, 38, 41] - 373.5564136854001
[110, 57, 2, 41, 97] - 370.0372334672
[110, 57, 2, 94, 41] - 372.3841909436999
[110, 57, 2, 36, 41] - 369.5051167366998
[110, 57, 2, 90, 41] - 372.47819621680003
[110, 57, 2, 38, 97] - 374.0727665002997
[110, 57, 2, 38, 94] - 377.80644368149956
[110, 57, 2, 36, 38] - 374.27786472989993
[110, 57, 2, 38, 90] - 376.2291120694
[110, 57, 2, 94, 97] - 374.39015769670084
[110, 57, 2, 36, 97] - 371.33783601229976
[110, 57, 2, 90, 97] - 373.4577156612998
[110, 57, 2, 36, 94] - 374.16299337220016
[110, 57, 2, 90, 94] - 376.1772783353006
[110, 57, 2, 36, 90] - 373.57210600070016
[110, 57, 24, 41] - 404.1858464899998
[110, 57, 24, 38] - 407.26919791999984
[110, 57, 24, 97] - 405.14219600999996
[110, 57, 24, 94] - 406.5093876700009
[110, 57, 24, 36] - 405.4387746299999
[110, 57, 24, 90] - 406.23453847999986
[110, 57, 38, 41, 97] - 368.6370485351992
[110, 57, 38, 94, 41] - 371.5449672634998
[110, 57, 36, 38, 41] - 368.38669505270053
[110, 57, 38, 90, 41] - 371.1138926594005
[110, 57, 94, 41, 97] - 368.6289490077996
[110, 57, 36, 41, 97] - 365.9666126277002
[110, 57, 90, 41, 97] - 368.58874902689956
[110, 57, 36, 94, 41] - 368.20367702779987
[110, 57, 90, 94, 41] - 370.73376436229927
[110, 57, 36, 90, 41] - 368.45193629249985
[110, 57, 38, 94, 97] - 372.9987595910999
[110, 57, 36, 38, 97] - 369.56380436890015
[110, 57, 38, 90, 97] - 371.3547153073993
[110, 57, 36, 38, 94] - 373.06666606310046
[110, 57, 38, 90, 94] - 374.94234540340074
[110, 57, 36, 38, 90] - 371.9946368666001
[110, 57, 36, 94, 97] - 370.5067909487996
[110, 57, 90, 94, 97] - 372.3189715838996
[110, 57, 36, 90, 97] - 369.75977782710027
[110, 57, 36, 90, 94] - 372.77642801979977
[110, 2, 5] - 338.7112480000001
[110, 38, 5] - 345.84960099999984
[110, 5, 97] - 341.4323449999998
[110, 5, 94] - 350.5211430000006
[110, 36, 5] - 345.3140690000003
[110, 5, 90] - 348.6077440000004
[110, 2, 24, 41] - 406.3617270700008
[110, 2, 24, 38] - 411.0255916400009
[110, 2, 24, 97] - 408.4496410100002
[110, 2, 24, 94] - 410.3053277799998
[110, 2, 24, 36] - 409.05815566999934
[110, 2, 24, 90] - 408.42920624000055
[110, 2, 38, 41, 97] - 371.4675870003003
[110, 2, 38, 94, 41] - 375.70464309079944
[110, 2, 36, 38, 41] - 372.3739033412996
[110, 2, 38, 90, 41] - 373.72728396179986
[110, 2, 94, 41, 97] - 372.1358848383996
[110, 2, 36, 41, 97] - 369.4004219803999
[110, 2, 90, 41, 97] - 371.1662745517001
[110, 2, 36, 94, 41] - 372.4948681918
[110, 2, 90, 94, 41] - 374.04223868349953
[110, 2, 36, 90, 41] - 371.3901828298002
[110, 2, 38, 94, 97] - 377.0004213459
[110, 2, 36, 38, 97] - 373.7688675270002
[110, 2, 38, 90, 97] - 374.21209519940015
[110, 2, 36, 38, 94] - 378.1618767912994
[110, 2, 38, 90, 94] - 378.5967878261995
[110, 2, 36, 38, 90] - 375.57238204629977
[110, 2, 36, 94, 97] - 374.87119617800033
[110, 2, 90, 94, 97] - 375.6855834336005
[110, 2, 36, 90, 97] - 373.12220552400015
[110, 2, 36, 90, 94] - 376.4909295977006
[110, 38, 120] - 341.62141400000036
[110, 97, 120] - 341.60162800000023
[110, 94, 120] - 345.64152100000024
[110, 36, 120] - 342.35016400000023
[110, 90, 120] - 344.2859550000002
[110, 24, 38, 41] - 404.48526950000047
[110, 24, 41, 97] - 401.83717854999986
[110, 24, 94, 41] - 403.9607479200004
[110, 24, 36, 41] - 402.1216793999998
[110, 24, 90, 41] - 402.76877078000035
[110, 24, 38, 97] - 420.5032293099996
[110, 24, 38, 94] - 423.01342675999945
[110, 24, 36, 38] - 421.83849598000063
[110, 24, 38, 90] - 421.0329308999999
[110, 24, 94, 97] - 421.3367255199996
[110, 24, 36, 97] - 420.1832754999998
[110, 24, 90, 97] - 419.7468407099998
[110, 24, 36, 94] - 422.41773639000024
[110, 24, 90, 94] - 421.3990498899996
[110, 24, 36, 90] - 421.33418712000065
[110, 38, 94, 41, 97] - 369.88380555820004
[110, 36, 38, 41, 97] - 366.89681296970025
[110, 38, 90, 41, 97] - 368.1839810747999
[110, 36, 38, 94, 41] - 370.58319570729924
[110, 38, 90, 94, 41] - 371.8240420923001
[110, 36, 38, 90, 41] - 368.9865482932002
[110, 36, 94, 41, 97] - 368.0662286236002
[110, 90, 94, 41, 97] - 369.37576822599993
[110, 36, 90, 41, 97] - 367.07773290250043
[110, 36, 90, 94, 41] - 369.89750000919975
[110, 36, 38, 94, 97] - 383.71380925930083
[110, 38, 90, 94, 97] - 383.93450906769976
[110, 36, 38, 90, 97] - 381.4731419133006
[110, 36, 38, 90, 94] - 385.6749931660997
[110, 36, 90, 94, 97] - 383.27916484090036
[121, 16] - 360.3346999999998
[121, 29] - 363.4537999999996
[121, 70] - 365.826
[66, 121] - 362.94170000000014
[121, 38, 9] - 336.6690760000005
[121, 9, 97] - 338.6490279999999
[121, 90, 9] - 337.4798340000002
[121, 23, 128] - 363.3609720000001
[121, 57, 128, 41] - 343.48686061999985
[121, 57, 38, 128] - 340.78078273999967
[121, 57, 128, 97] - 339.23157203000005
[121, 57, 128, 94] - 337.4920387800002
[121, 57, 36, 128] - 341.48485290999935
[121, 57, 90, 128] - 338.46817665000015
[121, 128, 31] - 374.685648
[121, 104, 128] - 366.2185370000002
[121, 1, 128] - 377.1936139999997
[121, 56, 128] - 360.10722100000015
[121, 128, 71] - 366.7355469999995
[121, 67, 128] - 370.6740240000003
[121, 38, 128, 41] - 347.9614977600003
[121, 128, 41, 97] - 346.44513097999976
[121, 128, 94, 41] - 344.73621167000044
[121, 36, 128, 41] - 348.34722516999983
[121, 90, 128, 41] - 345.9503018399991
[121, 38, 128, 97] - 350.7817426100002
[121, 38, 128, 94] - 349.7331655800003
[121, 36, 38, 128] - 354.35741151000013
[121, 38, 90, 128] - 350.80834632999955
[121, 128, 94, 97] - 347.39836003999966
[121, 36, 128, 97] - 352.11591496999995
[121, 90, 128, 97] - 348.0279324699995
[121, 36, 128, 94] - 351.9181073499996
[121, 90, 128, 94] - 348.31382683999993
[121, 36, 90, 128] - 353.0819928399998
[121, 11, 41] - 368.7674389999997
[121, 11, 38] - 378.4215849999997
[121, 11, 97] - 368.45231300000063
[121, 11, 94] - 376.08519100000007
[121, 11, 36] - 380.22964700000017
[121, 11, 90] - 376.4010650000003
[121, 6, 41] - 345.5004809999998
[121, 38, 6] - 353.1095469999996
[121, 6, 97] - 349.96998999999977
[121, 6, 94] - 352.1828149999994
[121, 36, 6] - 354.2305719999999
[121, 6, 90] - 353.5036819999997
[121, 23, 57] - 368.38410600000026
[121, 23, 31] - 368.2075559999998
[121, 23, 104] - 412.14867899999996
[121, 1, 23] - 411.75648099999967
[121, 56, 23] - 359.1941219999999
[121, 23, 71] - 374.35983000000004
[121, 67, 23] - 408.5848459999997
[121, 23, 41] - 413.3671779999996
[121, 23, 38] - 410.4333119999997
[121, 23, 97] - 403.6166419999998
[121, 23, 94] - 408.70083399999965
[121, 23, 36] - 411.6268459999999
[121, 23, 90] - 410.2226399999999
[121, 55, 38] - 356.30278399999924
[121, 55, 97] - 340.75274700000017
[121, 55, 94] - 352.1876520000002
[121, 55, 36] - 357.3480559999996
[121, 55, 90] - 355.65082500000005
[121, 57, 31] - 372.74192700000026
[121, 57, 104] - 373.26567099999966
[121, 1, 57] - 375.3039100000006
[121, 56, 57] - 357.98789599999986
[121, 57, 71] - 371.9762869999998
[121, 67, 57] - 366.8994130000003
[121, 57, 38, 41, 97] - 358.97937039909937
[121, 57, 38, 94, 41] - 362.9105923442995
[121, 57, 36, 38, 41] - 366.23595291879957
[121, 57, 38, 90, 41] - 365.98062194200025
[121, 57, 94, 41, 97] - 355.5465104958998
[121, 57, 36, 41, 97] - 358.54949161210004
[121, 57, 90, 41, 97] - 357.3605994061006
[121, 57, 36, 94, 41] - 363.2177620017994
[121, 57, 90, 94, 41] - 362.5476639949998
[121, 57, 36, 90, 41] - 365.86384289569986
[121, 57, 38, 94, 97] - 352.8236674918005
[121, 57, 36, 38, 97] - 356.48429311999985
[121, 57, 38, 90, 97] - 354.0855607970999
[121, 57, 36, 38, 94] - 362.25553942090033
[121, 57, 38, 90, 94] - 360.4243158906004
[121, 57, 36, 38, 90] - 364.6930840564002
[121, 57, 36, 94, 97] - 354.304043826501
[121, 57, 90, 94, 97] - 351.75774706560026
[121, 57, 36, 90, 97] - 355.34821504089985
[121, 57, 36, 90, 94] - 362.4652950779998
[121, 104, 31] - 393.1579220000003
[121, 1, 31] - 405.9484459999995
[121, 56, 31] - 357.7539400000004
[121, 71, 31] - 391.64327499999973
[121, 67, 31] - 395.992966
[121, 41, 31] - 377.3745879999999
[121, 38, 31] - 404.759804
[121, 97, 31] - 390.9828630000002
[121, 94, 31] - 402.8373620000004
[121, 36, 31] - 407.88615599999986
[121, 90, 31] - 406.3537020000002
[121, 5, 41] - 346.84508599999987
[121, 38, 5] - 358.6774810000006
[121, 5, 97] - 349.6986200000003
[121, 5, 94] - 354.9071180000006
[121, 36, 5] - 359.43759900000003
[121, 5, 90] - 357.1994779999998
[121, 2] - 366.96240000000006
[121, 1, 104] - 439.09309299999995
[121, 56, 104] - 358.43707500000005
[121, 104, 71] - 393.9989219999999
[121, 67, 104] - 430.07963999999976
[121, 104, 41] - 419.8578600000002
[121, 38, 104] - 438.0793809999996
[121, 104, 97] - 425.92428300000006
[121, 104, 94] - 434.5548989999997
[121, 36, 104] - 439.96519600000016
[121, 104, 90] - 438.92596900000024
[121, 56, 1] - 360.0739640000002
[121, 1, 71] - 395.8457900000002
[121, 67, 1] - 441.602029
[121, 1, 41] - 420.1368729999996
[121, 1, 36, 38] - 339.7204162299995
[121, 1, 38, 90] - 338.0563556100002
[121, 1, 97] - 436.01083599999953
[121, 1, 36, 94] - 338.13801888999967
[121, 1, 36, 90] - 341.8263801700005
[121, 56, 71] - 363.5617689999998
[121, 67, 56] - 357.5016330000006
[121, 56, 41] - 362.7471940000002
[121, 56, 38] - 360.1096460000001
[121, 56, 97] - 360.3655179999997
[121, 56, 94] - 359.38394100000016
[121, 56, 36] - 361.7708479999999
[121, 56, 90] - 359.9254269999993
[121, 24] - 411.35280000000074
[121, 67, 71] - 393.0876120000006
[121, 71, 41] - 376.6675700000002
[121, 38, 71] - 393.9581429999996
[121, 71, 97] - 387.6066589999999
[121, 71, 94] - 392.14490199999904
[121, 36, 71] - 397.6496009999994
[121, 90, 71] - 394.86536000000046
[121, 67, 41] - 410.5380139999997
[121, 67, 38] - 438.9859980000002
[121, 67, 97] - 432.28953800000033
[121, 67, 94] - 436.1631330000005
[121, 67, 36] - 440.76716200000016
[121, 67, 90] - 439.76914499999975
[121, 38, 94, 41, 97] - 377.45880108460045
[121, 36, 38, 41, 97] - 379.9688731246007
[121, 38, 90, 41, 97] - 378.92791529060037
[121, 36, 38, 94, 41] - 384.97457141699977
[121, 38, 90, 94, 41] - 384.2867448144001
[121, 36, 38, 90, 41] - 387.21380709909965
[121, 36, 94, 41, 97] - 378.33106588990023
[121, 90, 94, 41, 97] - 377.05621964169995
[121, 36, 90, 41, 97] - 379.3543640857998
[121, 36, 90, 94, 41] - 385.35251708679976
[121, 36, 38, 94, 97] - 392.95848530880005
[121, 38, 90, 94, 97] - 390.2430457905005
[121, 36, 38, 90, 97] - 394.64231292749946
[121, 36, 38, 90, 94] - 401.49037229519985
[121, 36, 90, 94, 97] - 393.34270953930024
[77, 45, 114] - 365.9398030000004
[77, 45, 63] - 370.11542299999985
[77, 45, 42] - 371.4826630000004
[77, 100, 45] - 363.47814299999993
[77, 45, 2] - 367.48548500000004
[77, 45, 120] - 364.7411830000001
[77, 56, 45] - 368.04976900000054
[77, 45, 24] - 367.8958479999996
[77, 45, 38] - 360.98710899999986
[77, 45, 97] - 371.10371899999956
[77, 45, 94] - 368.4601280000001
[77, 45, 36] - 364.7319120000001
[77, 45, 90] - 371.6220699999998
[45, 114, 86] - 361.80374999999935
[45, 63, 86] - 365.0271500000002
[45, 42, 86] - 365.6630329999996
[100, 45, 86] - 364.41677999999956
[45, 2, 86] - 362.8777979999999
[45, 86, 120] - 365.91545300000024
[56, 45, 86] - 367.56084000000044
[45, 24, 86] - 369.1735330000003
[45, 38, 86] - 360.454537
[45, 97, 86] - 370.18007400000016
[45, 94, 86] - 366.97681299999994
[45, 36, 86] - 363.17494199999965
[45, 90, 86] - 364.4632570000001
[45, 13, 114] - 353.1357290000007
[45, 13, 63] - 356.13371899999987
[45, 13, 42] - 354.42221800000004
[100, 45, 13] - 358.9382709999997
[45, 2, 13] - 358.24407400000007
[45, 13, 120] - 356.05901800000004
[56, 45, 13] - 360.0410379999999
[45, 24, 13] - 354.5842269999997
[45, 13, 38] - 356.71755300000007
[45, 13, 97] - 360.1081900000005
[45, 13, 94] - 358.4856040000001
[45, 13, 36] - 359.574319
[45, 13, 90] - 355.72292399999964
[45, 114, 70] - 365.5590290000005
[45, 70, 63] - 364.2664630000003
[45, 70, 42] - 369.9979610000002
[100, 45, 70] - 357.93750200000005
[45, 2, 70] - 365.74171200000023
[45, 70, 120] - 358.3441290000001
[56, 45, 70] - 367.0569350000006
[45, 24, 70] - 367.4941259999999
[45, 38, 70] - 359.2866760000003
[45, 70, 97] - 367.97072499999985
[45, 70, 94] - 363.6347080000002
[45, 36, 70] - 364.81792200000035
[45, 90, 70] - 361.2570179999997
[66, 45, 114] - 362.39180199999964
[66, 45, 63] - 367.29548900000003
[66, 45, 42] - 363.75826200000006
[66, 100, 45] - 361.65866300000056
[66, 45, 2] - 364.3909480000007
[66, 45, 120] - 361.33397199999956
[66, 56, 45] - 363.4770470000002
[66, 45, 24] - 364.38860300000005
[66, 45, 38] - 362.3599030000001
[66, 45, 97] - 368.9215869999999
[66, 45, 94] - 364.039649
[66, 45, 36] - 364.62435599999947
[66, 45, 90] - 361.82428999999973
[100, 45, 114, 63, 42] - 408.9706974441
[45, 2, 114, 63, 42] - 412.92095997209935
[45, 114, 63, 42, 120] - 408.9991423568998
[56, 45, 114, 63, 42] - 414.173781691899
[45, 24, 114, 63, 42] - 411.6479606499998
[45, 114, 38, 63, 42] - 407.23042091729997
[45, 114, 63, 97, 42] - 415.44758285800094
[45, 114, 94, 63, 42] - 411.31523744920025
[45, 36, 114, 63, 42] - 411.9001010220998
[45, 114, 90, 63, 42] - 410.77359353910094
[45, 100, 2, 114, 63] - 406.20483259699984
[45, 100, 114, 63, 120] - 402.8229068134996
[56, 45, 100, 114, 63] - 408.82343377109953
[45, 100, 24, 114, 63] - 406.3074436819994
[45, 100, 114, 38, 63] - 401.44333839040024
[45, 100, 114, 63, 97] - 408.61175183999967
[45, 100, 114, 94, 63] - 404.6727818140009
[45, 100, 36, 114, 63] - 405.56475089480017
[45, 100, 114, 90, 63] - 404.5238449799999
[45, 2, 114, 63, 120] - 406.2453984094002
[56, 45, 2, 114, 63] - 412.2714718445999
[45, 24, 2, 114, 63] - 410.01081877519965
[45, 2, 114, 38, 63] - 404.8679018669997
[45, 2, 114, 63, 97] - 412.06905032680015
[45, 2, 114, 94, 63] - 407.9654060665995
[45, 2, 36, 114, 63] - 409.2428892162995
[45, 2, 114, 90, 63] - 408.8664923702993
[56, 45, 114, 63, 120] - 408.03766774740006
[45, 24, 114, 63, 120] - 405.650821869
[45, 114, 38, 63, 120] - 401.24340562550054
[45, 114, 63, 97, 120] - 408.9965121728002
[45, 114, 94, 63, 120] - 405.2637251532007
[45, 36, 114, 63, 120] - 404.6751760500996
[45, 114, 90, 63, 120] - 404.06351062820085
[45, 56, 24, 114, 63] - 411.1024060373993
[45, 56, 114, 38, 63] - 406.5890104210002
[45, 56, 114, 63, 97] - 414.19578348500033
[45, 56, 114, 94, 63] - 409.9862399736999
[45, 56, 36, 114, 63] - 411.0692157807001
[45, 56, 114, 90, 63] - 409.8134093486003
[45, 24, 114, 38, 63] - 403.6989258367004
[45, 24, 114, 63, 97] - 411.93161569330005
[45, 24, 114, 94, 63] - 408.1709272430001
[45, 24, 36, 114, 63] - 408.43513120719984
[45, 24, 114, 90, 63] - 407.7897907626998
[45, 114, 38, 63, 97] - 407.4280122389002
[45, 114, 38, 94, 63] - 402.9905156421997
[45, 36, 114, 38, 63] - 404.11023850360044
[45, 114, 38, 90, 63] - 402.82004695900014
[45, 114, 94, 63, 97] - 410.9890042765997
[45, 36, 114, 63, 97] - 411.5773440636995
[45, 114, 90, 63, 97] - 410.7721498034001
[45, 36, 114, 94, 63] - 406.8243880847002
[45, 114, 90, 94, 63] - 406.7030606712002
[45, 36, 114, 90, 63] - 407.2785039031998
[45, 100, 2, 114, 42] - 408.58222347119977
[45, 100, 114, 42, 120] - 405.7979821081002
[56, 45, 100, 114, 42] - 410.6710902515994
[45, 100, 24, 114, 42] - 408.4261838010003
[45, 100, 114, 38, 42] - 403.45626994929967
[45, 100, 114, 97, 42] - 411.1104241928
[45, 100, 114, 94, 42] - 407.27137180439996
[45, 100, 36, 114, 42] - 408.04062596310035
[45, 100, 114, 90, 42] - 406.8027446213004
[45, 2, 114, 42, 120] - 409.53501085420066
[56, 45, 2, 114, 42] - 414.7148868386003
[45, 24, 2, 114, 42] - 412.7339969470007
[45, 2, 114, 38, 42] - 407.4991981125998
[45, 2, 114, 97, 42] - 415.21954786580034
[45, 2, 114, 94, 42] - 410.92385492410006
[45, 2, 36, 114, 42] - 412.4596671998004
[45, 2, 114, 90, 42] - 411.7227230637001
[56, 45, 114, 42, 120] - 410.81835018149974
[45, 24, 114, 42, 120] - 408.6366112577997
[45, 114, 38, 42, 120] - 404.1251967125005
[45, 114, 97, 42, 120] - 412.54252141660055
[45, 114, 94, 42, 120] - 408.82737538620034
[45, 36, 114, 42, 120] - 408.2142162956003
[45, 114, 90, 42, 120] - 407.2752948239997
[45, 56, 24, 114, 42] - 413.27733385869993
[45, 56, 114, 38, 42] - 408.5584122813994
[45, 56, 114, 97, 42] - 416.8808782397006
[45, 56, 114, 94, 42] - 412.58599367690033
[45, 56, 36, 114, 42] - 413.7145647931001
[45, 56, 114, 90, 42] - 412.12197169769945
[45, 24, 114, 38, 42] - 406.0997691778996
[45, 24, 114, 97, 42] - 414.8158655037994
[45, 24, 114, 94, 42] - 411.1593088897002
[45, 24, 36, 114, 42] - 411.38090798319996
[45, 24, 114, 90, 42] - 410.4021688237997
[45, 114, 38, 97, 42] - 410.36867967560056
[45, 114, 38, 94, 42] - 405.7664084921014
[45, 36, 114, 38, 42] - 406.8383699011004
[45, 114, 38, 90, 42] - 405.23928408699965
[45, 114, 94, 42, 97] - 414.3066705913996
[45, 36, 114, 42, 97] - 414.9447657300999
[45, 114, 90, 42, 97] - 413.7642348711001
[45, 36, 114, 94, 42] - 410.25218465020004
[45, 114, 90, 94, 42] - 409.7619716586998
[45, 36, 114, 90, 42] - 410.295284247
[12, 45, 114] - 362.643697
[45, 100, 2, 114, 120] - 402.9634033232
[56, 45, 100, 2, 114] - 408.53115887699977
[45, 100, 24, 2, 114] - 406.70048328320013
[45, 100, 2, 114, 38] - 400.8485078742999
[45, 100, 2, 114, 97] - 407.4775639911004
[45, 100, 2, 114, 94] - 403.68394777689946
[45, 100, 2, 36, 114] - 405.2827732967002
[45, 100, 2, 114, 90] - 404.90315168080036
[56, 45, 100, 114, 120] - 405.18520836539966
[45, 100, 24, 114, 120] - 403.2056849455
[45, 100, 114, 38, 120] - 398.18651335919924
[45, 100, 114, 97, 120] - 405.3908163531004
[45, 100, 114, 94, 120] - 401.8749868905
[45, 100, 36, 114, 120] - 401.68180681839965
[45, 100, 114, 90, 120] - 401.02762883100013
[45, 100, 56, 24, 114] - 408.3941285617992
[45, 100, 56, 114, 38] - 403.2483886285006
[45, 100, 56, 114, 97] - 410.56402337580033
[45, 100, 56, 114, 94] - 406.34162011289976
[45, 100, 56, 36, 114] - 407.9153110372999
[45, 100, 56, 114, 90] - 406.5830917528998
[45, 100, 24, 114, 38] - 400.75461713950006
[45, 100, 24, 114, 97] - 408.32215221109925
[45, 100, 24, 114, 94] - 404.9488173611994
[45, 100, 24, 36, 114] - 405.4695499009998
[45, 100, 24, 114, 90] - 404.6954826604006
[45, 100, 114, 38, 97] - 403.35613505209926
[45, 100, 114, 38, 94] - 399.2073975179002
[45, 100, 36, 114, 38] - 400.49546861659945
[45, 100, 114, 38, 90] - 399.25997284380026
[45, 100, 114, 94, 97] - 406.28715608069984
[45, 100, 36, 114, 97] - 407.5819212815004
[45, 100, 114, 90, 97] - 406.58635609710007
[45, 100, 36, 114, 94] - 403.02460648520014
[45, 100, 114, 90, 94] - 402.72196021689973
[45, 100, 36, 114, 90] - 403.57684740059966
[11, 45, 114] - 365.0719929999997
[56, 45, 2, 114, 120] - 408.80116939969906
[45, 24, 2, 114, 120] - 406.86416309350125
[45, 2, 114, 38, 120] - 401.76355331120055
[45, 2, 114, 97, 120] - 409.0103601736996
[45, 2, 114, 94, 120] - 405.32674340739936
[45, 2, 36, 114, 120] - 405.7302130159998
[45, 2, 114, 90, 120] - 405.4685156840004
[45, 56, 24, 2, 114] - 412.57296122490044
[45, 56, 2, 114, 38] - 406.91633373670004
[45, 56, 2, 114, 97] - 414.18832109960084
[45, 56, 2, 114, 94] - 409.94455684949963
[45, 56, 2, 36, 114] - 412.0316148621988
[45, 56, 2, 114, 90] - 411.0975910757003
[45, 2, 24, 114, 38] - 404.6436874637002
[45, 2, 24, 114, 97] - 412.3756424642001
[45, 2, 24, 114, 94] - 408.7900587752002
[45, 2, 24, 36, 114] - 410.0330783932997
[45, 2, 24, 114, 90] - 409.6473429582995
[45, 2, 114, 38, 97] - 407.23438342680004
[45, 2, 114, 38, 94] - 402.5244634575002
[45, 2, 36, 114, 38] - 404.6449104393997
[45, 2, 114, 38, 90] - 403.52535531599995
[45, 2, 114, 94, 97] - 409.97104580740034
[45, 2, 36, 114, 97] - 411.6938005143
[45, 2, 114, 90, 97] - 411.0709521147005
[45, 2, 36, 114, 94] - 407.13096656769926
[45, 2, 114, 90, 94] - 407.2534931826994
[45, 2, 36, 114, 90] - 408.73800933320064
[45, 56, 24, 114, 120] - 407.76859411989926
[45, 56, 114, 38, 120] - 403.22336793560015
[45, 56, 114, 97, 120] - 410.9854311994991
[45, 56, 114, 94, 120] - 407.1015957530997
[45, 56, 36, 114, 120] - 407.2691446690008
[45, 56, 114, 90, 120] - 406.1164602657997
[45, 24, 114, 38, 120] - 400.7375927296995
[45, 24, 114, 97, 120] - 408.9845773243999
[45, 24, 114, 94, 120] - 405.60534702419966
[45, 24, 36, 114, 120] - 404.9049348204
[45, 24, 114, 90, 120] - 404.5253918275997
[45, 114, 38, 97, 120] - 404.57741336320015
[45, 114, 38, 94, 120] - 400.23071680849984
[45, 36, 114, 38, 120] - 400.6982474489
[45, 114, 38, 90, 120] - 399.4755482046995
[45, 114, 94, 97, 120] - 408.4708652858996
[45, 36, 114, 97, 120] - 408.2096853401994
[45, 114, 90, 97, 120] - 407.5442949250995
[45, 36, 114, 94, 120] - 403.9275492562004
[45, 114, 90, 94, 120] - 403.8619603959998
[45, 36, 114, 90, 120] - 403.46928237830036
[88, 45, 114] - 365.2260590000004
[45, 79, 114] - 361.72569500000037
[45, 56, 24, 114, 38] - 405.70229760730024
[45, 56, 24, 114, 97] - 413.7807295288003
[45, 56, 24, 114, 94] - 409.8619742434998
[45, 56, 24, 36, 114] - 410.9659378243005
[45, 56, 24, 114, 90] - 409.67444800609917
[45, 56, 114, 38, 97] - 409.2309592672005
[45, 56, 114, 38, 94] - 404.5112883216003
[45, 56, 36, 114, 38] - 406.2679343175005
[45, 56, 114, 38, 90] - 404.42399681689966
[45, 56, 114, 94, 97] - 412.5561866077997
[45, 56, 36, 114, 97] - 413.7633033071992
[45, 56, 114, 90, 97] - 412.3131480415013
[45, 56, 36, 114, 94] - 408.9889563459002
[45, 56, 114, 90, 94] - 408.2767101534993
[45, 56, 36, 114, 90] - 409.4757324528998
[45, 24, 114, 38, 97] - 406.65422822189953
[45, 24, 114, 38, 94] - 402.6002448503999
[45, 24, 36, 114, 38] - 403.53095759460007
[45, 24, 114, 38, 90] - 402.2670113136999
[45, 24, 114, 94, 97] - 411.03345271679973
[45, 24, 36, 114, 97] - 411.5593973959002
[45, 24, 114, 90, 97] - 410.9166170799995
[45, 24, 36, 114, 94] - 407.4196571379007
[45, 24, 114, 90, 94] - 407.3708061099
[45, 24, 36, 114, 90] - 407.6616620619
[45, 114, 71] - 357.40441199999975
[67, 45, 114] - 367.01725600000015
[45, 114, 38, 94, 97] - 405.65528021639966
[45, 36, 114, 38, 97] - 407.3942400545001
[45, 114, 38, 90, 97] - 405.67950396920025
[45, 36, 114, 38, 94] - 401.9928313903002
[45, 114, 38, 90, 94] - 401.3674279939007
[45, 36, 114, 38, 90] - 402.40305361769975
[45, 36, 114, 94, 97] - 409.7209735682996
[45, 114, 90, 94, 97] - 409.5750182666008
[45, 36, 114, 90, 97] - 410.2681408565001
[45, 36, 114, 90, 94] - 405.78131872219984
[45, 100, 2, 63, 42] - 410.14078742629954
[45, 100, 63, 42, 120] - 407.10215177819964
[56, 45, 100, 63, 42] - 412.2082506784003
[45, 100, 24, 63, 42] - 409.7899411894998
[45, 100, 38, 63, 42] - 405.4792819508995
[45, 100, 63, 97, 42] - 412.60934357760004
[45, 100, 94, 63, 42] - 409.2904196091001
[45, 100, 36, 63, 42] - 409.7198779476992
[45, 100, 90, 63, 42] - 408.93752464819937
[45, 2, 63, 42, 120] - 409.3224530555009
[56, 45, 2, 63, 42] - 414.88107264259975
[45, 24, 2, 63, 42] - 412.72552398590034
[45, 2, 38, 63, 42] - 408.0436951411996
[45, 2, 63, 97, 42] - 415.02804339589966
[45, 2, 94, 63, 42] - 411.62565515940014
[45, 2, 36, 63, 42] - 412.6451066645003
[45, 2, 90, 63, 42] - 412.3490776724988
[56, 45, 63, 42, 120] - 410.85831572930016
[45, 24, 63, 42, 120] - 408.6422935302004
[45, 38, 63, 42, 120] - 404.5586248632998
[45, 63, 97, 42, 120] - 412.35352595759997
[45, 94, 63, 42, 120] - 409.2904586480004
[45, 36, 63, 42, 120] - 408.29782380209974
[45, 90, 63, 42, 120] - 407.6874819003001
[45, 56, 24, 63, 42] - 413.2518316102006
[45, 56, 38, 63, 42] - 409.16351840960016
[45, 56, 63, 97, 42] - 416.84517475679985
[45, 56, 94, 63, 42] - 413.27415601950025
[45, 56, 36, 63, 42] - 414.05815145759925
[45, 56, 90, 63, 42] - 412.79069216460067
[45, 24, 38, 63, 42] - 406.48902592970023
[45, 24, 63, 97, 42] - 414.64188828049987
[45, 24, 94, 63, 42] - 411.54437186439935
[45, 24, 36, 63, 42] - 411.3950413167005
[45, 24, 90, 63, 42] - 410.89612120750024
[45, 38, 63, 97, 42] - 410.66706689680024
[45, 38, 94, 63, 42] - 406.77993067120036
[45, 36, 38, 63, 42] - 407.64985184889986
[45, 38, 90, 63, 42] - 406.29925221099927
[45, 94, 63, 42, 97] - 414.7578473893998
[45, 36, 63, 42, 97] - 415.0062957271005
[45, 90, 63, 42, 97] - 414.3830335465005
[45, 36, 94, 63, 42] - 410.95596616180023
[45, 90, 94, 63, 42] - 410.86700591949995
[45, 36, 90, 63, 42] - 411.21400365120036
[12, 45, 63] - 365.6177139999997
[45, 100, 2, 63, 120] - 404.4896374281001
[56, 45, 100, 2, 63] - 410.3611907351
[45, 100, 24, 2, 63] - 408.47914744829944
[45, 100, 2, 38, 63] - 403.22946522169985
[45, 100, 2, 63, 97] - 409.3992769799996
[45, 100, 2, 94, 63] - 406.11626354379956
[45, 100, 2, 36, 63] - 407.2006990533001
[45, 100, 2, 90, 63] - 407.1896337127999
[56, 45, 100, 63, 120] - 406.8817548553999
[45, 100, 24, 63, 120] - 404.98815359030016
[45, 100, 38, 63, 120] - 400.3805979950998
[45, 100, 63, 97, 120] - 407.2374469188001
[45, 100, 94, 63, 120] - 404.0254382567993
[45, 100, 36, 63, 120] - 403.4541509922005
[45, 100, 90, 63, 120] - 403.15894256960013
[45, 100, 56, 24, 63] - 410.03622426490006
[45, 100, 56, 38, 63] - 405.5985757254992
[45, 100, 56, 63, 97] - 412.5544312072
[45, 100, 56, 94, 63] - 408.7110528492008
[45, 100, 56, 36, 63] - 409.9156305462995
[45, 100, 56, 90, 63] - 408.8625712947005
[45, 100, 24, 38, 63] - 402.91989514779976
[45, 100, 24, 63, 97] - 410.24989930500067
[45, 100, 24, 94, 63] - 407.1214824186
[45, 100, 24, 36, 63] - 407.26570635319985
[45, 100, 24, 90, 63] - 406.8921526082002
[45, 100, 38, 63, 97] - 405.7568112912001
[45, 100, 38, 94, 63] - 401.9724107549006
[45, 100, 36, 38, 63] - 403.1112185287998
[45, 100, 38, 90, 63] - 402.02527826170075
[45, 100, 94, 63, 97] - 408.7961386222996
[45, 100, 36, 63, 97] - 409.7293429856013
[45, 100, 90, 63, 97] - 409.15297312670003
[45, 100, 36, 94, 63] - 405.39660256560006
[45, 100, 90, 94, 63] - 405.4991968624
[45, 100, 36, 90, 63] - 406.16075065459967
[11, 45, 63] - 363.0944409999996
[56, 45, 2, 63, 120] - 409.00901131789914
[45, 24, 2, 63, 120] - 407.1530973904002
[45, 2, 38, 63, 120] - 402.4037603313999
[45, 2, 63, 97, 120] - 409.12050472620007
[45, 2, 94, 63, 120] - 406.07646789379976
[45, 2, 36, 63, 120] - 405.98694094640047
[45, 2, 90, 63, 120] - 405.9826183890991
[45, 56, 24, 2, 63] - 412.84404238489947
[45, 56, 2, 38, 63] - 407.79426671070064
[45, 56, 2, 63, 97] - 414.5175629215008
[45, 56, 2, 94, 63] - 410.9918798587997
[45, 56, 2, 36, 63] - 412.5743993356998
[45, 56, 2, 90, 63] - 411.88754280509954
[45, 2, 24, 38, 63] - 405.3859012891998
[45, 2, 24, 63, 97] - 412.64565642710016
[45, 2, 24, 94, 63] - 409.6715968845002
[45, 2, 24, 36, 63] - 410.34863286900026
[45, 2, 24, 90, 63] - 410.34983909830066
[45, 2, 38, 63, 97] - 407.94209924670037
[45, 2, 38, 94, 63] - 403.92890756330047
[45, 2, 36, 38, 63] - 405.72160984079943
[45, 2, 38, 90, 63] - 404.7206131799992
[45, 2, 94, 63, 97] - 410.86843969020015
[45, 2, 36, 63, 97] - 412.0636597374997
[45, 2, 90, 63, 97] - 411.87076013219973
[45, 2, 36, 94, 63] - 408.13613689969884
[45, 2, 90, 94, 63] - 408.5904553765992
[45, 2, 36, 90, 63] - 409.71449642889945
[45, 56, 24, 63, 120] - 408.1744052814993
[45, 56, 38, 63, 120] - 404.0387073615002
[45, 56, 63, 97, 120] - 411.34811595329995
[45, 56, 94, 63, 120] - 407.9887479342
[45, 56, 36, 63, 120] - 407.81538236679944
[45, 56, 90, 63, 120] - 406.8588639468016
[45, 24, 38, 63, 120] - 401.61108802029986
[45, 24, 63, 97, 120] - 409.4956207027008
[45, 24, 94, 63, 120] - 406.4949868289001
[45, 24, 36, 63, 120] - 405.3833154771998
[45, 24, 90, 63, 120] - 405.2939000133996
[45, 38, 63, 97, 120] - 405.34374525109945
[45, 38, 94, 63, 120] - 401.4708053701
[45, 36, 38, 63, 120] - 401.74943508939964
[45, 38, 90, 63, 120] - 400.60788122189933
[45, 94, 63, 97, 120] - 409.3584993726988
[45, 36, 63, 97, 120] - 408.6721367560002
[45, 90, 63, 97, 120] - 408.34717102960025
[45, 36, 94, 63, 120] - 404.8781117087004
[45, 90, 94, 63, 120] - 405.0454692902008
[45, 36, 90, 63, 120] - 404.45502723430087
[88, 45, 63] - 364.31939299999976
[45, 79, 63] - 359.98423200000036
[45, 56, 24, 38, 63] - 406.3670667999004
[45, 56, 24, 63, 97] - 414.1221140275005
[45, 56, 24, 94, 63] - 410.62812688250006
[45, 56, 24, 36, 63] - 411.3403660921999
[45, 56, 24, 90, 63] - 410.3720937265003
[45, 56, 38, 63, 97] - 410.0521776798004
[45, 56, 38, 94, 63] - 405.83178023050095
[45, 56, 36, 38, 63] - 407.45746385190023
[45, 56, 38, 90, 63] - 405.6461711870997
[45, 56, 94, 63, 97] - 413.5083627745009
[45, 56, 36, 63, 97] - 414.3745747918004
[45, 56, 90, 63, 97] - 413.2834708079
[45, 56, 36, 94, 63] - 410.0455859087995
[45, 56, 90, 94, 63] - 409.5950859777006
[45, 56, 36, 90, 63] - 410.6387257221007
[45, 24, 38, 63, 97] - 407.4083027345002
[45, 24, 38, 94, 63] - 403.7656552484
[45, 24, 36, 38, 63] - 404.4416868192008
[45, 24, 38, 90, 63] - 403.3901085620001
[45, 24, 94, 63, 97] - 411.940655749
[45, 24, 36, 63, 97] - 411.95798947969985
[45, 24, 90, 63, 97] - 411.79451697009955
[45, 24, 36, 94, 63] - 408.21298696440067
[45, 24, 90, 94, 63] - 408.55825858799983
[45, 24, 36, 90, 63] - 408.5671197929
[45, 71, 63] - 359.7463459999999
[67, 45, 63] - 362.34660900000017
[45, 38, 94, 63, 97] - 406.9163947789001
[45, 36, 38, 63, 97] - 408.46764831649955
[45, 38, 90, 63, 97] - 406.9845573217995
[45, 36, 38, 94, 63] - 403.4780409883005
[45, 38, 90, 94, 63] - 402.9877009779003
[45, 36, 38, 90, 63] - 404.0061506171995
[45, 36, 94, 63, 97] - 410.7602295019995
[45, 90, 94, 63, 97] - 411.00276195010036
[45, 36, 90, 63, 97] - 411.45599368479975
[45, 36, 90, 94, 63] - 407.26492229630077
[12, 45, 42] - 368.69063700000027
[45, 100, 2, 42, 120] - 406.9624062610004
[56, 45, 100, 2, 42] - 411.9699010277999
[45, 100, 24, 2, 42] - 410.21060004739917
[45, 100, 2, 38, 42] - 404.9564691569002
[45, 100, 2, 97, 42] - 411.39515722129966
[45, 100, 2, 94, 42] - 408.27969405569985
[45, 100, 2, 36, 42] - 409.2190320232998
[45, 100, 2, 90, 42] - 409.17810052789946
[56, 45, 100, 42, 120] - 409.0997758819004
[45, 100, 24, 42, 120] - 407.15544692549963
[45, 100, 38, 42, 120] - 402.6170393813999
[45, 100, 97, 42, 120] - 409.8991303994
[45, 100, 94, 42, 120] - 407.02037100320047
[45, 100, 36, 42, 120] - 406.0252462004998
[45, 100, 90, 42, 120] - 405.6379009183001
[45, 100, 56, 24, 42] - 411.46086711850006
[45, 100, 56, 38, 42] - 406.88447844579935
[45, 100, 56, 97, 42] - 414.37623191399945
[45, 100, 56, 94, 42] - 410.77754362430005
[45, 100, 56, 36, 42] - 411.60747807570095
[45, 100, 56, 90, 42] - 410.5234582102997
[45, 100, 24, 38, 42] - 404.4814614759001
[45, 100, 24, 97, 42] - 412.0289192686999
[45, 100, 24, 94, 42] - 409.3826166535001
[45, 100, 24, 36, 42] - 409.0196805594011
[45, 100, 24, 90, 42] - 408.64634062470026
[45, 100, 38, 97, 42] - 407.67894288009956
[45, 100, 38, 94, 42] - 404.1454123853003
[45, 100, 36, 38, 42] - 404.8033797431
[45, 100, 38, 90, 42] - 403.7565871545002
[45, 100, 94, 42, 97] - 411.2282632404998
[45, 100, 36, 42, 97] - 411.80245561050026
[45, 100, 90, 42, 97] - 411.2177498281997
[45, 100, 36, 94, 42] - 407.9028230923998
[45, 100, 90, 94, 42] - 407.9528151772998
[45, 100, 36, 90, 42] - 408.1576594146002
[11, 45, 42] - 364.8838440000001
[56, 45, 2, 42, 120] - 411.29816777319934
[45, 24, 2, 42, 120] - 409.4679526554004
[45, 2, 38, 42, 120] - 404.7808489882001
[45, 2, 97, 42, 120] - 411.8772555539996
[45, 2, 94, 42, 120] - 408.85606222620044
[45, 2, 36, 42, 120] - 408.76926436100086
[45, 2, 90, 42, 120] - 408.57178258419975
[45, 56, 24, 2, 42] - 414.62955447519977
[45, 56, 2, 38, 42] - 409.5020900301
[45, 56, 2, 97, 42] - 416.7215933983002
[45, 56, 2, 94, 42] - 413.1151076276
[45, 56, 2, 36, 42] - 414.7546092680997
[45, 56, 2, 90, 42] - 413.8664402974002
[45, 2, 24, 38, 42] - 407.39899080519945
[45, 2, 24, 97, 42] - 414.9270147884005
[45, 2, 24, 94, 42] - 412.08692711910106
[45, 2, 24, 36, 42] - 412.6772782406993
[45, 2, 24, 90, 42] - 412.4738984914001
[45, 2, 38, 97, 42] - 410.3380592866002
[45, 2, 38, 94, 42] - 406.2231223878003
[45, 2, 36, 38, 42] - 407.9772848099001
[45, 2, 38, 90, 42] - 406.8971512407997
[45, 2, 94, 42, 97] - 413.4771266076996
[45, 2, 36, 42, 97] - 414.7212048234001
[45, 2, 90, 42, 97] - 414.34263012189956
[45, 2, 36, 94, 42] - 410.8748983091
[45, 2, 90, 94, 42] - 411.08950026990027
[45, 2, 36, 90, 42] - 412.17284571180016
[45, 56, 24, 42, 120] - 410.18173551719985
[45, 56, 38, 42, 120] - 405.9997211904
[45, 56, 97, 42, 120] - 413.9474527838
[45, 56, 94, 42, 120] - 410.71516549509903
[45, 56, 36, 42, 120] - 410.3042151072999
[45, 56, 90, 42, 120] - 409.1236129269008
[45, 24, 38, 42, 120] - 403.65255233790043
[45, 24, 97, 42, 120] - 411.9403784537001
[45, 24, 94, 42, 120] - 409.2723599835
[45, 24, 36, 42, 120] - 407.8705345465003
[45, 24, 90, 42, 120] - 407.5508076158996
[45, 38, 97, 42, 120] - 408.01003014279985
[45, 38, 94, 42, 120] - 404.2425961975001
[45, 36, 38, 42, 120] - 404.1987919905003
[45, 38, 90, 42, 120] - 402.91601260420094
[45, 94, 42, 97, 120] - 412.5275751764998
[45, 36, 42, 97, 120] - 411.67069824740037
[45, 90, 42, 97, 120] - 411.1440467615993
[45, 36, 94, 42, 120] - 408.08502947000073
[45, 90, 94, 42, 120] - 408.07070461010125
[45, 36, 90, 42, 120] - 407.16467537080035
[88, 45, 42] - 367.92115000000007
[45, 79, 42] - 362.4229590000004
[45, 56, 24, 38, 42] - 407.87956227360036
[45, 56, 24, 97, 42] - 416.1337401298008
[45, 56, 24, 94, 42] - 412.8575873981006
[45, 56, 24, 36, 42] - 413.3178015216998
[45, 56, 24, 90, 42] - 412.0985176506993
[45, 56, 38, 97, 42] - 412.0972703425008
[45, 56, 38, 94, 42] - 407.8680849931997
[45, 56, 36, 38, 42] - 409.2400595157004
[45, 56, 38, 90, 42] - 407.2718725900007
[45, 56, 94, 42, 97] - 416.0795074313001
[45, 56, 36, 42, 97] - 416.76677548829997
[45, 56, 90, 42, 97] - 415.49106291760006
[45, 56, 36, 94, 42] - 412.6742100072002
[45, 56, 90, 94, 42] - 411.9903714209002
[45, 56, 36, 90, 42] - 412.7528118299001
[45, 24, 38, 97, 42] - 409.6058623835
[45, 24, 38, 94, 42] - 406.1505199467996
[45, 24, 36, 38, 42] - 406.51269429880006
[45, 24, 38, 90, 42] - 405.27318933190037
[45, 24, 94, 42, 97] - 414.6014112465999
[45, 24, 36, 42, 97] - 414.4161536235
[45, 24, 90, 42, 97] - 414.0135331147995
[45, 24, 36, 94, 42] - 411.0226996884998
[45, 24, 90, 94, 42] - 411.13344221510005
[45, 24, 36, 90, 42] - 410.8429702570994
[45, 71, 42] - 357.4312809999999
[67, 45, 42] - 370.9240880000003
[45, 38, 94, 42, 97] - 409.6521212083996
[45, 36, 38, 42, 97] - 410.9154288927006
[45, 38, 90, 42, 97] - 409.2832976534995
[45, 36, 38, 94, 42] - 406.09694448879935
[45, 38, 90, 94, 42] - 405.4444775167995
[45, 36, 38, 90, 42] - 406.1296554141993
[45, 36, 94, 42, 97] - 413.79494859219943
[45, 90, 94, 42, 97] - 413.8296057558
[45, 36, 90, 42, 97] - 414.0354497313993
[45, 36, 90, 94, 42] - 410.15801852150054
[100, 45, 12] - 362.8493050000001
[45, 12, 2] - 364.48503100000016
[45, 12, 120] - 361.6953879999998
[56, 45, 12] - 365.1250000000003
[45, 12, 24] - 364.29574699999995
[45, 12, 38] - 359.38404700000035
[45, 12, 97] - 365.29131800000016
[45, 12, 94] - 363.37024399999973
[45, 12, 36] - 364.2351929999998
[45, 12, 90] - 366.46435399999984
[11, 45, 100] - 358.84717200000017
[56, 45, 100, 2, 120] - 406.8760844771
[45, 100, 24, 2, 120] - 405.5660067371
[45, 100, 2, 38, 120] - 400.14995510829914
[45, 100, 2, 97, 120] - 406.3198045832
[45, 100, 2, 94, 120] - 403.43999277369977
[45, 100, 2, 36, 120] - 403.52897342299985
[45, 100, 2, 90, 120] - 403.8079561414001
[45, 100, 56, 24, 2] - 410.7070149669003
[45, 100, 56, 2, 38] - 405.0756157885999
[45, 100, 56, 2, 97] - 411.4903991211001
[45, 100, 56, 2, 94] - 407.9269870630997
[45, 100, 56, 2, 36] - 409.75918369050083
[45, 100, 56, 2, 90] - 409.3337387974995
[45, 100, 2, 24, 38] - 403.1030614054006
[45, 100, 2, 24, 97] - 409.7384800468993
[45, 100, 2, 24, 94] - 407.1576918297992
[45, 100, 2, 24, 36] - 407.77526928739974
[45, 100, 2, 24, 90] - 407.99825620580026
[45, 100, 2, 38, 97] - 404.53075489769975
[45, 100, 2, 38, 94] - 400.8158168993997
[45, 100, 2, 36, 38] - 402.55406218969944
[45, 100, 2, 38, 90] - 401.9439180369
[45, 100, 2, 94, 97] - 406.8306067801004
[45, 100, 2, 36, 97] - 408.53870254329985
[45, 100, 2, 90, 97] - 408.4497658092999
[45, 100, 2, 36, 94] - 404.68016862229933
[45, 100, 2, 90, 94] - 405.3661570747001
[45, 100, 2, 36, 90] - 406.4870966675007
[45, 100, 56, 24, 120] - 406.92341127730094
[45, 100, 56, 38, 120] - 402.2375268189004
[45, 100, 56, 97, 120] - 409.2762737801009
[45, 100, 56, 94, 120] - 405.8098731235003
[45, 100, 56, 36, 120] - 405.9537868840007
[45, 100, 56, 90, 120] - 405.1950541696002
[45, 100, 24, 38, 120] - 400.19254584480024
[45, 100, 24, 97, 120] - 407.4309135232999
[45, 100, 24, 94, 120] - 404.7715563440004
[45, 100, 24, 36, 120] - 403.7497169028005
[45, 100, 24, 90, 120] - 403.7877785796002
[45, 100, 38, 97, 120] - 402.9174130130007
[45, 100, 38, 94, 120] - 399.2832709271004
[45, 100, 36, 38, 120] - 399.5667550424006
[45, 100, 38, 90, 120] - 398.7834944080005
[45, 100, 94, 97, 120] - 406.27062752809974
[45, 100, 36, 97, 120] - 406.16475304810035
[45, 100, 90, 97, 120] - 405.9342235888004
[45, 100, 36, 94, 120] - 402.37309100670046
[45, 100, 90, 94, 120] - 402.7238092116997
[45, 100, 36, 90, 120] - 402.24639127529986
[88, 45, 100] - 359.59968900000035
[45, 100, 79] - 360.6737889999999
[45, 100, 56, 24, 38] - 404.6478837505007
[45, 100, 56, 24, 97] - 412.0675500027001
[45, 100, 56, 24, 94] - 408.6803461229004
[45, 100, 56, 24, 36] - 409.5475981499003
[45, 100, 56, 24, 90] - 408.68556192090006
[45, 100, 56, 38, 97] - 407.5765721606999
[45, 100, 56, 38, 94] - 403.37803734500096
[45, 100, 56, 36, 38] - 405.1323554760996
[45, 100, 56, 38, 90] - 403.63832497410016
[45, 100, 56, 94, 97] - 410.43286941630004
[45, 100, 56, 36, 97] - 411.9102091324999
[45, 100, 56, 90, 97] - 410.9183420515001
[45, 100, 56, 36, 94] - 407.4821636155002
[45, 100, 56, 90, 94] - 407.1342798113996
[45, 100, 56, 36, 90] - 408.34008893420037
[45, 100, 24, 38, 97] - 404.9575947077003
[45, 100, 24, 38, 94] - 401.75033381289893
[45, 100, 24, 36, 38] - 402.28785120030017
[45, 100, 24, 38, 90] - 401.50212743679975
[45, 100, 24, 94, 97] - 408.8767160344
[45, 100, 24, 36, 97] - 409.355936399401
[45, 100, 24, 90, 97] - 409.1437902355
[45, 100, 24, 36, 94] - 405.89122342880006
[45, 100, 24, 90, 94] - 406.26464224959955
[45, 100, 24, 36, 90] - 406.24456867279997
[45, 100, 71] - 359.58520599999997
[67, 45, 100] - 362.8395119999999
[45, 100, 38, 94, 97] - 403.55099961870036
[45, 100, 36, 38, 97] - 405.4756624334986
[45, 100, 38, 90, 97] - 404.1382080083994
[45, 100, 36, 38, 94] - 400.61337656099994
[45, 100, 38, 90, 94] - 400.4061195008003
[45, 100, 36, 38, 90] - 401.31004160469985
[45, 100, 36, 94, 97] - 407.1737728946002
[45, 100, 90, 94, 97] - 407.40208055629984
[45, 100, 36, 90, 97] - 408.32435490649976
[45, 100, 36, 90, 94] - 404.1891827389997
[11, 45, 2] - 363.5668770000005
[11, 45, 120] - 360.5290790000002
[11, 56, 45] - 365.9331649999994
[11, 45, 24] - 362.2274770000006
[11, 45, 38] - 360.7318669999995
[11, 45, 97] - 367.5366549999999
[11, 45, 94] - 362.58916400000004
[11, 45, 36] - 362.64205600000014
[11, 45, 90] - 359.7533749999997
[45, 56, 24, 2, 120] - 409.46029484550024
[45, 56, 2, 38, 120] - 404.4300131127998
[45, 56, 2, 97, 120] - 411.2148106998998
[45, 56, 2, 94, 120] - 408.04771122279976
[45, 56, 2, 36, 120] - 408.7657048340997
[45, 56, 2, 90, 120] - 408.1253449222998
[45, 2, 24, 38, 120] - 402.41539623919994
[45, 2, 24, 97, 120] - 409.6431997621001
[45, 2, 24, 94, 120] - 407.0661273210004
[45, 2, 24, 36, 120] - 406.7965884259998
[45, 2, 24, 90, 120] - 406.9470162232994
[45, 2, 38, 97, 120] - 405.07067074300033
[45, 2, 38, 94, 120] - 401.18260126100085
[45, 2, 36, 38, 120] - 402.3513133953001
[45, 2, 38, 90, 120] - 401.4182031025991
[45, 2, 94, 97, 120] - 408.2997146468004
[45, 2, 36, 97, 120] - 408.67108214769974
[45, 2, 90, 97, 120] - 408.5297391877001
[45, 2, 36, 94, 120] - 405.20967954430023
[45, 2, 90, 94, 120] - 405.6451898735004
[45, 2, 36, 90, 120] - 405.83786432329975
[88, 45, 2] - 366.60584199999994
[45, 79, 2] - 363.75508299999984
[45, 56, 2, 24, 38] - 407.5303111756
[45, 56, 2, 24, 97] - 414.793412262901
[45, 56, 2, 24, 94] - 411.7075817518
[45, 56, 2, 24, 36] - 413.2118735792999
[45, 56, 2, 24, 90] - 412.46386853260054
[45, 56, 2, 38, 97] - 409.87773292009985
[45, 56, 2, 38, 94] - 405.5547808671003
[45, 56, 2, 36, 38] - 408.07046336409957
[45, 56, 2, 38, 90] - 406.4482541146002
[45, 56, 2, 94, 97] - 412.6679312765993
[45, 56, 2, 36, 97] - 414.52608822680037
[45, 56, 2, 90, 97] - 413.6326540636008
[45, 56, 2, 36, 94] - 410.5960695552992
[45, 56, 2, 90, 94] - 410.3470831081996
[45, 56, 2, 36, 90] - 412.13090596540036
[45, 2, 24, 38, 97] - 407.71662438460027
[45, 2, 24, 38, 94] - 404.1698649355008
[45, 2, 24, 36, 38] - 405.6937229783993
[45, 2, 24, 38, 90] - 404.7601059964007
[45, 2, 24, 94, 97] - 411.6163359348001
[45, 2, 24, 36, 97] - 412.6484885546997
[45, 2, 24, 90, 97] - 412.56385807740037
[45, 2, 24, 36, 94] - 409.45203438799956
[45, 2, 24, 90, 94] - 409.9670573277005
[45, 2, 24, 36, 90] - 410.6928521127003
[45, 2, 71] - 360.1082270000002
[67, 45, 2] - 365.2643520000003
[45, 2, 38, 94, 97] - 405.7700018106996
[45, 2, 36, 38, 97] - 408.3867694128
[45, 2, 38, 90, 97] - 406.90436954729967
[45, 2, 36, 38, 94] - 403.4743782098987
[45, 2, 38, 90, 94] - 403.09651743279966
[45, 2, 36, 38, 90] - 404.90772112499917
[45, 2, 36, 94, 97] - 410.09576722100024
[45, 2, 90, 94, 97] - 410.4614073350998
[45, 2, 36, 90, 97] - 411.8455101218996
[45, 2, 36, 90, 94] - 408.22341419170004
[88, 45, 120] - 356.82155099999983
[45, 79, 120] - 358.3912459999998
[45, 56, 24, 38, 120] - 403.314534352
[45, 56, 24, 97, 120] - 411.0885729081003
[45, 56, 24, 94, 120] - 407.9736635063001
[45, 56, 24, 36, 120] - 407.7176414498006
[45, 56, 24, 90, 120] - 406.85277659119987
[45, 56, 38, 97, 120] - 407.0769490272001
[45, 56, 38, 94, 120] - 402.94891354859976
[45, 56, 36, 38, 120] - 403.9315102745004
[45, 56, 38, 90, 120] - 402.1210011646006
[45, 56, 94, 97, 120] - 410.90177886940063
[45, 56, 36, 97, 120] - 410.885529035
[45, 56, 90, 97, 120] - 409.86918588870014
[45, 56, 36, 94, 120] - 407.0438374969994
[45, 56, 90, 94, 120] - 406.5386380951008
[45, 56, 36, 90, 120] - 406.62624125590014
[45, 24, 38, 97, 120] - 404.77221995430034
[45, 24, 38, 94, 120] - 401.27082961470006
[45, 24, 36, 38, 120] - 401.21899685240095
[45, 24, 38, 90, 120] - 400.2877990337009
[45, 24, 94, 97, 120] - 409.54566142559923
[45, 24, 36, 97, 120] - 408.7036432964
[45, 24, 90, 97, 120] - 408.6717835294003
[45, 24, 36, 94, 120] - 405.4292389634998
[45, 24, 90, 94, 120] - 405.8412270379003
[45, 24, 36, 90, 120] - 404.8810559808002
[45, 71, 120] - 358.6826410000004
[67, 45, 120] - 363.35093799999976
[45, 38, 94, 97, 120] - 404.48247435550064
[45, 36, 38, 97, 120] - 405.43450168119944
[45, 38, 90, 97, 120] - 403.9503020565001
[45, 36, 38, 94, 120] - 400.64214311499944
[45, 38, 90, 94, 120] - 400.10962882089984
[45, 36, 38, 90, 120] - 400.39051304979995
[45, 36, 94, 97, 120] - 408.07180863289994
[45, 90, 94, 97, 120] - 408.3078223451996
[45, 36, 90, 97, 120] - 407.86017202029944
[45, 36, 90, 94, 120] - 404.16743916459995
[88, 56, 45] - 364.64547300000015
[88, 45, 24] - 359.9953290000004
[88, 45, 38] - 358.69267500000007
[88, 45, 97] - 365.51645500000024
[88, 45, 94] - 360.780106
[88, 45, 36] - 366.0257999999998
[88, 45, 90] - 362.77481700000004
[56, 45, 79] - 364.7849859999994
[45, 24, 79] - 361.76091899999943
[45, 79, 38] - 359.4403499999999
[45, 79, 97] - 363.55688900000007
[45, 79, 94] - 358.6552539999996
[45, 79, 36] - 362.5850390000002
[45, 79, 90] - 355.70215199999967
[45, 56, 24, 38, 97] - 409.1877929745997
[45, 56, 24, 38, 94] - 405.2641742184005
[45, 56, 24, 36, 38] - 406.6847985201001
[45, 56, 24, 38, 90] - 404.88086983790026
[45, 56, 24, 94, 97] - 413.4018550627991
[45, 56, 24, 36, 97] - 414.1137905829994
[45, 56, 24, 90, 97] - 413.14014975240076
[45, 56, 24, 36, 94] - 410.37482878060007
[45, 56, 24, 90, 94] - 409.9404641464004
[45, 56, 24, 36, 90] - 410.6633340349997
[45, 56, 71] - 358.90534999999994
[67, 45, 56] - 369.13316299999997
[45, 56, 38, 94, 97] - 408.47535485030033
[45, 56, 36, 38, 97] - 410.55800756290057
[45, 56, 38, 90, 97] - 408.37379188120013
[45, 56, 36, 38, 94] - 405.4097851454007
[45, 56, 38, 90, 94] - 404.2328391107997
[45, 56, 36, 38, 90] - 405.8232889625996
[45, 56, 36, 94, 97] - 412.7415207954995
[45, 56, 90, 94, 97] - 412.26764721679973
[45, 56, 36, 90, 97] - 413.27925019990056
[45, 56, 36, 90, 94] - 409.1973782047002
[45, 24, 71] - 356.8834470000002
[67, 45, 24] - 366.70530699999966
[45, 24, 38, 94, 97] - 406.5141620612994
[45, 24, 36, 38, 97] - 407.7251930074997
[45, 24, 38, 90, 97] - 406.4267755860009
[45, 24, 36, 38, 94] - 403.37952270039955
[45, 24, 38, 90, 94] - 403.0095702538002
[45, 24, 36, 38, 90] - 403.5188727755993
[45, 24, 36, 94, 97] - 411.1305695224997
[45, 24, 90, 94, 97] - 411.5867293150001
[45, 24, 36, 90, 97] - 411.65350431500076
[45, 24, 36, 90, 94] - 408.2423550410998
[45, 38, 71] - 356.0695430000002
[45, 71, 97] - 361.4004899999997
[45, 71, 94] - 358.34652100000034
[45, 36, 71] - 357.62892499999947
[45, 90, 71] - 360.1562110000003
[45, 67, 38] - 357.31350799999973
[45, 67, 97] - 366.1890599999998
[45, 67, 94] - 363.4344109999999
[45, 67, 36] - 363.408291
[45, 67, 90] - 366.03632599999975
[45, 36, 38, 94, 97] - 406.4927078063
[45, 38, 90, 94, 97] - 405.73964555809954
[45, 36, 38, 90, 97] - 407.2068461709001
[45, 36, 38, 90, 94] - 402.39900443350035
[45, 36, 90, 94, 97] - 410.1594086766001
[77, 86] - 436.97069999999974
[77, 29] - 408.1772999999999
[77, 13] - 348.83060000000006
[77, 2, 70] - 368.12746899999973
[77, 24, 70] - 368.6160370000007
[77, 38, 70] - 364.57938299999984
[77, 70, 97] - 369.54729699999956
[77, 70, 94] - 370.9468370000004
[77, 36, 70] - 364.00129699999985
[77, 90, 70] - 367.91901399999944
[77, 66, 2] - 361.3174809999998
[77, 66, 24] - 360.88775
[77, 66, 38] - 359.217215
[77, 66, 97] - 362.4756250000003
[77, 66, 94] - 362.93757800000026
[77, 66, 36] - 357.4957200000002
[77, 66, 90] - 359.91927599999997
[77, 114, 63] - 368.5472580000003
[77, 114, 42] - 369.57252700000004
[77, 100, 114] - 361.1543100000001
[77, 2, 114] - 365.9732100000001
[77, 114, 120] - 363.9309900000002
[77, 56, 114] - 366.9456519999997
[77, 24, 114] - 366.92116200000015
[77, 114, 38] - 359.8236449999997
[77, 114, 97] - 369.33934699999975
[77, 114, 94] - 367.37139900000034
[77, 36, 114] - 363.95831399999986
[77, 114, 90] - 370.05635099999967
[77, 63, 42] - 373.28294300000067
[77, 100, 63] - 366.79653700000034
[77, 2, 63] - 369.5881309999998
[77, 63, 120] - 367.01107200000047
[77, 56, 63] - 371.78544600000083
[77, 24, 63] - 371.16309300000006
[77, 38, 63] - 363.5651060000001
[77, 63, 97] - 373.72676400000006
[77, 94, 63] - 371.98296600000003
[77, 36, 63] - 367.56367000000006
[77, 90, 63] - 374.2386800000004
[77, 100, 42] - 366.5106869999999
[77, 2, 42] - 369.86772099999973
[77, 42, 120] - 368.18986
[77, 56, 42] - 370.70329300000003
[77, 24, 42] - 369.8811530000001
[77, 38, 42] - 364.4155199999998
[77, 97, 42] - 373.765304
[77, 94, 42] - 371.7289840000001
[77, 36, 42] - 367.92056699999983
[77, 90, 42] - 374.19356699999986
[77, 100, 2] - 362.49439499999994
[77, 100, 120] - 361.96690399999994
[77, 56, 100] - 365.3679530000002
[77, 100, 24] - 364.67386900000014
[77, 100, 38] - 357.64253900000017
[77, 100, 97] - 366.62983199999974
[77, 100, 94] - 364.93116999999995
[77, 100, 36] - 361.2043190000001
[77, 100, 90] - 367.72194099999996
[77, 56, 128] - 364.5836650000001
[77, 38, 128] - 418.95730700000007
[77, 128, 97] - 424.8496220000001
[77, 128, 94] - 423.75553600000006
[77, 36, 128] - 423.3421610000008
[77, 90, 128] - 425.3672749999996
[77, 11, 38] - 389.46169899999944
[77, 11, 97] - 397.7104870000006
[77, 11, 94] - 397.0128819999999
[77, 11, 36] - 394.0046090000004
[77, 11, 90] - 394.71689400000014
[77, 6, 97] - 341.30526599999985
[77, 6, 94] - 336.85230699999966
[77, 57, 41] - 421.45533600000033
[77, 57, 38] - 419.50210699999974
[77, 57, 97] - 422.23352599999976
[77, 57, 94] - 421.4975810000002
[77, 57, 36] - 422.2587730000005
[77, 57, 90] - 418.47963599999986
[77, 5, 94] - 336.9461519999998
[77, 24, 2, 120] - 341.71933968000025
[77, 2, 38, 120] - 337.6012949299998
[77, 2, 97, 120] - 342.65755326999954
[77, 2, 94, 120] - 344.50604760000033
[77, 2, 36, 120] - 339.0326400500002
[77, 2, 90, 120] - 343.92024293000037
[77, 56, 2] - 368.6654619999997
[77, 2, 24, 38] - 406.26199367999976
[77, 2, 24, 97] - 412.6145971799997
[77, 2, 24, 94] - 413.4078445599993
[77, 2, 24, 36] - 407.97445463999946
[77, 2, 24, 90] - 413.4749758999994
[77, 2, 38, 97] - 408.1038226499999
[77, 2, 38, 94] - 408.1576462300002
[77, 2, 36, 38] - 403.3721803599998
[77, 2, 38, 90] - 407.66404245999945
[77, 2, 94, 97] - 415.1788540100008
[77, 2, 36, 97] - 408.57659689999997
[77, 2, 90, 97] - 414.72805355000014
[77, 2, 36, 94] - 409.1058905999995
[77, 2, 90, 94] - 415.5407890699999
[77, 2, 36, 90] - 409.90226372000046
[77, 56, 38, 120] - 357.2714620099997
[77, 56, 97, 120] - 366.21107634999976
[77, 56, 94, 120] - 364.44344779999943
[77, 56, 36, 120] - 362.46177821999987
[77, 56, 90, 120] - 365.1529094899998
[77, 24, 38, 120] - 337.9300675899996
[77, 24, 97, 120] - 343.6188989200004
[77, 24, 94, 120] - 344.7824740599995
[77, 24, 36, 120] - 340.2233221000001
[77, 24, 90, 120] - 344.79680001000014
[77, 38, 97, 120] - 428.2221460499997
[77, 38, 94, 120] - 428.1362552500003
[77, 36, 38, 120] - 424.54709710000003
[77, 38, 90, 120] - 426.59724675999945
[77, 94, 97, 120] - 436.64386844
[77, 36, 97, 120] - 431.3493430399999
[77, 90, 97, 120] - 434.80605087000026
[77, 36, 94, 120] - 432.21998647999993
[77, 90, 94, 120] - 435.7648381199999
[77, 36, 90, 120] - 430.9825700200002
[88, 77] - 347.3100000000005
[77, 56, 24] - 369.82040099999966
[77, 56, 71] - 420.6025619999999
[77, 67, 56] - 428.9539130000003
[77, 56, 38, 94, 97] - 341.1514978786994
[77, 56, 36, 38, 97] - 342.0493855928001
[77, 56, 38, 90, 97] - 341.34639497740005
[77, 56, 36, 38, 94] - 339.5316557135008
[77, 56, 38, 90, 94] - 339.63177133850024
[77, 56, 36, 38, 90] - 339.94111540459994
[77, 56, 36, 94, 97] - 346.6354428979998
[77, 56, 90, 94, 97] - 347.7939451304002
[77, 56, 36, 90, 97] - 346.5647197566996
[77, 56, 36, 90, 94] - 345.73831022860054
[77, 24, 38, 97] - 407.91700016000016
[77, 24, 38, 94] - 407.45917940999993
[77, 24, 36, 38] - 403.4996100400004
[77, 24, 38, 90] - 407.5222760799996
[77, 24, 94, 97] - 415.1312146999996
[77, 24, 36, 97] - 409.3681217299996
[77, 24, 90, 97] - 415.44592732000007
[77, 24, 36, 94] - 409.3857995000003
[77, 24, 90, 94] - 415.50963906000084
[77, 24, 36, 90] - 410.6861582199994
[77, 38, 71] - 419.17760200000026
[77, 71, 97] - 428.08054100000027
[77, 71, 94] - 422.84372
[77, 36, 71] - 426.66914399999996
[77, 90, 71] - 426.31551899999977
[77, 67, 38] - 424.44884700000006
[77, 67, 97] - 432.9518039999996
[77, 67, 94] - 429.5227850000005
[77, 67, 36] - 431.37869599999965
[77, 67, 90] - 433.29450599999996
[77, 38, 41] - 421.62093099999987
[77, 41, 97] - 425.0652879999995
[77, 94, 41] - 422.9665880000001
[77, 36, 41] - 424.83426300000013
[77, 90, 41] - 421.0050100000002
[77, 36, 38, 94, 97] - 443.1315686625003
[77, 38, 90, 94, 97] - 443.8952129538996
[77, 36, 38, 90, 97] - 441.70567753770035
[77, 36, 38, 90, 94] - 441.1268662929007
[77, 36, 90, 94, 97] - 448.2823444849004
[29, 86] - 410.5431000000002
[13, 86] - 346.3360999999999
[2, 70, 86] - 371.52093000000025
[24, 70, 86] - 379.53546099999994
[38, 70, 86] - 372.7903030000005
[70, 97, 86] - 375.57082799999944
[70, 94, 86] - 376.59082299999966
[36, 70, 86] - 372.6276410000006
[90, 70, 86] - 370.90296500000017
[66, 2, 86] - 365.6657769999997
[66, 24, 86] - 369.34154400000017
[66, 38, 86] - 366.87678200000016
[66, 97, 86] - 368.5865469999997
[66, 94, 86] - 367.4541470000001
[66, 36, 86] - 364.8749769999993
[66, 90, 86] - 367.478746
[114, 63, 86] - 363.1474799999998
[114, 42, 86] - 362.5510219999997
[100, 114, 86] - 361.6894490000001
[2, 114, 86] - 360.0485680000003
[114, 86, 120] - 363.74620899999985
[56, 114, 86] - 365.1627160000002
[24, 114, 86] - 367.5183879999998
[114, 38, 86] - 357.872228
[114, 97, 86] - 365.93163500000077
[114, 94, 86] - 363.4862710000001
[36, 114, 86] - 361.6865509999998
[114, 90, 86] - 362.43651500000027
[63, 42, 86] - 367.11978400000083
[100, 63, 86] - 367.9101260000001
[2, 63, 86] - 363.8895090000001
[63, 86, 120] - 368.21683899999977
[56, 63, 86] - 369.5602840000004
[24, 63, 86] - 371.94046800000007
[38, 63, 86] - 362.8918070000006
[63, 97, 86] - 371.2225420000001
[94, 63, 86] - 368.35884999999973
[36, 63, 86] - 366.00319
[90, 63, 86] - 366.4245730000002
[100, 86, 42] - 366.67864700000024
[2, 86, 42] - 363.6244929999997
[86, 42, 120] - 367.8930900000002
[56, 86, 42] - 368.6447260000002
[24, 86, 42] - 371.2996139999996
[38, 86, 42] - 361.56327999999934
[97, 86, 42] - 370.65842900000024
[94, 86, 42] - 368.4453450000001
[36, 86, 42] - 365.19870000000014
[90, 86, 42] - 365.9840070000005
[100, 2, 86] - 363.7094100000003
[100, 86, 120] - 368.0426460000005
[56, 100, 86] - 368.8557649999994
[100, 24, 86] - 371.6044620000006
[100, 38, 86] - 362.9020450000003
[100, 97, 86] - 370.06373000000013
[100, 94, 86] - 367.6305209999996
[100, 36, 86] - 364.96051299999954
[100, 90, 86] - 366.3000409999995
[56, 128, 86] - 369.85040399999986
[38, 128, 86] - 425.63210699999956
[128, 97, 86] - 425.1844039999998
[128, 94, 86] - 426.1539639999998
[36, 128, 86] - 427.97799100000015
[90, 128, 86] - 428.928133
[11, 38, 86] - 402.923096
[11, 97, 86] - 405.296302
[11, 94, 86] - 406.09833100000037
[11, 36, 86] - 401.06223199999954
[11, 90, 86] - 404.9601409999999
[6, 97, 86] - 339.2492259999999
[6, 94, 86] - 338.0760469999999
[36, 6, 86] - 338.7725229999999
[6, 90, 86] - 337.8141390000003
[57, 41, 86] - 421.7595329999996
[57, 38, 86] - 426.3739260000003
[57, 97, 86] - 420.8443939999996
[57, 94, 86] - 426.10954499999946
[57, 36, 86] - 425.9087069999997
[57, 90, 86] - 426.68015900000023
[5, 86] - 445.7630000000007
[24, 2, 86, 120] - 345.68273049000067
[2, 38, 86, 120] - 338.96040253000024
[2, 97, 86, 120] - 343.1688745599998
[2, 94, 86, 120] - 342.5604028800007
[2, 36, 86, 120] - 339.75877409
[2, 90, 86, 120] - 342.75987486
[56, 2, 86] - 366.4545669999998
[2, 24, 38, 86] - 414.9737072200003
[2, 24, 97, 86] - 419.19034782000006
[2, 24, 94, 86] - 418.25421554999997
[2, 24, 36, 86] - 416.28871634000035
[2, 24, 90, 86] - 417.6418409000002
[2, 38, 97, 86] - 412.5940028799991
[2, 38, 94, 86] - 411.90146570999985
[2, 36, 38, 86] - 410.00652007999975
[2, 38, 90, 86] - 410.6121650999999
[2, 94, 86, 97] - 415.89240975999996
[2, 36, 86, 97] - 413.3361985199989
[2, 90, 86, 97] - 414.6030904599998
[2, 36, 94, 86] - 412.0845144899999
[2, 90, 94, 86] - 413.88596522999956
[2, 36, 90, 86] - 411.76307008000015
[56, 38, 86, 120] - 365.4191342400001
[56, 97, 86, 120] - 368.5885277499998
[56, 94, 86, 120] - 368.7354120900003
[56, 36, 86, 120] - 367.8115418
[56, 90, 86, 120] - 367.8403810799996
[24, 38, 86, 120] - 343.2542908099996
[24, 97, 86, 120] - 349.11588013000016
[24, 94, 86, 120] - 348.60895813
[24, 36, 86, 120] - 345.0149723399999
[24, 90, 86, 120] - 348.51327532000005
[38, 97, 86, 120] - 428.5578962499995
[38, 94, 86, 120] - 431.3352337
[36, 38, 86, 120] - 428.88005074000023
[38, 90, 86, 120] - 430.76799888000005
[94, 86, 97, 120] - 433.7561600400001
[36, 86, 97, 120] - 430.2749732400003
[90, 86, 97, 120] - 433.4591825899999
[36, 94, 86, 120] - 432.5562569099997
[90, 94, 86, 120] - 435.23698293000047
[36, 90, 86, 120] - 433.1119070900004
[79, 86] - 347.26069999999964
[56, 24, 86] - 372.9388779999995
[56, 71, 86] - 428.13859300000047
[67, 56, 86] - 433.59631899999977
[56, 38, 94, 86, 97] - 344.10397190570023
[56, 36, 38, 86, 97] - 344.0000610588
[56, 38, 90, 86, 97] - 344.2530284471999
[56, 36, 38, 94, 86] - 343.7954217999999
[56, 38, 90, 94, 86] - 344.30994009389974
[56, 36, 38, 90, 86] - 344.8102492620001
[56, 36, 94, 86, 97] - 346.06305749690017
[56, 90, 94, 86, 97] - 347.07690989459945
[56, 36, 90, 86, 97] - 346.9137359084002
[56, 36, 90, 94, 86] - 346.69223110039985
[24, 38, 97, 86] - 417.83945098999976
[24, 38, 94, 86] - 417.6885545300005
[24, 36, 38, 86] - 414.92970655999994
[24, 38, 90, 86] - 415.7362828499998
[24, 94, 86, 97] - 422.79301651
[24, 36, 86, 97] - 419.5294290899996
[24, 90, 86, 97] - 421.05228823000004
[24, 36, 94, 86] - 418.67959379999996
[24, 90, 94, 86] - 420.76124357
[24, 36, 90, 86] - 417.86777027999915
[67, 71, 86] - 336.76797700000003
[38, 71, 86] - 422.257784
[71, 97, 86] - 422.81852499999957
[71, 94, 86] - 425.4331950000006
[36, 71, 86] - 426.13734499999987
[90, 71, 86] - 428.74028400000054
[67, 38, 86] - 425.7886330000001
[67, 97, 86] - 427.4607919999994
[67, 94, 86] - 429.52143099999984
[67, 36, 86] - 430.5088280000005
[67, 90, 86] - 430.1854340000003
[38, 41, 86] - 426.65736300000015
[41, 97, 86] - 422.10003799999964
[94, 41, 86] - 425.6369189999999
[36, 41, 86] - 426.71518499999996
[90, 41, 86] - 427.09665800000045
[36, 38, 94, 86, 97] - 446.3755260116002
[38, 90, 94, 86, 97] - 447.4772155119995
[36, 38, 90, 86, 97] - 446.28729421509934
[36, 38, 90, 94, 86] - 447.5012025164006
[36, 90, 94, 86, 97] - 449.31293311250073
[16, 107] - 339.2893
[122, 107] - 418.20489999999995
[36, 107, 9] - 338.65955299999956
[90, 107, 9] - 337.0654040000004
[23, 128, 107] - 362.3213260000004
[57, 128, 107] - 404.75279500000005
[128, 107, 31] - 359.68078300000013
[104, 128, 107] - 401.7843150000006
[1, 128, 107] - 355.77451299999984
[56, 128, 107] - 361.10055499999976
[128, 107, 71] - 400.4832669999996
[67, 128, 107] - 406.77236700000014
[128, 107, 41] - 367.6026669999993
[38, 128, 107] - 381.22332299999977
[128, 107, 97] - 401.7561799999998
[128, 107, 94] - 402.4482990000004
[36, 128, 107] - 410.73135800000057
[90, 128, 107] - 408.8774560000007
[11, 107] - 404.9767000000001
[6, 107, 97] - 341.60509800000005
[6, 107, 94] - 342.5185379999999
[36, 6, 107] - 344.2528009999998
[6, 90, 107] - 343.1487280000004
[23, 57, 107] - 362.4838710000005
[23, 107, 31] - 359.76418400000034
[1, 23, 104, 107] - 376.01142098000025
[23, 104, 107, 71] - 389.72365543999916
[67, 23, 104, 107] - 423.86812086000066
[23, 104, 107, 41] - 383.35448176000017
[23, 38, 104, 107] - 422.1630141200003
[23, 104, 107, 97] - 414.8405557300004
[23, 104, 107, 94] - 419.0460972200004
[23, 36, 104, 107] - 428.1485302600006
[23, 104, 90, 107] - 422.6647047500004
[23, 1, 107, 71] - 348.11631185999954
[67, 23, 1, 107] - 380.5992485000004
[23, 1, 107, 41] - 381.22261329000014
[23, 1, 38, 107] - 378.13597627999917
[23, 1, 107, 97] - 371.90005670999955
[23, 1, 107, 94] - 377.2117627900007
[23, 1, 36, 107] - 385.7334660699995
[23, 1, 90, 107] - 380.23498676999964
[56, 23, 107] - 361.24569999999943
[67, 23, 107, 71] - 393.56205473
[23, 107, 71, 41] - 355.3890337200002
[23, 38, 107, 71] - 391.60967861999995
[23, 107, 71, 97] - 386.44810546000036
[23, 107, 71, 94] - 389.68816042000026
[23, 36, 107, 71] - 397.14179831999996
[23, 90, 107, 71] - 394.3795745199995
[23, 67, 107, 41] - 388.0640245300003
[23, 67, 38, 107] - 425.8895767799998
[23, 67, 107, 97] - 418.8250246999998
[23, 67, 107, 94] - 423.3719327
[23, 67, 36, 107] - 430.90507848999994
[23, 67, 90, 107] - 425.72489722000057
[23, 38, 107, 41] - 385.3125397800003
[23, 107, 41, 97] - 379.37177106999997
[23, 107, 94, 41] - 384.60957179999997
[23, 36, 107, 41] - 392.0567866700003
[23, 90, 107, 41] - 386.9309516799998
[23, 38, 107, 97] - 416.4104863500003
[23, 38, 107, 94] - 420.80339972999985
[23, 36, 38, 107] - 429.8705175799997
[23, 38, 90, 107] - 423.6646383300003
[23, 107, 94, 97] - 414.66517023999995
[23, 36, 107, 97] - 422.85729402000027
[23, 90, 107, 97] - 418.1473463599987
[23, 36, 107, 94] - 428.49567905000043
[23, 90, 107, 94] - 421.96811605
[23, 36, 90, 107] - 431.2284439200005
[55, 107] - 348.75689999999975
[57, 107, 31] - 359.9549939999997
[57, 104, 107] - 402.07242500000007
[1, 57, 107] - 356.0365690000005
[56, 57, 107] - 361.7118670000002
[57, 107, 71] - 400.53478000000007
[67, 57, 107] - 407.4158650000003
[57, 107, 41] - 368.3565510000003
[57, 38, 107] - 381.8361770000003
[57, 107, 97] - 403.37225199999966
[57, 107, 94] - 403.99988399999995
[57, 36, 107] - 412.10308800000035
[57, 90, 107] - 408.7469020000002
[104, 107, 31] - 377.76347500000037
[56, 1, 107, 31] - 427.72438256000027
[1, 107, 71, 31] - 362.08440878999966
[67, 1, 107, 31] - 360.81989624999954
[1, 107, 41, 31] - 433.55376124
[1, 107, 97, 31] - 441.7105839699997
[1, 107, 94, 31] - 444.1597201900009
[1, 36, 90, 107, 31] - 337.02883511830004
[88, 107, 31] - 362.3516700000004
[79, 107, 31] - 356.13258299999984
[56, 107, 71, 31] - 349.1725868199998
[67, 56, 107, 31] - 351.4760757099994
[56, 107, 41, 31] - 437.92067997999936
[56, 107, 97, 31] - 431.33298951999956
[56, 107, 94, 31] - 435.4100976899995
[56, 36, 107, 31] - 437.8007908699995
[56, 90, 107, 31] - 433.4729044299994
[107, 71, 41, 31] - 354.3502761800002
[107, 71, 97, 31] - 363.49089817000015
[107, 71, 94, 31] - 367.2046510500002
[36, 107, 71, 31] - 371.9306924200002
[90, 107, 71, 31] - 368.43167523000005
[67, 107, 41, 31] - 356.95815888
[67, 107, 97, 31] - 364.5159569799998
[67, 107, 94, 31] - 367.12464888000017
[67, 36, 107, 31] - 369.89523476999966
[67, 90, 107, 31] - 370.42219715000067
[107, 41, 97, 31] - 438.38993820999923
[107, 94, 41, 31] - 440.90205435999974
[36, 107, 41, 31] - 443.0996999200003
[90, 107, 41, 31] - 440.36860305000073
[38, 107, 31] - 378.37488100000047
[36, 107, 94, 31, 97] - 339.93879341250044
[90, 107, 94, 31, 97] - 337.41652163310033
[36, 90, 107, 31, 97] - 340.21437189619945
[36, 90, 107, 94, 31] - 342.3525689695005
[1, 5, 107] - 371.3414469999998
[5, 107, 71] - 364.8317279999998
[67, 5, 107] - 390.785843
[5, 107, 41] - 370.7746509999997
[5, 107, 97] - 439.7228
[5, 107, 94] - 441.3909669999992
[36, 5, 90, 107] - 336.74190545999994
[1, 104, 107, 71] - 361.94443316000013
[67, 1, 104, 107] - 393.51214653000017
[1, 104, 107, 41] - 379.4367069600004
[1, 38, 104, 107] - 391.75025893
[1, 104, 107, 97] - 386.4246965500005
[1, 104, 107, 94] - 389.3013458900004
[1, 36, 104, 107] - 399.7454178600004
[1, 104, 90, 107] - 394.7882321700002
[88, 104, 107] - 379.16193699999934
[79, 104, 107] - 381.8211960000001
[56, 104, 107] - 358.94161700000075
[67, 104, 107, 71] - 438.6335623900004
[104, 107, 71, 41] - 353.60489723999916
[38, 104, 107, 71] - 420.95877664000005
[104, 107, 71, 97] - 432.7443076600003
[104, 107, 71, 94] - 431.1472557300003
[36, 104, 107, 71] - 442.96602126000005
[104, 90, 107, 71] - 440.7017913900007
[67, 104, 107, 41] - 385.35388331000036
[67, 104, 38, 107, 97] - 337.51894153659947
[67, 104, 38, 107, 94] - 336.9613737174993
[67, 36, 104, 38, 107] - 345.5166116769005
[67, 104, 38, 90, 107] - 341.81377510789974
[67, 104, 107, 94, 97] - 346.78720543630055
[67, 36, 104, 107, 97] - 355.3741855052
[67, 104, 90, 107, 97] - 352.77326826280006
[67, 36, 104, 107, 94] - 355.2419231126998
[67, 104, 90, 107, 94] - 351.3671666226002
[67, 36, 104, 90, 107] - 360.9448843614001
[38, 104, 107, 41] - 383.7173208999998
[104, 107, 41, 97] - 378.3932880700002
[104, 107, 94, 41] - 382.23818401000045
[36, 104, 107, 41] - 390.46359908999966
[104, 90, 107, 41] - 385.6770483599999
[36, 104, 38, 107, 97] - 341.10743438989977
[104, 38, 90, 107, 97] - 337.5336300611
[36, 104, 38, 107, 94] - 341.59388284399984
[104, 38, 90, 107, 94] - 336.7935006836
[36, 104, 38, 90, 107] - 346.47716597640044
[36, 104, 107, 94, 97] - 350.9146585217995
[104, 90, 107, 94, 97] - 347.24768093019964
[36, 104, 90, 107, 97] - 357.0607715008994
[36, 104, 90, 107, 94] - 356.5171535156002
[88, 1, 107, 41] - 363.6419042600002
[88, 1, 107, 97] - 376.65245165000033
[88, 1, 107, 94] - 376.66556376
[88, 1, 36, 107] - 381.6069432799991
[88, 1, 90, 107] - 375.439945619999
[1, 79, 107, 41] - 361.39575228000007
[1, 79, 107, 97] - 372.11421750999983
[1, 79, 107, 94] - 374.0447873500004
[1, 79, 36, 107] - 376.9211499800005
[1, 79, 90, 107] - 374.07317844999983
[1, 56, 107, 71] - 346.5189475400002
[67, 1, 56, 107] - 346.52012499000045
[1, 56, 107, 41] - 432.76256346000025
[1, 56, 107, 97] - 425.9557898799995
[1, 56, 107, 94] - 427.95986992000024
[1, 56, 36, 107] - 432.1208162300009
[1, 56, 90, 107] - 428.29209220999905
[67, 1, 107, 71] - 405.54457779000006
[1, 107, 71, 41] - 433.79051624999994
[1, 38, 107, 71] - 363.46130987999993
[1, 107, 71, 97] - 440.71390209000003
[1, 36, 107, 71, 94] - 338.41588177320006
[1, 36, 90, 107, 71] - 341.9591059422994
[1, 67, 107, 41, 97] - 342.4892339730006
[1, 67, 107, 94, 41] - 344.6462462246995
[1, 67, 36, 107, 41] - 349.6519327374001
[1, 67, 90, 107, 41] - 347.8712004985988
[1, 67, 38, 107] - 394.9866308399996
[1, 67, 107, 94, 97] - 348.81654941779993
[1, 67, 36, 107, 97] - 355.0429747530995
[1, 67, 90, 107, 97] - 353.36975426240065
[1, 67, 36, 107, 94] - 357.1858158543002
[1, 67, 90, 107, 94] - 354.36499111639984
[1, 67, 36, 90, 107] - 360.8741341818996
[1, 38, 107, 41] - 381.05521437999914
[1, 107, 94, 41, 97] - 403.30279900280055
[1, 36, 107, 41, 97] - 409.31129490520084
[1, 90, 107, 41, 97] - 405.5948484783004
[1, 36, 107, 94, 41] - 411.1162081970993
[1, 90, 107, 94, 41] - 406.4040910105001
[1, 36, 90, 107, 41] - 412.24027314079933
[1, 38, 107, 97] - 387.2593158100001
[1, 38, 107, 94] - 390.71505889999975
[1, 36, 38, 107] - 401.2890146599997
[1, 38, 90, 107] - 395.07335804999985
[1, 36, 107, 94, 97] - 416.39644809470013
[1, 90, 107, 94, 97] - 411.76686083619956
[1, 36, 90, 107, 97] - 418.8093964018001
[1, 36, 90, 107, 94] - 419.8971296308002
[88, 79, 107, 97] - 390.72679337000005
[88, 79, 107, 94] - 388.9646462400002
[88, 79, 36, 107] - 393.19223981999966
[88, 79, 90, 107] - 389.8774583200005
[88, 56, 107] - 337.952442
[88, 36, 107, 71] - 339.35251598
[88, 67, 107, 97] - 365.4847815300001
[88, 67, 107, 94] - 363.1226243900005
[88, 67, 36, 107] - 369.82690680999985
[88, 67, 90, 107] - 367.74057928999946
[88, 107, 41, 97] - 364.9667718700003
[88, 107, 94, 41] - 366.5338849800002
[88, 36, 107, 41] - 369.5616194399992
[88, 90, 107, 41] - 363.43630711
[88, 38, 107] - 358.4598740000002
[88, 36, 107, 94, 97] - 338.9798724683995
[88, 36, 90, 107, 97] - 340.3875401902005
[88, 36, 90, 107, 94] - 336.8178203190002
[79, 107, 71, 97] - 337.91150256
[79, 36, 107, 71] - 343.5081774900002
[79, 90, 107, 71] - 341.96197436999995
[67, 79, 107, 97] - 364.79928168000004
[67, 79, 107, 94] - 364.84786310000004
[67, 79, 36, 107] - 369.4985338899999
[67, 79, 90, 107] - 369.83154015000014
[79, 107, 41, 97] - 360.94587630999985
[79, 107, 94, 41] - 364.9508478600001
[79, 36, 107, 41] - 365.4076397300002
[79, 90, 107, 41] - 362.8377277099997
[79, 38, 107] - 361.5500980000003
[79, 107, 94, 97] - 445.2095239499996
[79, 36, 90, 107, 97] - 338.7158104435003
[79, 36, 90, 107, 94] - 337.1042701671005
[56, 107, 71, 41] - 354.1538092000004
[56, 107, 71, 97] - 348.30441231000003
[56, 107, 71, 94] - 351.38800072000055
[56, 36, 107, 71] - 356.4773781700002
[56, 90, 107, 71] - 351.71962813
[56, 67, 107, 41] - 357.44583679999965
[56, 67, 107, 97] - 350.23107773
[56, 67, 107, 94] - 352.4023994799998
[56, 67, 36, 107] - 355.74914662999964
[56, 67, 90, 107] - 354.44790482999986
[56, 107, 41, 97] - 436.96951472999956
[56, 107, 94, 41] - 438.44182360000053
[56, 36, 107, 41] - 442.03363734999965
[56, 90, 107, 41] - 437.74408807
[56, 38, 107] - 361.54216799999966
[56, 107, 94, 97] - 432.1252455600004
[56, 36, 107, 97] - 436.4111652800001
[56, 90, 107, 97] - 431.5032672000005
[56, 36, 107, 94] - 439.26848334999926
[56, 90, 107, 94] - 433.8157060200001
[56, 36, 90, 107] - 437.9841225399994
[24, 107] - 374.49960000000004
[67, 107, 71, 41] - 398.3881510699997
[67, 38, 107, 71] - 423.8732437599993
[67, 107, 71, 94, 97] - 354.09500643900026
[67, 36, 107, 71, 97] - 361.9825951490003
[67, 90, 107, 71, 97] - 361.6885731023994
[67, 36, 107, 71, 94] - 361.28585265860033
[67, 90, 107, 71, 94] - 359.5424213973996
[67, 36, 90, 107, 71] - 367.8870136215993
[38, 107, 71, 41] - 355.40484757000024
[107, 71, 41, 97] - 433.70781610000085
[107, 71, 94, 41] - 436.7036047399992
[36, 107, 71, 41] - 444.6171624900001
[90, 107, 71, 41] - 440.21199300999996
[38, 107, 71, 97] - 418.3450880300004
[38, 107, 71, 94] - 417.4214511999999
[36, 38, 107, 71] - 428.18289406999963
[38, 90, 107, 71] - 425.1365981799995
[36, 107, 71, 94, 97] - 389.5943756909004
[90, 107, 71, 94, 97] - 386.26275665059995
[36, 90, 107, 71, 97] - 395.8047657031004
[36, 90, 107, 71, 94] - 394.6683684777007
[67, 38, 107, 41] - 387.4871834499998
[67, 107, 94, 41, 97] - 345.98655719170023
[67, 36, 107, 41, 97] - 350.41738371320025
[67, 90, 107, 41, 97] - 349.29536990489936
[67, 36, 107, 94, 41] - 353.08323350149965
[67, 90, 107, 94, 41] - 351.09499622669983
[67, 36, 90, 107, 41] - 355.32040761289977
[67, 36, 38, 107, 97] - 342.07697186279984
[67, 38, 90, 107, 97] - 338.7255335180001
[67, 36, 38, 107, 94] - 342.65458436190033
[67, 38, 90, 107, 94] - 338.09290164909964
[67, 36, 38, 90, 107] - 346.8021824121004
[67, 36, 107, 94, 97] - 411.0608073949003
[67, 90, 107, 94, 97] - 408.96657632660026
[67, 36, 90, 107, 97] - 417.1807023488002
[67, 36, 90, 107, 94] - 416.0116149055
[38, 107, 41, 97] - 379.6782832899993
[38, 107, 94, 41] - 384.0166757000009
[36, 38, 107, 41] - 392.5451744600001
[38, 90, 107, 41] - 386.5631940100003
[36, 107, 94, 41, 97] - 413.2202421906004
[90, 107, 94, 41, 97] - 408.8084220993003
[36, 90, 107, 41, 97] - 413.9348955317993
[36, 90, 107, 94, 41] - 415.5814751821005
[36, 38, 107, 94, 97] - 338.5779021224996
[36, 38, 90, 107, 97] - 343.0989015795
[36, 38, 90, 107, 94] - 343.5447900861001
[36, 90, 107, 94, 97] - 474.96908931889965
[16, 108] - 341.2333999999998
[16, 29] - 414.90830000000005
[16, 70] - 405.2035000000005
[122, 24, 16] - 369.0877969999999
[122, 16, 41] - 385.12414200000035
[122, 16, 94] - 390.88243599999987
[122, 36, 16] - 388.06478299999947
[122, 16, 90] - 382.6160009999999
[66, 16] - 402.5605000000001
[16, 9, 41] - 393.76961200000005
[16, 9, 97] - 402.1865540000001
[16, 9, 94] - 425.91026300000016
[36, 16, 9] - 429.36572999999953
[16, 90, 9] - 426.18271099999964
[57, 16, 128] - 364.24455799999976
[16, 128, 41] - 340.02445200000045
[38, 16, 128] - 348.7336610000001
[16, 128, 97] - 366.29169100000024
[16, 128, 94] - 360.9387149999998
[36, 16, 128] - 365.03616400000004
[16, 90, 128] - 361.41215699999935
[11, 16] - 345.14030000000014
[16, 6, 41] - 394.0391090000003
[16, 6, 97] - 392.4425040000002
[16, 6, 94] - 395.68271900000036
[36, 16, 6] - 395.146707
[16, 6, 90] - 392.7512610000001
[23, 16] - 381.8564
[55, 24, 16] - 376.5364609999999
[55, 16, 94] - 381.2359019999998
[55, 36, 16] - 382.54265799999916
[55, 16, 90] - 382.33201099999974
[2, 57, 16] - 342.20596399999977
[57, 38, 16, 41] - 427.9424343600008
[57, 16, 41, 97] - 425.1170260200003
[57, 16, 94, 41] - 428.53160571000035
[57, 36, 16, 41] - 425.1558465100003
[57, 16, 90, 41] - 423.64946819000016
[57, 16, 38, 97] - 433.8849775900002
[57, 16, 38, 94] - 436.1656383199999
[57, 36, 16, 38] - 434.2157853099992
[57, 16, 38, 90] - 432.1174621300001
[57, 16, 94, 97] - 444.59359111999964
[57, 36, 16, 97] - 443.3009017900003
[57, 16, 90, 97] - 441.84905026000007
[57, 36, 16, 94] - 444.7669013299993
[57, 16, 90, 94] - 443.7872196599997
[57, 36, 16, 90] - 442.9802942400002
[56, 1, 16, 31] - 343.51491713999974
[1, 16, 41, 31] - 396.8454147499998
[1, 16, 97, 31] - 360.54943635000035
[1, 16, 94, 31] - 405.4520679200009
[1, 36, 16, 31] - 409.4234248999997
[1, 16, 90, 31] - 402.55453449999897
[88, 16, 31] - 387.55546399999986
[79, 16, 31] - 388.42545500000006
[56, 16, 41, 31] - 353.00898539999986
[56, 16, 97, 31] - 349.99596196000005
[56, 16, 94, 31] - 347.7233260800002
[56, 36, 16, 31] - 349.11543803999984
[56, 16, 90, 31] - 342.4921086800002
[16, 71, 31] - 405.2980669999996
[67, 16, 31] - 405.04184699999973
[16, 41, 97, 31] - 356.36488832000026
[16, 94, 41, 31] - 400.04475378000035
[36, 16, 41, 31] - 402.3036697099995
[16, 90, 41, 31] - 395.3251181499994
[16, 94, 31, 97] - 364.91764401999984
[36, 16, 31, 97] - 366.99426624000006
[16, 90, 31, 97] - 360.16752652999986
[36, 16, 94, 31] - 410.7056828000007
[16, 90, 94, 31] - 405.0535929500001
[36, 16, 90, 31] - 407.00488118999976
[16, 5, 41] - 409.903058
[16, 5, 97] - 429.8028760000007
[16, 5, 94] - 445.3767679999992
[36, 16, 5] - 447.9518869999999
[16, 5, 90] - 442.18254099999973
[2, 16, 97] - 339.7665529999997
[2, 16, 94] - 339.3453019999997
[2, 36, 16] - 338.232039
[2, 16, 90] - 338.542863
[16, 104, 71] - 343.96692200000024
[67, 16, 104] - 343.84518700000035
[16, 104, 41] - 353.93894500000016
[16, 104, 94] - 392.48166100000003
[36, 16, 104] - 397.1401800000002
[16, 104, 90] - 395.1629479999995
[16, 120] - 402.1354000000002
[88, 1, 16] - 384.26988400000016
[1, 79, 16] - 382.0732580000002
[1, 56, 16, 41] - 346.59855343999953
[1, 56, 16, 97] - 344.11837957000034
[1, 56, 16, 94] - 340.95874904999994
[1, 56, 36, 16] - 344.07829981000003
[1, 56, 16, 90] - 336.7635000199999
[1, 16, 71] - 399.9066850000002
[67, 1, 16] - 398.4346469999998
[1, 16, 41, 97] - 349.41100003999986
[1, 16, 94, 41] - 392.29491788999957
[1, 36, 16, 41] - 396.35440819999945
[1, 16, 90, 41] - 388.4943334
[1, 16, 94, 97] - 358.32633824000004
[1, 36, 16, 97] - 361.9168539900002
[1, 16, 90, 97] - 354.4716987100004
[1, 36, 16, 94] - 404.86785394000026
[1, 16, 90, 94] - 398.31782814
[1, 36, 16, 90] - 402.0451647199996
[88, 79, 16] - 400.75881199999924
[88, 56, 16] - 339.5883430000002
[88, 16, 41] - 404.7326990000005
[88, 16, 97] - 391.3718469999999
[88, 36, 16, 94] - 336.83923217999967
[88, 16, 90] - 447.0448159999994
[56, 79, 16] - 339.0351519999999
[79, 16, 41] - 405.00288000000035
[79, 16, 97] - 388.3775520000002
[79, 16, 94] - 449.98392899999976
[79, 36, 16] - 450.707263
[79, 16, 90] - 447.25857200000013
[56, 16, 71] - 370.9932290000001
[67, 56, 16] - 370.39960999999994
[56, 16, 41, 97] - 383.52762691
[56, 16, 94, 41] - 380.62379647999967
[56, 36, 16, 41] - 381.79342836999956
[56, 16, 90, 41] - 376.1694330199997
[56, 16, 94, 97] - 378.30302221999995
[56, 36, 16, 97] - 380.18174595000056
[56, 16, 90, 97] - 373.5519472000001
[56, 36, 16, 94] - 375.9943531499996
[56, 16, 90, 94] - 371.09600282999986
[56, 36, 16, 90] - 371.70188570000016
[24, 16, 41, 97] - 365.55390579000004
[24, 16, 94, 41] - 409.16631607
[24, 36, 16, 41] - 408.24101956000004
[24, 16, 90, 41] - 403.3063984800004
[24, 16, 94, 97] - 405.9173559999997
[24, 36, 16, 97] - 404.6883108099992
[24, 16, 90, 97] - 401.5589808500002
[24, 36, 16, 94] - 447.03843435000016
[24, 16, 90, 94] - 443.0949687999994
[24, 36, 16, 90] - 443.75078452000025
[67, 16, 71] - 370.51691800000003
[16, 71, 41] - 411.11694699999975
[16, 71, 97] - 421.64794299999994
[36, 16, 71, 94] - 338.14525750000007
[36, 16, 90, 71] - 337.4672075199999
[67, 16, 41] - 413.0565140000003
[67, 16, 97] - 421.2685819999996
[67, 36, 16, 94] - 336.8728937200002
[67, 36, 16, 90] - 339.1284087899998
[16, 38, 41, 97] - 422.21639722999976
[16, 38, 94, 41] - 425.05539158000005
[36, 16, 38, 41] - 422.7369040099998
[16, 38, 90, 41] - 419.62942812999995
[36, 16, 94, 41, 97] - 439.2911080484997
[16, 90, 94, 41, 97] - 434.49249409000026
[36, 16, 90, 41, 97] - 433.4169699129993
[36, 16, 90, 94, 41] - 465.5413420433997
[16, 38, 94, 97] - 444.58085305999975
[36, 16, 38, 97] - 443.8680864299995
[16, 38, 90, 97] - 440.8542241400001
[36, 16, 38, 94] - 445.58415358000065
[16, 38, 90, 94] - 442.84686150000005
[36, 16, 38, 90] - 442.86757826000064
[36, 16, 90, 94, 97] - 459.8247953646994
[122, 108] - 421.0806
[108, 9, 97] - 346.861103
[108, 9, 94] - 341.8858479999994
[36, 108, 9] - 337.44649699999997
[90, 108, 9] - 338.72223199999974
[23, 128, 108] - 387.6939160000007
[57, 128, 108] - 432.31031200000047
[128, 108, 31] - 371.3152870000007
[104, 128, 108] - 433.8426450000008
[1, 128, 108] - 388.89985099999984
[56, 128, 108] - 388.23391299999975
[128, 108, 71] - 434.1019390000003
[67, 128, 108] - 431.8447259999998
[128, 108, 41] - 369.2470849999997
[38, 128, 108] - 388.3881470000001
[128, 108, 97] - 434.94047799999964
[128, 108, 94] - 429.3392979999994
[36, 128, 108] - 431.65147399999967
[90, 128, 108] - 430.51486499999976
[11, 108] - 403.17539999999997
[6, 108, 97] - 360.80785099999997
[6, 108, 94] - 352.83460800000046
[36, 6, 108] - 350.5901340000001
[6, 90, 108] - 359.9884709999997
[23, 57, 108] - 384.18365799999935
[23, 108, 31] - 365.61342499999995
[1, 23, 104, 108] - 401.5744821100002
[23, 104, 108, 71] - 413.52891489000035
[67, 23, 104, 108] - 440.2051395499997
[23, 104, 108, 41] - 385.60432241999973
[23, 38, 104, 108] - 423.8869145500007
[23, 104, 108, 97] - 440.5446170300007
[23, 104, 108, 94] - 439.28242985999907
[23, 36, 104, 108] - 441.33634392999943
[23, 104, 90, 108] - 441.56660659000033
[23, 1, 108, 71] - 372.6321959200004
[67, 23, 1, 108] - 399.5664909699999
[23, 1, 108, 41] - 382.58943403000006
[23, 1, 38, 108] - 382.04673521999985
[23, 1, 108, 97] - 401.2645809299998
[23, 1, 108, 94] - 399.99804725000024
[23, 1, 36, 108] - 401.4004075600003
[23, 1, 90, 108] - 400.49436206000047
[88, 23, 108] - 346.37589200000036
[23, 79, 108] - 341.0880149999999
[56, 23, 108] - 383.7986279999996
[67, 23, 108, 71] - 411.9574529099996
[23, 108, 71, 41] - 357.36949843000014
[23, 38, 108, 71] - 395.74555834000006
[23, 108, 71, 97] - 412.44548482999903
[23, 108, 71, 94] - 412.2437267200005
[23, 36, 108, 71] - 414.07339943000017
[23, 90, 108, 71] - 412.4532291099996
[23, 67, 108, 41] - 382.86102623000016
[23, 67, 38, 108] - 423.05408088000013
[23, 67, 108, 97] - 438.73914141000046
[23, 67, 108, 94] - 437.5336925499999
[23, 67, 36, 108] - 440.71930210999966
[23, 67, 90, 108] - 440.06678962999985
[23, 38, 108, 41] - 381.93464471999965
[23, 108, 41, 97] - 383.85395967
[23, 108, 94, 41] - 382.3889527599998
[23, 36, 108, 41] - 383.1199220100002
[23, 90, 108, 41] - 382.7595124999997
[23, 38, 108, 97] - 422.5811561499994
[23, 38, 108, 94] - 421.29273522999983
[23, 36, 38, 108] - 423.6438287999998
[23, 38, 90, 108] - 422.71488066000023
[23, 108, 94, 97] - 437.51520576999985
[23, 36, 108, 97] - 440.1601376299993
[23, 90, 108, 97] - 439.4305220499998
[23, 36, 108, 94] - 439.69862700000056
[23, 90, 108, 94] - 438.62155191000045
[23, 36, 90, 108] - 441.70821151000024
[55, 108] - 375.16339999999934
[57, 108, 31] - 366.7924030000003
[57, 104, 108] - 429.31578999999994
[1, 57, 108] - 385.519807
[56, 57, 108] - 385.1503319999997
[57, 108, 71] - 431.82209800000044
[67, 57, 108] - 428.79705400000023
[57, 108, 41] - 366.28370900000044
[57, 38, 108] - 385.35191999999967
[57, 108, 97] - 431.5941700000002
[57, 108, 94] - 428.20173200000016
[57, 36, 108] - 427.69280400000025
[57, 90, 108] - 426.70246399999974
[104, 108, 31] - 406.73313200000024
[56, 1, 108, 31] - 437.21806400000065
[1, 108, 71, 31] - 391.8463062200002
[67, 1, 108, 31] - 388.8179858999997
[1, 108, 41, 97, 31] - 340.9189767822994
[1, 108, 94, 31, 97] - 342.90905060660003
[1, 36, 108, 31, 97] - 341.8154946594
[1, 90, 108, 31, 97] - 350.2141945677
[1, 36, 108, 94, 31] - 340.2217564066996
[1, 90, 108, 94, 31] - 339.1966726804001
[1, 36, 90, 108, 31] - 337.4585841907998
[88, 108, 31] - 367.0752010000002
[79, 108, 31] - 363.63524799999965
[56, 108, 71, 31] - 361.2612840099997
[67, 56, 108, 31] - 354.99299325000004
[56, 108, 41, 31] - 434.88569810999934
[56, 108, 97, 31] - 437.79710311999975
[56, 108, 94, 31] - 436.6074465300003
[56, 36, 108, 31] - 434.5787878499993
[56, 90, 108, 31] - 433.71881656000045
[67, 108, 71, 31] - 352.45419098000036
[108, 71, 41, 31] - 376.3067590199996
[108, 71, 97, 31] - 393.7602755599997
[108, 71, 94, 31] - 376.5636454999997
[36, 108, 71, 31] - 376.98544918000044
[90, 108, 71, 31] - 388.83795451999976
[67, 108, 41, 31] - 372.7651867499999
[67, 108, 97, 31] - 389.91542393999936
[67, 108, 94, 31] - 372.88092111999975
[67, 36, 108, 31] - 372.1297427700008
[67, 90, 108, 31] - 385.66094483999996
[90, 108, 41, 31, 97] - 337.00813834690007
[108, 94, 41, 31] - 436.6070533799999
[36, 108, 41, 31] - 434.9112436299998
[38, 108, 31] - 404.77036499999986
[36, 108, 94, 31, 97] - 339.9549451291
[90, 108, 94, 31, 97] - 339.82324847430004
[36, 90, 108, 31, 97] - 336.87035339859995
[104, 5, 108] - 347.71819700000015
[1, 5, 108] - 393.5180629999997
[88, 5, 108] - 336.8443710000001
[5, 108, 71] - 388.1373529999995
[67, 5, 108] - 406.1124119999997
[5, 108, 41] - 370.3952720000003
[5, 108, 94, 97] - 341.03467440000037
[36, 5, 108, 97] - 342.15968596999966
[5, 90, 108, 97] - 342.7431222
[36, 5, 108, 94] - 340.56168258000014
[5, 90, 108, 94] - 338.8472488499999
[36, 5, 90, 108] - 339.9490374699995
[1, 104, 108, 71] - 403.6009532200001
[67, 1, 104, 108] - 434.03068164000007
[1, 104, 108, 41] - 400.85622701000034
[1, 38, 104, 108] - 415.54094274000056
[1, 104, 108, 97] - 433.76604037999954
[1, 104, 108, 94] - 418.1436762900006
[1, 36, 104, 108] - 419.6096380799999
[1, 104, 90, 108] - 432.49823609000026
[88, 104, 108] - 413.44722199999933
[79, 104, 108] - 405.5828439999996
[56, 104, 108] - 386.0324240000002
[67, 104, 108, 71, 97] - 358.42724648259883
[67, 104, 108, 71, 94] - 345.36841060729967
[67, 36, 104, 108, 71] - 348.09232610899954
[67, 104, 90, 108, 71] - 357.2462043875002
[104, 108, 71, 41] - 374.56243243999984
[38, 104, 108, 71] - 444.8974857699999
[104, 108, 71, 94, 97] - 345.3814050009
[36, 104, 108, 71, 97] - 347.0232101297999
[104, 90, 108, 71, 97] - 356.72017968370034
[36, 104, 108, 71, 94] - 345.63671259640074
[104, 90, 108, 71, 94] - 344.6695716197998
[36, 104, 90, 108, 71] - 347.25836293440005
[67, 104, 108, 41] - 402.96669613999995
[67, 104, 38, 108, 97] - 359.43712177650036
[67, 104, 38, 108, 94] - 345.61055544570036
[67, 36, 104, 38, 108] - 348.37692543930035
[67, 104, 38, 90, 108] - 358.4085989320002
[67, 104, 108, 94, 97] - 368.2189996832002
[67, 36, 104, 108, 97] - 371.26641001889965
[67, 104, 90, 108, 97] - 381.7217585614
[67, 36, 104, 108, 94] - 368.8546534356994
[67, 104, 90, 108, 94] - 368.66353996040016
[67, 36, 104, 90, 108] - 372.4429710872001
[38, 104, 108, 41] - 402.3728351599997
[104, 108, 41, 97] - 403.6189902200003
[104, 108, 94, 41] - 386.71173720000047
[36, 104, 108, 41] - 387.54213963
[104, 90, 108, 41] - 401.19435099999936
[104, 38, 108, 94, 97] - 344.5501275290994
[36, 104, 38, 108, 97] - 346.52762927660075
[104, 38, 90, 108, 97] - 356.571454782
[36, 104, 38, 108, 94] - 344.64149428279967
[104, 38, 90, 108, 94] - 343.7194365043005
[36, 104, 38, 90, 108] - 346.57346865480054
[36, 104, 108, 94, 97] - 368.07308607230004
[104, 90, 108, 94, 97] - 368.07732842370024
[36, 104, 90, 108, 97] - 370.94395713739954
[36, 104, 90, 108, 94] - 368.62282038770064
[108, 120] - 363.3094000000006
[88, 1, 79, 108] - 346.1332887599999
[88, 1, 108, 41] - 373.9509543099996
[88, 1, 108, 97] - 408.66648851000025
[88, 1, 108, 94] - 409.8480205300006
[88, 1, 36, 108] - 408.80781572
[88, 1, 90, 108] - 408.4010196199994
[1, 79, 108, 41] - 365.80869004999977
[1, 79, 108, 97] - 400.14424619000016
[1, 79, 108, 94] - 403.0002747300001
[1, 79, 36, 108] - 399.8877328899997
[1, 79, 90, 108] - 401.7887959200004
[1, 56, 108, 71] - 376.5773294000005
[67, 1, 56, 108] - 371.34264126
[1, 56, 108, 41] - 434.02818519000004
[1, 56, 108, 94, 97] - 342.46999690350003
[1, 56, 36, 108, 97] - 341.4589309852
[1, 56, 90, 108, 97] - 339.4919480984005
[1, 56, 36, 108, 94] - 340.5713037730001
[1, 56, 90, 108, 94] - 339.3782554346004
[1, 56, 36, 90, 108] - 337.6083364731007
[67, 1, 108, 71] - 446.83284474
[1, 108, 71, 41, 97] - 340.80709047969975
[1, 90, 108, 71, 41] - 337.1679198511002
[1, 38, 108, 71] - 384.9962891699997
[1, 108, 71, 94, 97] - 354.20797746789935
[1, 36, 108, 71, 97] - 354.4346073014997
[1, 90, 108, 71, 97] - 362.33629343350003
[1, 36, 108, 71, 94] - 355.4903447004
[1, 90, 108, 71, 94] - 352.8036961581003
[1, 36, 90, 108, 71] - 353.7153208515003
[1, 67, 108, 41, 97] - 363.2360506697
[1, 67, 108, 94, 41] - 350.69677151009967
[1, 67, 36, 108, 41] - 351.52817481960045
[1, 67, 90, 108, 41] - 360.7016866860996
[1, 67, 38, 108] - 416.7817837200008
[1, 67, 108, 94, 97] - 375.7056989025004
[1, 67, 36, 108, 97] - 376.2145479218
[1, 67, 90, 108, 97] - 386.0293648204997
[1, 67, 36, 108, 94] - 376.06554100249974
[1, 67, 90, 108, 94] - 375.87037335009995
[1, 67, 36, 90, 108] - 376.2501520941
[1, 38, 108, 41] - 398.83954668999996
[1, 108, 94, 41, 97] - 412.5468174098003
[1, 36, 108, 41, 97] - 411.84706133720016
[1, 90, 108, 41, 97] - 421.0696180350003
[1, 36, 108, 94, 41] - 410.98440680889985
[1, 90, 108, 94, 41] - 409.8422105669005
[1, 36, 90, 108, 41] - 409.28589071010003
[1, 38, 108, 97] - 415.30842201999997
[1, 38, 108, 94] - 398.9768704700001
[1, 36, 38, 108] - 401.0089814000006
[1, 38, 90, 108] - 413.3098486799994
[1, 36, 108, 94, 97] - 438.4192171645006
[1, 90, 108, 94, 97] - 437.81152008909936
[1, 36, 90, 108, 97] - 436.38122834550086
[1, 36, 90, 108, 94] - 437.02469990779974
[88, 79, 108, 97] - 410.8109945099999
[88, 79, 108, 94] - 412.05831339000036
[88, 79, 36, 108] - 411.54356688999974
[88, 79, 90, 108] - 413.45905697000035
[88, 56, 108] - 363.19065400000056
[88, 108, 71, 97] - 361.87572102
[88, 108, 71, 94] - 361.68113511000064
[88, 36, 108, 71] - 364.7513892100001
[88, 90, 108, 71] - 362.1826971599999
[88, 67, 108, 97] - 390.9386517099993
[88, 67, 108, 94] - 390.04414344
[88, 67, 36, 108] - 393.2076331999998
[88, 67, 90, 108] - 393.07974311000004
[88, 108, 41, 97] - 369.66222725000006
[88, 108, 94, 41] - 370.46706793999925
[88, 36, 108, 41] - 369.02025993999996
[88, 90, 108, 41] - 368.81274987999967
[88, 38, 108] - 369.1958169999998
[88, 36, 108, 94, 97] - 356.19456254099947
[88, 90, 108, 94, 97] - 355.8327349658998
[88, 36, 90, 108, 97] - 356.57023494570046
[88, 36, 90, 108, 94] - 356.51382419659984
[56, 79, 108] - 359.8655949999996
[79, 108, 71, 97] - 355.0579414200001
[79, 108, 71, 94] - 357.1140708099999
[79, 36, 108, 71] - 357.6640446700001
[79, 90, 108, 71] - 358.02392560999976
[67, 79, 108, 97] - 384.9916539800007
[67, 79, 108, 94] - 386.2285987199995
[67, 79, 36, 108] - 386.27315500000077
[67, 79, 90, 108] - 388.87349222000046
[79, 108, 41, 97] - 362.69181879999974
[79, 108, 94, 41] - 365.06573533000017
[79, 36, 108, 41] - 361.68205571999977
[79, 90, 108, 41] - 363.8555894599998
[79, 38, 108] - 366.0623429999996
[79, 36, 108, 94, 97] - 351.10297770890014
[79, 90, 108, 94, 97] - 353.08393713109996
[79, 36, 90, 108, 97] - 351.74119774190007
[79, 36, 90, 108, 94] - 352.57370806239965
[56, 108, 71, 41] - 358.83176691999955
[56, 108, 71, 97] - 376.8804745199999
[56, 108, 71, 94] - 375.3289776900002
[56, 36, 108, 71] - 375.50031147
[56, 90, 108, 71] - 372.87293359999995
[56, 67, 108, 41] - 354.15556119000024
[56, 67, 108, 97] - 370.1064938300003
[56, 67, 108, 94] - 369.5329038100006
[56, 67, 36, 108] - 368.1908555299997
[56, 67, 90, 108] - 367.3276604300001
[56, 108, 41, 97] - 435.0478985399995
[56, 108, 94, 41] - 433.90820550999916
[56, 36, 108, 41] - 432.1845051400004
[56, 90, 108, 41] - 430.8541103200001
[56, 38, 108] - 361.08067100000005
[56, 36, 108, 94, 97] - 338.6929583049003
[56, 90, 108, 94, 97] - 338.37047473110016
[24, 108] - 406.13879999999955
[67, 108, 71, 41] - 415.5473695100003
[67, 38, 108, 71] - 445.45281762000053
[67, 108, 71, 94, 97] - 374.9311292173001
[67, 36, 108, 71, 97] - 377.63922211009907
[67, 90, 108, 71, 97] - 386.1288616078002
[67, 36, 108, 71, 94] - 377.4715270286002
[67, 90, 108, 71, 94] - 375.06352268570043
[67, 36, 90, 108, 71] - 378.77259088720024
[38, 108, 71, 41] - 372.5529310300001
[90, 108, 71, 41, 97] - 338.03919503059996
[108, 71, 94, 41] - 438.9447743499999
[36, 108, 71, 41] - 440.2088418000001
[38, 108, 71, 97] - 443.71238427000037
[38, 108, 71, 94] - 426.76950935000025
[36, 38, 108, 71] - 429.9699683100001
[38, 90, 108, 71] - 441.12162884999947
[36, 108, 71, 94, 97] - 406.6875593577992
[90, 108, 71, 94, 97] - 404.72739337419966
[36, 90, 108, 71, 97] - 406.19978134639996
[36, 90, 108, 71, 94] - 406.29441987380005
[67, 38, 108, 41] - 400.9660793900002
[67, 108, 94, 41, 97] - 349.63754634559973
[67, 36, 108, 41, 97] - 349.5321816455
[67, 90, 108, 41, 97] - 359.8309554501998
[67, 36, 108, 94, 41] - 348.7321032240994
[67, 90, 108, 94, 41] - 348.80819873649943
[67, 36, 90, 108, 41] - 348.76170015469967
[67, 38, 108, 94, 97] - 343.9446407432004
[67, 36, 38, 108, 97] - 347.44342661620027
[67, 38, 90, 108, 97] - 356.86163093649935
[67, 36, 38, 108, 94] - 345.4581869273998
[67, 38, 90, 108, 94] - 343.56140078679965
[67, 36, 38, 90, 108] - 347.5666785223993
[67, 36, 108, 94, 97] - 427.94321958690034
[67, 90, 108, 94, 97] - 427.3052129733006
[67, 36, 90, 108, 97] - 429.21556239009976
[67, 36, 90, 108, 94] - 428.4871627546997
[38, 108, 41, 97] - 401.19324609000074
[38, 108, 94, 41] - 383.36139778000006
[36, 38, 108, 41] - 384.71422122000024
[38, 90, 108, 41] - 398.2789780900001
[36, 108, 94, 41, 97] - 409.1061654817995
[90, 108, 94, 41, 97] - 409.18553474439994
[36, 90, 108, 41, 97] - 407.49453241959964
[36, 90, 108, 94, 41] - 407.47648027499946
[36, 38, 108, 94, 97] - 344.0063059094999
[38, 90, 108, 94, 97] - 342.14499836760007
[36, 38, 90, 108, 97] - 345.3201655873006
[36, 38, 90, 108, 94] - 343.74947542039916
[36, 90, 108, 94, 97] - 488.92444585359914
[55, 66, 29, 70] - 410.2007569500001
[66, 57, 29, 70] - 411.0852967900001
[66, 24, 2, 29, 70] - 341.97624888950014
[66, 2, 38, 29, 70] - 343.84838760039986
[66, 2, 29, 70, 97] - 341.7952260359001
[66, 2, 29, 70, 94] - 343.60118937020025
[66, 2, 36, 29, 70] - 341.10969737350024
[66, 2, 90, 29, 70] - 342.86001527069993
[66, 24, 38, 29, 70] - 341.7978827072
[66, 24, 29, 70, 97] - 340.4969128637999
[66, 24, 29, 70, 94] - 341.69338466799985
[66, 24, 36, 29, 70] - 339.87801767259936
[66, 24, 90, 29, 70] - 341.6466421407
[66, 29, 70, 41] - 407.91313139999954
[66, 38, 29, 70, 97] - 341.43389178679945
[66, 38, 29, 70, 94] - 343.6617866587006
[66, 36, 38, 29, 70] - 341.30273877180036
[66, 38, 90, 29, 70] - 342.79663041650093
[66, 29, 70, 94, 97] - 342.46848516949956
[66, 36, 29, 70, 97] - 339.97324791400024
[66, 90, 29, 70, 97] - 341.7976574097991
[66, 36, 29, 70, 94] - 341.4699420445005
[66, 90, 29, 70, 94] - 343.25374836010013
[66, 36, 90, 29, 70] - 341.598131651901
[55, 57, 29, 70] - 408.6905437600002
[55, 2, 29, 70] - 410.6559229099999
[55, 24, 29, 70] - 406.24686576000033
[55, 29, 70, 41] - 405.48813647000003
[55, 38, 29, 70] - 408.56366333000005
[55, 29, 70, 97] - 406.7846542599998
[55, 29, 70, 94] - 409.5558693199993
[55, 36, 29, 70] - 408.4016490099998
[55, 90, 29, 70] - 409.6581955899997
[2, 57, 29, 70] - 411.53597123999936
[24, 57, 29, 70] - 408.2536296600003
[57, 29, 70, 41] - 407.17447206999987
[57, 38, 29, 70] - 410.1188154300002
[57, 29, 70, 97] - 407.6539574999992
[57, 29, 70, 94] - 411.1051766700002
[57, 36, 29, 70] - 408.71711520000014
[57, 90, 29, 70] - 411.0341637000003
[2, 24, 38, 29, 70] - 375.85293235710026
[2, 24, 29, 70, 97] - 375.50301463150026
[2, 24, 29, 70, 94] - 376.53375454249965
[2, 24, 36, 29, 70] - 374.6179436388999
[2, 24, 90, 29, 70] - 375.25934212329963
[2, 29, 70, 41] - 409.33902143999956
[2, 38, 29, 70, 97] - 376.02224661460014
[2, 38, 29, 70, 94] - 378.24155898449976
[2, 36, 38, 29, 70] - 376.03324689380077
[2, 38, 90, 29, 70] - 375.8952785053003
[2, 29, 70, 94, 97] - 377.8213677314992
[2, 36, 29, 70, 97] - 375.17697299440005
[2, 90, 29, 70, 97] - 376.0713140257997
[2, 36, 29, 70, 94] - 376.98807090540015
[2, 90, 29, 70, 94] - 377.53443216839975
[2, 36, 90, 29, 70] - 375.7347536377008
[29, 70, 120] - 392.3264880000002
[24, 29, 70, 41] - 405.40360559000015
[24, 38, 29, 70, 97] - 373.77675441649956
[24, 38, 29, 70, 94] - 375.2408277881995
[24, 36, 38, 29, 70] - 373.1271120565005
[24, 38, 90, 29, 70] - 373.2800874972993
[24, 29, 70, 94, 97] - 375.83603775119957
[24, 36, 29, 70, 97] - 373.4120371954002
[24, 90, 29, 70, 97] - 374.29861030439963
[24, 36, 29, 70, 94] - 374.5908563742002
[24, 90, 29, 70, 94] - 375.34416372550055
[24, 36, 90, 29, 70] - 373.7163740552002
[38, 29, 70, 41] - 407.09855841999985
[29, 70, 41, 97] - 404.3245394700006
[29, 70, 94, 41] - 408.27005451000076
[36, 29, 70, 41] - 405.443499040001
[90, 29, 70, 41] - 407.80759582999985
[38, 29, 70, 94, 97] - 376.6341205452996
[36, 38, 29, 70, 97] - 373.92773678379996
[38, 90, 29, 70, 97] - 374.00509217799936
[36, 38, 29, 70, 94] - 375.7927921883999
[38, 90, 29, 70, 94] - 375.9683530937992
[36, 38, 90, 29, 70] - 374.0336998442996
[36, 29, 70, 94, 97] - 376.0511024169001
[90, 29, 70, 94, 97] - 376.9311368328991
[36, 90, 29, 70, 97] - 374.5550883555003
[36, 90, 29, 70, 94] - 376.1440585033993
[66, 55, 57, 29] - 410.09255537999985
[66, 55, 2, 29] - 410.99652290999944
[66, 55, 24, 29] - 407.7659583399995
[66, 55, 29, 41] - 406.26090445999967
[66, 55, 38, 29] - 410.10540608999946
[66, 55, 29, 97] - 407.87802432000024
[66, 55, 29, 94] - 409.3375220499996
[66, 55, 36, 29] - 408.9087027899999
[66, 55, 90, 29] - 411.02541673999974
[66, 2, 57, 29] - 412.9043270099993
[66, 24, 57, 29] - 410.61872422000016
[66, 57, 29, 41] - 408.8356445300003
[66, 57, 38, 29] - 412.71451659999906
[66, 57, 29, 97] - 409.7109162900006
[66, 57, 29, 94] - 411.7908185500001
[66, 57, 36, 29] - 410.20188501999974
[66, 57, 90, 29] - 413.24457413000016
[66, 2, 24, 38, 29] - 378.75643184129996
[66, 2, 24, 29, 97] - 377.3850207891006
[66, 2, 24, 29, 94] - 377.68253044710065
[66, 2, 24, 36, 29] - 375.6837633164002
[66, 2, 24, 90, 29] - 378.1749623402
[66, 2, 29, 41] - 409.64807493000086
[66, 2, 38, 29, 97] - 378.5302063334002
[66, 2, 38, 29, 94] - 379.8094782286007
[66, 2, 36, 38, 29] - 377.5430964769997
[66, 2, 38, 90, 29] - 379.41691504209996
[66, 2, 29, 94, 97] - 378.38945781600006
[66, 2, 36, 29, 97] - 375.9585429061996
[66, 2, 90, 29, 97] - 378.40556335830064
[66, 2, 36, 29, 94] - 376.26588874210034
[66, 2, 90, 29, 94] - 378.7748571739997
[66, 2, 36, 90, 29] - 377.0475806392001
[66, 29, 120] - 395.97613800000096
[66, 24, 29, 41] - 406.9656673400001
[66, 24, 38, 29, 97] - 375.0269424391007
[66, 24, 38, 29, 94] - 375.7121277031002
[66, 24, 36, 38, 29] - 373.8254810480004
[66, 24, 38, 90, 29] - 376.0787364826999
[66, 24, 29, 94, 97] - 375.42194459090035
[66, 24, 36, 29, 97] - 373.50238975670004
[66, 24, 90, 29, 97] - 376.0094407190999
[66, 24, 36, 29, 94] - 373.3076061704001
[66, 24, 90, 29, 94] - 376.1302903433007
[66, 24, 36, 90, 29] - 374.85293918239995
[66, 38, 29, 41] - 408.8698645600003
[66, 29, 41, 97] - 405.30999452000077
[66, 29, 94, 41] - 408.1450720700004
[66, 36, 29, 41] - 406.08913898000026
[66, 90, 29, 41] - 409.0864218300001
[66, 38, 29, 94, 97] - 376.22540156920036
[66, 36, 38, 29, 97] - 374.0465896547994
[66, 38, 90, 29, 97] - 376.0271141153008
[66, 36, 38, 29, 94] - 374.4822695009005
[66, 38, 90, 29, 94] - 376.7008293779998
[66, 36, 38, 90, 29] - 375.26916967549965
[66, 36, 29, 94, 97] - 374.0970298728998
[66, 90, 29, 94, 97] - 376.7151526991
[66, 36, 90, 29, 97] - 375.11369204390036
[66, 36, 90, 29, 94] - 374.8956679927995
[29, 9] - 365.2536999999998
[128, 29] - 341.74660000000057
[11, 2, 29] - 392.96808200000004
[11, 24, 29] - 390.29778
[11, 38, 29] - 390.2225179999999
[11, 29, 97] - 392.6738170000001
[11, 29, 94] - 392.99804799999964
[11, 36, 29] - 391.372674
[11, 90, 29] - 393.36409100000014
[57, 6, 29] - 340.15987
[2, 6, 29] - 418.9607249999997
[24, 6, 29] - 356.282006
[6, 29, 41] - 339.45532699999995
[38, 6, 29] - 418.7600620000002
[6, 29, 97] - 421.82230300000055
[6, 29, 94] - 415.0081559999997
[36, 6, 29] - 419.14363000000003
[6, 90, 29] - 417.88033600000006
[55, 2, 57, 29] - 408.8985792499995
[55, 24, 57, 29] - 405.47297426999995
[55, 57, 29, 41] - 405.10227051999976
[55, 57, 38, 29] - 408.0699303700001
[55, 57, 29, 97] - 405.83496058000014
[55, 57, 29, 94] - 407.40804845000036
[55, 57, 36, 29] - 407.11565218999976
[55, 57, 90, 29] - 409.39761112999906
[55, 24, 2, 29] - 406.94816099
[55, 2, 29, 41] - 406.0464568799998
[55, 2, 38, 29] - 410.35248459000024
[55, 2, 29, 97] - 407.6009162699996
[55, 2, 29, 94] - 409.66651151
[55, 2, 36, 29] - 409.02056894000077
[55, 2, 90, 29] - 409.9999526599998
[55, 24, 29, 41] - 401.7882690399996
[55, 24, 38, 29] - 405.19159224000003
[55, 24, 29, 97] - 403.4739959299999
[55, 24, 29, 94] - 404.96599183000006
[55, 24, 36, 29] - 404.55318277000003
[55, 24, 90, 29] - 405.92991835000004
[55, 38, 29, 41] - 404.4450070400002
[55, 29, 41, 97] - 401.7845394699998
[55, 29, 94, 41] - 403.8541807400007
[55, 36, 29, 41] - 403.0083452599997
[55, 90, 29, 41] - 405.22659192000077
[55, 38, 29, 97] - 404.86665787000027
[55, 38, 29, 94] - 407.6035578600003
[55, 36, 38, 29] - 406.87796614000075
[55, 38, 90, 29] - 407.80095516999967
[55, 29, 94, 97] - 406.31844945999944
[55, 36, 29, 97] - 405.02768220000024
[55, 90, 29, 97] - 406.7045814100001
[55, 36, 29, 94] - 407.13175805000003
[55, 90, 29, 94] - 408.1844284500001
[55, 36, 90, 29] - 408.26539396999976
[24, 57, 2, 29] - 410.09483965000027
[57, 2, 38, 29, 41] - 375.74777388340016
[57, 2, 29, 41, 97] - 371.40550373420024
[57, 2, 29, 94, 41] - 374.6893006843003
[57, 2, 36, 29, 41] - 371.82063796019946
[57, 2, 90, 29, 41] - 375.84425644410004
[57, 2, 38, 29, 97] - 375.6994375924997
[57, 2, 38, 29, 94] - 380.1846144493006
[57, 2, 36, 38, 29] - 376.73252705339985
[57, 2, 38, 90, 29] - 379.5086646760997
[57, 2, 29, 94, 97] - 376.2350185574003
[57, 2, 36, 29, 97] - 373.07217092759976
[57, 2, 90, 29, 97] - 376.1444653418996
[57, 2, 36, 29, 94] - 376.77333940099925
[57, 2, 90, 29, 94] - 379.5262814794999
[57, 2, 36, 90, 29] - 377.0400028894001
[57, 24, 29, 41] - 405.5293743800005
[57, 24, 38, 29] - 408.91607613000014
[57, 24, 29, 97] - 406.38384134000097
[57, 24, 29, 94] - 408.3490267999998
[57, 24, 36, 29] - 406.9658998999996
[57, 24, 90, 29] - 409.49609117000034
[57, 38, 29, 41, 97] - 369.88300067660015
[57, 38, 29, 94, 41] - 373.67065530259976
[57, 36, 38, 29, 41] - 370.5481408446995
[57, 38, 90, 29, 41] - 374.3899390831
[57, 29, 94, 41, 97] - 370.0593611196002
[57, 36, 29, 41, 97] - 367.3027825118994
[57, 90, 29, 41, 97] - 371.1308706552002
[57, 36, 29, 94, 41] - 370.5354309196006
[57, 90, 29, 94, 41] - 374.09719440180066
[57, 36, 90, 29, 41] - 371.9335813018001
[57, 38, 29, 94, 97] - 374.6278675785994
[57, 36, 38, 29, 97] - 371.2071427217995
[57, 38, 90, 29, 97] - 373.9517428059004
[57, 36, 38, 29, 94] - 375.4845516104005
[57, 38, 90, 29, 94] - 378.11774506649925
[57, 36, 38, 90, 29] - 375.38676860379996
[57, 36, 29, 94, 97] - 372.3586367804003
[57, 90, 29, 94, 97] - 375.09540476430016
[57, 36, 90, 29, 97] - 372.5562769706006
[57, 36, 90, 29, 94] - 376.26409736900007
[2, 5, 29] - 416.5471859999997
[24, 5, 29] - 350.3791900000003
[38, 5, 29] - 411.6569990000002
[5, 29, 97] - 409.708096
[5, 29, 94] - 419.46686499999953
[36, 5, 29] - 412.28679399999993
[5, 90, 29] - 416.33484799999945
[24, 2, 29, 120] - 384.79854990999974
[2, 38, 29, 120] - 427.6889928799996
[2, 29, 97, 120] - 431.8795380599995
[2, 29, 94, 120] - 433.76424423999975
[2, 36, 29, 120] - 427.9126300300005
[2, 90, 29, 120] - 431.2921379500005
[56, 2, 29] - 367.15542400000015
[2, 24, 29, 41] - 407.34019422999984
[2, 24, 38, 29, 97] - 441.28828847349973
[2, 24, 38, 29, 94] - 442.5582381765994
[2, 24, 36, 38, 29] - 439.6707102046996
[2, 24, 38, 90, 29] - 441.1352265636999
[2, 24, 29, 94, 97] - 444.1277700521003
[2, 24, 36, 29, 97] - 441.05285476709963
[2, 24, 90, 29, 97] - 443.4499847517003
[2, 24, 36, 29, 94] - 441.32739482390014
[2, 24, 90, 29, 94] - 443.8066858644002
[2, 24, 36, 90, 29] - 441.3632850181992
[2, 38, 29, 41, 97] - 372.3075010692999
[2, 38, 29, 94, 41] - 377.26140270249977
[2, 36, 38, 29, 41] - 374.07597663440004
[2, 38, 90, 29, 41] - 376.4396184603001
[2, 29, 94, 41, 97] - 373.2222337130003
[2, 36, 29, 41, 97] - 370.4579796223989
[2, 90, 29, 41, 97] - 373.3335840281996
[2, 36, 29, 94, 41] - 374.3965466422995
[2, 90, 29, 94, 41] - 376.9138903593999
[2, 36, 90, 29, 41] - 374.4349873869998
[2, 36, 38, 29, 94, 97] - 381.588130516505
[2, 38, 90, 29, 94, 97] - 383.3620800852767
[2, 36, 38, 90, 29, 97] - 380.5457172046799
[2, 36, 38, 90, 29, 94] - 382.86651544454895
[2, 36, 90, 29, 94, 97] - 382.9932623766407
[24, 38, 29, 120] - 380.44488399000045
[24, 29, 97, 120] - 387.1329291000005
[24, 29, 94, 120] - 388.3688270499997
[24, 36, 29, 120] - 382.0494752599999
[24, 90, 29, 120] - 385.6612304599998
[38, 29, 97, 120] - 427.4534408900005
[38, 29, 94, 120] - 430.1652894400002
[36, 38, 29, 120] - 424.05782718000006
[38, 90, 29, 120] - 426.5135814199997
[29, 94, 97, 120] - 435.6450292900003
[36, 29, 97, 120] - 428.9011531400004
[90, 29, 97, 120] - 432.85635636000035
[36, 29, 94, 120] - 430.37088217000075
[90, 29, 94, 120] - 434.2985421400009
[36, 90, 29, 120] - 428.57667420000035
[56, 38, 29] - 364.08035699999994
[56, 29, 97] - 368.81655199999983
[56, 29, 94] - 368.13420600000063
[56, 36, 29] - 364.9070859999999
[56, 90, 29] - 366.4458299999999
[24, 38, 29, 41] - 405.3578811400001
[24, 29, 41, 97] - 402.4356333899999
[24, 29, 94, 41] - 405.2161674000007
[24, 36, 29, 41] - 403.1530626500002
[24, 90, 29, 41] - 405.6331537399996
[24, 38, 29, 94, 97] - 440.94643966810054
[24, 36, 38, 29, 97] - 437.87513601990014
[24, 38, 90, 29, 97] - 439.17978646489985
[24, 36, 38, 29, 94] - 438.3932192889005
[24, 38, 90, 29, 94] - 440.0832392640999
[24, 36, 38, 90, 29] - 437.6276403109003
[24, 36, 29, 94, 97] - 440.94014489669894
[24, 90, 29, 94, 97] - 443.32704529470016
[24, 36, 90, 29, 97] - 440.69711430439946
[24, 36, 90, 29, 94] - 440.5941185804007
[38, 29, 94, 41, 97] - 370.74096746369946
[36, 38, 29, 41, 97] - 367.82143468800035
[38, 90, 29, 41, 97] - 370.2441418992004
[36, 38, 29, 94, 41] - 372.2578569434004
[38, 90, 29, 94, 41] - 374.49827430850047
[36, 38, 90, 29, 41] - 371.90810872509945
[36, 29, 94, 41, 97] - 369.24061836169994
[90, 29, 94, 41, 97] - 371.6947538081995
[36, 90, 29, 41, 97] - 369.46683467099984
[36, 90, 29, 94, 41] - 373.0185175070002
[36, 38, 90, 29, 94, 97] - 379.96953730272253
[13, 114, 63] - 382.0258550000002
[13, 114, 42] - 377.9881699999998
[100, 13, 114] - 401.94559100000004
[2, 13, 114] - 373.1015189999995
[13, 114, 120] - 382.0731239999997
[56, 13, 114] - 358.6164259999993
[24, 13, 114] - 397.2610200000005
[13, 114, 38] - 403.89761200000027
[13, 114, 97] - 383.68231099999963
[13, 114, 94] - 424.43141900000063
[13, 36, 114] - 421.78038000000004
[13, 114, 90] - 420.769101
[13, 63, 42] - 361.09128599999985
[100, 13, 63] - 387.9941430000001
[2, 13, 63] - 365.2239539999997
[13, 63, 120] - 403.09408800000034
[56, 13, 63] - 361.6357409999998
[24, 13, 63] - 441.31713600000006
[13, 38, 90, 63] - 343.9669690400003
[13, 63, 97] - 446.3927180000003
[13, 94, 63] - 385.51768599999957
[13, 36, 63] - 387.5730740000002
[100, 13, 42] - 384.2645700000002
[2, 13, 42] - 412.9247379999997
[13, 42, 120] - 416.66256300000043
[56, 13, 42] - 357.8834839999999
[24, 13, 42] - 397.3028239999994
[13, 38, 42] - 433.6347189999996
[13, 94, 42, 97] - 342.48144682000014
[13, 36, 42, 97] - 343.5508426100007
[13, 90, 42, 97] - 338.1174962599999
[13, 36, 94, 42] - 342.8818064299998
[13, 90, 94, 42] - 338.3929033099997
[13, 36, 90, 42] - 339.3780451799999
[12, 13, 97] - 338.4748239999998
[12, 13, 90] - 353.12268099999966
[100, 2, 13] - 367.68819400000024
[100, 13, 120] - 386.5572439999999
[100, 56, 24, 13] - 352.65632165999887
[100, 56, 13, 97] - 353.27357217
[100, 56, 13, 94] - 353.72498684000055
[100, 56, 13, 36] - 354.36397057000084
[100, 56, 13, 90] - 350.8970304600006
[100, 13, 24, 97] - 371.3108606600003
[100, 13, 24, 94] - 372.18353529999973
[100, 13, 24, 36] - 370.9442471899996
[100, 13, 24, 90] - 367.9450625900001
[100, 13, 38] - 388.08785400000033
[100, 13, 94, 97] - 373.18400025999995
[100, 13, 36, 97] - 372.75548678000007
[100, 13, 90, 97] - 369.37692125
[100, 13, 36, 94] - 387.850093429999
[100, 13, 90, 94] - 384.8876258400001
[100, 13, 36, 90] - 384.42274238000056
[56, 13, 128] - 362.36031399999985
[13, 38, 128] - 380.94603499999926
[13, 128, 97] - 364.52180199999896
[13, 128, 94] - 380.94223700000043
[13, 36, 128] - 374.61254700000023
[13, 90, 128] - 378.06935300000015
[11, 13, 38] - 400.05764999999985
[11, 13, 97] - 382.6687170000002
[11, 13, 94] - 409.43053900000007
[11, 13, 36] - 408.3799250000002
[11, 13, 90] - 405.87266499999964
[13, 6, 97] - 377.91437199999984
[13, 6, 94] - 369.9135879999999
[13, 36, 6] - 368.7010059999996
[13, 6, 90] - 389.38717200000025
[23, 13, 104] - 341.66685799999993
[67, 23, 13] - 362.63798799999984
[23, 13, 38] - 355.8196160000001
[23, 13, 94] - 356.0587780000002
[23, 13, 36] - 358.99136500000014
[23, 13, 90] - 352.1572259999999
[55, 13] - 354.3001999999999
[57, 13] - 353.6647000000001
[13, 104, 31] - 347.11787499999974
[1, 13, 41, 31] - 340.50111684999996
[1, 13, 97, 31] - 346.97377466000046
[1, 13, 90, 31] - 366.4293990799995
[56, 13, 31] - 345.15771500000005
[13, 71, 31] - 424.4933360000004
[67, 13, 31] - 426.50814599999984
[13, 90, 41, 31] - 338.78635307000013
[13, 38, 31] - 370.268579
[13, 90, 31, 97] - 347.6524543000003
[13, 94, 31] - 421.86374199999955
[13, 36, 31] - 422.8166099999998
[13, 5, 97] - 375.38451299999997
[13, 5, 94] - 371.20360399999987
[13, 36, 5] - 368.46382899999986
[13, 5, 90] - 386.59205099999946
[13, 2, 120] - 391.5513860000004
[56, 13, 2] - 362.35103800000024
[24, 13, 2] - 375.654285
[13, 2, 38] - 430.58574700000094
[13, 2, 97] - 419.0924730000004
[13, 2, 94] - 431.159504
[13, 2, 36] - 426.5388489999997
[13, 2, 90] - 427.8422320000011
[1, 13, 104] - 391.20732399999935
[13, 104, 71] - 403.8662680000007
[67, 13, 38, 104] - 337.7748512100005
[13, 104, 41] - 374.7344210000002
[13, 104, 97] - 437.2057730000002
[13, 104, 94] - 366.8364160000004
[13, 36, 104] - 370.4978129999995
[13, 104, 90] - 444.7949170000001
[56, 13, 38, 120] - 362.04311002999975
[56, 13, 97, 120] - 363.59236551999965
[56, 13, 94, 120] - 364.3023801800002
[56, 13, 36, 120] - 364.5353660299998
[56, 13, 90, 120] - 360.29105002000034
[24, 13, 120] - 431.2305739999998
[13, 71, 120] - 390.6693120000004
[67, 13, 120] - 394.51626199999976
[13, 38, 97, 120] - 421.68580981000025
[13, 38, 94, 120] - 394.75922953
[13, 36, 38, 120] - 393.75309397999956
[13, 38, 90, 120] - 419.77838636
[13, 94, 97, 120] - 409.3584901999999
[13, 36, 97, 120] - 408.4431434700002
[13, 90, 97, 120] - 433.1670598099996
[13, 36, 94, 120] - 411.79426264999984
[13, 90, 94, 120] - 407.2864034999999
[13, 36, 90, 120] - 406.00106877000024
[56, 1, 13] - 344.7865890000002
[1, 13, 71] - 426.78708100000057
[1, 67, 13, 90] - 349.5781149699999
[1, 13, 41, 97] - 349.31768592000043
[1, 13, 90, 41] - 368.8236496800004
[1, 13, 38] - 406.05722299999985
[1, 13, 90, 97] - 374.8324812
[1, 13, 36, 94] - 342.66649165999996
[1, 13, 90, 94] - 338.84288689999994
[1, 13, 36, 90] - 339.28478338000025
[88, 79, 13] - 346.17950299999984
[88, 56, 13] - 366.96796200000006
[88, 67, 13] - 355.1442309999999
[88, 13, 38] - 381.1094929999998
[88, 13, 94, 97] - 362.48346071999987
[88, 13, 36, 97] - 362.5383315599998
[88, 13, 90, 97] - 359.6086932799999
[88, 13, 36, 94] - 372.60220647000045
[88, 13, 90, 94] - 369.72283427000025
[88, 13, 36, 90] - 369.31434355999943
[56, 13, 79] - 365.499266
[67, 13, 79] - 362.5854739999998
[13, 79, 38] - 390.64942300000064
[13, 79, 94, 97] - 377.5355610599997
[13, 79, 36, 97] - 376.25613563000104
[13, 79, 90, 97] - 371.09230218000005
[13, 79, 36, 94] - 389.3118159500002
[13, 79, 90, 94] - 383.74269547999967
[13, 79, 36, 90] - 382.96028638999985
[56, 13, 24, 97] - 351.7364291200009
[56, 13, 24, 94] - 351.6958775099999
[56, 13, 24, 36] - 352.1510907299997
[56, 13, 24, 90] - 348.65290816000027
[56, 13, 71, 97] - 352.20972899000003
[56, 13, 71, 94] - 354.4685567200004
[56, 13, 36, 71] - 355.2708476299999
[56, 13, 90, 71] - 352.4272608100004
[56, 67, 13, 97] - 355.47237167000014
[56, 67, 13, 94] - 358.07687338000005
[56, 67, 13, 36] - 356.96025144999965
[56, 67, 13, 90] - 356.3791771699996
[56, 13, 41] - 345.4360519999998
[56, 13, 38, 94, 97] - 338.34783875219983
[56, 13, 36, 38, 97] - 341.2991917400007
[56, 13, 36, 38, 94] - 341.12431285420024
[56, 13, 38, 90, 94] - 337.03820845180053
[56, 13, 36, 38, 90] - 339.25945304030034
[56, 13, 36, 94, 97] - 400.82846159950066
[56, 13, 90, 94, 97] - 396.2099838939007
[56, 13, 36, 90, 97] - 397.32315802619996
[56, 13, 36, 90, 94] - 399.42342502720015
[13, 24, 71] - 340.1112439999993
[67, 13, 24] - 342.6991219999996
[13, 24, 38, 97] - 348.2068776699999
[13, 24, 38, 90] - 358.7219234200001
[13, 24, 94, 97] - 384.9334611199996
[13, 24, 36, 97] - 383.6401289599992
[13, 24, 90, 97] - 441.9631540099999
[13, 24, 36, 94] - 392.66037843
[13, 24, 90, 94] - 396.2312652299998
[13, 24, 36, 90] - 390.31257743000054
[67, 13, 38, 71] - 386.6849807600006
[67, 13, 71, 97] - 388.30685018999947
[67, 13, 71, 94] - 346.0657831100008
[67, 13, 36, 71] - 347.0605998500006
[67, 13, 90, 71] - 405.23930362000044
[13, 71, 41] - 398.6473640000001
[13, 38, 71, 97] - 431.2748087300002
[13, 38, 71, 94] - 387.60358036000054
[13, 36, 38, 71] - 389.81578717999975
[13, 38, 90, 71] - 447.40552908999996
[13, 71, 94, 97] - 414.43013201000014
[13, 36, 71, 97] - 415.25003393000003
[13, 90, 71, 97] - 472.75017720999995
[13, 36, 71, 94] - 437.1841558500002
[13, 90, 71, 94] - 431.14243761
[13, 36, 90, 71] - 433.1958250099999
[67, 13, 41] - 441.7003900000001
[67, 13, 38, 90, 97] - 345.0954051768997
[67, 13, 38, 94] - 420.6939212100001
[67, 13, 36, 38] - 423.73022011000023
[67, 13, 94, 97] - 449.4858747699994
[67, 13, 36, 97] - 447.683128870001
[67, 13, 36, 90, 94] - 348.37932917770013
[13, 38, 41] - 400.879674
[13, 90, 41, 97] - 346.3187127299996
[13, 94, 41] - 425.5411789999996
[13, 36, 41] - 421.82207200000005
[13, 36, 38, 94, 97] - 405.80388736840024
[13, 38, 90, 94, 97] - 400.4319160090002
[13, 36, 38, 90, 97] - 402.2958399220993
[13, 36, 38, 90, 94] - 424.33283389830007
[13, 36, 90, 94, 97] - 472.4152939644995
[11, 66, 70] - 368.01999499999977
[66, 6, 70] - 339.7362369999998
[66, 55, 57, 70] - 410.93445518999937
[66, 55, 2, 70] - 412.0460609600002
[66, 55, 24, 70] - 431.90017373999956
[66, 55, 70, 41] - 430.01812820000004
[66, 55, 38, 70] - 411.61980414000004
[66, 55, 70, 97] - 409.5910446200001
[66, 55, 70, 94] - 433.8388876100005
[66, 55, 36, 70] - 433.15457354000034
[66, 55, 90, 70] - 434.33569458999966
[66, 2, 57, 70] - 412.16328474000034
[66, 24, 57, 70] - 411.1595852899998
[66, 57, 70, 41] - 408.9587083900003
[66, 57, 38, 70] - 412.3110706299993
[66, 57, 70, 97] - 409.7023205999995
[66, 57, 70, 94] - 412.7006573000004
[66, 57, 36, 70] - 409.7250416800007
[66, 57, 90, 70] - 411.82138382999995
[66, 5, 70] - 344.8503480000003
[66, 2, 70, 120] - 342.30999958999996
[66, 2, 24, 38, 70] - 416.0827575608008
[66, 2, 24, 70, 97] - 415.5538344734005
[66, 2, 24, 70, 94] - 416.15363929829977
[66, 2, 24, 36, 70] - 415.2418357558999
[66, 2, 24, 90, 70] - 414.569584075
[66, 2, 70, 41] - 409.71101359000016
[66, 2, 38, 70, 97] - 412.64636730480044
[66, 2, 38, 70, 94] - 414.5761399459996
[66, 2, 36, 38, 70] - 412.96975433030036
[66, 2, 38, 90, 70] - 411.8309032233999
[66, 2, 70, 94, 97] - 413.59425909100054
[66, 2, 36, 70, 97] - 412.10437895639996
[66, 2, 90, 70, 97] - 411.7482989635009
[66, 2, 36, 70, 94] - 413.1719008760996
[66, 2, 90, 70, 94] - 412.5668379395999
[66, 2, 36, 90, 70] - 411.3508351860001
[66, 24, 70, 120] - 345.47181316999973
[66, 38, 70, 120] - 341.83260584999994
[66, 70, 97, 120] - 343.5058455999997
[66, 70, 94, 120] - 345.6466177400005
[66, 36, 70, 120] - 342.60728409
[66, 90, 70, 120] - 342.49331171000046
[66, 24, 70, 41] - 430.4905488199995
[66, 24, 38, 70, 97] - 413.83764734160013
[66, 24, 38, 70, 94] - 415.4649023847999
[66, 24, 36, 38, 70] - 413.9896344255997
[66, 24, 38, 90, 70] - 413.2269987259996
[66, 24, 70, 94, 97] - 415.00005920179933
[66, 24, 36, 70, 97] - 413.71786190319955
[66, 24, 90, 70, 97] - 413.54152538320017
[66, 24, 36, 70, 94] - 431.54609427360043
[66, 24, 90, 70, 94] - 431.7149906422007
[66, 24, 36, 90, 70] - 431.27144726259974
[66, 38, 70, 41] - 409.3966882500001
[66, 70, 41, 97] - 406.13804906000024
[66, 70, 94, 41] - 431.6059134899997
[66, 36, 70, 41] - 429.0374324800003
[66, 90, 70, 41] - 431.4027697799997
[66, 38, 70, 94, 97] - 412.85126789599974
[66, 36, 38, 70, 97] - 411.04522697800013
[66, 38, 90, 70, 97] - 410.2199448595004
[66, 36, 38, 70, 94] - 412.78063944840045
[66, 38, 90, 70, 94] - 412.0269020923
[66, 36, 38, 90, 70] - 410.5464239868
[66, 36, 70, 94, 97] - 412.13600183299883
[66, 90, 70, 94, 97] - 411.9344834728001
[66, 36, 90, 70, 97] - 410.45450824360006
[66, 36, 90, 70, 94] - 429.1071524067001
[114, 70, 63] - 424.5757120000003
[114, 70, 42] - 369.1184660000003
[100, 114, 70] - 358.15954899999986
[2, 114, 70] - 364.3708719999995
[114, 70, 120] - 358.4154340000006
[56, 114, 70] - 366.8800930000003
[24, 114, 70] - 428.0605390000008
[114, 38, 70] - 359.5487629999994
[114, 70, 97] - 366.5569819999999
[114, 70, 94] - 422.0013620000005
[36, 114, 70] - 425.43458499999986
[114, 90, 70] - 422.22490899999923
[9, 70] - 403.6211999999997
[70, 63, 42] - 367.43233199999986
[100, 70, 63] - 357.61950399999955
[2, 70, 63] - 363.36812599999985
[70, 63, 120] - 357.0488630000002
[56, 70, 63] - 365.77921700000013
[24, 70, 63] - 428.69953299999975
[38, 70, 63] - 358.6165009999997
[70, 63, 97] - 365.3999339999999
[70, 94, 63] - 423.53032699999955
[36, 70, 63] - 426.80568400000016
[90, 70, 63] - 423.66013699999996
[100, 70, 42] - 362.0946939999995
[2, 70, 42] - 367.22841100000034
[70, 42, 120] - 362.17550500000016
[56, 70, 42] - 369.8143140000002
[24, 70, 42] - 371.09733400000056
[38, 70, 42] - 363.69253899999984
[70, 97, 42] - 370.8717870000004
[70, 94, 42] - 367.4196790000005
[36, 70, 42] - 368.64662700000036
[90, 70, 42] - 363.86343099999976
[100, 2, 70] - 358.07188199999996
[100, 70, 120] - 352.79452299999986
[56, 100, 70] - 360.37187700000015
[100, 24, 70] - 361.4515050000001
[100, 38, 70] - 352.67477100000013
[100, 70, 97] - 360.77307099999996
[100, 70, 94] - 356.96117100000004
[100, 36, 70] - 358.61950299999955
[100, 90, 70] - 354.0864289999993
[128, 70] - 398.1231000000001
[11, 24, 2, 70] - 341.68267518000005
[11, 2, 38, 70] - 340.88636367000004
[11, 2, 70, 97] - 340.4089622599997
[11, 2, 70, 94] - 342.2446700300004
[11, 2, 36, 70] - 340.6562115699999
[11, 2, 90, 70] - 339.04207207999985
[11, 24, 38, 70] - 341.1037951999999
[11, 24, 70, 97] - 340.4075872100003
[11, 24, 70, 94] - 342.14609515000046
[11, 24, 36, 70] - 339.8758309000001
[11, 24, 90, 70] - 339.25397316999977
[11, 38, 70, 97] - 339.7387754499997
[11, 38, 70, 94] - 341.5988055500003
[11, 36, 38, 70] - 339.2859151399998
[11, 38, 90, 70] - 337.63472049999996
[11, 70, 94, 97] - 342.4153577399999
[11, 36, 70, 97] - 339.43784248
[11, 90, 70, 97] - 338.3505060600004
[11, 36, 70, 94] - 341.09032805
[11, 90, 70, 94] - 340.77607827000026
[11, 36, 90, 70] - 337.5363507099998
[2, 6, 70] - 396.2605520000001
[24, 6, 70] - 399.8993290000002
[38, 6, 70] - 396.9024490000005
[6, 70, 97] - 398.671379
[6, 70, 94] - 397.4559569999998
[36, 6, 70] - 398.1984890000001
[6, 90, 70] - 393.57618599999995
[55, 2, 57, 70] - 410.05290610999975
[55, 24, 57, 70] - 407.7476733100006
[55, 57, 70, 41] - 407.02224342999955
[55, 57, 38, 70] - 409.3176409599995
[55, 57, 70, 97] - 407.58063029999926
[55, 57, 70, 94] - 410.08645514999944
[55, 57, 36, 70] - 408.3566548900004
[55, 57, 90, 70] - 409.6133864399998
[55, 24, 2, 70] - 409.52559186000036
[55, 2, 70, 41] - 408.1050696000002
[55, 2, 38, 70] - 411.9570026300005
[55, 2, 70, 97] - 409.83427199999846
[55, 2, 70, 94] - 412.8097203699993
[55, 2, 36, 70] - 410.6537591200006
[55, 2, 90, 70] - 410.3364728899997
[55, 24, 70, 94, 41] - 338.03504782519997
[55, 24, 36, 70, 41] - 336.9786903268
[55, 24, 90, 70, 41] - 338.8367695485997
[55, 24, 38, 70] - 407.6787454000002
[55, 24, 70, 97] - 406.3400774800005
[55, 24, 36, 70, 94] - 339.58166095800027
[55, 24, 90, 70, 94] - 340.39132037959996
[55, 24, 36, 90, 70] - 340.24244829720067
[55, 38, 70, 41] - 406.6236637599999
[55, 70, 41, 97] - 404.4809009399995
[55, 36, 70, 94, 41] - 338.283751694
[55, 90, 70, 94, 41] - 339.5669897753001
[55, 36, 90, 70, 41] - 338.94358777329984
[55, 38, 70, 97] - 407.1637040399999
[55, 38, 70, 94] - 410.7462535400002
[55, 36, 38, 70] - 408.4106875800006
[55, 38, 90, 70] - 408.49093796000017
[55, 70, 94, 97] - 409.7650189300003
[55, 36, 70, 97] - 407.0905297199999
[55, 90, 70, 97] - 407.4155629100007
[55, 36, 90, 70, 94] - 341.3788985148999
[24, 57, 2, 70] - 411.0468818599995
[57, 2, 70, 41] - 409.1486852599995
[57, 2, 38, 70] - 412.52916308
[57, 2, 70, 97] - 410.08477696000034
[57, 2, 70, 94] - 413.3874200600004
[57, 2, 36, 70] - 410.07295793000014
[57, 2, 90, 70] - 411.1993198600003
[57, 24, 70, 41] - 407.1289753100002
[57, 24, 38, 70] - 409.6472349899993
[57, 24, 70, 97] - 407.6250395899994
[57, 24, 70, 94] - 410.3940015000002
[57, 24, 36, 70] - 407.6545755500013
[57, 24, 90, 70] - 409.32470793000033
[57, 38, 70, 41] - 408.16632017000023
[57, 70, 41, 97] - 405.56164578000073
[57, 70, 94, 41] - 408.6906565600002
[57, 36, 70, 41] - 405.45277482000057
[57, 90, 70, 41] - 407.8396677199994
[57, 38, 70, 97] - 408.13047192999994
[57, 38, 70, 94] - 411.8852630399995
[57, 36, 38, 70] - 408.44326488000087
[57, 38, 90, 70] - 409.8507342999997
[57, 70, 94, 97] - 410.3066611499996
[57, 36, 70, 97] - 406.6527839700007
[57, 90, 70, 97] - 408.0933026899989
[57, 36, 70, 94] - 410.23827802999983
[57, 90, 70, 94] - 411.0552086099999
[57, 36, 90, 70] - 409.00731642
[2, 5, 70] - 401.5831569999999
[24, 5, 70] - 416.0370800000004
[38, 5, 70] - 393.26404099999996
[5, 70, 97] - 393.927272000001
[5, 70, 94] - 419.7382740000001
[36, 5, 70] - 414.092776
[5, 90, 70] - 417.42932700000017
[2, 24, 38, 70, 120] - 354.0767880266
[2, 24, 70, 97, 120] - 357.88545389140063
[2, 24, 70, 94, 120] - 358.7278981643004
[2, 24, 36, 70, 120] - 356.7355023711997
[2, 24, 90, 70, 120] - 354.85322374469985
[2, 38, 70, 97, 120] - 353.0557118559996
[2, 38, 70, 94, 120] - 354.9735715959992
[2, 36, 38, 70, 120] - 353.0973433970998
[2, 38, 90, 70, 120] - 350.06434285569986
[2, 70, 94, 97, 120] - 357.7537966428
[2, 36, 70, 97, 120] - 355.2015439188997
[2, 90, 70, 97, 120] - 353.95146643620046
[2, 36, 70, 94, 120] - 356.94677250440003
[2, 90, 70, 94, 120] - 355.55325036899984
[2, 36, 90, 70, 120] - 352.8042206371004
[56, 2, 70] - 366.55820900000026
[2, 24, 70, 41] - 408.89080982999934
[2, 24, 38, 70, 94, 97] - 385.76365880795146
[2, 24, 36, 38, 70, 97] - 385.2483757357268
[2, 24, 38, 90, 70, 97] - 382.6893667089623
[2, 24, 36, 38, 70, 94] - 386.015099501592
[2, 24, 38, 90, 70, 94] - 383.53034727359176
[2, 24, 36, 38, 90, 70] - 382.9364841076806
[2, 24, 36, 70, 94, 97] - 387.0064732758717
[2, 24, 90, 70, 94, 97] - 385.7205179121602
[2, 24, 36, 90, 70, 97] - 384.86330722229565
[2, 24, 36, 90, 70, 94] - 385.51339192787566
[2, 38, 70, 41] - 410.4088337400001
[2, 70, 41, 97] - 407.3218987399997
[2, 70, 94, 41] - 411.43495040000005
[2, 36, 70, 41] - 407.62747837999945
[2, 90, 70, 41] - 408.6848337000002
[2, 36, 38, 70, 94, 97] - 384.32678577834963
[2, 38, 90, 70, 94, 97] - 381.9617947670969
[2, 36, 38, 90, 70, 97] - 381.15861929845266
[2, 36, 38, 90, 70, 94] - 382.30950808960387
[2, 36, 90, 70, 94, 97] - 383.76184857175633
[56, 70, 120] - 360.0436619999999
[24, 38, 70, 97, 120] - 353.75901850770003
[24, 38, 70, 94, 120] - 355.44394432530106
[24, 36, 38, 70, 120] - 352.7066234790001
[24, 38, 90, 70, 120] - 350.2480007295003
[24, 70, 94, 97, 120] - 359.47905240499995
[24, 36, 70, 97, 120] - 355.99505682840004
[24, 90, 70, 97, 120] - 355.4673414271997
[24, 36, 70, 94, 120] - 357.62365089290023
[24, 90, 70, 94, 120] - 356.74942608860084
[24, 36, 90, 70, 120] - 353.3067713981002
[38, 70, 94, 97, 120] - 355.62690565099984
[36, 38, 70, 97, 120] - 352.56128723630013
[38, 90, 70, 97, 120] - 350.29394632779963
[36, 38, 70, 94, 120] - 354.7031617746996
[38, 90, 70, 94, 120] - 352.73042962420016
[36, 38, 90, 70, 120] - 349.34119307150013
[36, 70, 94, 97, 120] - 357.07184601809985
[90, 70, 94, 97, 120] - 356.8661710642002
[36, 90, 70, 97, 120] - 352.7752775140998
[36, 90, 70, 94, 120] - 354.9029956859003
[56, 24, 70] - 369.87387999999976
[56, 38, 70] - 361.7294949999996
[56, 70, 97] - 367.98947199999986
[56, 70, 94] - 365.30346100000054
[56, 36, 70] - 367.1445120000004
[56, 90, 70] - 361.42928499999954
[24, 38, 70, 41] - 406.88156532999955
[24, 70, 41, 97] - 404.38432281000007
[24, 36, 70, 94, 41] - 338.9241142558004
[24, 90, 70, 94, 41] - 340.6130549327999
[24, 36, 90, 70, 41] - 339.11453462959946
[24, 36, 38, 70, 94, 97] - 383.8348465760435
[24, 38, 90, 70, 94, 97] - 381.833871150659
[24, 36, 38, 90, 70, 97] - 380.4195241102428
[24, 36, 38, 90, 70, 94] - 381.66967966878923
[24, 36, 90, 70, 94, 97] - 383.75615191581386
[38, 70, 41, 97] - 404.7064367700002
[38, 70, 94, 41] - 409.15412896000026
[36, 38, 70, 41] - 405.21720131000006
[38, 90, 70, 41] - 406.5868060900001
[70, 94, 41, 97] - 407.0623236199999
[36, 70, 41, 97] - 403.0438554499995
[90, 70, 41, 97] - 404.5129156600005
[36, 90, 70, 94, 41] - 339.68182303540027
[36, 38, 90, 70, 94, 97] - 380.3650410838678
[122, 24, 9] - 367.45028200000087
[122, 9, 41] - 356.5967859999998
[122, 9, 94] - 363.3778140000001
[122, 36, 9] - 361.0122110000006
[122, 90, 9] - 362.50439999999935
[88, 122, 12] - 420.46263500000003
[122, 12, 79] - 419.9224169999994
[122, 12, 41] - 390.9195290000003
[122, 12, 97] - 345.61801199999985
[122, 12, 94] - 418.6307590000004
[122, 12, 36] - 419.50263899999993
[122, 12, 90] - 417.67747099999997
[122, 100, 31] - 430.80647300000044
[1, 122, 100] - 428.3954359999999
[88, 122, 100] - 431.780441
[122, 100, 79] - 427.9597320000002
[56, 122, 100] - 425.5698490000002
[122, 100, 24] - 433.92991300000034
[122, 100, 41] - 425.47144700000047
[122, 100, 97] - 429.3594100000004
[122, 100, 94] - 429.9453120000001
[122, 100, 36] - 425.4889459999994
[122, 100, 90] - 423.9633370000002
[122, 6, 41] - 365.6833220000002
[122, 6, 97] - 390.89944699999944
[122, 6, 94] - 393.0158999999999
[122, 36, 6] - 391.9631210000002
[122, 6, 90] - 391.6244949999997
[23, 122] - 371.5736999999998
[55, 122, 104] - 337.92209599999967
[88, 55, 122] - 337.9216329999995
[55, 122, 79] - 341.0535550000001
[55, 122, 94, 41] - 346.2446445299997
[55, 122, 36, 41] - 345.5797785799998
[55, 122, 90, 41] - 347.9858603799999
[55, 122, 38] - 401.9059839999998
[55, 122, 97] - 385.43402899999984
[55, 122, 36, 94] - 391.39498431000027
[55, 122, 90, 94] - 392.3029114100001
[55, 122, 36, 90] - 393.62058859000035
[122, 57] - 347.4864
[88, 122, 1, 31] - 418.25641879999995
[122, 1, 79, 31] - 416.2320062800007
[122, 1, 24, 31] - 420.30004560999953
[122, 1, 41, 31] - 411.6015641899996
[122, 1, 94, 31] - 415.03700280000004
[122, 1, 36, 31] - 413.21268577999996
[122, 1, 90, 31] - 413.6433609899999
[88, 122, 79, 31] - 430.29551636000036
[88, 122, 24, 31] - 421.7625068300002
[88, 122, 41, 31] - 425.6961033200004
[88, 122, 94, 31] - 428.07810178999983
[88, 122, 36, 31] - 427.24409482999977
[88, 122, 90, 31] - 427.89300882999936
[122, 24, 79, 31] - 420.3644757599995
[122, 79, 41, 31] - 423.27504426000013
[122, 79, 94, 31] - 427.1801192599996
[122, 79, 36, 31] - 424.8636863399999
[122, 79, 90, 31] - 425.10976233999975
[56, 122, 31] - 426.6005079999995
[122, 24, 41, 31] - 415.69623246999936
[122, 24, 94, 31] - 419.2709122399995
[122, 24, 36, 31] - 416.8914162499992
[122, 24, 90, 31] - 417.4573174899998
[122, 94, 41, 31] - 420.6604078199996
[122, 36, 41, 31] - 420.2526210100002
[122, 90, 41, 31] - 420.44395341000006
[122, 97, 31] - 430.0605029999997
[122, 36, 94, 31] - 422.7757555700006
[122, 90, 94, 31] - 423.4523307099994
[122, 36, 90, 31] - 421.66549160000005
[88, 122, 5] - 390.8825709999996
[122, 79, 5] - 391.3186789999999
[122, 24, 5] - 348.8558659999998
[122, 5, 94, 41] - 338.03979999999996
[122, 5, 97] - 437.0067749999998
[122, 36, 5, 94] - 363.23860943999983
[122, 5, 90, 94] - 364.71409868999956
[122, 36, 5, 90] - 359.96972112
[122, 2] - 414.4948999999999
[88, 122, 104] - 398.12440600000036
[122, 79, 104] - 401.0074840000002
[122, 104, 41] - 339.1354909999997
[122, 104, 94] - 394.34258300000033
[122, 36, 104] - 399.6770419999997
[122, 104, 90] - 398.86667699999987
[88, 122, 1, 79, 41] - 391.35159662799987
[88, 122, 1, 79, 94] - 395.7892846868994
[88, 122, 1, 79, 36] - 394.35919263639994
[88, 122, 1, 79, 90] - 392.99895928680024
[88, 122, 1, 24] - 419.32988014000057
[88, 122, 1, 94, 41] - 391.1511393874995
[88, 122, 1, 36, 41] - 391.1379834298994
[88, 122, 1, 90, 41] - 389.8674087662
[88, 122, 1, 97] - 434.3812928899995
[88, 122, 1, 36, 94] - 393.7042903472
[88, 122, 1, 90, 94] - 392.37051100640014
[88, 122, 1, 36, 90] - 392.0593565066006
[122, 1, 24, 79] - 417.7001795100003
[122, 1, 79, 94, 41] - 389.52075150260015
[122, 1, 79, 36, 41] - 388.07193913340024
[122, 1, 79, 90, 41] - 387.05926812800027
[122, 1, 79, 97] - 429.40564818
[122, 1, 79, 36, 94] - 392.34819430640067
[122, 1, 79, 90, 94] - 391.3685111587
[122, 1, 79, 36, 90] - 389.90678801280035
[56, 122, 1] - 425.57085400000057
[122, 1, 24, 41] - 413.5316538900001
[122, 1, 24, 94] - 415.88396675999996
[122, 1, 24, 36] - 413.73510032999997
[122, 1, 24, 90] - 414.8125276999997
[122, 1, 71] - 384.6064360000002
[67, 122, 1] - 423.5547010000004
[122, 1, 41, 97] - 426.55724562000023
[122, 1, 36, 94, 41] - 387.291911161
[122, 1, 90, 94, 41] - 386.42903749700014
[122, 1, 36, 90, 41] - 385.81025531430015
[122, 1, 94, 97] - 432.03145768999985
[122, 1, 36, 97] - 429.5766033899999
[122, 1, 90, 97] - 427.1249382699999
[122, 1, 36, 90, 94] - 388.69919319400026
[88, 56, 122, 79] - 368.63155124000053
[88, 122, 24, 79] - 419.4672731399996
[88, 122, 79, 71] - 363.0607888700003
[88, 67, 122, 79] - 394.01177940999986
[88, 122, 79, 41, 97] - 354.2259193787994
[88, 122, 79, 94, 41] - 434.33486528819964
[88, 122, 79, 36, 41] - 433.3499173411002
[88, 122, 79, 90, 41] - 432.4880216259
[88, 122, 79, 94, 97] - 389.60379446060045
[88, 122, 79, 36, 97] - 388.04949407220016
[88, 122, 79, 90, 97] - 385.17115836169984
[88, 122, 79, 36, 90, 94] - 349.23437887871376
[88, 122, 56, 41] - 365.63748593000037
[88, 122, 56, 97] - 368.8997635799992
[88, 122, 56, 94] - 370.2605253799998
[88, 122, 56, 36] - 367.30311525
[88, 122, 56, 90] - 365.63207862000013
[88, 122, 24, 41] - 415.1141577899997
[88, 122, 24, 94] - 417.7526230900005
[88, 122, 24, 36] - 415.22025565999996
[88, 122, 24, 90] - 416.9011862299994
[88, 122, 71, 94] - 360.20354568999943
[88, 122, 36, 71] - 365.45317436999994
[88, 122, 90, 71] - 360.2101186400005
[88, 122, 67, 41] - 351.83829226000034
[88, 122, 67, 94] - 391.68697575999954
[88, 122, 67, 36] - 393.0787885999998
[88, 122, 67, 90] - 395.55352604
[88, 122, 94, 41, 97] - 355.6043125595004
[88, 122, 36, 41, 97] - 354.30840434489977
[88, 122, 90, 41, 97] - 352.2161444992005
[88, 122, 36, 94, 41] - 431.4783423350994
[88, 122, 90, 94, 41] - 430.7855063258002
[88, 122, 36, 90, 41] - 430.9378869647001
[88, 122, 36, 94, 97] - 388.1986479982996
[88, 122, 90, 94, 97] - 385.2167425046005
[88, 122, 36, 90, 97] - 384.90339036910024
[122, 56, 79, 41] - 363.1133795200003
[122, 56, 79, 97] - 365.98692136999927
[122, 56, 79, 94] - 369.38576303000025
[122, 56, 79, 36] - 364.8800808199991
[122, 56, 79, 90] - 362.55463467000004
[122, 79, 24, 41] - 413.71651782000094
[122, 79, 24, 94] - 417.92464433000015
[122, 79, 24, 36] - 413.88555186999963
[122, 79, 24, 90] - 414.96686748999997
[122, 79, 71, 94] - 360.89865515000025
[122, 79, 36, 71] - 364.27770320999986
[122, 79, 90, 71] - 360.3185581199999
[122, 67, 79, 41] - 348.37695128000024
[122, 67, 79, 94] - 390.8544454400003
[122, 67, 79, 36] - 390.8379997699999
[122, 67, 79, 90] - 392.9440936399997
[122, 79, 94, 41, 97] - 353.7295828663001
[122, 79, 36, 41, 97] - 351.0320197669
[122, 79, 90, 41, 97] - 348.86202750440066
[122, 79, 36, 94, 41] - 430.38307124359983
[122, 79, 90, 94, 41] - 429.6984394368994
[122, 79, 36, 90, 41] - 428.38624835869945
[122, 79, 36, 94, 97] - 387.48047405179904
[122, 79, 90, 94, 97] - 385.1483420849004
[122, 79, 36, 90, 97] - 382.9459638106003
[122, 56, 24] - 430.7599030000008
[122, 56, 41, 97] - 362.47714204000056
[122, 56, 94, 41] - 364.2216085599999
[122, 56, 36, 41] - 361.50517381999975
[122, 56, 90, 41] - 359.47608111000034
[122, 56, 94, 97] - 367.8351418599998
[122, 56, 36, 97] - 365.1878574699999
[122, 56, 90, 97] - 362.95436850000067
[122, 56, 36, 94] - 366.40634310000075
[122, 56, 90, 94] - 364.62775312999986
[122, 56, 36, 90] - 360.8315524900002
[122, 24, 94, 41, 97] - 345.89690892569973
[122, 24, 36, 41, 97] - 340.3721109986998
[122, 24, 90, 41, 97] - 341.2130827315
[122, 24, 36, 94, 41] - 408.0331904324006
[122, 24, 90, 94, 41] - 409.9509454922996
[122, 24, 36, 90, 41] - 405.28243045589954
[122, 24, 36, 94, 97] - 346.5376647621
[122, 24, 90, 94, 97] - 346.7470327718001
[122, 24, 36, 90, 97] - 340.28406034539967
[122, 24, 36, 90, 94] - 410.152691611399
[122, 71, 41] - 424.5487769999997
[122, 71, 97] - 404.1138819999999
[122, 36, 71, 94] - 361.85712229
[122, 90, 71, 94] - 357.34074696999994
[122, 36, 90, 71] - 361.6907488500005
[122, 67, 94, 41] - 347.5802037800006
[122, 67, 36, 41] - 346.94274911999986
[122, 67, 90, 41] - 350.5764369099999
[122, 67, 97] - 442.3395759999996
[122, 67, 36, 94] - 388.36179129999977
[122, 67, 90, 94] - 390.90649423
[122, 67, 36, 90] - 391.69708853999987
[122, 38, 41] - 399.7095840000001
[122, 36, 90, 94, 41, 97] - 337.452967191331
[122, 38, 97] - 442.61078399999957
[122, 36, 38, 94] - 346.0121913000001
[122, 38, 90, 94] - 344.9798377000003
[122, 36, 38, 90] - 343.8112175799994
[66, 114, 63] - 442.2074110000001
[66, 114, 42] - 378.293895
[66, 100, 114] - 376.7245660000003
[66, 2, 114] - 399.5795529999993
[66, 114, 120] - 376.5459459999998
[66, 56, 114] - 365.89256900000026
[66, 24, 114, 94] - 347.57085508999955
[66, 24, 36, 114] - 341.1288544499996
[66, 24, 114, 90] - 348.3016589800001
[66, 114, 38] - 398.7826700000002
[66, 114, 97] - 382.5354570000003
[66, 36, 114, 94] - 338.0152127600005
[66, 114, 90, 94] - 345.4116212200004
[66, 36, 114, 90] - 338.99258955000045
[66, 9] - 411.72189999999955
[66, 63, 42] - 384.3738809999999
[66, 100, 63] - 383.38983699999983
[66, 2, 63] - 384.34142500000013
[66, 63, 120] - 383.1783930000002
[66, 56, 63] - 371.6044179999996
[66, 24, 94, 63] - 338.0268650400004
[66, 24, 36, 63] - 338.91714873000006
[66, 24, 90, 63] - 337.13001697
[66, 38, 63] - 384.35401200000035
[66, 63, 97] - 389.36663499999946
[66, 36, 94, 63] - 337.2576699099998
[66, 100, 42] - 376.9954990000003
[66, 2, 42] - 379.3170480000001
[66, 42, 120] - 377.1890329999998
[66, 56, 42] - 366.3357469999995
[66, 24, 42] - 381.3392740000005
[66, 38, 42] - 379.09686299999987
[66, 97, 42] - 384.09293500000035
[66, 94, 42] - 380.72703299999995
[66, 36, 42] - 382.3319529999997
[66, 90, 42] - 378.8831030000006
[66, 100, 2] - 377.7297489999997
[66, 100, 120] - 377.1155790000001
[66, 56, 100] - 365.57891000000035
[66, 100, 24] - 381.5732329999997
[66, 100, 38] - 378.1101760000009
[66, 100, 97] - 383.0945769999994
[66, 100, 94] - 379.7626999999998
[66, 100, 36] - 380.9124390000001
[66, 100, 90] - 378.51273699999956
[66, 2, 128] - 339.7535709999997
[66, 24, 128] - 337.7860520000002
[66, 38, 128] - 339.2269219999999
[66, 128, 94] - 338.2126689999996
[66, 90, 128] - 337.023715
[66, 11, 24, 2] - 366.6970876200002
[66, 11, 2, 38] - 367.8417207400004
[66, 11, 2, 97] - 349.3223197100002
[66, 11, 2, 94] - 365.69132078000007
[66, 11, 2, 36] - 358.4249290100002
[66, 11, 2, 90] - 364.3789559600001
[66, 11, 24, 38] - 368.20776311999987
[66, 11, 24, 97] - 349.7057772099998
[66, 11, 24, 94] - 365.55528799999956
[66, 11, 24, 36] - 358.1109138799999
[66, 11, 24, 90] - 365.1240769600004
[66, 11, 38, 97] - 351.1119407299995
[66, 11, 38, 94] - 367.02847684000005
[66, 11, 36, 38] - 359.68525703000074
[66, 11, 38, 90] - 365.6161234600004
[66, 11, 94, 97] - 349.7973631100005
[66, 11, 36, 97] - 349.85663064999983
[66, 11, 90, 97] - 347.6950234199998
[66, 11, 36, 94] - 357.1820173400001
[66, 11, 90, 94] - 364.1072908399998
[66, 11, 36, 90] - 356.35424136999956
[66, 2, 6] - 408.4835630000006
[66, 24, 6] - 411.63071399999995
[66, 38, 6] - 412.3806920000004
[66, 6, 97] - 404.63650599999994
[66, 6, 94] - 409.2737259999999
[66, 36, 6] - 405.8997329999998
[66, 6, 90] - 408.3683890000004
[66, 55, 2, 57] - 411.37212770999986
[66, 55, 24, 57] - 410.07180340999946
[66, 55, 57, 41] - 408.54411253
[66, 55, 57, 38] - 411.8183534200002
[66, 55, 57, 97] - 409.51432471999976
[66, 55, 57, 94] - 410.55207932999923
[66, 55, 57, 36] - 409.78746127000016
[66, 55, 57, 90] - 411.9559914800001
[66, 55, 24, 2] - 436.94395571
[66, 55, 2, 41] - 423.9081613999998
[66, 55, 2, 38] - 438.76534329000054
[66, 55, 2, 97] - 420.1206790899997
[66, 55, 2, 94] - 438.3368262900005
[66, 55, 2, 36] - 428.95871450999954
[66, 55, 2, 90] - 437.50707015000023
[66, 55, 24, 94, 41] - 349.35642956439983
[66, 55, 24, 36, 41] - 342.9823810313
[66, 55, 24, 90, 41] - 350.75547379040046
[66, 55, 24, 38] - 436.65967900999954
[66, 55, 24, 97] - 418.8707777300005
[66, 55, 24, 36, 94] - 354.5496402497997
[66, 55, 24, 90, 94] - 362.6582159227001
[66, 55, 24, 36, 90] - 356.1117953149003
[66, 55, 38, 41] - 423.1942747300002
[66, 55, 41, 97] - 405.6769158
[66, 55, 36, 94, 41] - 343.15236420480005
[66, 55, 90, 94, 41] - 350.5408813006002
[66, 55, 36, 90, 41] - 344.8781135822998
[66, 55, 38, 97] - 419.8748006900004
[66, 55, 38, 94] - 438.22000937000035
[66, 55, 36, 38] - 428.3832821900002
[66, 55, 38, 90] - 437.2308820099997
[66, 55, 94, 97] - 420.67357479000003
[66, 55, 36, 97] - 417.8756223400005
[66, 55, 90, 97] - 419.6937070200002
[66, 55, 36, 90, 94] - 356.4295039598
[66, 24, 57, 2] - 413.10557697999985
[66, 57, 2, 41] - 410.34711618
[66, 57, 2, 38] - 414.9977075599997
[66, 57, 2, 97] - 411.57492284000006
[66, 57, 2, 94] - 413.86492534999996
[66, 57, 2, 36] - 411.4087038599998
[66, 57, 2, 90] - 413.3429951299996
[66, 57, 24, 41] - 409.3851602600003
[66, 57, 24, 38] - 413.14753748000027
[66, 57, 24, 97] - 410.21913441000004
[66, 57, 24, 94] - 411.9169849799989
[66, 57, 24, 36] - 410.0153950200005
[66, 57, 24, 90] - 412.5055145600006
[66, 57, 38, 41] - 410.92359675999967
[66, 57, 41, 97] - 407.31085879
[66, 57, 94, 41] - 409.20270482999956
[66, 57, 36, 41] - 406.9339054500001
[66, 57, 90, 41] - 410.0723323099992
[66, 57, 38, 97] - 411.0587865099996
[66, 57, 38, 94] - 413.86110608000007
[66, 57, 36, 38] - 411.04631222999933
[66, 57, 38, 90] - 413.32149287000044
[66, 57, 94, 97] - 411.38015292999944
[66, 57, 36, 97] - 408.3772407700001
[66, 57, 90, 97] - 410.76783291999976
[66, 57, 36, 94] - 410.72050635999994
[66, 57, 90, 94] - 412.63633512000035
[66, 57, 36, 90] - 411.23517516000015
[66, 2, 5] - 408.15128099999987
[66, 24, 5] - 428.39883199999963
[66, 38, 5] - 403.9352810000001
[66, 5, 97] - 398.1711500000003
[66, 5, 94] - 431.6492970000004
[66, 36, 5] - 424.82871100000006
[66, 5, 90] - 431.178961
[66, 2, 24, 38, 120] - 370.1006899881003
[66, 2, 24, 97, 120] - 371.59673045860046
[66, 2, 24, 94, 120] - 372.8384095906002
[66, 2, 24, 36, 120] - 370.54301040559943
[66, 2, 24, 90, 120] - 370.6747777898997
[66, 2, 38, 97, 120] - 370.2585012758003
[66, 2, 38, 94, 120] - 372.30038779169996
[66, 2, 36, 38, 120] - 369.7040988682997
[66, 2, 38, 90, 120] - 369.41310129580046
[66, 2, 94, 97, 120] - 372.93575161200033
[66, 2, 36, 97, 120] - 370.1034153821998
[66, 2, 90, 97, 120] - 370.2122435330999
[66, 2, 36, 94, 120] - 371.8483148299998
[66, 2, 90, 94, 120] - 371.95157719369996
[66, 2, 36, 90, 120] - 369.04881508539995
[66, 56, 2] - 367.55639999999994
[66, 2, 24, 41] - 425.85876431000025
[66, 2, 24, 38, 94, 97] - 395.9401919183424
[66, 2, 24, 36, 38, 97] - 395.16887320919056
[66, 2, 24, 38, 90, 97] - 394.6345761606355
[66, 2, 24, 36, 38, 94] - 400.33277876696815
[66, 2, 24, 38, 90, 94] - 405.0100135744337
[66, 2, 24, 36, 38, 90] - 399.34672580405476
[66, 2, 24, 36, 94, 97] - 395.2330651851267
[66, 2, 24, 90, 94, 97] - 395.0103320057972
[66, 2, 24, 36, 90, 97] - 394.1003505350188
[66, 2, 24, 36, 90, 94] - 399.60442483549065
[66, 2, 38, 41] - 427.41803441999997
[66, 2, 41, 97] - 407.63094712000054
[66, 2, 94, 41] - 426.79432187999936
[66, 2, 36, 41] - 416.4023839899995
[66, 2, 90, 41] - 425.6890410899996
[66, 2, 36, 38, 94, 97] - 394.74618696475414
[66, 2, 38, 90, 94, 97] - 394.0762946890122
[66, 2, 36, 38, 90, 97] - 393.0007637594849
[66, 2, 36, 38, 90, 94] - 398.8465447182548
[66, 2, 36, 90, 94, 97] - 393.1205825601665
[66, 56, 120] - 365.4978839999999
[66, 24, 38, 97, 120] - 370.4695431648006
[66, 24, 38, 94, 120] - 372.2177920196
[66, 24, 36, 38, 120] - 369.44227989449985
[66, 24, 38, 90, 120] - 369.9784339432003
[66, 24, 94, 97, 120] - 374.1346243686999
[66, 24, 36, 97, 120] - 371.0919517364003
[66, 24, 90, 97, 120] - 371.97770769319976
[66, 24, 36, 94, 120] - 372.6620025899996
[66, 24, 90, 94, 120] - 373.57409167630067
[66, 24, 36, 90, 120] - 370.46396783960046
[66, 38, 94, 97, 120] - 373.41746276270044
[66, 36, 38, 97, 120] - 370.37595175879966
[66, 38, 90, 97, 120] - 370.66622875770014
[66, 36, 38, 94, 120] - 372.2973563726002
[66, 38, 90, 94, 120] - 372.86088561609984
[66, 36, 38, 90, 120] - 369.487597019401
[66, 36, 94, 97, 120] - 373.1281676557997
[66, 90, 94, 97, 120] - 374.0271644433006
[66, 36, 90, 97, 120] - 370.4568412356001
[66, 36, 90, 94, 120] - 372.2186460123998
[66, 79] - 347.4225999999998
[66, 56, 24] - 369.13047699999925
[66, 56, 38] - 365.05049699999955
[66, 56, 97] - 371.56593399999934
[66, 56, 94] - 367.54871700000035
[66, 56, 36] - 369.6158039999997
[66, 56, 90] - 365.9787330000001
[66, 24, 38, 41] - 424.8662492199998
[66, 24, 41, 97] - 406.03928931999974
[66, 24, 36, 94, 41] - 344.5674373936005
[66, 24, 90, 94, 41] - 353.19004479629973
[66, 24, 36, 90, 41] - 345.7424438749
[66, 24, 36, 38, 94, 97] - 394.62126678583604
[66, 24, 38, 90, 94, 97] - 394.49962181830904
[66, 24, 36, 38, 90, 97] - 393.22984440063186
[66, 24, 36, 38, 90, 94] - 398.82975847501376
[66, 24, 36, 90, 94, 97] - 394.1331325362922
[66, 38, 41, 97] - 406.76809025000006
[66, 38, 94, 41] - 425.8423695100004
[66, 36, 38, 41] - 415.08330239
[66, 38, 90, 41] - 424.58816268000044
[66, 94, 41, 97] - 407.20082897
[66, 36, 41, 97] - 403.7807653399998
[66, 90, 41, 97] - 406.20506441999925
[66, 36, 90, 94, 41] - 345.3684720507991
[66, 36, 38, 90, 94, 97] - 392.9409166064743
[100, 2, 114, 63, 42] - 417.02280736729875
[100, 114, 63, 42, 120] - 414.4261952272001
[56, 100, 114, 63, 42] - 412.83933760229996
[100, 24, 114, 63, 42] - 418.0940546525998
[100, 114, 38, 63, 42] - 413.47223845830064
[100, 114, 63, 97, 42] - 419.32300284900043
[100, 114, 94, 63, 42] - 416.58028767940056
[100, 36, 114, 63, 42] - 417.5623803999999
[100, 114, 90, 63, 42] - 416.22256536319924
[2, 114, 63, 42, 120] - 416.581118071
[56, 2, 114, 63, 42] - 415.09198185280013
[24, 2, 114, 63, 42] - 420.61521893050013
[2, 114, 38, 63, 42] - 415.5299701332998
[2, 114, 63, 97, 42] - 421.3890257153998
[2, 114, 94, 63, 42] - 418.55570565519974
[2, 36, 114, 63, 42] - 419.7855883542996
[2, 114, 90, 63, 42] - 419.3458959756014
[56, 114, 63, 42, 120] - 411.97385301470024
[24, 114, 63, 42, 120] - 417.31389050170037
[114, 38, 63, 42, 120] - 412.76869261960053
[114, 63, 97, 42, 120] - 419.19767995599994
[114, 94, 63, 42, 120] - 416.8114418700995
[36, 114, 63, 42, 120] - 416.2675324277005
[114, 90, 63, 42, 120] - 415.51375745970023
[56, 24, 114, 63, 42] - 414.5051983994003
[56, 114, 38, 63, 42] - 410.2104002579006
[56, 114, 63, 97, 42] - 417.00277104979943
[56, 114, 94, 63, 42] - 413.4722463934004
[56, 36, 114, 63, 42] - 415.25004099279937
[56, 114, 90, 63, 42] - 413.66999638460044
[24, 114, 38, 63, 42] - 415.4744361632999
[24, 114, 63, 97, 42] - 422.34446846040055
[24, 114, 94, 63, 42] - 419.99526841610026
[24, 36, 114, 63, 42] - 420.0939206566
[24, 114, 90, 63, 42] - 419.4194190807002
[114, 38, 63, 97, 42] - 417.9806506172004
[114, 38, 94, 63, 42] - 415.0216266052998
[36, 114, 38, 63, 42] - 415.87406624410073
[114, 38, 90, 63, 42] - 414.7291740155996
[114, 94, 63, 42, 97] - 421.54865336990014
[36, 114, 63, 42, 97] - 422.0342048417001
[114, 90, 63, 42, 97] - 421.0749775712992
[36, 114, 94, 63, 42] - 418.71337230060027
[114, 90, 94, 63, 42] - 418.4184228567002
[36, 114, 90, 63, 42] - 419.0387176513
[12, 114, 94, 63] - 349.2165927899999
[12, 36, 114, 63] - 351.3652515899999
[12, 114, 90, 63] - 352.7361563299995
[100, 2, 114, 63, 120] - 412.0384776974003
[56, 100, 2, 114, 63] - 410.9393655144006
[100, 24, 2, 114, 63] - 417.00907351610005
[100, 2, 114, 38, 63] - 411.0934885101007
[100, 2, 114, 63, 97] - 416.17268799759995
[100, 2, 114, 94, 63] - 413.5790654227008
[100, 2, 36, 114, 63] - 414.8398877962994
[100, 2, 114, 90, 63] - 414.8161456311999
[56, 100, 114, 63, 120] - 408.17322816660015
[100, 24, 114, 63, 120] - 414.06996409909976
[100, 114, 38, 63, 120] - 408.80755667280005
[100, 114, 63, 97, 120] - 414.36680577769937
[100, 114, 94, 63, 120] - 411.90963949919995
[100, 36, 114, 63, 120] - 411.72744217900066
[100, 114, 90, 63, 120] - 411.35214476719943
[100, 56, 24, 114, 63] - 411.61578573790086
[100, 56, 114, 38, 63] - 406.8063193433
[100, 56, 114, 63, 97] - 412.99400524359936
[100, 56, 114, 94, 63] - 409.28005058519966
[100, 56, 36, 114, 63] - 411.395264818099
[100, 56, 114, 90, 63] - 410.0716051780001
[100, 24, 114, 38, 63] - 412.45687779219935
[100, 24, 114, 63, 97] - 418.55584488260064
[100, 24, 114, 94, 63] - 416.23569781749933
[100, 24, 36, 114, 63] - 416.6093240385001
[100, 24, 114, 90, 63] - 416.1474339031
[100, 114, 38, 63, 97] - 413.4101617019003
[100, 36, 114, 38, 94, 63] - 342.14902791554533
[100, 114, 38, 90, 94, 63] - 341.6478744711236
[100, 36, 114, 38, 90, 63] - 343.8055613921952
[100, 114, 94, 63, 97] - 416.10054722750067
[100, 36, 114, 63, 97] - 417.2087054152998
[100, 114, 90, 63, 97] - 416.4441455779002
[100, 36, 114, 90, 94, 63] - 344.3450014163628
[11, 114, 63] - 414.5471279999997
[56, 2, 114, 63, 120] - 410.15451515919995
[24, 2, 114, 63, 120] - 416.14113540630075
[2, 114, 38, 63, 120] - 410.64246534239965
[2, 114, 63, 97, 120] - 416.2124928762996
[2, 114, 94, 63, 120] - 413.843180060199
[2, 36, 114, 63, 120] - 413.8784242051002
[2, 114, 90, 63, 120] - 414.22801446489956
[56, 24, 2, 114, 63] - 414.0974909932994
[56, 2, 114, 38, 63] - 408.683141954
[56, 2, 114, 63, 97] - 414.68859231759933
[56, 2, 114, 94, 63] - 411.29362499400025
[56, 2, 36, 114, 63] - 413.4741014507009
[56, 2, 114, 90, 63] - 412.8284777122001
[2, 24, 114, 38, 63] - 414.4229624673999
[2, 24, 114, 63, 97] - 420.62304613199916
[2, 24, 114, 94, 63] - 418.3801551875995
[2, 24, 36, 114, 63] - 419.0195048406994
[2, 24, 114, 90, 63] - 419.30107733910023
[2, 114, 38, 63, 97] - 415.1525144392993
[2, 114, 38, 94, 63] - 412.1785612086012
[2, 36, 114, 38, 63] - 413.557364417601
[2, 114, 38, 90, 63] - 413.2958751487998
[2, 114, 94, 63, 97] - 417.81750696779926
[2, 36, 114, 63, 97] - 418.8921254879998
[2, 114, 90, 63, 97] - 418.9239757661004
[2, 36, 114, 94, 63] - 415.77195993759966
[2, 114, 90, 94, 63] - 416.53074163519983
[2, 36, 114, 90, 63] - 417.5859633127003
[56, 24, 114, 63, 120] - 410.3914185019002
[56, 114, 38, 63, 120] - 405.8631447051007
[56, 114, 63, 97, 120] - 412.2594995500002
[56, 114, 94, 63, 120] - 409.1067645051006
[56, 36, 114, 63, 120] - 409.7742044784001
[56, 114, 90, 63, 120] - 408.83732111390026
[24, 114, 38, 63, 120] - 411.51782058879957
[24, 114, 63, 97, 120] - 418.1192991191994
[24, 114, 94, 63, 120] - 415.98248833579913
[24, 36, 114, 63, 120] - 414.99219513530005
[24, 114, 90, 63, 120] - 415.18943162720035
[114, 38, 63, 97, 120] - 413.14993456670027
[114, 38, 94, 63, 120] - 410.39637823830066
[36, 114, 38, 63, 120] - 410.5292170174998
[114, 38, 90, 63, 120] - 410.0568435225997
[114, 94, 63, 97, 120] - 416.7847700022004
[36, 114, 63, 97, 120] - 416.2271769735011
[114, 90, 63, 97, 120] - 416.0705920964007
[36, 114, 94, 63, 120] - 413.28028121579985
[114, 90, 94, 63, 120] - 413.7655262918996
[36, 114, 90, 63, 120] - 413.31527968799975
[88, 24, 114, 63] - 364.23248713999936
[88, 114, 94, 63] - 394.86236173000003
[88, 36, 114, 63] - 401.1291348699999
[88, 114, 90, 63] - 399.1009546899995
[24, 79, 114, 63] - 376.1996534599997
[79, 114, 94, 63] - 402.73403674000014
[79, 36, 114, 63] - 408.49572406999977
[79, 114, 90, 63] - 405.1293553099993
[56, 24, 114, 38, 63] - 408.39151061070055
[56, 24, 114, 63, 97] - 415.2635836465003
[56, 24, 114, 94, 63] - 412.0141808804995
[56, 24, 36, 114, 63] - 413.5339487146996
[56, 24, 114, 90, 63] - 412.4100785352996
[56, 114, 38, 63, 97] - 410.7142949781007
[56, 114, 38, 94, 63] - 406.9918012193999
[56, 36, 114, 38, 63] - 409.00964249240025
[56, 114, 38, 90, 63] - 407.5946448858997
[56, 114, 94, 63, 97] - 413.7699677445008
[56, 36, 114, 63, 97] - 415.16126760980086
[56, 114, 90, 63, 97] - 414.0300420017
[56, 36, 114, 94, 63] - 411.1157754013998
[56, 114, 90, 94, 63] - 410.7051511093003
[56, 36, 114, 90, 63] - 412.39621496769973
[24, 114, 38, 63, 97] - 416.2319405448001
[24, 114, 38, 94, 63] - 413.71408692879993
[24, 36, 114, 38, 63] - 414.1000263149
[24, 114, 38, 90, 63] - 413.6862572593993
[24, 114, 94, 63, 97] - 420.4474045070005
[24, 36, 114, 63, 97] - 420.4754449828004
[24, 114, 90, 63, 97] - 420.4457851375999
[24, 36, 114, 90, 94, 63] - 365.8761235455087
[114, 71, 94, 63] - 376.5083957099999
[36, 114, 71, 63] - 379.2641395000006
[114, 90, 71, 63] - 381.3421614999998
[67, 114, 94, 63] - 377.0175712299991
[67, 36, 114, 63] - 379.90617469000006
[67, 114, 90, 63] - 382.91289877000014
[114, 38, 94, 63, 97] - 414.9532493649
[36, 114, 38, 63, 97] - 416.1386874748014
[114, 38, 90, 63, 97] - 415.2391749092999
[36, 114, 38, 90, 94, 63] - 343.30534631952276
[36, 114, 94, 63, 97] - 418.25651640149937
[114, 90, 94, 63, 97] - 418.6401914351997
[36, 114, 90, 63, 97] - 419.0515744416999
[12, 114, 42] - 366.50898499999965
[100, 2, 114, 42, 120] - 413.5308925133996
[56, 100, 2, 114, 42] - 411.88769851079985
[100, 24, 2, 114, 42] - 419.73946272060005
[100, 2, 114, 38, 42] - 412.09050770620036
[100, 2, 114, 97, 42] - 419.5932637078995
[100, 2, 114, 94, 42] - 414.73353152769954
[100, 2, 36, 114, 42] - 418.29298427459935
[100, 2, 114, 90, 42] - 417.6197612735002
[56, 100, 114, 42, 120] - 409.45481332620085
[100, 24, 114, 42, 120] - 431.53774901300045
[100, 114, 38, 42, 120] - 409.83081821769946
[100, 114, 97, 42, 120] - 432.8808127174994
[100, 114, 94, 42, 120] - 430.46292309309956
[100, 36, 114, 42, 120] - 430.1953269332998
[100, 114, 90, 42, 120] - 428.99994752189986
[100, 56, 24, 114, 42] - 412.2165242946999
[100, 56, 114, 38, 42] - 407.319419548199
[100, 56, 114, 97, 42] - 414.0910324205992
[100, 56, 114, 94, 42] - 410.32685659930064
[100, 56, 36, 114, 42] - 412.39019093570033
[100, 56, 114, 90, 42] - 410.76801075750024
[100, 24, 114, 38, 42] - 412.8312840159995
[100, 24, 114, 97, 42] - 437.5659891583012
[100, 24, 114, 94, 42] - 433.4853923619
[100, 24, 36, 114, 42] - 435.4689614285995
[100, 24, 114, 90, 42] - 434.38694542589957
[100, 114, 38, 97, 42] - 414.4963069075996
[100, 114, 38, 94, 42] - 411.6165823743993
[100, 36, 114, 38, 42] - 412.57275917740077
[100, 114, 38, 90, 42] - 411.41392611860033
[100, 114, 94, 42, 97] - 434.1419155277003
[100, 36, 114, 42, 97] - 437.09051955059965
[100, 114, 90, 42, 97] - 435.4475920477994
[100, 36, 114, 94, 42] - 431.8204476756002
[100, 114, 90, 94, 42] - 430.82436087289966
[100, 36, 114, 90, 42] - 433.4429560302003
[11, 114, 42] - 392.8992120000004
[56, 2, 114, 42, 120] - 411.7946982512002
[24, 2, 114, 42, 120] - 417.38591960340017
[2, 114, 38, 42, 120] - 412.2362274436997
[2, 114, 97, 42, 120] - 418.2638370454002
[2, 114, 94, 42, 120] - 415.6550768899004
[2, 36, 114, 42, 120] - 416.0664958229001
[2, 114, 90, 42, 120] - 415.7503882461001
[56, 24, 2, 114, 42] - 415.24066831080034
[56, 2, 114, 38, 42] - 409.85713332220035
[56, 2, 114, 97, 42] - 416.4090496981
[56, 2, 114, 94, 42] - 412.69019706969937
[56, 2, 36, 114, 42] - 415.2222804972
[56, 2, 114, 90, 42] - 414.0839456081008
[2, 24, 114, 38, 42] - 415.58055180579987
[2, 24, 114, 97, 42] - 424.0782689689002
[2, 24, 114, 94, 42] - 419.6768550252995
[2, 24, 36, 114, 42] - 422.51889725289925
[2, 24, 114, 90, 42] - 421.98320100350105
[2, 114, 38, 97, 42] - 417.1097939448006
[2, 114, 38, 94, 42] - 413.6729110693002
[2, 36, 114, 38, 42] - 415.42028083439993
[2, 114, 38, 90, 42] - 414.5922201265002
[2, 114, 94, 42, 97] - 421.61871974670055
[2, 36, 114, 42, 97] - 424.98358239669983
[2, 114, 90, 42, 97] - 424.45683108209954
[2, 36, 114, 94, 42] - 419.6092118622
[2, 114, 90, 94, 42] - 419.7960174121001
[2, 36, 114, 90, 42] - 423.03506034259965
[56, 24, 114, 42, 120] - 411.5881221736994
[56, 114, 38, 42, 120] - 407.02233740840006
[56, 114, 97, 42, 120] - 414.12516605110045
[56, 114, 94, 42, 120] - 410.9049623672996
[56, 36, 114, 42, 120] - 411.62436743069975
[56, 114, 90, 42, 120] - 410.1642712356994
[24, 114, 38, 42, 120] - 412.31624992930006
[24, 114, 97, 42, 120] - 436.7531766637997
[24, 114, 94, 42, 120] - 434.8646397243005
[24, 36, 114, 42, 120] - 433.8510703696997
[24, 114, 90, 42, 120] - 433.0598169733007
[114, 38, 97, 42, 120] - 414.93178043890066
[114, 38, 94, 42, 120] - 411.95708611820004
[36, 114, 38, 42, 120] - 412.16522550459973
[114, 38, 90, 42, 120] - 411.0834105841002
[114, 94, 42, 97, 120] - 436.43629342070017
[36, 114, 42, 97, 120] - 435.9136871568012
[114, 90, 42, 97, 120] - 434.6016064756995
[36, 114, 94, 42, 120] - 433.1107407301008
[114, 90, 94, 42, 120] - 432.2599860197003
[36, 114, 90, 42, 120] - 432.00403018410015
[88, 114, 42] - 373.48373899999984
[79, 114, 42] - 409.1354870000004
[56, 24, 114, 38, 42] - 409.18602801950044
[56, 24, 114, 97, 42] - 416.6045381278996
[56, 24, 114, 94, 42] - 413.3431001128997
[56, 24, 36, 114, 42] - 414.8819525162002
[56, 24, 114, 90, 42] - 413.2765444202
[56, 114, 38, 97, 42] - 412.17594702829996
[56, 114, 38, 94, 42] - 408.1439496027997
[56, 36, 114, 38, 42] - 410.2262231724996
[56, 114, 38, 90, 42] - 408.3654933635004
[56, 114, 94, 42, 97] - 415.5469969893
[56, 36, 114, 42, 97] - 417.05209734159916
[56, 114, 90, 42, 97] - 415.4027511418001
[56, 36, 114, 94, 42] - 413.0185587575999
[56, 114, 90, 94, 42] - 412.0672343751002
[56, 36, 114, 90, 42] - 413.8124025888003
[24, 114, 38, 97, 42] - 417.5380053913998
[24, 114, 38, 94, 42] - 414.8175940932995
[24, 36, 114, 38, 42] - 415.28831057410025
[24, 114, 38, 90, 42] - 414.2670365030001
[24, 114, 94, 42, 97] - 439.17469605120056
[24, 36, 114, 42, 97] - 440.91947504449996
[24, 114, 90, 42, 97] - 439.86893768280027
[24, 36, 114, 94, 42] - 436.53737258340044
[24, 114, 90, 94, 42] - 436.0575305913001
[24, 36, 114, 90, 42] - 437.6608699872001
[114, 71, 42] - 379.0679350000001
[67, 114, 42] - 388.5305749999999
[114, 38, 94, 42, 97] - 416.8288861945996
[36, 114, 38, 42, 97] - 418.05293531510057
[114, 38, 90, 42, 97] - 416.5755519249989
[36, 114, 38, 94, 42] - 414.1633408852004
[114, 38, 90, 94, 42] - 413.62477808649936
[36, 114, 38, 90, 42] - 414.4246134184998
[36, 114, 94, 42, 97] - 439.5742782779996
[114, 90, 94, 42, 97] - 438.8578171141001
[36, 114, 90, 42, 97] - 441.0507946832999
[36, 114, 90, 94, 42] - 436.1952159049986
[100, 12, 114] - 399.66836200000046
[12, 2, 114] - 362.6349430000001
[12, 114, 120] - 362.81762300000037
[56, 12, 114] - 364.32051800000016
[12, 24, 114] - 428.3351929999999
[12, 114, 38] - 408.0851969999996
[12, 114, 97] - 363.4815349999999
[12, 36, 114, 94] - 354.34507497000004
[12, 114, 90, 94] - 355.45386189000004
[12, 36, 114, 90] - 358.7492654100003
[11, 100, 114] - 425.3327490000007
[56, 100, 2, 114, 120] - 407.48362697760007
[100, 24, 2, 114, 120] - 413.6890631906006
[100, 2, 114, 38, 120] - 407.55196569260005
[100, 2, 114, 97, 120] - 412.7104610697005
[100, 2, 114, 94, 120] - 410.32701977660025
[100, 2, 36, 114, 120] - 410.85473400409984
[100, 2, 114, 90, 120] - 411.16671108199915
[100, 56, 24, 2, 114] - 411.5958681525998
[100, 56, 2, 114, 38] - 405.4833058341
[100, 56, 2, 114, 97] - 411.33785488909996
[100, 56, 2, 114, 94] - 407.7810222189999
[100, 56, 2, 36, 114] - 410.4073774321998
[100, 56, 2, 114, 90] - 409.8600526603996
[100, 2, 24, 114, 38] - 411.59894456510045
[100, 2, 24, 114, 97] - 419.3155871531
[100, 2, 24, 114, 94] - 415.1651343915004
[100, 2, 24, 36, 114] - 418.05359896039994
[100, 2, 24, 114, 90] - 418.1983413085996
[100, 2, 114, 38, 97] - 411.3202219322997
[100, 2, 114, 38, 94] - 408.4307881056011
[100, 2, 36, 114, 38] - 410.04991423579975
[100, 2, 114, 38, 90] - 409.9183762131004
[100, 2, 114, 94, 97] - 413.30792563090006
[100, 2, 36, 114, 97] - 417.0559826592009
[100, 2, 114, 90, 97] - 416.92575284049974
[100, 2, 36, 114, 94] - 411.97248429149994
[100, 2, 114, 90, 94] - 412.56855577709973
[100, 2, 36, 114, 90] - 415.79730807289934
[100, 56, 24, 114, 120] - 408.3334348160997
[100, 56, 114, 38, 120] - 403.10568852459954
[100, 56, 114, 97, 120] - 409.4146052550996
[100, 56, 114, 94, 120] - 406.0448505684997
[100, 56, 36, 114, 120] - 407.2148896602001
[100, 56, 114, 90, 120] - 406.2246965624989
[100, 24, 114, 38, 120] - 408.9233971317999
[100, 24, 114, 97, 120] - 432.05980230280005
[100, 24, 114, 94, 120] - 429.85534915990024
[100, 24, 36, 114, 120] - 429.4933297234995
[100, 24, 114, 90, 120] - 429.1395765115003
[100, 114, 38, 97, 120] - 409.7038354588997
[100, 114, 38, 94, 120] - 406.9646647640998
[100, 36, 114, 38, 120] - 407.37996885299964
[100, 114, 38, 90, 120] - 406.93997739720066
[100, 114, 94, 97, 120] - 429.7597670487994
[100, 36, 114, 97, 120] - 430.25045971910043
[100, 114, 90, 97, 120] - 429.37518847429914
[100, 36, 114, 94, 120] - 426.9119497707999
[100, 114, 90, 94, 120] - 426.5276509277001
[100, 36, 114, 90, 120] - 427.0059171012002
[88, 100, 114] - 401.2711740000002
[100, 79, 114] - 445.3767280000001
[100, 56, 24, 114, 38] - 405.97841216799986
[100, 56, 24, 114, 97] - 412.6907499320989
[100, 56, 24, 114, 94] - 409.3618766132004
[100, 56, 24, 36, 114] - 411.22425214680044
[100, 56, 24, 114, 90] - 410.0473821131994
[100, 56, 114, 38, 97] - 407.56493318209954
[100, 56, 114, 38, 94] - 403.7297884500004
[100, 56, 36, 114, 38] - 406.02605438339964
[100, 56, 114, 38, 90] - 404.7392590617002
[100, 56, 114, 94, 97] - 410.08589563199956
[100, 56, 36, 114, 97] - 412.22304337459883
[100, 56, 114, 90, 97] - 410.9938446391995
[100, 56, 36, 114, 94] - 407.96895331680037
[100, 56, 114, 90, 94] - 407.4166287503009
[100, 56, 36, 114, 90] - 409.49982197409963
[100, 24, 114, 38, 97] - 413.11381440929955
[100, 24, 114, 38, 94] - 410.7061100170999
[100, 24, 36, 114, 38] - 411.2682453959998
[100, 24, 114, 38, 90] - 410.8768560543009
[100, 24, 114, 94, 97] - 433.2363316312001
[100, 24, 36, 114, 97] - 435.9361469144002
[100, 24, 114, 90, 97] - 435.28758147080003
[100, 24, 36, 114, 94] - 431.18838127760046
[100, 24, 114, 90, 94] - 431.0674767510007
[100, 24, 36, 114, 90] - 433.2756238838995
[100, 114, 71, 94] - 338.1525142399995
[100, 36, 114, 71] - 340.51549863999986
[100, 114, 90, 71] - 341.4755859499996
[100, 67, 114, 94] - 339.3633861500005
[100, 67, 36, 114] - 341.51160995999925
[100, 67, 114, 90] - 342.09351448999973
[100, 114, 38, 94, 97] - 410.8176306957998
[100, 36, 114, 38, 97] - 412.5558154732008
[100, 114, 38, 90, 97] - 411.6135008695
[100, 36, 114, 38, 90, 94] - 338.9449819519914
[100, 36, 114, 94, 97] - 431.0074764906992
[100, 114, 90, 94, 97] - 430.4476925070995
[100, 36, 114, 90, 97] - 433.67706196880005
[114, 128] - 373.6049999999997
[11, 2, 114] - 400.44160700000015
[11, 114, 120] - 388.24149600000004
[11, 56, 114] - 369.27856799999944
[11, 24, 114] - 414.5043069999994
[11, 114, 38] - 441.4367470000003
[11, 114, 97] - 394.6002259999999
[11, 114, 90, 94] - 341.58624894999986
[11, 36, 114, 90] - 337.4673701399997
[114, 6] - 397.83840000000043
[55, 114] - 387.91499999999974
[114, 31] - 363.52980000000014
[114, 5, 90] - 339.04865800000056
[56, 24, 2, 114, 120] - 410.9970490803001
[56, 2, 114, 38, 120] - 405.4915282982992
[56, 2, 114, 97, 120] - 411.59869546489944
[56, 2, 114, 94, 120] - 408.50326573299986
[56, 2, 36, 114, 120] - 409.9829081955997
[56, 2, 114, 90, 120] - 409.42255051149976
[2, 24, 114, 38, 120] - 411.31619066630066
[2, 24, 114, 97, 120] - 417.60500190109997
[2, 24, 114, 94, 120] - 415.48464626089986
[2, 24, 36, 114, 120] - 415.4824966433
[2, 24, 114, 90, 120] - 415.9587128152
[2, 114, 38, 97, 120] - 412.12721839669956
[2, 114, 38, 94, 120] - 409.0936023531002
[2, 36, 114, 38, 120] - 410.154601401899
[2, 114, 38, 90, 120] - 409.95838215940006
[2, 114, 94, 97, 120] - 415.0164533905002
[2, 36, 114, 97, 120] - 415.5008404109013
[2, 114, 90, 97, 120] - 415.6644926485007
[2, 36, 114, 94, 120] - 412.7111889125
[2, 114, 90, 94, 120] - 413.4538633246994
[2, 36, 114, 90, 120] - 413.93827589579985
[88, 2, 114] - 372.3684149999997
[79, 2, 114] - 381.2588990000003
[56, 2, 24, 114, 38] - 408.82596356339974
[56, 2, 24, 114, 97] - 415.42949949520056
[56, 2, 24, 114, 94] - 412.40832542610013
[56, 2, 24, 36, 114] - 414.64512479320024
[56, 2, 24, 114, 90] - 413.8113326691005
[56, 2, 114, 38, 97] - 409.94039640410045
[56, 2, 114, 38, 94] - 405.98912913550004
[56, 2, 36, 114, 38] - 408.7818765657998
[56, 2, 114, 38, 90] - 407.6421942261001
[56, 2, 114, 94, 97] - 412.4241139994997
[56, 2, 36, 114, 97] - 414.66191507210016
[56, 2, 114, 90, 97] - 413.8184512187996
[56, 2, 36, 114, 94] - 410.9296097468997
[56, 2, 114, 90, 94] - 410.767552802401
[56, 2, 36, 114, 90] - 413.1611808093003
[2, 24, 114, 38, 97] - 415.80948319570007
[2, 24, 114, 38, 94] - 426.1250811538998
[2, 24, 36, 114, 38] - 420.8790359301001
[2, 24, 114, 38, 90] - 427.3897442745007
[2, 24, 114, 94, 97] - 419.3503640892996
[2, 24, 36, 114, 97] - 422.23254422010035
[2, 24, 114, 90, 97] - 422.35654658030035
[2, 24, 36, 114, 94] - 424.48167685680045
[2, 24, 114, 90, 94] - 432.1025239884996
[2, 24, 36, 114, 90] - 428.2202354036993
[2, 114, 71] - 365.98949400000015
[67, 2, 114] - 370.3039639999997
[2, 114, 38, 94, 97] - 413.02901911210057
[2, 36, 114, 38, 97] - 415.1909763298006
[2, 114, 38, 90, 97] - 414.4697981039991
[2, 36, 114, 38, 94] - 418.20026794429987
[2, 114, 38, 90, 94] - 425.0744521338006
[2, 36, 114, 38, 90] - 420.44010265799926
[2, 36, 114, 94, 97] - 418.7364375129997
[2, 114, 90, 94, 97] - 419.5548042591001
[2, 36, 114, 90, 97] - 422.61048131969955
[2, 36, 114, 90, 94] - 425.35618602790083
[88, 114, 120] - 366.0862549999999
[79, 114, 120] - 408.3479700000003
[56, 24, 114, 38, 120] - 405.37728930089986
[56, 24, 114, 97, 120] - 412.33267733090014
[56, 24, 114, 94, 120] - 409.3995256439004
[56, 24, 36, 114, 120] - 410.06020421550033
[56, 24, 114, 90, 120] - 409.11192859370107
[56, 114, 38, 97, 120] - 407.62664661280076
[56, 114, 38, 94, 120] - 403.96023168640005
[56, 36, 114, 38, 120] - 405.48384945310016
[56, 114, 38, 90, 120] - 404.0812240192002
[56, 114, 94, 97, 120] - 411.09379158480016
[56, 36, 114, 97, 120] - 411.69376243550084
[56, 114, 90, 97, 120] - 410.6881808548995
[56, 36, 114, 94, 120] - 408.11947873240024
[56, 114, 90, 94, 120] - 407.70304215990075
[56, 36, 114, 90, 120] - 408.58942328379953
[24, 114, 38, 97, 120] - 413.1826092948996
[24, 114, 38, 94, 120] - 410.590973922
[24, 36, 114, 38, 120] - 410.5280576181991
[24, 114, 38, 90, 120] - 410.25506224260045
[24, 114, 94, 97, 120] - 435.0991008722999
[24, 36, 114, 97, 120] - 434.5836488709996
[24, 114, 90, 97, 120] - 434.2512187911006
[24, 36, 114, 94, 120] - 431.9853358498999
[24, 114, 90, 94, 120] - 432.06823586209987
[24, 36, 114, 90, 120] - 431.6885113656993
[114, 71, 120] - 382.9087849999999
[67, 114, 120] - 384.45202700000016
[114, 38, 94, 97, 120] - 411.8845794715002
[36, 114, 38, 97, 120] - 412.67339272810113
[114, 38, 90, 97, 120] - 411.81750754180035
[36, 114, 38, 94, 120] - 412.17320161249916
[114, 38, 90, 94, 120] - 412.7347238632006
[36, 114, 38, 90, 120] - 412.8689857376994
[36, 114, 94, 97, 120] - 432.6851985678004
[114, 90, 94, 97, 120] - 432.3234269223001
[36, 114, 90, 97, 120] - 432.43397078650037
[36, 114, 90, 94, 120] - 432.7321624759995
[1, 114] - 339.9351000000002
[88, 79, 114] - 344.6559140000002
[88, 56, 114] - 368.1012860000005
[88, 24, 114, 94] - 361.94225236999995
[88, 24, 36, 114] - 366.25100075999984
[88, 24, 114, 90] - 364.64509780999947
[88, 114, 38] - 413.2353630000003
[88, 114, 97] - 372.1359149999999
[88, 36, 114, 94] - 405.71238045999945
[88, 114, 90, 94] - 405.0042810700002
[88, 36, 114, 90] - 411.04832775999967
[56, 79, 114] - 367.0314850000002
[79, 24, 114, 94] - 397.31641875000014
[79, 24, 36, 114] - 399.57909032999993
[79, 24, 114, 90] - 396.8309204200004
[79, 114, 38] - 427.3897729999994
[79, 114, 97] - 409.7712039999994
[79, 36, 114, 94] - 435.8492690699997
[79, 114, 90, 94] - 432.82231021999985
[79, 36, 114, 90] - 438.7646454999999
[56, 24, 114, 38, 97] - 410.15126230449977
[56, 24, 114, 38, 94] - 406.6198713081991
[56, 24, 36, 114, 38] - 408.5981388146005
[56, 24, 114, 38, 90] - 407.0701161419996
[56, 24, 114, 94, 97] - 413.9618254729998
[56, 24, 36, 114, 97] - 415.31641051480057
[56, 24, 114, 90, 97] - 414.22742389889976
[56, 24, 36, 114, 94] - 411.8132957466998
[56, 24, 114, 90, 94] - 411.30556400040047
[56, 24, 36, 114, 90] - 412.79490143039914
[56, 114, 71] - 361.8180389999999
[67, 56, 114] - 370.22531200000054
[56, 114, 38, 94, 97] - 408.60025074420037
[56, 36, 114, 38, 97] - 410.8598697244998
[56, 114, 38, 90, 97] - 409.0960312831009
[56, 36, 114, 38, 94] - 406.2699288550999
[56, 114, 38, 90, 94] - 405.5339066846002
[56, 36, 114, 38, 90] - 407.5033425604999
[56, 36, 114, 94, 97] - 412.8209909352003
[56, 114, 90, 94, 97] - 412.4177264012993
[56, 36, 114, 90, 97] - 413.90612516309983
[56, 36, 114, 90, 94] - 410.2340465488997
[24, 114, 71] - 435.8783059999999
[67, 24, 114] - 442.2692989999996
[24, 114, 38, 94, 97] - 415.0562905845003
[24, 36, 114, 38, 97] - 416.03712172760015
[24, 114, 38, 90, 97] - 415.41783991949944
[24, 36, 114, 38, 94] - 423.1017900654009
[24, 114, 38, 90, 94] - 430.2967180168006
[24, 36, 114, 38, 90] - 424.29612987890084
[24, 36, 114, 94, 97] - 436.4918584035005
[24, 114, 90, 94, 97] - 436.62737629790024
[24, 36, 114, 90, 97] - 438.53575463899955
[114, 38, 90, 71] - 337.78538596000044
[114, 71, 97] - 382.3191619999999
[36, 114, 71, 94] - 396.1243263299998
[114, 90, 71, 94] - 398.3570787399999
[36, 114, 90, 71] - 401.9132767700003
[67, 36, 114, 38] - 337.2680846900004
[67, 114, 38, 90] - 338.4591269800004
[67, 114, 97] - 385.3551889999996
[67, 36, 114, 94] - 397.0310411199998
[67, 114, 90, 94] - 399.7008200199995
[67, 36, 114, 90] - 403.46677688999927
[36, 114, 38, 94, 97] - 414.00174290200096
[114, 38, 90, 94, 97] - 413.8269963572991
[36, 114, 38, 90, 97] - 414.9896938350995
[36, 114, 90, 94, 97] - 436.2200132515995
[23, 128, 9] - 384.817077
[57, 128, 9, 41] - 341.1215298300001
[57, 38, 128, 9] - 351.6369351999999
[57, 128, 9, 97] - 388.80710825000034
[57, 128, 9, 94] - 384.7173598099998
[57, 36, 128, 9] - 386.09563017000005
[57, 90, 128, 9] - 387.48188958000014
[128, 9, 31] - 379.46561599999984
[104, 128, 9] - 425.70955299999997
[1, 128, 9] - 384.29294000000004
[56, 128, 9] - 389.4613489999998
[128, 9, 71] - 430.57358999999934
[67, 128, 9] - 433.55430000000024
[38, 128, 9, 41] - 339.1432048799999
[128, 9, 41, 97] - 342.77924377999983
[128, 9, 94, 41] - 342.0964415700003
[36, 128, 9, 41] - 341.49157116000015
[90, 128, 9, 41] - 342.03599292000007
[38, 128, 9, 97] - 360.41572646999964
[38, 128, 9, 94] - 358.0789815600002
[36, 38, 128, 9] - 358.9876557499999
[38, 90, 128, 9] - 358.8623431599996
[128, 9, 94, 97] - 392.8165842800005
[36, 128, 9, 97] - 394.4702169799998
[90, 128, 9, 97] - 395.57916753000023
[36, 128, 9, 94] - 391.69250798999997
[90, 128, 9, 94] - 392.8266246400004
[36, 90, 128, 9] - 395.3238806999999
[6, 9, 41] - 429.09600399999994
[6, 9, 94, 97] - 343.81182145999986
[36, 6, 9, 97] - 343.36243437999997
[6, 90, 9, 97] - 343.46632639
[36, 6, 9, 94] - 338.5522830799994
[6, 90, 9, 94] - 338.7484620500004
[36, 6, 90, 9] - 338.53262207999967
[23, 57, 9] - 380.96826000000067
[23, 9, 31] - 365.21431900000016
[23, 104, 9] - 376.5415560000005
[1, 23, 9] - 377.17046700000014
[56, 23, 9] - 382.68033399999916
[23, 9, 71] - 383.8039200000001
[67, 23, 9] - 382.64746899999994
[23, 9, 41] - 365.32220899999993
[23, 38, 9] - 357.1520130000004
[23, 9, 97] - 384.0816000000005
[23, 9, 94] - 382.4547340000001
[23, 36, 9] - 382.4342060000003
[23, 90, 9] - 382.845113
[55, 24, 9] - 434.1640419999994
[55, 38, 9] - 337.593029
[55, 9, 97] - 373.16895
[55, 9, 94] - 429.18689399999903
[55, 36, 9] - 432.4067160000001
[55, 90, 9] - 437.731603
[57, 9, 31] - 382.8437550000006
[57, 5, 9] - 378.47137900000024
[57, 104, 9] - 419.69316699999973
[57, 9, 120] - 376.3884870000002
[1, 57, 9] - 394.0825679999999
[56, 57, 9] - 385.5250169999998
[57, 9, 71] - 432.74207700000034
[67, 57, 9] - 434.56346300000035
[57, 38, 9, 41, 97] - 357.70336548500075
[57, 38, 9, 94, 41] - 355.3744656446004
[57, 36, 38, 9, 41] - 354.80434043619977
[57, 38, 90, 9, 41] - 356.1477215822008
[57, 9, 94, 41, 97] - 359.6777800383005
[57, 36, 9, 41, 97] - 358.3524317385993
[57, 90, 9, 41, 97] - 360.2064248304007
[57, 36, 9, 94, 41] - 356.87286205469957
[57, 90, 9, 94, 41] - 358.2463047726004
[57, 36, 90, 9, 41] - 357.68618287639976
[57, 38, 9, 94, 97] - 366.5006191767003
[57, 36, 38, 9, 97] - 367.42537633520044
[57, 38, 90, 9, 97] - 367.5341664258998
[57, 36, 38, 9, 94] - 364.2029495220003
[57, 38, 90, 9, 94] - 364.0535992562
[57, 36, 38, 90, 9] - 365.9206569038002
[57, 36, 9, 94, 97] - 399.6365101598011
[57, 90, 9, 94, 97] - 400.95125827620046
[57, 36, 90, 9, 97] - 402.6944032773994
[57, 36, 90, 9, 94] - 398.5770381326997
[1, 104, 9, 31] - 347.8969739699999
[104, 9, 94, 31] - 348.95390985999995
[36, 104, 9, 31] - 351.34904172999995
[104, 90, 9, 31] - 355.17492288000005
[1, 79, 9, 31] - 342.41703141999943
[56, 1, 9, 31] - 434.6064749700009
[1, 9, 71, 31] - 415.13582905000027
[67, 1, 9, 31] - 416.6984784499995
[1, 9, 94, 41, 31] - 364.6458921478
[1, 36, 9, 41, 31] - 364.04750253959946
[1, 90, 9, 41, 31] - 365.26177551119963
[1, 9, 94, 31, 97] - 362.9631389096003
[1, 36, 9, 31, 97] - 361.7360346513006
[1, 90, 9, 31, 97] - 362.09590723739984
[1, 36, 9, 94, 31] - 395.15346260520005
[1, 90, 9, 94, 31] - 396.7121823198991
[1, 36, 90, 9, 31] - 396.98426368179963
[88, 9, 31] - 444.2447349999999
[79, 9, 94, 31] - 349.27577432
[79, 36, 9, 31] - 346.1966397899998
[79, 90, 9, 31] - 350.8931502000002
[56, 9, 71, 31] - 355.4315521600003
[67, 56, 9, 31] - 356.1288130899998
[56, 9, 41, 31] - 438.6309194699996
[56, 9, 97, 31] - 439.7494061299995
[56, 9, 94, 31] - 439.91441649
[56, 36, 9, 31] - 437.74454624000015
[56, 90, 9, 31] - 436.61983502000027
[24, 9, 31] - 347.8041879999996
[67, 9, 71, 31] - 364.59441863999996
[9, 71, 41, 31] - 381.3658098299998
[9, 71, 97, 31] - 394.04957036000025
[9, 71, 94, 31] - 416.4979317600006
[36, 9, 71, 31] - 416.82992803000013
[90, 9, 71, 31] - 417.25058332000003
[67, 9, 41, 31] - 383.63326703999945
[67, 9, 97, 31] - 397.8754216999999
[67, 9, 94, 31] - 416.8526770900004
[67, 36, 9, 31] - 416.23137832
[67, 90, 9, 31] - 420.42284257999916
[9, 41, 97, 31] - 443.95231831000035
[36, 9, 94, 41, 31] - 366.2358502139003
[90, 9, 94, 41, 31] - 367.3180107869009
[36, 90, 9, 41, 31] - 365.95266149589963
[38, 9, 31] - 412.3561600000004
[36, 9, 94, 31, 97] - 368.1278645034996
[90, 9, 94, 31, 97] - 368.8652618833008
[36, 90, 9, 31, 97] - 366.5553374483005
[36, 90, 9, 94, 31] - 401.9634680870004
[1, 5, 9] - 340.9699769999993
[5, 9, 41] - 444.04620499999993
[38, 5, 9] - 355.21516000000025
[5, 9, 94, 97] - 377.3245914499999
[36, 5, 9, 97] - 377.5356327000001
[5, 90, 9, 97] - 380.25641889000025
[36, 5, 9, 94] - 389.8354310899998
[5, 90, 9, 94] - 394.0516939599997
[36, 5, 90, 9] - 394.6907383899999
[2, 9] - 426.5438999999999
[1, 104, 9, 71] - 338.2453814100002
[67, 1, 104, 9] - 337.50013578999983
[1, 104, 9, 94] - 357.3466463400001
[1, 36, 104, 9] - 361.29726270000026
[1, 104, 90, 9] - 364.1196249799995
[56, 104, 9] - 380.7436890000001
[67, 104, 9, 71] - 361.8502930200003
[104, 9, 71, 97] - 350.1871633900002
[104, 9, 71, 94] - 366.9953796099998
[36, 104, 9, 71] - 370.70979926000007
[104, 90, 9, 71] - 374.0497953299995
[67, 104, 9, 97] - 352.4598090100002
[67, 104, 9, 94] - 368.32455483000024
[67, 36, 104, 9] - 371.92700075000016
[67, 104, 90, 9] - 375.83810488999995
[104, 9, 41] - 424.72701000000086
[38, 104, 9] - 416.8156730000001
[104, 9, 94, 97] - 346.52445098000015
[36, 104, 9, 97] - 349.2405517000002
[104, 90, 9, 97] - 351.39745744000004
[36, 104, 9, 94] - 390.65913176000004
[104, 90, 9, 94] - 394.56430763000037
[36, 104, 90, 9] - 399.61338090999936
[38, 9, 120] - 351.17892699999965
[9, 97, 120] - 402.77885099999986
[9, 94, 120] - 402.4173540000001
[36, 9, 120] - 400.4738029999997
[90, 9, 120] - 403.8961519999995
[88, 1, 9, 94] - 346.3258391999999
[88, 1, 36, 9] - 347.00904491000006
[88, 1, 90, 9] - 348.6102267799995
[1, 79, 9, 94] - 354.3761506900005
[1, 79, 36, 9] - 353.91006131999984
[1, 79, 90, 9] - 357.936184119999
[1, 56, 9, 71] - 367.6665363299993
[67, 1, 56, 9] - 367.47385921999955
[1, 56, 9, 41] - 430.97795066999953
[1, 56, 9, 94, 97] - 339.76125242909995
[1, 56, 36, 9, 97] - 339.72417178139995
[1, 56, 90, 9, 97] - 338.0045433258002
[1, 56, 36, 9, 94] - 337.84957173649957
[1, 24, 9] - 339.6939289999997
[67, 1, 9, 71] - 375.2711344000003
[1, 9, 71, 41] - 374.90151524000015
[1, 9, 71, 97] - 406.1542511999997
[1, 9, 71, 94] - 426.8700784300008
[1, 36, 9, 71] - 428.76356866000003
[1, 90, 9, 71] - 428.5519593700001
[1, 67, 9, 41] - 377.5639395
[1, 67, 9, 97] - 408.63313749000014
[1, 67, 9, 94] - 425.8866660100003
[1, 67, 36, 9] - 427.10366329999965
[1, 67, 90, 9] - 430.1162459799991
[1, 9, 41, 97] - 436.7001098499998
[1, 36, 9, 94, 41] - 359.5344431914002
[1, 90, 9, 94, 41] - 360.00471427389994
[1, 36, 90, 9, 41] - 360.24884832809994
[1, 38, 9] - 396.2880379999994
[1, 36, 9, 94, 97] - 371.42413460669985
[1, 90, 9, 94, 97] - 371.19128200579945
[1, 36, 90, 9, 97] - 371.0227049181003
[1, 36, 90, 9, 94] - 404.02802300700023
[88, 79, 9] - 423.3318019999999
[88, 56, 9] - 353.46765000000033
[88, 24, 9] - 363.25684600000017
[88, 9, 71] - 357.960342
[88, 67, 9] - 361.0335719999998
[88, 9, 41] - 395.21410100000026
[88, 9, 97] - 443.73146800000023
[88, 36, 9, 94] - 372.99176714999993
[88, 90, 9, 94] - 375.34043559000014
[88, 36, 90, 9] - 376.51440157
[56, 79, 9] - 354.246318
[24, 79, 9] - 385.44457899999964
[79, 9, 71] - 368.0605300000003
[67, 79, 9] - 369.569065
[79, 9, 41] - 393.8157499999993
[79, 9, 94, 97] - 346.10324872000007
[79, 36, 9, 97] - 344.36362050000014
[79, 90, 9, 97] - 347.2998551700003
[79, 36, 9, 94] - 387.56795217000024
[79, 90, 9, 94] - 393.10490998000057
[79, 36, 90, 9] - 393.0892264400001
[56, 9, 71, 41] - 354.47795848
[56, 9, 71, 97] - 372.6957623200005
[56, 9, 71, 94] - 371.50448989999995
[56, 36, 9, 71] - 372.4093990800001
[56, 90, 9, 71] - 369.76804819000085
[56, 67, 9, 41] - 355.7712274100001
[56, 67, 9, 97] - 372.8704682200001
[56, 67, 9, 94] - 369.3596428400004
[56, 67, 36, 9] - 369.77293414000025
[56, 67, 90, 9] - 369.42352543999965
[56, 9, 41, 97] - 436.5927777199994
[56, 9, 94, 41] - 435.8019774499991
[56, 36, 9, 41] - 434.3414600500004
[56, 90, 9, 41] - 432.61478241000054
[56, 38, 9] - 360.4077599999999
[56, 36, 9, 94, 97] - 342.0810080062996
[56, 90, 9, 94, 97] - 340.5291387685001
[56, 36, 90, 9, 97] - 339.77908655860017
[56, 36, 90, 9, 94] - 339.1603032071001
[24, 9, 41, 97] - 365.22801373999977
[24, 9, 94, 41] - 409.3503134599999
[24, 36, 9, 41] - 406.3918222299998
[24, 90, 9, 41] - 408.60983956999945
[24, 38, 9] - 339.8775289999997
[24, 9, 94, 97] - 446.483238100001
[24, 36, 9, 97] - 444.31044029999975
[24, 90, 9, 97] - 446.10666924999987
[24, 36, 90, 9, 94] - 364.59787579079955
[67, 9, 71, 97] - 399.47704230000056
[67, 9, 71, 94] - 404.58985971
[67, 36, 9, 71] - 407.7010932900005
[67, 90, 9, 71] - 409.9415232499994
[9, 71, 41, 97] - 357.0822093599994
[9, 71, 94, 41] - 377.5575145799995
[36, 9, 71, 41] - 378.3242955499999
[90, 9, 71, 41] - 376.45376553999955
[38, 9, 71] - 422.74493599999994
[9, 71, 94, 97] - 437.3989707
[36, 9, 71, 97] - 439.1470659500003
[90, 9, 71, 97] - 439.0854716799994
[36, 90, 9, 71, 94] - 344.1686765955996
[67, 9, 41, 97] - 360.0232773400001
[67, 9, 94, 41] - 378.1523917199997
[67, 36, 9, 41] - 378.2250688299994
[67, 90, 9, 41] - 379.94753415999963
[67, 38, 9] - 425.5320010000005
[67, 9, 94, 97] - 440.22955690000015
[67, 36, 9, 97] - 441.9278074400006
[67, 90, 9, 97] - 443.97635198999967
[67, 36, 90, 9, 94] - 344.3482954328004
[38, 9, 94, 41, 97] - 355.90254996640044
[36, 38, 9, 41, 97] - 355.6511462255004
[38, 90, 9, 41, 97] - 356.3431794330002
[36, 38, 9, 94, 41] - 354.64499001499985
[38, 90, 9, 94, 41] - 355.08194935110015
[36, 38, 90, 9, 41] - 355.28878499649994
[36, 90, 9, 94, 41, 97] - 358.5648877731232
[36, 38, 9, 94, 97] - 391.16876333670007
[38, 90, 9, 94, 97] - 391.96512302940016
[36, 38, 90, 9, 97] - 393.1396278557996
[36, 38, 90, 9, 94] - 391.1472797495002
[12, 63, 42] - 369.2552439999998
[100, 2, 63, 42, 120] - 414.7724223329004
[56, 100, 2, 63, 42] - 413.08893740659875
[100, 24, 2, 63, 42] - 418.9364543752
[100, 2, 38, 63, 42] - 413.97758293520013
[100, 2, 63, 97, 42] - 418.84222227600003
[100, 2, 94, 63, 42] - 416.7670923056005
[100, 2, 36, 63, 42] - 417.5983117309997
[100, 2, 90, 63, 42] - 417.65013673549976
[56, 100, 63, 42, 120] - 410.5836258465
[100, 24, 63, 42, 120] - 416.47025200959973
[100, 38, 63, 42, 120] - 411.9881503210998
[100, 63, 97, 42, 120] - 417.57190210769977
[100, 94, 63, 42, 120] - 415.5958978550998
[100, 36, 63, 42, 120] - 414.8757750316998
[100, 90, 63, 42, 120] - 414.5121128598991
[100, 56, 24, 63, 42] - 413.22191491279966
[100, 56, 38, 63, 42] - 409.08465668360054
[100, 56, 63, 97, 42] - 415.3638145371001
[100, 56, 94, 63, 42] - 412.10582825499955
[100, 56, 36, 63, 42] - 413.75076400839964
[100, 56, 90, 63, 42] - 412.51591144609966
[100, 24, 38, 63, 42] - 414.7161906672997
[100, 24, 63, 97, 42] - 420.69021942080013
[100, 24, 94, 63, 42] - 418.90124937259924
[100, 24, 36, 63, 42] - 418.6770190684995
[100, 24, 90, 63, 42] - 418.39657016339874
[100, 38, 63, 97, 42] - 416.54913908209977
[100, 38, 94, 63, 42] - 414.2570426123006
[100, 36, 38, 63, 42] - 414.9034540756998
[100, 38, 90, 63, 42] - 414.06603369130005
[100, 94, 63, 42, 97] - 419.66164322779963
[100, 36, 63, 42, 97] - 420.28887838559933
[100, 90, 63, 42, 97] - 419.65903658630003
[100, 36, 94, 63, 42] - 417.3337829012006
[100, 90, 94, 63, 42] - 417.2815393875
[100, 36, 90, 63, 42] - 417.83226236799936
[11, 63, 42] - 391.07217900000006
[56, 2, 63, 42, 120] - 411.45215069199975
[24, 2, 63, 42, 120] - 417.4134713862005
[2, 38, 63, 42, 120] - 412.6659880198002
[2, 63, 97, 42, 120] - 418.0522263307004
[2, 94, 63, 42, 120] - 416.2549409103999
[2, 36, 63, 42, 120] - 415.9515767926
[2, 90, 63, 42, 120] - 416.1249419618004
[56, 24, 2, 63, 42] - 414.9117487444001
[56, 2, 38, 63, 42] - 410.17798158120047
[56, 2, 63, 97, 42] - 416.0600690489011
[56, 2, 94, 63, 42] - 413.14544472040063
[56, 2, 36, 63, 42] - 415.09726528970015
[56, 2, 90, 63, 42] - 414.3566813850994
[2, 24, 38, 63, 42] - 415.8671824130996
[2, 24, 63, 97, 42] - 421.7946187799002
[2, 24, 94, 63, 42] - 420.13694557800005
[2, 24, 36, 63, 42] - 420.33803382400004
[2, 24, 90, 63, 42] - 420.5749162505999
[2, 38, 63, 97, 42] - 417.28872452229933
[2, 38, 94, 63, 42] - 414.7934259785999
[2, 36, 38, 63, 42] - 415.98050145029987
[2, 38, 90, 63, 42] - 415.4886432177997
[2, 94, 63, 42, 97] - 420.2305525602992
[2, 36, 63, 42, 97] - 420.99867829569934
[2, 90, 63, 42, 97] - 420.9884946420998
[2, 36, 94, 63, 42] - 418.51469666680003
[2, 90, 94, 63, 42] - 419.00627628270064
[2, 36, 90, 63, 42] - 419.8903572141001
[56, 24, 63, 42, 120] - 411.47013286479904
[56, 38, 63, 42, 120] - 407.3638658849995
[56, 63, 97, 42, 120] - 413.86650819770057
[56, 94, 63, 42, 120] - 411.2444292696998
[56, 36, 63, 42, 120] - 411.5436844110998
[56, 90, 63, 42, 120] - 410.4252152058003
[24, 38, 63, 42, 120] - 418.9620721093006
[24, 63, 97, 42, 120] - 425.9831265096
[24, 94, 63, 42, 120] - 424.1355675292001
[24, 36, 63, 42, 120] - 422.7381849147004
[24, 90, 63, 42, 120] - 422.9136944220998
[38, 63, 97, 42, 120] - 421.34404742090004
[38, 94, 63, 42, 120] - 418.7716878208003
[36, 38, 63, 42, 120] - 418.63110145950054
[38, 90, 63, 42, 120] - 417.9939305428999
[94, 63, 42, 97, 120] - 425.53798824619963
[36, 63, 42, 97, 120] - 424.66946474979983
[90, 63, 42, 97, 120] - 424.4831512753001
[36, 94, 63, 42, 120] - 422.1038552031993
[90, 94, 63, 42, 120] - 422.37217067720024
[36, 90, 63, 42, 120] - 421.6850277289
[88, 63, 42] - 388.19723400000015
[79, 63, 42] - 395.52751899999953
[56, 24, 38, 63, 42] - 409.3367899049005
[56, 24, 63, 97, 42] - 416.2312115937008
[56, 24, 94, 63, 42] - 413.4734052105004
[56, 24, 36, 63, 42] - 414.58146073420016
[56, 24, 90, 63, 42] - 413.45534391450013
[56, 38, 63, 97, 42] - 412.3735240872003
[56, 38, 94, 63, 42] - 409.00494698070054
[56, 36, 38, 63, 42] - 410.83289808680024
[56, 38, 90, 63, 42] - 409.16037844870044
[56, 94, 63, 42, 97] - 415.8626241337004
[56, 36, 63, 42, 97] - 416.9567044749008
[56, 90, 63, 42, 97] - 415.83812849930024
[56, 36, 94, 63, 42] - 413.48775009450037
[56, 90, 94, 63, 42] - 412.8972014213997
[56, 36, 90, 63, 42] - 414.3899133720003
[24, 38, 63, 97, 42] - 429.55452586200045
[24, 38, 94, 63, 42] - 427.05602106779907
[24, 36, 38, 63, 42] - 427.6378376690003
[24, 38, 90, 63, 42] - 427.03116843339996
[24, 94, 63, 42, 97] - 433.9678653995015
[24, 36, 63, 42, 97] - 434.08669343689917
[24, 90, 63, 42, 97] - 434.00949712509913
[24, 36, 94, 63, 42] - 431.53010495559926
[24, 90, 94, 63, 42] - 431.8458761921004
[24, 36, 90, 63, 42] - 432.09130100810046
[71, 63, 42] - 360.95037200000013
[67, 63, 42] - 385.15811799999926
[38, 94, 63, 42, 97] - 428.9652169057
[36, 38, 63, 42, 97] - 430.34961868950074
[38, 90, 63, 42, 97] - 429.3221128553998
[36, 38, 94, 63, 42] - 426.7382293859006
[38, 90, 94, 63, 42] - 426.45735130699944
[36, 38, 90, 63, 42] - 427.53483276939966
[36, 94, 63, 42, 97] - 432.76874230819993
[90, 94, 63, 42, 97] - 432.8776100167004
[36, 90, 63, 42, 97] - 433.56559068300004
[36, 90, 94, 63, 42] - 430.59434177809993
[100, 12, 63] - 407.75212800000025
[12, 2, 63] - 365.32158299999975
[12, 63, 120] - 404.0918159999999
[56, 12, 63] - 367.4872080000006
[12, 24, 90, 63] - 380.6157225400007
[12, 71, 63] - 337.7129929999998
[12, 38, 90, 63] - 363.56046941999995
[12, 63, 97] - 448.2243710000001
[12, 36, 94, 63] - 352.9429389
[12, 90, 94, 63] - 353.26274761000036
[12, 36, 90, 63] - 355.59749406000003
[11, 100, 63] - 407.91060799999974
[56, 100, 2, 63, 120] - 408.8162275830999
[100, 24, 2, 63, 120] - 415.5289929556997
[100, 2, 38, 63, 120] - 409.76200700419935
[100, 2, 63, 97, 120] - 414.58164635599985
[100, 2, 94, 63, 120] - 412.62323681149974
[100, 2, 36, 63, 120] - 412.4506787460002
[100, 2, 90, 63, 120] - 413.2654382150004
[100, 56, 24, 2, 63] - 412.98497849819955
[100, 56, 2, 38, 63] - 407.5819373931997
[100, 56, 2, 63, 97] - 413.07536972140014
[100, 56, 2, 94, 63] - 409.93290365360053
[100, 56, 2, 36, 63] - 411.9882340056997
[100, 56, 2, 90, 63] - 411.76387555199926
[100, 2, 24, 38, 63] - 413.7159163147
[100, 2, 24, 63, 97] - 419.13741516749946
[100, 2, 24, 94, 63] - 417.44177554150025
[100, 2, 24, 36, 63] - 417.6562087419997
[100, 2, 24, 90, 63] - 418.42059019769977
[100, 2, 38, 63, 97] - 413.6667522546002
[100, 2, 38, 94, 63] - 411.3141658671007
[100, 2, 36, 38, 63] - 412.45821306909994
[100, 2, 38, 90, 63] - 412.5368124948
[100, 2, 94, 63, 97] - 415.88294442520055
[100, 2, 36, 63, 97] - 417.0813155511002
[100, 2, 90, 63, 97] - 417.4712667808996
[100, 2, 36, 94, 63] - 414.25730778040105
[100, 2, 90, 94, 63] - 415.37467135749944
[100, 2, 36, 90, 63] - 416.2541240577993
[100, 56, 24, 63, 120] - 409.96370034229955
[100, 56, 38, 63, 120] - 405.1837573073
[100, 56, 63, 97, 120] - 411.21271690279974
[100, 56, 94, 63, 120] - 408.09951517479965
[100, 56, 36, 63, 120] - 408.83394971090024
[100, 56, 90, 63, 120] - 408.21976920059956
[100, 24, 38, 63, 120] - 411.5717225154998
[100, 24, 63, 97, 120] - 417.48493688419956
[100, 24, 94, 63, 120] - 415.6228225803006
[100, 24, 36, 63, 120] - 414.50932461719935
[100, 24, 90, 63, 120] - 415.03245932310045
[100, 38, 63, 97, 120] - 412.45665136320025
[100, 38, 94, 63, 120] - 410.01393224190036
[100, 36, 38, 63, 120] - 410.12268132059984
[100, 38, 90, 63, 120] - 409.947886731101
[100, 94, 63, 97, 120] - 415.5353442654992
[100, 36, 63, 97, 120] - 415.2540702809001
[100, 90, 63, 97, 120] - 415.38853211140054
[100, 36, 94, 63, 120] - 412.40065216979997
[100, 90, 94, 63, 120] - 413.1137057294993
[100, 36, 90, 63, 120] - 412.7661545495997
[88, 100, 63] - 401.81850900000035
[100, 79, 63] - 418.2598200000006
[100, 56, 24, 38, 63] - 407.87768553259986
[100, 56, 24, 63, 97] - 414.4215679664999
[100, 56, 24, 94, 63] - 411.2782006620998
[100, 56, 24, 36, 63] - 412.7006731488997
[100, 56, 24, 90, 63] - 411.9326239175
[100, 56, 38, 63, 97] - 409.8759405257004
[100, 56, 38, 94, 63] - 406.3355971172007
[100, 56, 36, 38, 63] - 408.4351114975003
[100, 56, 38, 90, 63] - 407.2444010425994
[100, 56, 94, 63, 97] - 412.4986467587997
[100, 56, 36, 63, 97] - 414.2504196249002
[100, 56, 90, 63, 97] - 413.42909985130063
[100, 56, 36, 94, 63] - 410.14705304850014
[100, 56, 90, 94, 63] - 409.9638415260998
[100, 56, 36, 90, 63] - 411.78958206800024
[100, 24, 38, 63, 97] - 415.59435532060047
[100, 24, 38, 94, 63] - 413.51249989320047
[100, 24, 36, 38, 63] - 413.7267578615997
[100, 24, 38, 90, 63] - 413.61289780930025
[100, 24, 94, 63, 97] - 419.2890176860002
[100, 24, 36, 63, 97] - 419.4736448936009
[100, 24, 90, 63, 97] - 419.6991548422998
[100, 24, 36, 94, 63] - 416.8874090639995
[100, 24, 90, 94, 63] - 417.6829630071007
[100, 24, 36, 90, 63] - 417.56668096359954
[100, 71, 63] - 446.9529039999999
[67, 100, 63] - 443.78396100000055
[100, 38, 94, 63, 97] - 413.99808093919984
[100, 36, 38, 63, 97] - 415.5148703299003
[100, 38, 90, 63, 97] - 414.76968286880026
[100, 36, 38, 90, 94, 63] - 343.2177948819968
[100, 36, 94, 63, 97] - 417.0091427874999
[100, 90, 94, 63, 97] - 417.5057069532
[100, 36, 90, 63, 97] - 418.3413492406008
[128, 63] - 370.86659999999995
[11, 2, 63] - 370.9793140000001
[11, 63, 120] - 378.26425100000046
[11, 56, 63] - 366.2622319999993
[11, 24, 63] - 390.84485899999976
[11, 38, 63] - 428.14504100000005
[11, 63, 97] - 393.51141099999967
[11, 94, 63] - 428.7933919999999
[11, 36, 63] - 431.57761500000066
[11, 90, 63] - 428.4654830000006
[6, 63] - 405.9097
[55, 63] - 425.47350000000046
[63, 31] - 423.42109999999957
[5, 90, 63] - 346.2509039999994
[56, 24, 2, 63, 120] - 411.13065696410035
[56, 2, 38, 63, 120] - 406.01622629219906
[56, 2, 63, 97, 120] - 411.695882127299
[56, 2, 94, 63, 120] - 409.1108544832996
[56, 2, 36, 63, 120] - 410.0609068742004
[56, 2, 90, 63, 120] - 409.7958167845996
[2, 24, 38, 63, 120] - 412.2617082522005
[2, 24, 63, 97, 120] - 418.1522306470007
[2, 24, 94, 63, 120] - 416.5860527561009
[2, 24, 36, 63, 120] - 415.8415344091995
[2, 24, 90, 63, 120] - 416.7701644334994
[2, 38, 63, 97, 120] - 412.9712887390997
[2, 38, 94, 63, 120] - 410.56217787610024
[2, 36, 38, 63, 120] - 411.11276994699995
[2, 38, 90, 63, 120] - 411.1144024807002
[2, 94, 63, 97, 120] - 416.08798898200035
[2, 36, 63, 97, 120] - 415.88289628570004
[2, 90, 63, 97, 120] - 416.4773463279004
[2, 36, 94, 63, 120] - 413.6763642071992
[2, 90, 94, 63, 120] - 414.8190126255002
[2, 36, 90, 63, 120] - 414.7067357513998
[88, 2, 63] - 367.05510200000015
[79, 2, 63] - 376.43797799999965
[56, 2, 24, 38, 63] - 409.27313038219995
[56, 2, 24, 63, 97] - 415.5409893708001
[56, 2, 24, 94, 63] - 412.9836547348995
[56, 2, 24, 36, 63] - 414.61795813169954
[56, 2, 24, 90, 63] - 414.1943906098009
[56, 2, 38, 63, 97] - 410.5820920293008
[56, 2, 38, 94, 63] - 407.19070180109935
[56, 2, 36, 38, 63] - 409.61337531879957
[56, 2, 38, 90, 63] - 408.5604969311002
[56, 2, 94, 63, 97] - 413.2119173776012
[56, 2, 36, 63, 97] - 414.9268959149995
[56, 2, 90, 63, 97] - 414.507897570399
[56, 2, 36, 94, 63] - 411.67064272520014
[56, 2, 90, 94, 63] - 411.8212473565
[56, 2, 36, 90, 63] - 413.80927226889963
[2, 24, 38, 63, 97] - 416.46908340849944
[2, 24, 38, 94, 63] - 414.33646879499963
[2, 24, 36, 38, 63] - 415.04605298190086
[2, 24, 38, 90, 63] - 415.1059609097
[2, 24, 94, 63, 97] - 420.3085443128997
[2, 24, 36, 63, 97] - 420.5809275606992
[2, 24, 90, 63, 97] - 421.3026242749006
[2, 24, 36, 94, 63] - 418.588815445799
[2, 24, 90, 94, 63] - 419.8575419715001
[2, 24, 36, 90, 63] - 420.01013201619975
[2, 71, 63] - 364.062416
[67, 2, 63] - 361.1880259999996
[2, 38, 94, 63, 97] - 414.4327139096994
[2, 36, 38, 63, 97] - 416.1557980357991
[2, 38, 90, 63, 97] - 415.6565032058
[2, 36, 38, 94, 63] - 412.8656404648992
[2, 38, 90, 94, 63] - 413.3606010151997
[2, 36, 38, 90, 63] - 414.4975310316002
[2, 36, 94, 63, 97] - 417.82996238989983
[2, 90, 94, 63, 97] - 418.8601978661996
[2, 36, 90, 63, 97] - 419.67163412350044
[2, 36, 90, 94, 63] - 417.3504406581004
[88, 63, 120] - 366.72875899999997
[79, 63, 120] - 381.9114740000002
[56, 24, 38, 63, 120] - 406.14717700079916
[56, 24, 63, 97, 120] - 412.8228576979996
[56, 24, 94, 63, 120] - 410.1586250425996
[56, 24, 36, 63, 120] - 410.3890424916003
[56, 24, 90, 63, 120] - 409.8152374249003
[56, 38, 63, 97, 120] - 408.4185765948005
[56, 38, 94, 63, 120] - 405.1094435353996
[56, 36, 38, 63, 120] - 406.4317046742002
[56, 38, 90, 63, 120] - 405.1276023189001
[56, 94, 63, 97, 120] - 411.9582193608
[56, 36, 63, 97, 120] - 412.13877653440017
[56, 90, 63, 97, 120] - 411.52738503749924
[56, 36, 94, 63, 120] - 408.9441030188002
[56, 90, 94, 63, 120] - 408.79528123629984
[56, 36, 90, 63, 120] - 409.44741080259934
[24, 38, 63, 97, 120] - 443.4652647903007
[24, 38, 94, 63, 120] - 417.9150702661004
[24, 36, 38, 63, 120] - 417.4382378100009
[24, 38, 90, 63, 120] - 439.67291784089946
[24, 94, 63, 97, 120] - 425.06817166629935
[24, 36, 63, 97, 120] - 423.86429773189997
[24, 90, 63, 97, 120] - 446.8862467849998
[24, 36, 94, 63, 120] - 421.47116496819984
[24, 90, 94, 63, 120] - 422.63406184019965
[24, 36, 90, 63, 120] - 421.43330412200027
[71, 63, 120] - 405.0165170000006
[67, 63, 120] - 408.33465200000046
[38, 94, 63, 97, 120] - 419.1655772263
[36, 38, 63, 97, 120] - 419.6613755815005
[38, 90, 63, 97, 120] - 441.53708002830047
[36, 38, 94, 63, 120] - 416.1566522981993
[38, 90, 94, 63, 120] - 416.5104630517996
[36, 38, 90, 63, 120] - 416.51438808629956
[36, 94, 63, 97, 120] - 422.22537029839975
[90, 94, 63, 97, 120] - 423.0614467295
[36, 90, 63, 97, 120] - 422.4088638953005
[36, 90, 94, 63, 120] - 419.7842716776008
[1, 63] - 412.80880000000013
[88, 79, 63] - 348.9927560000001
[88, 56, 63] - 365.36892800000015
[88, 24, 94, 63] - 375.5415664400001
[88, 24, 36, 63] - 381.1079165600001
[88, 24, 90, 63] - 379.67930457999944
[88, 38, 63] - 421.4771930000007
[88, 63, 97] - 386.6389380000004
[88, 36, 94, 63] - 410.70910299000036
[88, 90, 94, 63] - 409.60089144000017
[88, 36, 90, 63] - 416.48885926000025
[56, 79, 63] - 364.0771180000002
[79, 24, 94, 63] - 388.9998771400003
[79, 24, 36, 63] - 392.42864384000075
[79, 24, 90, 63] - 389.7540885000007
[79, 38, 63] - 437.1730279999997
[79, 63, 97] - 395.74533800000063
[79, 36, 94, 63] - 419.35226549
[79, 90, 94, 63] - 415.7244995599999
[79, 36, 90, 63] - 422.2383496899999
[56, 24, 38, 63, 97] - 410.79801137109973
[56, 24, 38, 94, 63] - 407.57726478159987
[56, 24, 36, 38, 63] - 409.2621438673003
[56, 24, 38, 90, 63] - 407.9541094212995
[56, 24, 94, 63, 97] - 414.73304980820035
[56, 24, 36, 63, 97] - 415.58767369400044
[56, 24, 90, 63, 97] - 415.0099206251998
[56, 24, 36, 94, 63] - 412.34829520439996
[56, 24, 90, 94, 63] - 412.2666494978998
[56, 24, 36, 90, 63] - 413.44306487909967
[56, 71, 63] - 363.5579659999992
[67, 56, 63] - 364.64792600000004
[56, 38, 94, 63, 97] - 409.81866663740016
[56, 36, 38, 63, 97] - 411.89637204570016
[56, 38, 90, 63, 97] - 410.3521364055004
[56, 36, 38, 94, 63] - 407.6045553960998
[56, 38, 90, 94, 63] - 406.96439555679996
[56, 36, 38, 90, 63] - 408.87912450079955
[56, 36, 94, 63, 97] - 413.7912212694999
[56, 90, 94, 63, 97] - 413.7814183382997
[56, 36, 90, 63, 97] - 415.015463558
[56, 36, 90, 94, 63] - 411.4858956207002
[24, 90, 71, 63] - 376.78260587000045
[67, 24, 38, 63] - 340.0228993899996
[67, 24, 63, 97] - 346.9231876299996
[67, 24, 90, 63] - 391.8476393899995
[24, 38, 94, 63, 97] - 427.94783869929967
[24, 36, 38, 63, 97] - 429.0934586793997
[24, 38, 90, 63, 97] - 472.6638205102994
[24, 36, 38, 94, 63] - 425.8170982908996
[24, 38, 90, 94, 63] - 426.1959952350997
[24, 36, 38, 90, 63] - 426.79994109219984
[24, 36, 94, 63, 97] - 432.1595902806998
[24, 90, 94, 63, 97] - 433.0911727262005
[24, 36, 90, 63, 97] - 433.32683951379977
[67, 71, 63] - 370.23944999999975
[38, 90, 71, 63] - 391.6638414799999
[71, 63, 97] - 447.2547820000007
[36, 71, 94, 63] - 375.06617368000025
[90, 71, 94, 63] - 377.3414634400002
[36, 90, 71, 63] - 380.80004864000057
[67, 38, 63, 97] - 340.5690543699999
[67, 38, 94, 63] - 339.1683101500002
[67, 36, 38, 63] - 341.7741975899997
[67, 38, 90, 63] - 401.3558736200002
[67, 90, 63, 97] - 345.8212264200001
[67, 36, 94, 63] - 387.69740089000015
[67, 90, 94, 63] - 390.9933812999994
[67, 36, 90, 63] - 395.31796982999987
[41, 63] - 383.0546
[36, 38, 94, 63, 97] - 427.1293283722996
[38, 90, 94, 63, 97] - 427.1068238385999
[36, 38, 90, 63, 97] - 428.6105140254009
[36, 90, 94, 63, 97] - 430.8452884445999
[100, 12, 42] - 367.43032399999987
[12, 2, 97, 42] - 347.04109634999946
[12, 2, 94, 42] - 344.28536665000036
[12, 2, 36, 42] - 347.5231858700003
[12, 2, 90, 42] - 350.0166793300001
[12, 42, 120] - 431.0115280000001
[56, 12, 42] - 388.30545299999983
[12, 24, 42] - 411.126673
[12, 38, 42] - 437.41167100000075
[12, 94, 42, 97] - 362.46969971000044
[12, 36, 42, 97] - 365.0382693999999
[12, 90, 42, 97] - 366.7888476399996
[12, 36, 94, 42] - 362.68787182000034
[12, 90, 94, 42] - 364.02308297000064
[12, 36, 90, 42] - 367.2197916799996
[11, 100, 42] - 383.99757600000027
[56, 100, 2, 42, 120] - 409.6986961555999
[100, 24, 2, 42, 120] - 415.8162275334998
[100, 2, 38, 42, 120] - 410.5492914518001
[100, 2, 97, 42, 120] - 415.5786929414003
[100, 2, 94, 42, 120] - 413.7145446711
[100, 2, 36, 42, 120] - 413.53140111729994
[100, 2, 90, 42, 120] - 413.9275797645004
[100, 56, 24, 2, 42] - 413.19380167459985
[100, 56, 2, 38, 42] - 407.87754516699937
[100, 56, 2, 97, 42] - 413.7333447238
[100, 56, 2, 94, 42] - 410.5874267464004
[100, 56, 2, 36, 42] - 412.5929234774998
[100, 56, 2, 90, 42] - 412.17928869630015
[100, 2, 24, 38, 42] - 413.88218926959934
[100, 2, 24, 97, 42] - 421.39461562969973
[100, 2, 24, 94, 42] - 417.8888893833999
[100, 2, 24, 36, 42] - 419.91974700030045
[100, 2, 24, 90, 42] - 420.1948059191992
[100, 2, 38, 97, 42] - 414.4249245602003
[100, 2, 38, 94, 42] - 412.0567241196004
[100, 2, 36, 38, 42] - 413.13130055079904
[100, 2, 38, 90, 42] - 412.9884021008999
[100, 2, 94, 42, 97] - 416.77964263719963
[100, 2, 36, 42, 97] - 419.87791958560047
[100, 2, 90, 42, 97] - 419.8438072079
[100, 2, 36, 94, 42] - 415.3491418571
[100, 2, 90, 94, 42] - 415.98402408509975
[100, 2, 36, 90, 42] - 418.62043547039946
[100, 56, 24, 42, 120] - 410.3919096687992
[100, 56, 38, 42, 120] - 405.7115411948991
[100, 56, 97, 42, 120] - 412.2733405804005
[100, 56, 94, 42, 120] - 409.3660245364
[100, 56, 36, 42, 120] - 409.76056614010014
[100, 56, 90, 42, 120] - 408.8516719409002
[100, 24, 38, 42, 120] - 411.5632877550998
[100, 24, 97, 42, 120] - 435.07838658689957
[100, 24, 94, 42, 120] - 433.8163118915993
[100, 24, 36, 42, 120] - 432.19244590939945
[100, 24, 90, 42, 120] - 432.10514722319954
[100, 38, 97, 42, 120] - 413.2812864536
[100, 38, 94, 42, 120] - 411.03592115379934
[100, 36, 38, 42, 120] - 410.7735429466003
[100, 38, 90, 42, 120] - 410.27363455500017
[100, 94, 42, 97, 120] - 434.5412289203998
[100, 36, 42, 97, 120] - 433.98213104660095
[100, 90, 42, 97, 120] - 433.3562522076994
[100, 36, 94, 42, 120] - 431.53859046760033
[100, 90, 94, 42, 120] - 431.2625567772993
[100, 36, 90, 42, 120] - 430.70874534450155
[88, 100, 42] - 363.12932599999976
[100, 79, 42] - 405.304033
[100, 56, 24, 38, 42] - 407.8572069887003
[100, 56, 24, 97, 42] - 414.7664492569003
[100, 56, 24, 94, 42] - 411.937291327
[100, 56, 24, 36, 42] - 412.9331572076012
[100, 56, 24, 90, 42] - 411.98843336309994
[100, 56, 38, 97, 42] - 410.3801507631
[100, 56, 38, 94, 42] - 406.9196703598001
[100, 56, 36, 38, 42] - 408.6414604128998
[100, 56, 38, 90, 42] - 407.33091302470075
[100, 56, 94, 42, 97] - 413.48027842729994
[100, 56, 36, 42, 97] - 414.9335658008994
[100, 56, 90, 42, 97] - 413.9441603161005
[100, 56, 36, 94, 42] - 411.18493845469925
[100, 56, 90, 94, 42] - 410.73594857759946
[100, 56, 36, 90, 42] - 412.20866510350044
[100, 24, 38, 97, 42] - 415.75982489099994
[100, 24, 38, 94, 42] - 413.94217944149904
[100, 24, 36, 38, 42] - 413.75482276660006
[100, 24, 38, 90, 42] - 413.3667102895995
[100, 24, 94, 42, 97] - 436.97243423559974
[100, 24, 36, 42, 97] - 438.5279701216006
[100, 24, 90, 42, 97] - 438.14981558369954
[100, 24, 36, 94, 42] - 434.74436503870015
[100, 24, 90, 94, 42] - 434.84839761129916
[100, 24, 36, 90, 42] - 435.9499514922004
[100, 71, 42] - 376.04513399999996
[67, 100, 42] - 382.58457099999976
[100, 38, 94, 42, 97] - 414.97086334180005
[100, 36, 38, 42, 97] - 416.0939327695996
[100, 38, 90, 42, 97] - 415.1257562584005
[100, 36, 38, 94, 42] - 412.81614430610045
[100, 38, 90, 94, 42] - 412.75008819570087
[100, 36, 38, 90, 42] - 413.18337900750066
[100, 36, 94, 42, 97] - 435.6171075764998
[100, 90, 94, 42, 97] - 435.1860585298007
[100, 36, 90, 42, 97] - 437.4914442434004
[100, 36, 90, 94, 42] - 432.9624271709998
[2, 128, 42] - 340.02543600000035
[128, 42, 120] - 349.26607999999976
[24, 128, 42] - 360.7739890000005
[128, 97, 42] - 408.41437199999984
[128, 94, 42] - 400.99219200000016
[36, 128, 42] - 401.4080809999995
[90, 128, 42] - 405.2932229999999
[11, 2, 42] - 427.92960000000016
[11, 42, 120] - 420.39780599999943
[11, 56, 42] - 366.595856
[11, 24, 42] - 406.6234540000004
[11, 38, 42] - 441.0242339999998
[11, 94, 42, 97] - 343.93996909999925
[11, 36, 42, 97] - 348.20218236000034
[11, 90, 42, 97] - 344.34600586999954
[11, 36, 94, 42] - 342.31594592999954
[11, 90, 94, 42] - 338.83832700999943
[11, 36, 90, 42] - 342.5910552099995
[6, 97, 42] - 359.98604300000045
[6, 94, 42] - 351.2444010000007
[36, 6, 42] - 355.4905930000003
[6, 90, 42] - 356.20646200000033
[55, 42] - 400.7422
[2, 5, 42] - 382.61767900000024
[5, 42, 120] - 357.4417759999999
[24, 5, 42] - 367.99614
[38, 5, 42] - 361.816009
[5, 97, 42] - 440.9018170000004
[5, 94, 42] - 439.13376200000005
[36, 5, 42] - 440.05774200000013
[5, 90, 42] - 441.2857109999994
[88, 2, 42, 120] - 340.5998619100001
[79, 2, 42, 120] - 350.4218555600001
[56, 24, 2, 42, 120] - 411.7603569991
[56, 2, 38, 42, 120] - 406.83325681370115
[56, 2, 97, 42, 120] - 412.9261327824997
[56, 2, 94, 42, 120] - 410.26935324930025
[56, 2, 36, 42, 120] - 411.31039792000036
[56, 2, 90, 42, 120] - 410.6224901422995
[2, 24, 38, 42, 120] - 424.5043276850003
[2, 24, 97, 42, 120] - 442.8365616762006
[2, 24, 94, 42, 120] - 439.7127615355005
[2, 24, 36, 42, 120] - 440.3144331999999
[2, 24, 90, 42, 120] - 440.4994303351996
[2, 71, 42, 120] - 340.02683600999995
[67, 2, 42, 120] - 345.8702155999997
[2, 38, 94, 42, 97, 120] - 339.7568556371058
[2, 36, 38, 42, 97, 120] - 342.01781379916036
[2, 38, 90, 42, 97, 120] - 340.3157798762044
[2, 36, 38, 94, 42, 120] - 339.0471424234088
[2, 38, 90, 94, 42, 120] - 337.7182063443939
[2, 36, 38, 90, 42, 120] - 339.9101257164837
[2, 36, 94, 42, 97, 120] - 351.5657771190581
[2, 90, 94, 42, 97, 120] - 350.99025879039147
[2, 36, 90, 42, 97, 120] - 353.2212203816114
[2, 36, 90, 94, 42, 120] - 350.1999386480938
[88, 2, 38, 42] - 381.8371659299997
[88, 2, 97, 42] - 419.1557554799995
[88, 2, 94, 42] - 411.11873612
[88, 2, 36, 42] - 419.8744455600001
[88, 2, 90, 42] - 417.7387045300003
[24, 2, 79, 42] - 347.9322409000005
[2, 79, 38, 42] - 390.7222764700008
[2, 79, 97, 42] - 427.9406218100002
[2, 79, 94, 42] - 420.3866694199993
[2, 79, 36, 42] - 427.6980037599999
[2, 79, 90, 42] - 423.6720622800008
[56, 2, 24, 38, 42] - 409.7570154273002
[56, 2, 24, 97, 42] - 416.3581857772998
[56, 2, 24, 94, 42] - 413.7788995909
[56, 2, 24, 36, 42] - 415.42423791029967
[56, 2, 24, 90, 42] - 414.59425793580016
[56, 2, 38, 97, 42] - 411.6253561775008
[56, 2, 38, 94, 42] - 407.97689662089994
[56, 2, 36, 38, 42] - 410.49288165680053
[56, 2, 38, 90, 42] - 409.15813811149997
[56, 2, 94, 42, 97] - 414.3905999294994
[56, 2, 36, 42, 97] - 416.2379371097009
[56, 2, 90, 42, 97] - 415.44128087020016
[56, 2, 36, 94, 42] - 412.99360573979993
[56, 2, 90, 94, 42] - 412.66293811949964
[56, 2, 36, 90, 42] - 414.7433762550002
[67, 2, 24, 42] - 340.5746926400004
[2, 24, 38, 97, 42] - 441.90185562260064
[2, 24, 38, 94, 42] - 437.77075140449955
[2, 24, 36, 38, 42] - 439.8112467626993
[2, 24, 38, 90, 42] - 439.0781369461996
[2, 24, 36, 94, 42, 97] - 351.991898455093
[2, 24, 90, 94, 42, 97] - 353.161683884928
[2, 24, 36, 90, 42, 97] - 355.9193335025556
[2, 24, 36, 90, 94, 42] - 351.07611681215496
[2, 38, 71, 42] - 376.82172120999996
[2, 71, 97, 42] - 413.88556092999994
[2, 71, 94, 42] - 407.7673973500002
[2, 36, 71, 42] - 411.29018225999954
[2, 90, 71, 42] - 414.24965340000034
[67, 2, 38, 42] - 380.91924524
[67, 2, 97, 42] - 421.4514378799998
[67, 2, 94, 42] - 415.34169858999974
[67, 2, 36, 42] - 419.1830836300004
[67, 2, 90, 42] - 421.5897706400001
[2, 36, 38, 94, 42, 97] - 374.11125566376563
[2, 38, 90, 94, 42, 97] - 372.8456304727651
[2, 36, 38, 90, 42, 97] - 376.69164242459453
[2, 36, 38, 90, 94, 42] - 372.2557411118228
[2, 36, 90, 94, 42, 97] - 396.43225139867104
[104, 42] - 363.9391000000001
[88, 38, 42, 120] - 343.99215433999944
[88, 97, 42, 120] - 394.65020125999973
[88, 94, 42, 120] - 388.8662663699993
[88, 36, 42, 120] - 395.63070752
[88, 90, 42, 120] - 393.2656519999999
[24, 79, 42, 120] - 358.9585870299999
[79, 38, 42, 120] - 356.7381551500001
[79, 97, 42, 120] - 428.00645280000043
[79, 94, 42, 120] - 424.2889006699996
[79, 36, 42, 120] - 428.2451800199998
[79, 90, 42, 120] - 422.98843365999875
[56, 24, 38, 42, 120] - 406.42832625189914
[56, 24, 97, 42, 120] - 413.5869093136993
[56, 24, 94, 42, 120] - 411.1700958410005
[56, 24, 36, 42, 120] - 411.1824243696999
[56, 24, 90, 42, 120] - 410.11891064359924
[56, 38, 97, 42, 120] - 409.4617138483993
[56, 38, 94, 42, 120] - 406.1588854133996
[56, 36, 38, 42, 120] - 407.2629386736003
[56, 38, 90, 42, 120] - 405.5788876967007
[56, 94, 42, 97, 120] - 437.04572241049954
[56, 36, 42, 97, 120] - 437.19940974620044
[56, 90, 42, 97, 120] - 436.23634502519985
[56, 36, 94, 42, 120] - 433.95729379899905
[56, 90, 94, 42, 120] - 433.44898797639905
[56, 36, 90, 42, 120] - 433.7585268352993
[67, 24, 42, 120] - 341.4046203399994
[24, 38, 97, 42, 120] - 443.7210309240007
[24, 38, 94, 42, 120] - 440.6797947865002
[24, 36, 38, 42, 120] - 440.57646106220096
[24, 38, 90, 42, 120] - 440.65064191899916
[24, 36, 94, 42, 97, 120] - 357.43364792695417
[24, 90, 94, 42, 97, 120] - 358.18113599899016
[24, 36, 90, 42, 97, 120] - 358.01445350680257
[24, 36, 90, 94, 42, 120] - 355.59356155894704
[38, 71, 42, 120] - 337.18165622999976
[71, 97, 42, 120] - 398.64147665000036
[71, 94, 42, 120] - 395.1168989399999
[36, 71, 42, 120] - 397.45238157000017
[90, 71, 42, 120] - 399.9600432100004
[67, 38, 42, 120] - 348.3920973500004
[67, 97, 42, 120] - 411.0894171600002
[67, 94, 42, 120] - 407.4947197599996
[67, 36, 42, 120] - 408.4983717899999
[67, 90, 42, 120] - 410.0628066199996
[36, 38, 94, 42, 97, 120] - 353.798511872299
[38, 90, 94, 42, 97, 120] - 352.8249720469285
[36, 38, 90, 42, 97, 120] - 354.4705570292339
[36, 38, 90, 94, 42, 120] - 351.46410498733246
[36, 90, 94, 42, 97, 120] - 394.95732849876146
[88, 79, 97, 42] - 360.39366540000026
[88, 79, 94, 42] - 351.4786382899997
[88, 79, 36, 42] - 361.99097107000006
[88, 79, 90, 42] - 358.73769324000045
[88, 56, 42] - 410.1880389999999
[88, 24, 38, 42] - 344.84579860999975
[88, 24, 97, 42] - 381.6076444800004
[88, 24, 94, 42] - 374.5586180999996
[88, 24, 36, 42] - 381.36902282000057
[88, 24, 90, 42] - 380.9644302500008
[88, 71, 97, 42] - 337.6609032700003
[88, 90, 71, 42] - 337.7248899300006
[88, 67, 97, 42] - 356.7349157499997
[88, 67, 94, 42] - 349.33864952999977
[88, 67, 36, 42] - 356.2348444299994
[88, 67, 90, 42] - 358.95714087000016
[88, 38, 97, 42] - 428.99461688999986
[88, 38, 94, 42] - 419.4855640900005
[88, 36, 38, 42] - 430.78017314000067
[88, 38, 90, 42] - 427.14699422999996
[88, 36, 94, 42, 97] - 368.5513261864
[88, 90, 94, 42, 97] - 367.5289765233992
[88, 36, 90, 42, 97] - 376.24741226189917
[88, 36, 90, 94, 42] - 368.55941836070065
[56, 79, 42] - 407.7548549999996
[79, 24, 38, 42] - 358.8058367900003
[79, 24, 97, 42] - 417.3432275900001
[79, 24, 94, 42] - 412.16362332999967
[79, 24, 36, 42] - 416.16816827000065
[79, 24, 90, 42] - 413.28192343000006
[79, 71, 97, 42] - 350.9981013500002
[79, 71, 94, 42] - 346.7189569700005
[79, 36, 71, 42] - 350.8126402399996
[79, 90, 71, 42] - 351.88411524000026
[67, 79, 97, 42] - 371.02564604999975
[67, 79, 94, 42] - 364.8809359900004
[67, 79, 36, 42] - 371.13949324999993
[67, 79, 90, 42] - 369.314030329999
[79, 38, 97, 42] - 438.2550893800005
[79, 38, 94, 42] - 431.60602091999976
[79, 36, 38, 42] - 439.1242623900002
[79, 38, 90, 42] - 433.96772692999946
[79, 36, 94, 42, 97] - 392.9471361891001
[79, 90, 94, 42, 97] - 389.34905600440004
[79, 36, 90, 42, 97] - 396.5740916370999
[79, 36, 90, 94, 42] - 389.8878743306994
[56, 24, 38, 97, 42] - 411.47351065030097
[56, 24, 38, 94, 42] - 408.2953244147991
[56, 24, 36, 38, 42] - 409.77720746069923
[56, 24, 38, 90, 42] - 408.0744348427999
[56, 24, 94, 42, 97] - 415.84788444010024
[56, 24, 36, 42, 97] - 416.55999792329936
[56, 24, 90, 42, 97] - 415.5347047741007
[56, 24, 36, 94, 42] - 413.6195955357999
[56, 24, 90, 94, 42] - 413.03866895679954
[56, 24, 36, 90, 42] - 414.0122926165992
[56, 71, 42] - 403.5543899999998
[67, 56, 42] - 412.61379999999974
[56, 38, 94, 42, 97] - 411.05241340920014
[56, 36, 38, 42, 97] - 412.9398962035002
[56, 38, 90, 42, 97] - 411.05874891030004
[56, 36, 38, 94, 42] - 408.74525776149983
[56, 38, 90, 94, 42] - 407.7027004080999
[56, 36, 38, 90, 42] - 409.4254372609002
[56, 36, 94, 42, 97] - 439.41757313119916
[56, 90, 94, 42, 97] - 439.18635272609896
[56, 36, 90, 42, 97] - 440.16129584460015
[56, 36, 90, 94, 42] - 436.77608783420027
[24, 71, 97, 42] - 373.62214750000027
[24, 71, 94, 42] - 368.4906235299999
[24, 36, 71, 42] - 370.32490994999966
[24, 90, 71, 42] - 374.76693331
[67, 24, 38, 42] - 348.0408251799996
[67, 24, 97, 42] - 399.56747492
[67, 24, 94, 42] - 394.2307532999997
[67, 24, 36, 42] - 395.61534802000017
[67, 24, 90, 42] - 399.71592838999965
[24, 36, 38, 94, 42, 97] - 355.66529373286465
[24, 38, 90, 94, 42, 97] - 355.8308870465298
[24, 36, 38, 90, 42, 97] - 357.66466838020693
[24, 36, 38, 90, 94, 42] - 353.6791174261782
[24, 36, 90, 94, 42, 97] - 391.0294354070108
[67, 71, 97, 42] - 344.20120593999985
[67, 71, 94, 42] - 337.8075653300005
[67, 36, 71, 42] - 343.2887726999995
[67, 90, 71, 42] - 345.87476130999994
[38, 71, 97, 42] - 409.1861334400004
[38, 71, 94, 42] - 402.84686060999985
[36, 38, 71, 42] - 407.7636292900001
[38, 90, 71, 42] - 409.4747183400001
[36, 71, 94, 42, 97] - 362.6784555082999
[90, 71, 94, 42, 97] - 364.7965900906003
[36, 90, 71, 42, 97] - 369.02326604599995
[36, 90, 71, 94, 42] - 363.50049734690003
[67, 38, 97, 42] - 429.0410776099997
[67, 38, 94, 42] - 422.23544736999975
[67, 36, 38, 42] - 427.6321561499987
[67, 38, 90, 42] - 428.41457325000044
[67, 36, 94, 42, 97] - 377.5168476039996
[67, 90, 94, 42, 97] - 379.52499184239963
[67, 36, 90, 42, 97] - 384.35026062570057
[67, 36, 90, 94, 42] - 378.0266753803996
[36, 38, 90, 94, 42, 97] - 400.1716169226928
[12, 100, 2] - 363.47027700000035
[12, 100, 120] - 361.45567000000045
[88, 12, 100] - 416.0765439999998
[12, 100, 79] - 418.15015599999975
[12, 100, 56, 24] - 438.05554584
[12, 100, 56, 97] - 434.39184803999996
[12, 100, 56, 94] - 435.09383431000015
[12, 100, 56, 36] - 435.1769492400002
[12, 100, 56, 90] - 436.3318380399993
[12, 100, 24, 97] - 435.00048007999936
[12, 100, 24, 94] - 436.6658995199998
[12, 100, 24, 36] - 435.6682818899996
[12, 100, 24, 90] - 437.0752715199992
[12, 100, 38] - 398.14884300000006
[12, 100, 94, 97] - 432.55931644999976
[12, 100, 36, 97] - 432.4648860600002
[12, 100, 90, 97] - 433.64058416000046
[12, 100, 36, 90, 94] - 346.10967167720025
[12, 6, 97] - 354.529871
[12, 6, 94] - 352.8954420000002
[12, 36, 6] - 352.4454660000003
[12, 6, 90] - 377.05803299999997
[88, 12, 23] - 347.3765550000005
[12, 23, 79] - 347.372809
[12, 23, 38] - 351.56888499999997
[12, 23, 94] - 367.6624510000002
[12, 23, 36] - 370.83964299999997
[12, 23, 90] - 371.1249890000001
[55, 12, 104] - 369.5944289999999
[55, 12, 71] - 378.1576340000006
[55, 67, 12] - 376.9008209999996
[55, 12, 90] - 412.3123900000003
[1, 12, 31] - 406.30371
[12, 24, 31] - 364.6979259999997
[12, 41, 31] - 421.9854390000002
[12, 94, 31] - 339.43541200000044
[12, 36, 31] - 340.41209400000025
[12, 90, 31] - 417.27874899999995
[88, 12, 5] - 390.94541999999973
[12, 79, 5] - 392.0548159999997
[12, 5, 97] - 440.07647700000035
[12, 36, 5, 94] - 348.7140251399999
[12, 5, 90, 94] - 351.27326200000033
[12, 36, 5, 90] - 349.90081791999995
[12, 2, 38, 120] - 351.4510616900004
[12, 2, 97, 120] - 351.14198827999996
[12, 2, 94, 120] - 360.37866311999977
[12, 2, 36, 120] - 363.70184121000005
[12, 2, 90, 120] - 364.1842632899994
[88, 12, 2] - 410.46824000000015
[12, 79, 2] - 411.76278499999944
[12, 56, 2, 38] - 363.9954865200005
[12, 56, 2, 97] - 365.31725967000074
[12, 56, 2, 94] - 366.69111323000016
[12, 56, 2, 36] - 367.12674125000007
[12, 56, 2, 90] - 368.83310628999993
[12, 24, 2] - 408.3371209999996
[12, 2, 71] - 351.63974699999966
[67, 12, 2] - 348.7878149999998
[12, 2, 38, 97] - 415.78123513000037
[12, 2, 38, 94] - 427.8343344000004
[12, 2, 36, 38] - 430.09182445999966
[12, 2, 38, 90] - 432.6530360500001
[12, 2, 94, 97] - 433.87036293999955
[12, 2, 36, 97] - 436.3336061599997
[12, 2, 90, 97] - 439.4683064599997
[12, 2, 36, 90, 94] - 339.1169573581002
[88, 12, 104] - 425.56160799999986
[12, 79, 104] - 425.83447000000024
[12, 104, 71] - 421.8399720000004
[67, 12, 104] - 416.84273300000007
[12, 104, 41] - 395.6113600000002
[12, 38, 104] - 414.96406500000006
[12, 104, 97] - 426.2250009999999
[12, 104, 94] - 429.85274100000015
[12, 36, 104] - 432.43803800000023
[12, 104, 90] - 514.7278279999998
[56, 12, 120] - 442.1212660000005
[12, 24, 120] - 426.14987199999996
[12, 71, 120] - 341.07228600000036
[67, 12, 120] - 337.76237600000024
[12, 38, 97, 120] - 372.18865042
[12, 38, 94, 120] - 352.14988883
[12, 36, 38, 120] - 354.70517568999986
[12, 38, 90, 120] - 385.62858996
[12, 94, 97, 120] - 365.8487258199996
[12, 36, 97, 120] - 367.3679965299998
[12, 90, 97, 120] - 398.8277332399994
[12, 36, 94, 120] - 379.39608547000057
[12, 90, 94, 120] - 379.34711814
[12, 36, 90, 120] - 382.2741274599998
[88, 12, 1] - 432.3766189999996
[12, 1, 79] - 431.86877799999945
[12, 1, 24] - 362.1615399999999
[12, 1, 71] - 396.44058799999993
[67, 12, 1] - 395.215297
[12, 1, 90, 41] - 385.42966248000016
[12, 1, 97] - 420.82072800000014
[12, 1, 36, 94] - 342.09005858000006
[12, 1, 90, 94] - 339.62810450000023
[12, 1, 36, 90] - 340.22136605
[88, 12, 79, 71] - 373.9528406000003
[88, 67, 12, 79] - 369.1899446100008
[88, 12, 79, 41] - 402.9179399999997
[88, 12, 79, 94, 97] - 361.93834461820086
[88, 12, 79, 36, 97] - 363.5887967349995
[88, 12, 79, 90, 97] - 363.61797113960046
[88, 12, 79, 36, 94] - 419.6151091129
[88, 12, 79, 90, 94] - 419.2858814936995
[88, 12, 79, 36, 90] - 420.07082016129976
[88, 12, 56, 97] - 401.3792214000001
[88, 12, 56, 94] - 403.05946040999964
[88, 12, 56, 36] - 400.2453671899999
[88, 12, 56, 90] - 402.4293112399997
[88, 12, 24, 94] - 374.9701648900002
[88, 12, 24, 36] - 373.17039359
[88, 12, 24, 90] - 375.67411054000064
[88, 12, 71, 97] - 356.2995453800003
[88, 12, 71, 94] - 411.86148568000004
[88, 12, 36, 71] - 415.3752470400002
[88, 12, 90, 71] - 416.6484229499997
[88, 12, 67, 97] - 352.6125253900005
[88, 12, 67, 94] - 409.92548430000033
[88, 12, 67, 36] - 410.2259428000002
[88, 12, 67, 90] - 416.6350011399991
[88, 12, 94, 41] - 408.6816003600007
[88, 12, 36, 41] - 409.4837070099994
[88, 12, 90, 41] - 409.4735723200005
[88, 12, 38, 97] - 359.3318673100003
[88, 12, 38, 94] - 391.8887597499997
[88, 12, 36, 38] - 395.6859589000004
[88, 12, 38, 90] - 395.84321352000035
[88, 12, 36, 94, 97] - 414.47058414479966
[88, 12, 90, 94, 97] - 415.4854234072006
[88, 12, 36, 90, 97] - 416.52616240250023
[88, 12, 36, 90, 94] - 475.36746458600055
[12, 56, 79, 97] - 401.2364059399997
[12, 56, 79, 94] - 405.31038478
[12, 56, 79, 36] - 402.47697705999997
[12, 56, 79, 90] - 400.8461466399999
[12, 79, 24, 94] - 377.43514861999967
[12, 79, 24, 36] - 374.82926583999995
[12, 79, 24, 90] - 374.0445369599997
[12, 79, 71, 97] - 355.16007685000017
[12, 79, 71, 94] - 414.9445871599999
[12, 79, 36, 71] - 415.29738503
[12, 79, 90, 71] - 416.98495108999975
[12, 67, 79, 97] - 349.4477559400001
[12, 67, 79, 94] - 409.4474810799999
[12, 67, 79, 36] - 409.8586558000002
[12, 67, 79, 90] - 412.14286072000056
[12, 79, 94, 41] - 409.75263340000106
[12, 79, 36, 41] - 408.9828877599996
[12, 79, 90, 41] - 408.47769992000053
[12, 79, 38, 97] - 357.2681553599995
[12, 79, 38, 94] - 392.91721334000033
[12, 79, 36, 38] - 396.30546376999996
[12, 79, 38, 90] - 393.4649106699998
[12, 79, 36, 94, 97] - 413.10424277700065
[12, 79, 90, 94, 97] - 411.53160282189964
[12, 79, 36, 90, 97] - 412.68747665349935
[12, 79, 36, 90, 94] - 473.4351115399002
[12, 56, 24, 97] - 436.15848476999986
[12, 56, 24, 94] - 436.0283437699998
[12, 56, 24, 36] - 435.79611292000055
[12, 56, 24, 90] - 436.9509851199998
[12, 56, 71] - 370.8595279999999
[67, 12, 56] - 370.8081780000005
[12, 56, 38, 97] - 362.84357670000026
[12, 56, 38, 94] - 364.4326543099995
[12, 56, 36, 38] - 364.1906704799998
[12, 56, 38, 90] - 365.27260181000037
[12, 56, 36, 94, 97] - 404.64681234689954
[12, 56, 90, 94, 97] - 405.63938857519986
[12, 56, 36, 90, 97] - 404.4084024547008
[12, 56, 36, 90, 94] - 406.08753113129933
[12, 24, 71] - 442.9283439999999
[67, 12, 24] - 447.2788590000005
[12, 24, 41] - 367.3062179999999
[12, 24, 38, 97] - 349.3324967599998
[12, 24, 38, 90] - 350.38976226999984
[12, 24, 36, 94, 97] - 350.5047177892996
[12, 24, 90, 94, 97] - 351.99780275800043
[12, 24, 36, 90, 97] - 351.9382289904999
[12, 24, 36, 90, 94] - 387.73758899250004
[12, 67, 38, 71] - 337.3297594700002
[12, 67, 71, 97] - 357.02286404000023
[12, 67, 71, 94] - 350.46216307000014
[12, 67, 36, 71] - 353.96658580000013
[12, 67, 90, 71] - 420.4501748799999
[12, 90, 71, 41] - 338.20081758000015
[12, 38, 71, 97] - 380.1358243700001
[12, 38, 71, 94] - 363.35842163000075
[12, 36, 38, 71] - 365.80853260999936
[12, 38, 90, 71] - 431.22878362000034
[12, 71, 94, 97] - 425.63654231999976
[12, 36, 71, 97] - 427.7716854000004
[12, 90, 71, 97] - 494.36633602000074
[12, 36, 90, 71, 94] - 376.93660185839974
[12, 67, 90, 41] - 340.30354501999983
[12, 67, 38, 97] - 374.50937051000045
[12, 67, 38, 94] - 359.18525797
[12, 67, 36, 38] - 363.39511004999997
[12, 67, 38, 90] - 426.1833195500005
[12, 67, 94, 97] - 419.51274205000095
[12, 67, 36, 97] - 420.4617350100004
[12, 67, 90, 97] - 487.27522493
[12, 67, 36, 90, 94] - 371.76207455380035
[12, 38, 41] - 378.1472579999995
[12, 90, 41, 97] - 390.18615590999985
[12, 36, 94, 41] - 425.13586577000063
[12, 90, 94, 41] - 425.27784335000007
[12, 36, 90, 41] - 425.3409920200004
[12, 36, 38, 94, 97] - 375.67177830710057
[12, 38, 90, 94, 97] - 375.0556765872002
[12, 36, 38, 90, 97] - 378.81546749420056
[12, 36, 38, 90, 94] - 416.0793964459003
[12, 36, 90, 94, 97] - 520.3384657556993
[100, 128] - 342.4654000000001
[11, 100, 2] - 368.7972439999999
[11, 100, 120] - 378.0544680000002
[11, 56, 100] - 361.6751579999997
[11, 100, 24] - 383.3976479999999
[11, 100, 38] - 404.11375
[11, 100, 97] - 386.29377299999993
[11, 100, 94] - 417.54962600000044
[11, 100, 36] - 423.01073999999994
[11, 100, 90] - 419.5969179999996
[88, 100, 6] - 357.3502300000003
[100, 79, 6] - 359.49767400000025
[100, 56, 24, 6] - 347.24142536000005
[100, 56, 6, 97] - 348.06636980999997
[100, 56, 6, 94] - 344.69818304000006
[100, 56, 36, 6] - 342.60799315000014
[100, 56, 6, 90] - 343.6940462300004
[100, 24, 6, 97] - 363.08329349999997
[100, 24, 6, 94] - 359.2704968000002
[100, 24, 36, 6] - 356.6906815099997
[100, 24, 6, 90] - 359.58279544999954
[100, 6, 94, 97] - 358.8814006699999
[100, 36, 6, 97] - 358.0326391800003
[100, 6, 90, 97] - 360.45414376
[100, 36, 6, 94] - 371.9115975699999
[100, 6, 90, 94] - 374.5091835199996
[100, 36, 6, 90] - 372.85617892000045
[88, 100, 1, 31] - 360.9213156299999
[100, 1, 79, 31] - 382.8482413400001
[100, 1, 24, 31] - 354.91583485999973
[100, 1, 41, 31] - 389.75370871999945
[100, 1, 97, 31] - 351.8446969199999
[100, 1, 94, 31] - 413.36942723
[100, 1, 36, 31] - 411.4630592199999
[100, 1, 90, 31] - 408.21811852999974
[88, 100, 79, 31] - 346.01485906999994
[88, 100, 41, 31] - 359.53764995999984
[88, 100, 94, 31] - 361.85164521000013
[88, 100, 36, 31] - 358.89019395
[88, 100, 90, 31] - 356.8354541400001
[100, 24, 79, 31] - 364.5520063599999
[100, 79, 41, 31] - 358.4249907900007
[100, 79, 97, 31] - 360.3387845099998
[100, 79, 94, 31] - 394.1446018500001
[100, 79, 36, 31] - 389.68039907999963
[100, 79, 90, 31] - 386.9030898399995
[56, 100, 31] - 433.611256
[100, 24, 97, 31] - 368.10467052000047
[100, 24, 94, 31] - 367.1245263199997
[100, 24, 36, 31] - 364.86927355999967
[100, 24, 90, 31] - 363.4115803800004
[100, 94, 41, 31] - 388.1135768499994
[100, 36, 41, 31] - 386.71975871000006
[100, 90, 41, 31] - 383.30625317999994
[100, 94, 31, 97] - 363.7142704599995
[100, 36, 31, 97] - 361.77521490000015
[100, 90, 31, 97] - 359.92586142000005
[100, 36, 94, 31] - 419.7109163999999
[100, 90, 94, 31] - 417.20679655999993
[100, 36, 90, 31] - 416.24227276999966
[88, 100, 5] - 348.81837099999996
[100, 79, 5] - 368.1131200000001
[100, 56, 24, 5] - 345.61215469999973
[100, 56, 5, 97] - 341.1114665100001
[100, 56, 5, 94] - 344.73893806
[100, 56, 36, 5] - 343.0369267599996
[100, 56, 5, 90] - 341.1626744399998
[100, 24, 5, 97] - 354.54968861000054
[100, 24, 5, 94] - 358.94679184000006
[100, 24, 36, 5] - 356.09008776000036
[100, 24, 5, 90] - 353.49836133000025
[100, 5, 94, 97] - 355.24278658
[100, 36, 5, 97] - 352.60822674999986
[100, 5, 90, 97] - 349.9087491
[100, 36, 5, 94] - 375.1927178599995
[100, 5, 90, 94] - 373.83824971999985
[100, 36, 5, 90] - 372.10996694999983
[100, 56, 24, 2, 120] - 409.8689922075996
[100, 56, 2, 38, 120] - 404.03638302430005
[100, 56, 2, 97, 120] - 409.5967393672005
[100, 56, 2, 94, 120] - 406.7750153835997
[100, 56, 2, 36, 120] - 408.01217004630047
[100, 56, 2, 90, 120] - 408.06383364719994
[100, 2, 24, 38, 120] - 410.54218119550006
[100, 2, 24, 97, 120] - 415.99323216449966
[100, 2, 24, 94, 120] - 414.4717925871007
[100, 2, 24, 36, 120] - 413.8788971470993
[100, 2, 24, 90, 120] - 414.9856610283004
[100, 2, 38, 97, 120] - 410.30832280999977
[100, 2, 38, 94, 120] - 407.91550827449936
[100, 2, 36, 38, 120] - 408.5429842945999
[100, 2, 38, 90, 120] - 408.95397356230063
[100, 2, 94, 97, 120] - 412.7385315084995
[100, 2, 36, 97, 120] - 413.15320210569956
[100, 2, 90, 97, 120] - 413.88426732349933
[100, 2, 36, 94, 120] - 410.7139735463001
[100, 2, 90, 94, 120] - 412.01559203700026
[100, 2, 36, 90, 120] - 412.16125863930006
[88, 100, 2] - 362.4091360000003
[100, 79, 2] - 377.2705780000001
[100, 56, 2, 24, 38] - 407.45244928130006
[100, 56, 2, 24, 97] - 413.57625890879945
[100, 56, 2, 24, 94] - 410.9432988686993
[100, 56, 2, 24, 36] - 412.63469254540007
[100, 56, 2, 24, 90] - 412.5281787141002
[100, 56, 2, 38, 97] - 408.01314095469957
[100, 56, 2, 38, 94] - 404.5382230353999
[100, 56, 2, 36, 38] - 407.02961940389997
[100, 56, 2, 38, 90] - 406.4689153680994
[100, 56, 2, 94, 97] - 410.10800902359955
[100, 56, 2, 36, 97] - 412.3841023255999
[100, 56, 2, 90, 97] - 412.2009331664996
[100, 56, 2, 36, 94] - 408.82257864189955
[100, 56, 2, 90, 94] - 409.25250262960026
[100, 56, 2, 36, 90] - 411.3806387031999
[100, 2, 24, 38, 97] - 414.00560399329964
[100, 2, 24, 38, 94] - 412.0363128517007
[100, 2, 24, 36, 38] - 412.6496876647
[100, 2, 24, 38, 90] - 413.09285400349984
[100, 2, 24, 94, 97] - 417.1982395467999
[100, 2, 24, 36, 97] - 419.7633072944994
[100, 2, 24, 90, 97] - 420.5056217205999
[100, 2, 24, 36, 94] - 415.92755690739983
[100, 2, 24, 90, 94] - 417.2813731414
[100, 2, 24, 36, 90] - 419.1679671591
[100, 2, 71] - 362.98694200000034
[67, 100, 2] - 362.08690499999983
[100, 2, 38, 94, 97] - 410.9184022903
[100, 2, 36, 38, 97] - 413.04286011990035
[100, 2, 38, 90, 97] - 412.79589691269985
[100, 2, 36, 38, 94] - 409.65752245580063
[100, 2, 38, 90, 94] - 410.4764793252006
[100, 2, 36, 38, 90] - 411.61560429440027
[100, 2, 36, 94, 97] - 414.0835943900005
[100, 2, 90, 94, 97] - 415.1562056371996
[100, 2, 36, 90, 97] - 418.1771747496
[100, 2, 36, 90, 94] - 413.94145414009995
[88, 100, 120] - 353.59862699999996
[100, 79, 120] - 401.6432109999997
[100, 56, 24, 38, 120] - 404.7094055973998
[100, 56, 24, 97, 120] - 411.2697881364002
[100, 56, 24, 94, 120] - 408.5358946102999
[100, 56, 24, 36, 120] - 408.9449834283001
[100, 56, 24, 90, 120] - 408.49123813950047
[100, 56, 38, 97, 120] - 406.3214124373996
[100, 56, 38, 94, 120] - 402.90967724170014
[100, 56, 36, 38, 120] - 404.3312906530998
[100, 56, 38, 90, 120] - 403.38526525200007
[100, 56, 94, 97, 120] - 409.3663699795001
[100, 56, 36, 97, 120] - 410.1542702125998
[100, 56, 90, 97, 120] - 409.66641703450017
[100, 56, 36, 94, 120] - 406.6316788737
[100, 56, 90, 94, 120] - 406.6026860406005
[100, 56, 36, 90, 120] - 407.5015278418
[100, 24, 38, 97, 120] - 412.33993462459995
[100, 24, 38, 94, 120] - 410.2870506333004
[100, 24, 36, 38, 120] - 409.81067297370095
[100, 24, 38, 90, 120] - 410.03684307469985
[100, 24, 94, 97, 120] - 433.8216418751002
[100, 24, 36, 97, 120] - 433.2504598959999
[100, 24, 90, 97, 120] - 433.4346796730004
[100, 24, 36, 94, 120] - 431.0280235722993
[100, 24, 90, 94, 120] - 431.54372690499974
[100, 24, 36, 90, 120] - 430.84310506649996
[100, 71, 120] - 377.4830029999999
[67, 100, 120] - 375.0936189999997
[100, 38, 94, 97, 120] - 410.5721279269003
[100, 36, 38, 97, 120] - 411.4467784429007
[100, 38, 90, 97, 120] - 411.0109556894008
[100, 36, 38, 94, 120] - 408.0402495063005
[100, 38, 90, 94, 120] - 408.5210125929996
[100, 36, 38, 90, 120] - 408.6404579394998
[100, 36, 94, 97, 120] - 431.1909709060996
[100, 90, 94, 97, 120] - 431.2182965270002
[100, 36, 90, 97, 120] - 431.6195908724997
[100, 36, 90, 94, 120] - 428.5215293706998
[88, 100, 1, 79] - 343.51014018999985
[88, 100, 1, 41] - 358.3219953200001
[88, 100, 1, 94] - 358.9646528400001
[88, 100, 1, 36] - 356.6842764600002
[88, 100, 1, 90] - 355.2548257400004
[100, 1, 24, 79] - 352.1706346099999
[100, 1, 79, 41] - 357.0895408999999
[100, 1, 79, 97] - 348.75990451999985
[100, 1, 79, 94] - 381.9854962199999
[100, 1, 79, 36] - 378.49307086999966
[100, 1, 79, 90] - 376.08040816
[56, 100, 1] - 431.98944099999954
[100, 1, 24, 97] - 354.3169194600002
[100, 1, 24, 94] - 354.86065069999984
[100, 1, 24, 36] - 350.5216230200001
[100, 1, 24, 90] - 349.5074366499999
[100, 1, 94, 41] - 387.5421632899996
[100, 1, 36, 41] - 386.60144999
[100, 1, 90, 41] - 384.2744222100003
[100, 1, 94, 97] - 352.24514105999964
[100, 1, 36, 97] - 348.4387991900001
[100, 1, 90, 97] - 347.0372826800002
[100, 1, 36, 94] - 408.9018545799991
[100, 1, 90, 94] - 406.7050932599996
[100, 1, 36, 90] - 405.10864599000024
[88, 100, 56, 24, 79] - 350.4625044591999
[88, 100, 56, 79, 97] - 348.83524275339977
[88, 100, 56, 79, 94] - 348.6356267316001
[88, 100, 56, 79, 36] - 348.8090035851998
[88, 100, 56, 79, 90] - 344.9535886502004
[88, 100, 79, 24, 97] - 352.39629437690024
[88, 100, 79, 24, 94] - 351.7777782642001
[88, 100, 79, 24, 36] - 350.58435222530017
[88, 100, 79, 24, 90] - 347.44404696399977
[88, 100, 79, 41] - 343.2908669000002
[88, 100, 79, 94, 97] - 350.49163551859965
[88, 100, 79, 36, 97] - 350.2395162500998
[88, 100, 79, 90, 97] - 346.64429289970036
[88, 100, 79, 36, 94] - 360.1575647391008
[88, 100, 79, 90, 94] - 357.3542219854003
[88, 100, 79, 36, 90] - 355.98138494909983
[88, 100, 56, 24, 94, 97] - 338.4283991643379
[88, 100, 56, 24, 36, 97] - 338.93872057729646
[88, 100, 56, 24, 90, 97] - 336.948795088275
[88, 100, 56, 24, 36, 94] - 337.75197639113725
[88, 100, 56, 36, 94, 97] - 337.93275489309
[88, 100, 56, 90, 94] - 446.7279431527999
[88, 100, 56, 36, 90] - 446.83374780430034
[88, 100, 24, 36, 94, 97] - 338.7735299421729
[88, 100, 24, 90, 94, 97] - 337.5210453372022
[88, 100, 24, 36, 90] - 446.8860867661994
[88, 100, 71] - 436.90755800000034
[88, 67, 100] - 440.48714800000016
[88, 100, 94, 41] - 358.37951193999953
[88, 100, 36, 41] - 355.97295202000015
[88, 100, 90, 41] - 354.2619388100003
[88, 100, 38] - 393.879399
[88, 100, 36, 90, 97] - 448.07340674630024
[88, 100, 36, 90, 94] - 467.3032159496002
[100, 56, 79, 24, 94, 97] - 339.2135350589391
[100, 56, 79, 24, 36, 97] - 338.7476797407859
[100, 56, 79, 24, 36, 94] - 337.8641980802615
[100, 56, 79, 24, 90] - 445.88378282470023
[100, 56, 79, 90, 97] - 443.99691514020026
[100, 56, 79, 90, 94] - 443.1436349526006
[100, 56, 79, 36, 90] - 442.6582362130001
[100, 79, 24, 36, 94, 97] - 356.7419720869184
[100, 79, 24, 90, 94, 97] - 354.0810967350772
[100, 79, 24, 36, 90, 97] - 352.2203580990743
[100, 79, 24, 36, 90, 94] - 351.37526415485195
[100, 79, 71, 94] - 341.98722449999957
[100, 79, 36, 71] - 342.2796881900006
[100, 79, 90, 71] - 339.5826398399996
[100, 67, 79, 94] - 337.18065601999996
[100, 79, 94, 41] - 357.7943320200003
[100, 79, 36, 41] - 354.80753817000016
[100, 79, 90, 41] - 352.4129544300006
[100, 79, 38] - 416.7031390000004
[100, 79, 36, 90, 94, 97] - 349.99118537614015
[100, 56, 24, 71] - 433.2741429799998
[67, 100, 56, 24] - 438.7570986699992
[100, 56, 24, 38, 97] - 408.9489880074994
[100, 56, 24, 38, 94] - 405.7701010110001
[100, 56, 24, 36, 38] - 407.42220869849893
[100, 56, 24, 38, 90] - 406.4426983346989
[100, 56, 24, 36, 90, 94, 97] - 369.0360329974226
[100, 56, 71, 97] - 434.30025461999986
[100, 56, 71, 94] - 433.55399965999857
[100, 56, 36, 71] - 434.67581938999973
[100, 56, 90, 71] - 434.75977796000006
[100, 56, 67, 97] - 434.4597965099999
[100, 56, 67, 94] - 433.67494676999945
[100, 56, 67, 36] - 430.78315970999984
[100, 56, 67, 90] - 435.48772293000104
[100, 56, 41] - 430.38519099999974
[100, 56, 38, 94, 97] - 407.09188333939915
[100, 56, 36, 38, 97] - 409.56832194310056
[100, 56, 38, 90, 97] - 408.2783899172998
[100, 56, 36, 38, 94] - 405.08925849749977
[100, 56, 38, 90, 94] - 404.7519010814992
[100, 56, 36, 38, 90] - 406.6837092574
[100, 24, 71, 97] - 444.0854102600006
[100, 24, 71, 94] - 444.47499480999926
[100, 24, 36, 71] - 443.9181744699999
[100, 24, 90, 71] - 444.6934028999994
[100, 67, 24, 97] - 448.1308042499999
[100, 67, 24, 94] - 447.7572312699998
[100, 67, 24, 36] - 442.89366983999986
[100, 67, 24, 90] - 448.23205721000073
[100, 24, 41] - 438.6791879999996
[100, 24, 38, 94, 97] - 413.8064997017003
[100, 24, 36, 38, 97] - 414.69116490070076
[100, 24, 38, 90, 97] - 414.4877072910004
[100, 24, 36, 38, 94] - 411.8455893839001
[100, 24, 38, 90, 94] - 412.4873956649013
[100, 24, 36, 38, 90] - 412.4661091635006
[67, 100, 71] - 375.8606719999997
[100, 38, 71] - 438.7177430000002
[100, 71, 94, 97] - 444.4438855299993
[100, 36, 71, 97] - 444.1360166399994
[100, 90, 71, 97] - 444.71649456999944
[100, 36, 90, 71, 94] - 375.73742298170043
[100, 67, 38] - 435.33944500000035
[100, 67, 94, 97] - 443.62895967999947
[100, 67, 36, 97] - 439.64432049999994
[100, 67, 90, 97] - 444.61333377
[100, 67, 36, 90, 94] - 371.9486547409
[100, 41, 97] - 433.7824749999995
[100, 36, 94, 41] - 384.0183598500004
[100, 90, 94, 41] - 382.1832806099994
[100, 36, 90, 41] - 380.19951378000076
[100, 36, 38, 94, 97] - 412.5088971720995
[100, 38, 90, 94, 97] - 412.61728850280036
[100, 36, 38, 90, 97] - 414.00766006589976
[11, 23, 128] - 371.5956489999997
[11, 57, 128, 41] - 346.1907813100006
[11, 57, 38, 128] - 345.8607482000003
[11, 57, 128, 97] - 341.58002247000036
[11, 57, 128, 94] - 343.96410522
[11, 57, 36, 128] - 347.9370396799997
[11, 57, 90, 128] - 343.22070860000014
[11, 128, 31] - 392.4559070000001
[11, 104, 128] - 374.7435710000001
[11, 128, 120] - 367.35177700000025
[11, 1, 128] - 387.5188369999996
[11, 56, 38, 128] - 368.4646010300002
[11, 56, 128, 97] - 367.2351333299995
[11, 56, 128, 94] - 366.5482188000001
[11, 56, 36, 128] - 371.96081389999995
[11, 56, 90, 128] - 368.95408571999985
[11, 128, 71] - 429.80403799999954
[11, 67, 36, 128] - 340.6104457299999
[11, 67, 90, 128] - 338.0372479899997
[11, 38, 128, 41] - 364.90297232000006
[11, 128, 41, 97] - 345.50093758999975
[11, 128, 94, 41] - 361.96751749999976
[11, 36, 128, 41] - 359.90000228000054
[11, 90, 128, 41] - 362.83200644000016
[11, 38, 128, 94, 97] - 341.07746988159903
[11, 36, 38, 128, 97] - 345.3458682782005
[11, 38, 90, 128, 97] - 341.98220409040016
[11, 36, 38, 128, 94] - 351.77026686689965
[11, 38, 90, 128, 94] - 355.4231709920001
[11, 36, 38, 90, 128] - 353.2658029899997
[11, 36, 128, 94, 97] - 343.4658222667001
[11, 90, 128, 94, 97] - 340.3627180596001
[11, 36, 90, 128, 97] - 343.97479124180063
[11, 36, 90, 128, 94] - 351.94073459930036
[23, 6, 128] - 382.2591479999994
[57, 6, 128, 41] - 342.3515218499999
[57, 6, 128, 97] - 352.44649249
[57, 6, 128, 94] - 353.9398577900004
[57, 36, 6, 128] - 354.40379143999974
[57, 6, 90, 128] - 355.17625059
[6, 128, 31] - 374.7757560000002
[104, 6, 128] - 382.3594130000001
[1, 6, 128] - 387.8109540000003
[56, 6, 128, 97] - 347.52430061000007
[56, 6, 128, 94] - 347.2442983700003
[56, 36, 6, 128] - 346.4756538100001
[56, 6, 90, 128] - 348.4050241299996
[6, 128, 71] - 423.58002900000054
[67, 6, 128] - 432.988954
[38, 6, 128, 41] - 345.2233412499998
[6, 128, 41, 97] - 339.3652868499998
[6, 128, 94, 41] - 346.4332527000002
[36, 6, 128, 41] - 344.2600138100001
[6, 90, 128, 41] - 348.2068097700002
[38, 6, 128, 97] - 405.50219674000044
[38, 6, 128, 94] - 410.87068052999996
[36, 38, 6, 128] - 409.49650085000013
[38, 6, 90, 128] - 413.39000453999967
[6, 128, 94, 97] - 421.6625372400003
[36, 6, 128, 97] - 424.08113235999946
[6, 90, 128, 97] - 423.7668048200005
[36, 6, 128, 94] - 426.64582265999996
[6, 90, 128, 94] - 430.02035672999943
[36, 6, 90, 128] - 428.7904152000001
[23, 57, 104, 128, 31] - 409.72464504340024
[1, 23, 57, 128, 31] - 406.2138195120996
[56, 23, 57, 128, 31] - 408.3671921902997
[23, 57, 128, 71, 31] - 410.52270316229936
[67, 23, 57, 128, 31] - 410.8187819648999
[23, 57, 128, 41, 31] - 415.1954273563998
[23, 57, 38, 128, 31] - 407.4595636870995
[23, 57, 128, 97, 31] - 409.4703193486994
[23, 57, 128, 94, 31] - 410.58062315579946
[23, 57, 36, 128, 31] - 412.8018337099997
[23, 57, 90, 128, 31] - 410.8069070008997
[1, 23, 57, 104, 128] - 429.7018493713999
[56, 23, 57, 104, 128] - 432.01884048070025
[23, 57, 104, 128, 71] - 435.2176273850997
[67, 23, 57, 104, 128] - 433.5694983072004
[23, 57, 104, 128, 41] - 415.40679272530036
[23, 57, 38, 104, 128] - 408.7927094556996
[23, 57, 104, 128, 97] - 432.8999251508002
[23, 57, 104, 128, 94] - 433.67691290369874
[23, 57, 36, 104, 128] - 436.5927110856999
[23, 57, 104, 90, 128] - 434.3592232035003
[56, 23, 1, 57, 128] - 429.2475482175997
[23, 1, 57, 128, 71] - 432.1472688848003
[67, 23, 1, 57, 128] - 430.6234313426002
[23, 1, 57, 128, 41] - 411.0236163787998
[23, 1, 57, 38, 128] - 404.4036310152999
[23, 1, 57, 128, 97] - 430.1708574839002
[23, 1, 57, 128, 94] - 430.79066239450003
[23, 1, 57, 36, 128] - 434.19065932520124
[23, 1, 57, 90, 128] - 431.17567102250047
[23, 56, 57, 128, 71] - 434.28637782370123
[67, 23, 56, 57, 128] - 432.8498713241999
[23, 56, 57, 128, 41] - 413.7961989643
[23, 56, 57, 38, 128] - 406.7677368522003
[23, 56, 57, 128, 97] - 432.37382790819936
[23, 56, 57, 128, 94] - 433.1872831452002
[23, 56, 57, 36, 128] - 435.35967837720034
[23, 56, 57, 90, 128] - 432.4614298848008
[67, 23, 57, 128, 71] - 435.58022488870006
[23, 57, 128, 71, 41] - 415.85034608320035
[23, 57, 38, 128, 71] - 408.69756468589924
[23, 57, 128, 71, 97] - 435.6526020268995
[23, 57, 128, 71, 94] - 435.7411087913993
[23, 57, 36, 128, 71] - 437.91857773969986
[23, 57, 90, 128, 71] - 435.9470352118006
[23, 67, 57, 128, 41] - 416.7201927502001
[23, 67, 57, 38, 128] - 409.8137770152996
[23, 67, 57, 128, 97] - 433.8430286114999
[23, 67, 57, 128, 94] - 434.0868573410999
[23, 67, 57, 36, 128] - 436.96723442359996
[23, 67, 57, 90, 128] - 433.7596954836
[23, 57, 38, 128, 41] - 413.3068924700006
[23, 57, 128, 41, 97] - 415.10283647019963
[23, 57, 128, 94, 41] - 414.9315865543991
[23, 57, 36, 128, 41] - 417.9045515957003
[23, 57, 90, 128, 41] - 415.1452478729002
[23, 57, 38, 128, 97] - 407.8570962717
[23, 57, 38, 128, 94] - 408.2420266939994
[23, 57, 36, 38, 128] - 411.46593569479876
[23, 57, 38, 90, 128] - 408.06281844939946
[23, 57, 128, 94, 97] - 433.2861587868992
[23, 57, 36, 128, 97] - 436.2191480379999
[23, 57, 90, 128, 97] - 433.08608322450044
[23, 57, 36, 128, 94] - 437.6868916243004
[23, 57, 90, 128, 94] - 434.63257131040046
[23, 57, 36, 90, 128] - 437.46693442730026
[1, 23, 104, 128, 31] - 407.2491255017001
[56, 23, 104, 128, 31] - 409.2576683526996
[23, 104, 128, 71, 31] - 412.5393877437999
[67, 23, 104, 128, 31] - 412.08736517000074
[23, 104, 128, 41, 31] - 416.2465349462998
[23, 38, 104, 128, 31] - 409.5682408400002
[23, 104, 128, 97, 31] - 410.8200376642
[23, 104, 128, 94, 31] - 410.8667521343999
[23, 36, 104, 128, 31] - 414.7176880304993
[23, 104, 90, 128, 31] - 413.31065986770056
[56, 23, 1, 128, 31] - 405.0953514061999
[23, 1, 128, 71, 31] - 408.51937114729947
[67, 23, 1, 128, 31] - 407.6714114556007
[23, 1, 128, 41, 31] - 411.32314309160057
[23, 1, 38, 128, 31] - 404.7281157055002
[23, 1, 128, 97, 31] - 406.39120837779984
[23, 1, 128, 94, 31] - 406.6907895015998
[23, 1, 36, 128, 31] - 410.90698372129924
[23, 1, 90, 128, 31] - 408.64546150040076
[23, 56, 128, 71, 31] - 409.9102819958009
[67, 23, 56, 128, 31] - 409.5995152921001
[23, 56, 128, 41, 31] - 413.9281930265004
[23, 56, 38, 128, 31] - 406.9141612716996
[23, 56, 128, 97, 31] - 408.2326566949997
[23, 56, 128, 94, 31] - 408.6907451754014
[23, 56, 36, 128, 31] - 411.8734959369993
[23, 56, 90, 128, 31] - 409.64666761820024
[67, 23, 128, 71, 31] - 412.3908710220999
[23, 128, 71, 41, 31] - 416.12552259750066
[23, 38, 128, 71, 31] - 409.0645250911002
[23, 128, 71, 97, 31] - 411.63267484199986
[23, 128, 71, 94, 31] - 411.6272486624995
[23, 36, 128, 71, 31] - 414.5409688354996
[23, 90, 128, 71, 31] - 413.0571452769003
[23, 67, 128, 41, 31] - 416.6276691596002
[23, 67, 38, 128, 31] - 410.0134738052993
[23, 67, 128, 97, 31] - 411.2006997444001
[23, 67, 128, 94, 31] - 411.0903880249009
[23, 67, 36, 128, 31] - 414.4726226859996
[23, 67, 90, 128, 31] - 412.4288242074002
[23, 38, 128, 41, 31] - 413.4929021798004
[23, 128, 41, 97, 31] - 415.2961844353002
[23, 128, 94, 41, 31] - 414.73686720129984
[23, 36, 128, 41, 31] - 418.2438683880999
[23, 90, 128, 41, 31] - 416.4189262557995
[23, 38, 128, 97, 31] - 407.9758141566998
[23, 38, 128, 94, 31] - 407.97328533670003
[23, 36, 38, 128, 31] - 411.7139070923004
[23, 38, 90, 128, 31] - 409.6007970760999
[23, 128, 94, 31, 97] - 409.51505158259977
[23, 36, 128, 31, 97] - 413.17985672380024
[23, 90, 128, 31, 97] - 410.9179018938001
[23, 36, 128, 94, 31] - 414.1318321556997
[23, 90, 128, 94, 31] - 411.93507689489974
[23, 36, 90, 128, 31] - 415.5308594479006
[23, 5, 128] - 390.15968799999985
[56, 23, 1, 104, 128] - 429.10630469339986
[23, 1, 104, 128, 71] - 433.4171070735998
[67, 23, 1, 104, 128] - 430.7279295823
[23, 1, 104, 128, 41] - 411.48362159939984
[23, 1, 38, 104, 128] - 405.87633411920035
[23, 1, 104, 128, 97] - 430.4289273521
[23, 1, 104, 128, 94] - 430.1287998303999
[23, 1, 36, 104, 128] - 435.0721128477996
[23, 1, 104, 90, 128] - 432.4464184353002
[23, 56, 104, 128, 71] - 434.84461912369994
[67, 23, 56, 104, 128] - 432.7030226043009
[23, 56, 104, 128, 41] - 414.34906913710023
[23, 56, 38, 104, 128] - 408.3824948256998
[23, 56, 104, 128, 97] - 432.4283103864996
[23, 56, 104, 128, 94] - 432.14575426560043
[23, 56, 36, 104, 128] - 436.0485247027
[23, 56, 104, 90, 128] - 433.65919062059993
[67, 23, 104, 128, 71] - 436.17226218059983
[23, 104, 128, 71, 41] - 417.40403754609997
[23, 38, 104, 128, 71] - 411.3390062346007
[23, 104, 128, 71, 97] - 436.4720697726002
[23, 104, 128, 71, 94] - 435.7558248236006
[23, 36, 104, 128, 71] - 439.41353836839966
[23, 104, 90, 128, 71] - 437.7605815639995
[23, 67, 104, 128, 41] - 417.5990366941004
[23, 67, 38, 104, 128] - 411.8086394310995
[23, 67, 104, 128, 97] - 434.1297786236997
[23, 67, 104, 128, 94] - 433.3060850670014
[23, 67, 36, 104, 128] - 437.74404110040007
[23, 67, 104, 90, 128] - 435.19403250989916
[23, 38, 104, 128, 41] - 414.8601001861
[23, 104, 128, 41, 97] - 415.80810683530035
[23, 104, 128, 94, 41] - 414.70205288450046
[23, 36, 104, 128, 41] - 419.14428594010053
[23, 104, 90, 128, 41] - 417.0091868734002
[23, 104, 38, 128, 97] - 409.60479216410073
[23, 104, 38, 128, 94] - 409.1488274366002
[23, 36, 104, 38, 128] - 413.69297704560006
[23, 104, 38, 90, 128] - 411.1419820593002
[23, 104, 128, 94, 97] - 432.63790459780023
[23, 36, 104, 128, 97] - 436.8158393250002
[23, 104, 90, 128, 97] - 434.43604821610006
[23, 36, 104, 128, 94] - 437.47755940429965
[23, 104, 90, 128, 94] - 435.0370485452
[23, 36, 104, 90, 128] - 439.41774201140004
[23, 128, 120] - 404.59082199999943
[23, 1, 56, 128, 71] - 431.3142344778996
[67, 23, 1, 56, 128] - 428.8778209389004
[23, 1, 56, 128, 41] - 409.16581333130006
[23, 1, 56, 38, 128] - 403.3163523355
[23, 1, 56, 128, 97] - 428.9710962022001
[23, 1, 56, 128, 94] - 428.6015551418999
[23, 1, 56, 36, 128] - 432.90046704919973
[23, 1, 56, 90, 128] - 429.5642786065003
[67, 23, 1, 128, 71] - 432.3415430912996
[23, 1, 128, 71, 41] - 412.3146029221991
[23, 1, 38, 128, 71] - 406.2087009222995
[23, 1, 128, 71, 97] - 432.8013628993996
[23, 1, 128, 71, 94] - 432.2491057827991
[23, 1, 36, 128, 71] - 436.17046327530096
[23, 1, 90, 128, 71] - 433.6858186703005
[23, 1, 67, 128, 41] - 412.0864081452999
[23, 1, 67, 38, 128] - 406.35836236240044
[23, 1, 67, 128, 97] - 430.35397668999957
[23, 1, 67, 128, 94] - 429.43962214749945
[23, 1, 67, 36, 128] - 434.2542518597992
[23, 1, 67, 90, 128] - 430.8347117039003
[23, 1, 38, 128, 41] - 409.018875425401
[23, 1, 128, 41, 97] - 410.64775548950007
[23, 1, 128, 94, 41] - 409.4625228961004
[23, 1, 36, 128, 41] - 414.56814464140047
[23, 1, 90, 128, 41] - 411.5502926737002
[23, 1, 38, 128, 97] - 404.27857268690053
[23, 1, 38, 128, 94] - 403.9234865554001
[23, 1, 36, 38, 128] - 409.2583684089
[23, 1, 38, 90, 128] - 405.67677927049954
[23, 1, 128, 94, 97] - 429.1644715029003
[23, 1, 36, 128, 97] - 433.9484349649998
[23, 1, 90, 128, 97] - 430.4703979600993
[23, 1, 36, 128, 94] - 434.49282528080005
[23, 1, 90, 128, 94] - 431.0991328962
[23, 1, 36, 90, 128] - 435.7720584462994
[67, 23, 56, 128, 71] - 434.0583504976989
[23, 56, 128, 71, 41] - 414.39491040309946
[23, 56, 38, 128, 71] - 408.2354510377997
[23, 56, 128, 71, 97] - 434.58943405460013
[23, 56, 128, 71, 94] - 433.80850966669936
[23, 56, 36, 128, 71] - 436.96603216470027
[23, 56, 90, 128, 71] - 434.4314643931995
[23, 56, 67, 128, 41] - 414.67325779189986
[23, 56, 67, 38, 128] - 408.68487222639936
[23, 56, 67, 128, 97] - 432.3180428160989
[23, 56, 67, 128, 94] - 431.7790191871004
[23, 56, 67, 36, 128] - 435.3989160468009
[23, 56, 67, 90, 128] - 431.83056442990073
[23, 56, 38, 128, 41] - 411.78703539269986
[23, 56, 128, 41, 97] - 413.04179348569966
[23, 56, 128, 94, 41] - 412.17180547920077
[23, 56, 36, 128, 41] - 416.1812649888998
[23, 56, 90, 128, 41] - 413.15542200739975
[23, 56, 38, 128, 97] - 406.6345166827998
[23, 56, 38, 128, 94] - 406.37725836410027
[23, 56, 36, 38, 128] - 410.5219129238993
[23, 56, 38, 90, 128] - 407.0975410943005
[23, 56, 128, 94, 97] - 431.2012861177001
[23, 56, 36, 128, 97] - 434.8302140025995
[23, 56, 90, 128, 97] - 431.48606624249965
[23, 56, 36, 128, 94] - 435.58791443060034
[23, 56, 90, 128, 94] - 432.1803879584003
[23, 56, 36, 90, 128] - 435.83887175889924
[23, 67, 128, 71, 41] - 417.2843141067995
[23, 67, 38, 128, 71] - 411.1362864492991
[23, 67, 128, 71, 97] - 435.75156015719926
[23, 67, 128, 71, 94] - 434.7313388407001
[23, 67, 36, 128, 71] - 438.1417885776999
[23, 67, 90, 128, 71] - 435.4900475393
[23, 38, 128, 71, 41] - 413.8640340350996
[23, 128, 71, 41, 97] - 416.2099142330004
[23, 128, 71, 94, 41] - 415.05263940210017
[23, 36, 128, 71, 41] - 418.85533687279974
[23, 90, 128, 71, 41] - 416.3453060978004
[23, 38, 128, 71, 97] - 409.67640336700003
[23, 38, 128, 71, 94] - 408.9373829422002
[23, 36, 38, 128, 71] - 412.76811730750006
[23, 38, 90, 128, 71] - 409.91026441199995
[23, 128, 71, 94, 97] - 434.6467084895
[23, 36, 128, 71, 97] - 438.14419548150033
[23, 90, 128, 71, 97] - 435.68223651129983
[23, 36, 128, 71, 94] - 438.3222208326999
[23, 90, 128, 71, 94] - 435.9145570303999
[23, 36, 90, 128, 71] - 439.4748244118004
[23, 67, 38, 128, 41] - 415.2445354676003
[23, 67, 128, 41, 97] - 416.3544575187003
[23, 67, 128, 94, 41] - 414.8990303481996
[23, 67, 36, 128, 41] - 419.107319147101
[23, 67, 90, 128, 41] - 416.2377694076999
[23, 67, 38, 128, 97] - 410.10976831370033
[23, 67, 38, 128, 94] - 409.1383626683995
[23, 67, 36, 38, 128] - 413.43741315449995
[23, 67, 38, 90, 128] - 410.32963710010023
[23, 67, 128, 94, 97] - 432.2347802026003
[23, 67, 36, 128, 97] - 436.4117214261007
[23, 67, 90, 128, 97] - 432.9987979030996
[23, 67, 36, 128, 94] - 436.51913563450034
[23, 67, 90, 128, 94] - 433.2356580682004
[23, 67, 36, 90, 128] - 437.29453697930023
[23, 38, 128, 41, 97] - 412.9881156944999
[23, 38, 128, 94, 41] - 411.63332439500033
[23, 36, 38, 128, 41] - 416.42230068160006
[23, 38, 90, 128, 41] - 413.3318657829992
[23, 128, 94, 41, 97] - 413.28184651570035
[23, 36, 128, 41, 97] - 417.58919051010054
[23, 90, 128, 41, 97] - 414.54900754090113
[23, 36, 128, 94, 41] - 417.1562141227004
[23, 90, 128, 94, 41] - 414.2369683094004
[23, 36, 90, 128, 41] - 418.60733770109965
[23, 38, 128, 94, 97] - 406.938756662
[23, 36, 38, 128, 97] - 411.2854425604999
[23, 38, 90, 128, 97] - 407.9119222149002
[23, 36, 38, 128, 94] - 411.7030551941005
[23, 38, 90, 128, 94] - 408.22680151979995
[23, 36, 38, 90, 128] - 412.96911662289966
[23, 36, 128, 94, 97] - 435.5911398976006
[23, 90, 128, 94, 97] - 432.5972974088998
[23, 36, 90, 128, 97] - 436.39926007640054
[23, 36, 90, 128, 94] - 438.0747065887004
[55, 128] - 418.7539999999994
[1, 57, 104, 128, 31] - 406.7965900976999
[56, 57, 104, 128, 31] - 407.9569251478997
[57, 104, 128, 71, 31] - 410.32983271850003
[67, 57, 104, 128, 31] - 410.55244844839984
[57, 104, 128, 41, 31] - 416.0315592902995
[57, 38, 104, 128, 31] - 409.5037378537999
[57, 104, 128, 97, 31] - 410.07152330469955
[57, 104, 128, 94, 31] - 411.2872513374999
[57, 36, 104, 128, 31] - 414.90791992340013
[57, 104, 90, 128, 31] - 412.7800313512002
[56, 1, 57, 128, 31] - 404.745287108001
[1, 57, 128, 71, 31] - 406.6733476041995
[67, 1, 57, 128, 31] - 407.1549813976994
[1, 57, 128, 41, 31] - 412.1120652139
[1, 57, 38, 128, 31] - 405.25228904960017
[1, 57, 128, 97, 31] - 406.4148920342004
[1, 57, 128, 94, 31] - 407.8243306420996
[1, 57, 36, 128, 31] - 411.87171110379984
[1, 57, 90, 128, 31] - 408.97278170380036
[56, 57, 128, 71, 31] - 409.0840146892998
[67, 56, 57, 128, 31] - 409.5229539764001
[56, 57, 128, 41, 31] - 413.7403962924005
[56, 57, 38, 128, 31] - 406.5403798307988
[56, 57, 128, 97, 31] - 408.8697899705002
[56, 57, 128, 94, 31] - 409.2675098750011
[56, 57, 36, 128, 31] - 411.7858560777993
[56, 57, 90, 128, 31] - 408.99968140849955
[67, 57, 128, 71, 31] - 411.5262755212
[57, 128, 71, 41, 31] - 414.9840269895001
[57, 38, 128, 71, 31] - 407.77082456210104
[57, 128, 71, 97, 31] - 411.3063895060996
[57, 128, 71, 94, 31] - 411.17241088989977
[57, 36, 128, 71, 31] - 413.7261476722
[57, 90, 128, 71, 31] - 411.61100863689967
[67, 57, 128, 41, 31] - 416.4321399980008
[67, 57, 38, 128, 31] - 409.6497108969001
[67, 57, 128, 97, 31] - 411.63134296299967
[67, 57, 128, 94, 31] - 411.2517206581997
[67, 57, 36, 128, 31] - 414.46304349699926
[67, 57, 90, 128, 31] - 411.6289348997997
[57, 38, 128, 41, 31] - 414.46852494299986
[57, 128, 41, 97, 31] - 415.8846439280007
[57, 128, 94, 41, 31] - 416.44723345169973
[57, 36, 128, 41, 31] - 419.5012314292002
[57, 90, 128, 41, 31] - 417.2495830172004
[57, 38, 128, 97, 31] - 408.3609496016998
[57, 38, 128, 94, 31] - 409.3049862145993
[57, 36, 38, 128, 31] - 412.8625721767002
[57, 38, 90, 128, 31] - 409.98022679850027
[57, 128, 94, 31, 97] - 410.58140089289964
[57, 36, 128, 31, 97] - 414.0506733416002
[57, 90, 128, 31, 97] - 410.7271727371001
[57, 36, 128, 94, 31] - 415.77969817850027
[57, 90, 128, 94, 31] - 412.9771396236005
[57, 36, 90, 128, 31] - 416.3692273139005
[57, 104, 5, 128] - 357.62033713999995
[57, 5, 128, 71] - 355.0869117500006
[67, 57, 5, 128] - 356.7633935900002
[57, 5, 128, 41] - 345.7392268799997
[57, 38, 5, 128] - 376.9937485600001
[57, 5, 128, 97] - 425.48981458000065
[57, 5, 128, 94] - 422.88117368999997
[57, 36, 5, 128] - 427.9849656899998
[57, 5, 90, 128] - 424.83815617999966
[57, 104, 128, 120] - 339.87245966999984
[56, 1, 57, 104, 128] - 428.7201628162998
[1, 57, 104, 128, 71] - 431.7504343609997
[67, 1, 57, 104, 128] - 430.43607540410056
[1, 57, 104, 128, 41] - 411.6223703628998
[1, 57, 38, 104, 128] - 405.92625242110006
[1, 57, 104, 128, 97] - 430.4033951031006
[1, 57, 104, 128, 94] - 431.4784213026009
[1, 57, 36, 104, 128] - 436.1375973320001
[1, 57, 104, 90, 128] - 432.82342757179913
[56, 57, 104, 128, 71] - 434.4029870856001
[67, 56, 57, 104, 128] - 432.97463254120026
[56, 57, 104, 128, 41] - 413.53124216739985
[56, 57, 38, 104, 128] - 407.5471544038001
[56, 57, 104, 128, 97] - 433.33190389640026
[56, 57, 104, 128, 94] - 433.0172725908998
[56, 57, 36, 104, 128] - 436.17246589160044
[56, 57, 104, 90, 128] - 433.21744963159955
[67, 57, 104, 128, 71, 97] - 364.44234112240775
[67, 57, 104, 128, 71, 94] - 360.78650763133106
[67, 57, 36, 104, 128, 71] - 364.72587209612607
[67, 57, 104, 90, 128, 71] - 363.5393151424811
[57, 104, 128, 71, 41] - 415.64740027900035
[57, 38, 104, 128, 71] - 432.2747415118995
[57, 104, 128, 71, 94, 97] - 362.2009859563273
[57, 36, 104, 128, 71, 97] - 365.8567942282589
[57, 104, 90, 128, 71, 97] - 364.8982155758243
[57, 36, 104, 128, 71, 94] - 362.7913986109673
[57, 104, 90, 128, 71, 94] - 361.9929536094408
[57, 36, 104, 90, 128, 71] - 365.9577988109209
[67, 57, 104, 128, 41] - 416.76683102730067
[67, 57, 38, 104, 128] - 433.96217216020045
[67, 57, 104, 128, 94, 97] - 362.2378446166565
[67, 57, 36, 104, 128, 97] - 366.9049435205012
[67, 57, 104, 90, 128, 97] - 364.73567940965864
[67, 57, 36, 104, 128, 94] - 363.73538676423635
[67, 57, 104, 90, 128, 94] - 361.7634227915381
[67, 57, 36, 104, 90, 128] - 366.7101529872675
[57, 38, 104, 128, 41] - 415.49911521990015
[57, 104, 128, 41, 97] - 416.06725992869934
[57, 104, 128, 94, 41] - 415.85481812860047
[57, 36, 104, 128, 41] - 419.9177163133997
[57, 104, 90, 128, 41] - 417.3516197075995
[57, 104, 38, 128, 97] - 433.88009042190055
[57, 104, 38, 128, 94] - 432.34520994230036
[57, 36, 104, 38, 128] - 437.7287348350997
[57, 104, 38, 90, 128] - 434.6660479395995
[57, 36, 104, 128, 94, 97] - 364.5932726119945
[57, 104, 90, 128, 94, 97] - 362.9132658406441
[57, 36, 104, 90, 128, 97] - 367.2916303726403
[57, 36, 104, 90, 128, 94] - 366.22287879136184
[57, 128, 71, 120] - 338.48582403000006
[67, 57, 128, 120] - 340.44140391999946
[57, 128, 41, 120] - 343.6345215500003
[57, 38, 128, 120] - 356.26047548000076
[57, 128, 97, 120] - 403.0994964300001
[57, 128, 94, 120] - 406.4898295000002
[57, 36, 128, 120] - 408.23470132000006
[57, 90, 128, 120] - 406.8985115099996
[1, 56, 57, 128, 71] - 431.5800665627997
[67, 1, 56, 57, 128] - 430.48511305620065
[1, 56, 57, 128, 41] - 409.5128438782999
[1, 56, 57, 38, 128] - 403.2964809758
[1, 56, 57, 128, 97] - 430.8379835681999
[1, 56, 57, 128, 94] - 430.4308039529002
[1, 56, 57, 36, 128] - 433.99846656980077
[1, 56, 57, 90, 128] - 430.16837960260034
[67, 1, 57, 128, 71] - 432.753330268
[1, 57, 128, 71, 41] - 411.22536377220086
[1, 57, 38, 128, 71] - 404.89864387279994
[1, 57, 128, 71, 97] - 433.3546240907007
[1, 57, 128, 71, 94] - 432.63618182190015
[1, 57, 36, 128, 71] - 436.1842700973983
[1, 57, 90, 128, 71] - 433.05230166210083
[1, 67, 57, 128, 41] - 412.3742271582999
[1, 67, 57, 38, 128] - 406.4276642897
[1, 67, 57, 128, 97] - 432.31240897559945
[1, 67, 57, 128, 94] - 431.11406136379986
[1, 67, 57, 36, 128] - 435.6450662110993
[1, 67, 57, 90, 128] - 431.51130317440067
[1, 57, 38, 128, 41] - 410.4128003472006
[1, 57, 128, 41, 97] - 411.8058703082999
[1, 57, 128, 94, 41] - 411.5487282504003
[1, 57, 36, 128, 41] - 416.2858774212996
[1, 57, 90, 128, 41] - 412.90738958700115
[1, 57, 38, 128, 97] - 405.0937591441001
[1, 57, 38, 128, 94] - 405.4385149813997
[1, 57, 36, 38, 128] - 410.7184449930006
[1, 57, 38, 90, 128] - 406.4596891103006
[1, 57, 128, 94, 97] - 431.283560976499
[1, 57, 36, 128, 97] - 435.8388386734997
[1, 57, 90, 128, 97] - 431.29371335940004
[1, 57, 36, 128, 94] - 437.30101009430007
[1, 57, 90, 128, 94] - 433.26824851359993
[1, 57, 36, 90, 128] - 437.69269527219893
[88, 57, 128] - 368.0325060000001
[79, 57, 128] - 362.2344679999996
[67, 56, 57, 128, 71] - 435.44294722159975
[56, 57, 128, 71, 41] - 414.3290611110004
[56, 57, 38, 128, 71] - 407.8333951228005
[56, 57, 128, 71, 97] - 436.4264238742994
[56, 57, 128, 71, 94] - 435.5014502171
[56, 57, 36, 128, 71] - 437.98522184669974
[56, 57, 90, 128, 71] - 435.0379042386007
[56, 67, 57, 128, 41] - 415.4363764856999
[56, 67, 57, 38, 128] - 409.1235633231009
[56, 67, 57, 128, 97] - 434.9135539610001
[56, 67, 57, 128, 94] - 434.0923779628001
[56, 67, 57, 36, 128] - 437.17833107349963
[56, 67, 57, 90, 128] - 433.15353152779994
[56, 57, 38, 128, 41] - 412.26677184079966
[56, 57, 128, 41, 97] - 414.90698690539926
[56, 57, 128, 94, 41] - 413.5744679690005
[56, 57, 36, 128, 41] - 416.78441736990044
[56, 57, 90, 128, 41] - 413.5012900289999
[56, 57, 38, 128, 97] - 408.06810239930013
[56, 57, 38, 128, 94] - 407.27594358029967
[56, 57, 36, 38, 128] - 410.9565379890001
[56, 57, 38, 90, 128] - 406.85514016710044
[56, 57, 128, 94, 97] - 434.2604228394009
[56, 57, 36, 128, 97] - 437.4413297767002
[56, 57, 90, 128, 97] - 433.24566250550043
[56, 57, 36, 128, 94] - 437.74225565389935
[56, 57, 90, 128, 94] - 433.8345898819004
[56, 57, 36, 90, 128] - 436.84468802210023
[67, 57, 128, 71, 41] - 417.28732334029974
[67, 57, 38, 128, 71] - 433.2295645533005
[67, 57, 128, 71, 94, 97] - 362.64721042753916
[67, 57, 36, 128, 71, 97] - 366.71493336824904
[67, 57, 90, 128, 71, 97] - 364.61611856582704
[67, 57, 36, 128, 71, 94] - 363.19602863844824
[67, 57, 90, 128, 71, 94] - 361.3570522966226
[67, 57, 36, 90, 128, 71] - 365.51309737325425
[57, 38, 128, 71, 41] - 413.44990629949933
[57, 128, 71, 41, 97] - 417.1895220204001
[57, 128, 71, 94, 41] - 415.4275118635998
[57, 36, 128, 71, 41] - 418.76291848050096
[57, 90, 128, 71, 41] - 415.84159276379944
[57, 38, 128, 71, 97] - 433.65673168169985
[57, 38, 128, 71, 94] - 430.65503160549963
[57, 36, 38, 128, 71] - 435.1704367345995
[57, 38, 90, 128, 71] - 431.74523483600007
[57, 36, 128, 71, 94, 97] - 364.38869965067903
[57, 90, 128, 71, 94, 97] - 363.0165075116277
[57, 36, 90, 128, 71, 97] - 366.8082422012988
[57, 36, 90, 128, 71, 94] - 364.14319924750384
[67, 57, 38, 128, 41] - 415.84731073200066
[67, 57, 128, 41, 97] - 418.17848771180047
[67, 57, 128, 94, 41] - 416.0101077456998
[67, 57, 36, 128, 41] - 419.96687875580005
[67, 57, 90, 128, 41] - 416.6119335735
[67, 57, 38, 128, 97] - 435.37983317759887
[67, 57, 38, 128, 94] - 431.8151206645004
[67, 57, 36, 38, 128] - 437.2668805868002
[67, 57, 38, 90, 128] - 433.23145106909965
[67, 57, 36, 128, 94, 97] - 365.32048374565056
[67, 57, 90, 128, 94, 97] - 362.61683580785996
[67, 57, 36, 90, 128, 97] - 367.3433669934773
[67, 57, 36, 90, 128, 94] - 364.69055134837816
[57, 38, 128, 94, 41, 97] - 384.87636478814966
[57, 36, 38, 128, 41, 97] - 387.31340136753573
[57, 38, 90, 128, 41, 97] - 383.5513987892221
[57, 36, 38, 128, 94, 41] - 388.3040670711079
[57, 38, 90, 128, 94, 41] - 384.75197376783757
[57, 36, 38, 90, 128, 41] - 387.62261837273684
[57, 36, 128, 94, 41, 97] - 388.2191999122592
[57, 90, 128, 94, 41, 97] - 384.6967180336289
[57, 36, 90, 128, 41, 97] - 387.039026362381
[57, 36, 90, 128, 94, 41] - 388.9150660346941
[57, 36, 38, 128, 94, 97] - 402.15090357677
[57, 38, 90, 128, 94, 97] - 398.0959461180223
[57, 36, 38, 90, 128, 97] - 401.51176051529694
[57, 36, 38, 90, 128, 94] - 402.6444414906693
[57, 36, 90, 128, 94, 97] - 439.7769000503743
[5, 128, 31] - 385.07144800000003
[56, 1, 104, 128, 31] - 404.50002565569946
[1, 104, 128, 71, 31] - 407.94970553760004
[67, 1, 104, 128, 31] - 407.3671352465997
[1, 104, 128, 41, 31] - 412.2240021641
[1, 38, 104, 128, 31] - 406.44818657159976
[1, 104, 128, 97, 31] - 406.75606040959957
[1, 104, 128, 94, 31] - 407.45839465309905
[1, 36, 104, 128, 31] - 413.06549848840024
[1, 104, 90, 128, 31] - 410.5948626768009
[56, 104, 128, 71, 31] - 410.01018677580015
[67, 56, 104, 128, 31] - 409.7871660888999
[56, 104, 128, 41, 31] - 413.8788237951995
[56, 38, 104, 128, 31] - 407.7220732836001
[56, 104, 128, 97, 31] - 409.27896558899994
[56, 104, 128, 94, 31] - 408.5989364799998
[56, 36, 104, 128, 31] - 412.91172568619976
[56, 104, 90, 128, 31] - 410.67243569490023
[67, 104, 128, 71, 31] - 412.6117653251006
[104, 128, 71, 41, 31] - 415.97340549269984
[38, 104, 128, 71, 31] - 409.9104441679002
[104, 128, 71, 97, 31] - 412.58592479119994
[104, 128, 71, 94, 31] - 411.5999698016003
[36, 104, 128, 71, 31] - 415.7328771049005
[104, 90, 128, 71, 31] - 413.98607972189956
[67, 104, 128, 41, 31] - 416.8429349421994
[67, 38, 104, 128, 31] - 411.24682140360153
[67, 104, 128, 97, 31] - 412.47148103160015
[67, 104, 128, 94, 31] - 410.9621635424005
[67, 36, 104, 128, 31] - 415.82557774730014
[67, 104, 90, 128, 31] - 413.7042221118999
[38, 104, 128, 41, 31] - 415.6796615162004
[104, 128, 41, 97, 31] - 416.2660645292003
[104, 128, 94, 41, 31] - 415.9282397646998
[36, 104, 128, 41, 31] - 420.61328851639973
[104, 90, 128, 41, 31] - 418.9436400502003
[104, 38, 128, 97, 31] - 409.8342210280005
[104, 38, 128, 94, 31] - 410.0209496487002
[36, 104, 38, 128, 31] - 415.0602330473003
[104, 38, 90, 128, 31] - 412.9593807608003
[104, 128, 94, 31, 97] - 410.45265792129965
[36, 104, 128, 31, 97] - 415.2080120232001
[104, 90, 128, 31, 97] - 412.71498117159985
[36, 104, 128, 94, 31] - 416.37252034180057
[104, 90, 128, 94, 31] - 414.12528620629945
[36, 104, 90, 128, 31] - 419.1960782952998
[128, 31, 120] - 390.02506399999976
[1, 56, 128, 71, 31] - 406.0817904065995
[67, 1, 56, 128, 31] - 405.7301742729005
[1, 56, 128, 41, 31] - 409.1362077169991
[1, 56, 38, 128, 31] - 402.80392688850003
[1, 56, 128, 97, 31] - 405.0472410189998
[1, 56, 128, 94, 31] - 404.6187266845993
[1, 56, 36, 128, 31] - 409.20224887480083
[1, 56, 90, 128, 31] - 406.0432066044
[67, 1, 128, 71, 31] - 408.3858007361
[1, 128, 71, 41, 31] - 411.19122042110047
[1, 38, 128, 71, 31] - 404.84862365580074
[1, 128, 71, 97, 31] - 408.0308681784001
[1, 128, 71, 94, 31] - 407.44426264120045
[1, 36, 128, 71, 31] - 411.7658535940005
[1, 90, 128, 71, 31] - 409.1888796898005
[1, 67, 128, 41, 31] - 411.7372929591995
[1, 67, 38, 128, 31] - 417.1777128277001
[1, 67, 128, 97, 31] - 418.75354215949994
[1, 67, 128, 94, 31] - 417.4138712334998
[1, 67, 36, 128, 31] - 423.01354556309997
[1, 67, 90, 128, 31] - 420.10274075149925
[1, 38, 128, 41, 31] - 410.11058046490035
[1, 128, 41, 97, 31] - 411.2384557982998
[1, 128, 94, 41, 31] - 411.23991019239946
[1, 36, 128, 41, 31] - 416.3096972841007
[1, 90, 128, 41, 31] - 413.71954098360004
[1, 38, 128, 97, 31] - 415.87025740400014
[1, 38, 128, 94, 31] - 416.3987085556999
[1, 36, 38, 128, 31] - 422.3947916529006
[1, 38, 90, 128, 31] - 419.34695394100083
[1, 128, 94, 31, 97] - 417.06657897429955
[1, 36, 128, 31, 97] - 422.7495904434997
[1, 90, 128, 31, 97] - 419.17754453719994
[1, 36, 128, 94, 31] - 424.1420866955998
[1, 90, 128, 94, 31] - 420.8568020134998
[1, 36, 90, 128, 31] - 426.67264391300046
[67, 56, 128, 71, 31] - 410.4459888102007
[56, 128, 71, 41, 31] - 413.8490319885003
[56, 38, 128, 71, 31] - 407.2927112536989
[56, 128, 71, 97, 31] - 410.29210772959976
[56, 128, 71, 94, 31] - 409.64325725070046
[56, 36, 128, 71, 31] - 413.0774806741007
[56, 90, 128, 71, 31] - 410.58615696390007
[56, 67, 128, 41, 31] - 414.79513358760033
[56, 67, 38, 128, 31] - 408.6872741804004
[56, 67, 128, 97, 31] - 410.27313477520033
[56, 67, 128, 94, 31] - 409.3827318177998
[56, 67, 36, 128, 31] - 413.3318221477
[56, 67, 90, 128, 31] - 410.2247969924005
[56, 38, 128, 41, 31] - 411.8850021276008
[56, 128, 41, 97, 31] - 414.2683509777998
[56, 128, 94, 41, 31] - 412.88954739469995
[56, 36, 128, 41, 31] - 416.7275900626996
[56, 90, 128, 41, 31] - 414.09974563269924
[56, 38, 128, 97, 31] - 407.2716090128994
[56, 38, 128, 94, 31] - 406.46500572550065
[56, 36, 38, 128, 31] - 410.67070934500026
[56, 38, 90, 128, 31] - 407.56660719939975
[56, 128, 94, 31, 97] - 408.5209379947002
[56, 36, 128, 31, 97] - 412.60773503729945
[56, 90, 128, 31, 97] - 409.2558437444
[56, 36, 128, 94, 31] - 412.7729815211008
[56, 90, 128, 94, 31] - 409.6415561181004
[56, 36, 90, 128, 31] - 413.6142788912999
[67, 128, 71, 41, 31] - 416.5328727516008
[67, 38, 128, 71, 31] - 410.43192330039983
[67, 128, 71, 97, 31] - 412.9917210482997
[67, 128, 71, 94, 31] - 411.88740783210085
[67, 36, 128, 71, 31] - 415.6181685342
[67, 90, 128, 71, 31] - 413.19701351159887
[38, 128, 71, 41, 31] - 412.95774799149973
[128, 71, 41, 97, 31] - 416.3865395395998
[128, 71, 94, 41, 31] - 414.87947021989976
[36, 128, 71, 41, 31] - 418.57895362370067
[90, 128, 71, 41, 31] - 416.55435753520015
[38, 128, 71, 97, 31] - 409.3809487115997
[38, 128, 71, 94, 31] - 408.33192736399974
[36, 38, 128, 71, 31] - 412.32035845080037
[38, 90, 128, 71, 31] - 409.9072114628999
[128, 71, 94, 31, 97] - 411.41329244440044
[36, 128, 71, 31, 97] - 415.442804888
[90, 128, 71, 31, 97] - 412.6988879226
[36, 128, 71, 94, 31] - 415.1993743422998
[90, 128, 71, 94, 31] - 412.72126636369956
[36, 90, 128, 71, 31] - 416.6617497520995
[67, 38, 128, 41, 31] - 415.36551827020037
[67, 128, 41, 97, 31] - 417.3258821984004
[67, 128, 94, 41, 31] - 415.3696549071992
[67, 36, 128, 41, 31] - 419.6113222186001
[67, 90, 128, 41, 31] - 417.1990696521004
[67, 38, 128, 97, 31] - 421.43071371100007
[67, 38, 128, 94, 31] - 419.7408926600001
[67, 36, 38, 128, 31] - 424.74958542360105
[67, 38, 90, 128, 31] - 422.2610021068006
[67, 128, 94, 31, 97] - 421.23825266590103
[67, 36, 128, 31, 97] - 426.33828796330005
[67, 90, 128, 31, 97] - 423.28174417809913
[67, 36, 128, 94, 31] - 425.61020667930023
[67, 90, 128, 94, 31] - 422.86023494569923
[67, 36, 90, 128, 31] - 427.75903691200017
[38, 128, 41, 97, 31] - 413.9726620869988
[38, 128, 94, 41, 31] - 413.4970128819008
[36, 38, 128, 41, 31] - 418.1802076322993
[38, 90, 128, 41, 31] - 415.69284924789963
[128, 94, 41, 31, 97] - 414.8442412081001
[36, 128, 41, 31, 97] - 419.2600273544999
[90, 128, 41, 31, 97] - 416.4435986892988
[36, 128, 94, 41, 31] - 419.52449762969974
[90, 128, 94, 41, 31] - 417.1896498004009
[36, 90, 128, 41, 31] - 421.52099764809986
[38, 128, 94, 31, 97] - 426.3247649247004
[36, 38, 128, 31, 97] - 430.9603693805003
[38, 90, 128, 31, 97] - 428.39465105489984
[36, 38, 128, 94, 31] - 432.4452632383
[38, 90, 128, 94, 31] - 430.004442636201
[36, 38, 90, 128, 31] - 434.7693658022011
[36, 128, 94, 31, 97] - 432.52521866590007
[90, 128, 94, 31, 97] - 429.7368059017999
[36, 90, 128, 31, 97] - 434.05594173990073
[36, 90, 128, 94, 31] - 436.9724365545007
[5, 104, 128, 71] - 355.3596151299995
[67, 5, 104, 128] - 356.3956568700003
[5, 104, 128, 97] - 358.7232055099999
[5, 104, 128, 94] - 353.7969541799995
[36, 5, 104, 128] - 362.5654761900001
[5, 104, 90, 128] - 359.01516896999976
[5, 128, 120] - 379.36891400000036
[1, 5, 128] - 402.0380970000007
[56, 38, 5, 128] - 337.7246145299996
[56, 5, 128, 97] - 352.3117626999994
[56, 5, 128, 94] - 352.6952031700002
[56, 36, 5, 128] - 358.36608511999975
[56, 5, 90, 128] - 353.05793547999986
[67, 5, 128, 71] - 367.50486023000025
[38, 5, 128, 71] - 336.68761218
[5, 128, 71, 97] - 385.2225272900005
[5, 128, 71, 94] - 379.19190246000034
[36, 5, 128, 71] - 386.9448182399998
[5, 90, 128, 71] - 384.71016167
[67, 38, 5, 128] - 345.2843650100005
[67, 5, 128, 97] - 393.3834752700004
[67, 5, 128, 94] - 389.8170611199993
[67, 36, 5, 128] - 396.74232465000046
[67, 5, 90, 128] - 393.93547776999947
[38, 5, 128, 41] - 355.05429825000004
[5, 128, 41, 97] - 347.0538613600002
[5, 128, 94, 41] - 352.77420505999993
[36, 5, 128, 41] - 354.61383971999993
[5, 90, 128, 41] - 351.7797864199999
[36, 5, 38, 128, 97] - 337.77875673189993
[36, 5, 38, 128, 94] - 340.3693621357998
[5, 38, 90, 128, 94] - 339.42940318620015
[36, 5, 38, 90, 128] - 341.08184544960005
[36, 5, 128, 94, 97] - 372.62635262060047
[5, 90, 128, 94, 97] - 371.3106152713001
[36, 5, 90, 128, 97] - 375.05397857850033
[36, 5, 90, 128, 94] - 376.7701449582001
[2, 128, 120] - 382.4435749999999
[2, 24, 38, 128] - 373.69341365999986
[2, 24, 128, 97] - 389.75429842
[2, 24, 128, 94] - 405.0265449399998
[2, 24, 36, 128] - 394.79423651000036
[2, 24, 90, 128] - 406.4603080299995
[2, 38, 128, 97] - 358.2603521599998
[2, 38, 128, 94] - 374.61559329999983
[2, 36, 38, 128] - 364.47784871000016
[2, 38, 90, 128] - 373.1845063199998
[2, 128, 94, 97] - 389.4299335399998
[2, 36, 128, 97] - 388.60098691000036
[2, 90, 128, 97] - 390.4504256500003
[2, 36, 128, 94] - 394.3693670699999
[2, 90, 128, 94] - 405.41744985999986
[2, 36, 90, 128] - 396.55323708999987
[104, 128, 71, 120] - 336.9100385999999
[67, 104, 128, 120] - 338.8877761600001
[104, 128, 97, 120] - 337.0694610799997
[36, 104, 128, 120] - 342.62347026000003
[104, 90, 128, 120] - 340.32188710999986
[1, 56, 104, 128, 71] - 431.6056671385
[67, 1, 56, 104, 128] - 429.4320841785996
[1, 56, 104, 128, 41] - 408.81073821080054
[1, 56, 38, 104, 128] - 403.6243100186004
[1, 56, 104, 128, 97] - 430.07598242020043
[1, 56, 104, 128, 94] - 428.7508281142996
[1, 56, 36, 104, 128] - 434.0281620089002
[1, 56, 104, 90, 128] - 430.5427553469001
[67, 1, 104, 128, 71] - 432.81911920720023
[1, 104, 128, 71, 41] - 411.86214118990034
[1, 38, 104, 128, 71] - 406.5826769008
[1, 104, 128, 71, 97] - 433.6723742551995
[1, 104, 128, 71, 94] - 432.3429152819992
[1, 36, 104, 128, 71] - 437.3774828645002
[1, 104, 90, 128, 71] - 434.39810081250016
[1, 67, 104, 128, 41] - 412.10182201180027
[1, 67, 38, 104, 128] - 407.23655817109994
[1, 67, 104, 128, 97] - 431.80372782310064
[1, 67, 104, 128, 94] - 429.660102849899
[1, 67, 36, 104, 128] - 435.7691081148004
[1, 67, 104, 90, 128] - 432.18630138750115
[1, 38, 104, 128, 41] - 410.91968961130044
[1, 104, 128, 41, 97] - 411.3701663618003
[1, 104, 128, 94, 41] - 410.5685089133995
[1, 36, 104, 128, 41] - 416.67095840479976
[1, 104, 90, 128, 41] - 413.78358208280014
[1, 104, 38, 128, 97] - 405.72321479360005
[1, 104, 38, 128, 94] - 405.61763673290073
[1, 36, 104, 38, 128] - 412.0952424443996
[1, 104, 38, 90, 128] - 408.59343142309984
[1, 104, 128, 94, 97] - 430.0623942809005
[1, 36, 104, 128, 97] - 435.83274345710026
[1, 104, 90, 128, 97] - 431.92647286040045
[1, 36, 104, 128, 94] - 436.92321978009943
[1, 104, 90, 128, 94] - 433.2943454722991
[1, 36, 104, 90, 128] - 439.21947535340047
[88, 104, 128] - 364.6349440000002
[79, 104, 128] - 362.07239899999985
[67, 56, 104, 128, 71] - 435.0139962038992
[56, 104, 128, 71, 41] - 414.8196878672993
[56, 38, 104, 128, 71] - 409.5060772175004
[56, 104, 128, 71, 97] - 436.27246236600075
[56, 104, 128, 71, 94] - 434.5621277166011
[56, 36, 104, 128, 71] - 438.7610820190999
[56, 104, 90, 128, 71] - 436.0634588104997
[56, 67, 104, 128, 41] - 415.3945280186993
[56, 67, 38, 104, 128] - 410.3114399479998
[56, 67, 104, 128, 97] - 434.4163632273002
[56, 67, 104, 128, 94] - 432.4475730077001
[56, 67, 36, 104, 128] - 437.3427449075001
[56, 67, 104, 90, 128] - 433.93835592540046
[56, 38, 104, 128, 41] - 413.00901569950014
[56, 104, 128, 41, 97] - 414.7339162204001
[56, 104, 128, 94, 41] - 412.5321340399997
[56, 36, 104, 128, 41] - 417.2890630729996
[56, 104, 90, 128, 41] - 414.70139135520026
[56, 104, 38, 128, 97] - 409.03889774950017
[56, 104, 38, 128, 94] - 407.44022184110014
[56, 36, 104, 38, 128] - 412.47824600789943
[56, 104, 38, 90, 128] - 409.2736457529998
[56, 104, 128, 94, 97] - 432.86538883700007
[56, 36, 104, 128, 97] - 437.45985571080047
[56, 104, 90, 128, 97] - 433.99123246779965
[56, 36, 104, 128, 94] - 436.9785269941004
[56, 104, 90, 128, 94] - 433.61858964780043
[56, 36, 104, 90, 128] - 438.30175650969954
[67, 104, 128, 71, 41] - 417.8727479023007
[67, 38, 104, 128, 71] - 435.0316466659999
[67, 104, 128, 71, 94, 97] - 362.06962679316206
[67, 36, 104, 128, 71, 97] - 367.1148060618539
[67, 104, 90, 128, 71, 97] - 365.5667460747856
[67, 36, 104, 128, 71, 94] - 363.05771120221215
[67, 104, 90, 128, 71, 94] - 361.66726975452013
[67, 36, 104, 90, 128, 71] - 367.12475844835086
[38, 104, 128, 71, 41] - 414.95202228539966
[104, 128, 71, 41, 97] - 417.6830397740997
[104, 128, 71, 94, 41] - 415.31218578670024
[36, 104, 128, 71, 41] - 419.9839156588994
[104, 90, 128, 71, 41] - 417.50869177349927
[104, 38, 128, 71, 97] - 435.4662612084999
[104, 38, 128, 71, 94] - 431.70015991330035
[36, 104, 38, 128, 71] - 437.319034417101
[104, 38, 90, 128, 71] - 434.80103015600054
[36, 104, 128, 71, 94, 97] - 364.23812137277434
[104, 90, 128, 71, 94, 97] - 363.2480973747473
[36, 104, 90, 128, 71, 97] - 368.0361462648311
[36, 104, 90, 128, 71, 94] - 364.9896867071455
[67, 38, 104, 128, 41] - 416.9653829204004
[67, 104, 128, 41, 97] - 418.38151469950037
[67, 104, 128, 94, 41] - 415.29427381939934
[67, 36, 104, 128, 41] - 420.68339832479995
[67, 104, 90, 128, 41] - 418.0980968606004
[67, 104, 38, 128, 97] - 436.8392207651997
[67, 104, 38, 128, 94] - 432.3454335327999
[67, 36, 104, 38, 128] - 438.8889109166001
[67, 104, 38, 90, 128] - 436.0420145232991
[67, 36, 104, 128, 94, 97] - 364.7478786436466
[67, 104, 90, 128, 94, 97] - 362.8409740860152
[67, 36, 104, 90, 128, 97] - 368.65304915156685
[67, 36, 104, 90, 128, 94] - 365.2638189523527
[104, 38, 128, 41, 97] - 415.41279823709965
[104, 38, 128, 94, 41] - 414.1317241774
[36, 104, 38, 128, 41] - 419.8984658427996
[104, 38, 90, 128, 41] - 417.13388048319956
[104, 128, 94, 41, 97] - 414.7845395707998
[36, 104, 128, 41, 97] - 419.86591325810053
[104, 90, 128, 41, 97] - 416.9478432117995
[36, 104, 128, 94, 41] - 419.6049556915008
[104, 90, 128, 94, 41] - 416.91337515860045
[36, 104, 90, 128, 41] - 422.41784168539914
[104, 38, 128, 94, 97] - 432.4671685578998
[36, 104, 38, 128, 97] - 438.6309990073001
[104, 38, 90, 128, 97] - 435.4219816033003
[36, 104, 38, 128, 94] - 437.15306320449963
[104, 38, 90, 128, 94] - 434.0296305702998
[36, 104, 38, 90, 128] - 441.0306849588
[36, 104, 90, 128, 94, 97] - 366.0165074947541
[1, 128, 120] - 411.75615499999986
[79, 128, 120] - 347.2009599999997
[56, 128, 71, 120] - 395.18642657999976
[67, 56, 128, 120] - 398.26395754999976
[56, 38, 128, 97, 120] - 340.12971574059924
[56, 38, 128, 94, 120] - 338.6656650761999
[56, 36, 38, 128, 120] - 341.80559990889947
[56, 38, 90, 128, 120] - 339.9619447175997
[56, 128, 94, 97, 120] - 365.6537799112007
[56, 36, 128, 97, 120] - 367.8961950544009
[56, 90, 128, 97, 120] - 366.0898685038004
[56, 36, 128, 94, 120] - 366.74974275009924
[56, 90, 128, 94, 120] - 365.3275611798998
[56, 36, 90, 128, 120] - 367.96802436100023
[24, 128, 120] - 393.63228399999974
[67, 128, 71, 120] - 379.95853777999946
[38, 128, 71, 120] - 375.4720051699996
[128, 71, 97, 120] - 426.3727656099998
[128, 71, 94, 120] - 422.49145452000016
[36, 128, 71, 120] - 426.91188090999987
[90, 128, 71, 120] - 427.1183965399993
[67, 38, 128, 120] - 386.85049690000073
[67, 128, 97, 120] - 435.8623006800003
[67, 128, 94, 120] - 434.41156025000055
[67, 36, 128, 120] - 438.7927909100006
[67, 90, 128, 120] - 436.4319124500001
[38, 128, 41, 120] - 340.3835727899999
[128, 41, 97, 120] - 338.31676299999975
[128, 94, 41, 120] - 342.2263083599992
[36, 128, 41, 120] - 344.6236375099997
[90, 128, 41, 120] - 342.9247286599996
[38, 128, 94, 97, 120] - 412.9502140388008
[36, 38, 128, 97, 120] - 413.6662479392006
[38, 90, 128, 97, 120] - 413.4985628906999
[36, 38, 128, 94, 120] - 414.29829659810065
[38, 90, 128, 94, 120] - 414.7527169175005
[36, 38, 90, 128, 120] - 416.0356716786
[36, 90, 128, 94, 97, 120] - 339.4457216422429
[67, 1, 56, 128, 71] - 431.4945129160998
[1, 56, 128, 71, 41] - 409.9404094201006
[1, 56, 38, 128, 71] - 404.28391203930016
[1, 56, 128, 71, 97] - 432.7350018209997
[1, 56, 128, 71, 94] - 431.24214698109915
[1, 56, 36, 128, 71] - 435.5975375068999
[1, 56, 90, 128, 71] - 431.98472156210016
[1, 56, 67, 128, 41] - 410.24451870789983
[1, 56, 67, 38, 128] - 404.93891882199983
[1, 56, 67, 128, 97] - 430.9416994699
[1, 56, 67, 128, 94] - 428.93667456479955
[1, 56, 67, 36, 128] - 434.1324743857002
[1, 56, 67, 90, 128] - 429.6791232729008
[1, 56, 38, 128, 41] - 407.15759393320025
[1, 56, 128, 41, 97] - 409.79736055909984
[1, 56, 128, 94, 41] - 407.5701835034992
[1, 56, 36, 128, 41] - 412.9207097426992
[1, 56, 90, 128, 41] - 409.2789431002005
[1, 56, 38, 128, 97] - 403.6260837293999
[1, 56, 38, 128, 94] - 402.20633568800025
[1, 56, 36, 38, 128] - 407.9814146655008
[1, 56, 38, 90, 128] - 403.632960914601
[1, 56, 128, 94, 97] - 429.53831362809984
[1, 56, 36, 128, 97] - 434.6586572397008
[1, 56, 90, 128, 97] - 429.9603690138006
[1, 56, 36, 128, 94] - 434.10886426099927
[1, 56, 90, 128, 94] - 429.68279382220055
[1, 56, 36, 90, 128] - 434.6175536444006
[1, 67, 128, 71, 41] - 412.5075541746011
[1, 67, 38, 128, 71] - 407.1149375205995
[1, 67, 128, 71, 97] - 433.66245822949963
[1, 67, 128, 71, 94] - 431.5975664135996
[1, 67, 36, 128, 71] - 436.5424476653986
[1, 67, 90, 128, 71] - 432.80743959819955
[1, 38, 128, 71, 41] - 408.90959584020004
[1, 128, 71, 41, 97] - 412.38178830869975
[1, 128, 71, 94, 41] - 410.1808250123996
[1, 36, 128, 71, 41] - 415.35276696009953
[1, 90, 128, 71, 41] - 411.9483820784999
[1, 38, 128, 71, 97] - 406.12184349390066
[1, 38, 128, 71, 94] - 404.535796831101
[1, 36, 38, 128, 71] - 410.01663304969935
[1, 38, 90, 128, 71] - 406.01229388670015
[1, 128, 71, 94, 97] - 432.44201995039975
[1, 36, 128, 71, 97] - 437.3476325352001
[1, 90, 128, 71, 97] - 433.3393804642002
[1, 36, 128, 71, 94] - 436.65592252379946
[1, 90, 128, 71, 94] - 433.0084692341003
[1, 36, 90, 128, 71] - 437.8070505062008
[1, 67, 38, 128, 41] - 410.6205549889004
[1, 67, 128, 41, 97] - 412.93917041639986
[1, 67, 128, 94, 41] - 409.85618605119924
[1, 67, 36, 128, 41] - 415.7473759999007
[1, 67, 90, 128, 41] - 412.18657948139986
[1, 67, 38, 128, 97] - 418.291237687
[1, 67, 38, 128, 94] - 415.7227964534999
[1, 67, 36, 38, 128] - 422.4960019472
[1, 67, 38, 90, 128] - 418.5178095484996
[1, 67, 128, 94, 97] - 441.06859802089957
[1, 67, 36, 128, 97] - 447.5212320852005
[1, 67, 90, 128, 97] - 442.78333339270034
[1, 67, 36, 128, 94] - 446.08146946740015
[1, 67, 90, 128, 94] - 441.6399976889006
[1, 67, 36, 90, 128] - 447.82558839249907
[1, 38, 128, 41, 97] - 409.2393719694
[1, 38, 128, 94, 41] - 408.1234080312006
[1, 36, 38, 128, 41] - 414.6750810820998
[1, 38, 90, 128, 41] - 410.87405218039993
[1, 128, 94, 41, 97] - 409.63557805799945
[1, 36, 128, 41, 97] - 415.43616106020033
[1, 90, 128, 41, 97] - 411.37647486989977
[1, 36, 128, 94, 41] - 415.15534965130024
[1, 90, 128, 94, 41] - 411.46001923639983
[1, 36, 90, 128, 41] - 417.43992917540044
[1, 38, 128, 94, 97] - 414.93709216210004
[1, 36, 38, 128, 97] - 421.59982441030024
[1, 38, 90, 128, 97] - 416.89914688299984
[1, 36, 38, 128, 94] - 422.1039231811996
[1, 38, 90, 128, 94] - 417.5162407278002
[1, 36, 38, 90, 128] - 424.65380400850034
[1, 36, 128, 94, 97] - 446.7984638104001
[1, 90, 128, 94, 97] - 442.1559843356991
[1, 36, 90, 128, 97] - 447.90567263639974
[1, 36, 90, 128, 94] - 450.1028333902
[88, 56, 128] - 405.08986000000033
[88, 128, 71] - 420.71060799999947
[88, 67, 128] - 441.5313190000004
[88, 38, 128] - 419.99422099999987
[88, 128, 94, 97] - 381.4641730800001
[88, 36, 128, 97] - 388.4304818100002
[88, 90, 128, 97] - 384.6874981199996
[88, 36, 128, 94] - 381.6664752299997
[88, 90, 128, 94] - 379.1026550299999
[88, 36, 90, 128] - 384.52556038999995
[56, 79, 128] - 403.79520900000017
[79, 128, 71] - 424.48198599999984
[67, 79, 128] - 443.36950000000024
[79, 38, 128] - 434.2032229999998
[79, 128, 94, 97] - 390.5873869299997
[79, 36, 128, 97] - 391.55389002000044
[79, 90, 128, 97] - 391.5187793599993
[79, 36, 128, 94] - 388.07613430000055
[79, 90, 128, 94] - 388.82867329000015
[79, 36, 90, 128] - 389.7735845700005
[56, 67, 128, 71, 41] - 415.3624501696004
[56, 67, 38, 128, 71] - 444.09921762769943
[56, 67, 128, 71, 94, 97] - 352.75253130911955
[56, 67, 36, 128, 71, 97] - 355.32873874665364
[56, 67, 90, 128, 71, 97] - 352.822605117074
[56, 67, 36, 128, 71, 94] - 354.1540522948447
[56, 67, 90, 128, 71, 94] - 351.65810903864127
[56, 67, 36, 90, 128, 71] - 354.37267283028126
[56, 38, 128, 71, 41] - 412.13763632920023
[56, 128, 71, 41, 97] - 415.34437319169984
[56, 128, 71, 94, 41] - 413.12272569500016
[56, 36, 128, 71, 41] - 417.34732792680046
[56, 90, 128, 71, 41] - 414.0757279933
[56, 38, 128, 71, 94, 97] - 356.2235463346435
[56, 36, 38, 128, 71, 97] - 359.8107203685799
[56, 38, 90, 128, 71, 97] - 357.6946845087565
[56, 36, 38, 128, 71, 94] - 357.2570593179452
[56, 38, 90, 128, 71, 94] - 355.29170188892925
[56, 36, 38, 90, 128, 71] - 359.03281071077936
[56, 36, 128, 71, 94, 97] - 379.03202419983376
[56, 90, 128, 71, 94, 97] - 377.31234815052795
[56, 36, 90, 128, 71, 97] - 380.3646201222902
[56, 36, 90, 128, 71, 94] - 378.8832413419945
[56, 67, 38, 128, 41] - 413.993028092899
[56, 67, 128, 41, 97] - 415.9642016411997
[56, 67, 128, 94, 41] - 413.31814677669956
[56, 67, 36, 128, 41] - 417.98917165919994
[56, 67, 90, 128, 41] - 414.4252647799999
[56, 67, 38, 128, 94, 97] - 358.07717244605703
[56, 67, 36, 38, 128, 97] - 361.0811110400648
[56, 67, 38, 90, 128, 97] - 357.9684996604758
[56, 67, 36, 38, 128, 94] - 359.7015426757315
[56, 67, 38, 90, 128, 94] - 356.78091032458184
[56, 67, 36, 38, 90, 128] - 359.897386567043
[56, 67, 36, 128, 94, 97] - 379.7571752946472
[56, 67, 90, 128, 94, 97] - 376.72081865939504
[56, 67, 36, 90, 128, 97] - 379.2915056147445
[56, 67, 36, 90, 128, 94] - 378.88803957895317
[56, 38, 128, 41, 97] - 412.74381343169944
[56, 38, 128, 94, 41] - 410.2121425469
[56, 36, 38, 128, 41] - 415.41213507129953
[56, 38, 90, 128, 41] - 411.6193213731996
[56, 128, 94, 41, 97] - 412.79448329450025
[56, 36, 128, 41, 97] - 417.4803791005995
[56, 90, 128, 41, 97] - 413.64562996729904
[56, 36, 128, 94, 41] - 415.90774010659976
[56, 90, 128, 94, 41] - 412.30815768900015
[56, 36, 90, 128, 41] - 416.9567956145002
[56, 36, 38, 128, 94, 97] - 410.36677510837114
[56, 38, 90, 128, 94, 97] - 407.5092691286684
[56, 36, 38, 90, 128, 97] - 411.26812935390507
[56, 36, 38, 90, 128, 94] - 409.93909747105766
[56, 36, 90, 128, 94, 97] - 430.926736205257
[24, 38, 128, 97] - 372.23451909000033
[24, 38, 128, 94] - 390.1525250899996
[24, 36, 38, 128] - 380.0519547999996
[24, 38, 90, 128] - 390.3914918300003
[24, 128, 94, 97] - 403.9169279599999
[24, 36, 128, 97] - 403.68456870000034
[24, 90, 128, 97] - 406.19027104999964
[24, 36, 128, 94] - 411.06854158000027
[24, 90, 128, 94] - 423.02010474999975
[24, 36, 90, 128] - 414.6760809000003
[67, 38, 128, 71, 41] - 415.5068235129004
[67, 128, 71, 41, 97] - 418.3853663864997
[67, 128, 71, 94, 41] - 415.6667174876
[67, 36, 128, 71, 41] - 420.1746173625001
[67, 90, 128, 71, 41] - 416.9376129851004
[67, 38, 128, 71, 94, 97] - 350.08801071865344
[67, 36, 38, 128, 71, 97] - 353.83853326227717
[67, 38, 90, 128, 71, 97] - 351.6838581141982
[67, 36, 38, 128, 71, 94] - 350.67381537968515
[67, 38, 90, 128, 71, 94] - 348.6230664572968
[67, 36, 38, 90, 128, 71] - 352.6900600135442
[67, 36, 128, 71, 94, 97] - 388.6096952552628
[67, 90, 128, 71, 94, 97] - 387.36927375413785
[67, 36, 90, 128, 71, 97] - 391.972001350639
[67, 36, 90, 128, 71, 94] - 388.33661924410103
[38, 128, 71, 41, 97] - 414.68449933999943
[38, 128, 71, 94, 41] - 412.01396489790045
[36, 38, 128, 71, 41] - 417.0561600373994
[38, 90, 128, 71, 41] - 413.64489505159963
[128, 71, 94, 41, 97] - 415.5124687670994
[36, 128, 71, 41, 97] - 420.1731170441002
[90, 128, 71, 41, 97] - 416.6254306672997
[36, 128, 71, 94, 41] - 418.3206444516998
[90, 128, 71, 94, 41] - 415.08628504289914
[36, 90, 128, 71, 41] - 419.83872890239974
[36, 38, 128, 71, 94, 97] - 375.57665862898693
[38, 90, 128, 71, 94, 97] - 373.7114861390353
[36, 38, 90, 128, 71, 97] - 378.41432316553215
[36, 38, 90, 128, 71, 94] - 374.65454368212306
[36, 90, 128, 71, 94, 97] - 414.26304936594994
[67, 38, 128, 41, 97] - 416.65740030220036
[67, 38, 128, 94, 41] - 413.3639220616002
[67, 36, 38, 128, 41] - 418.8676908526005
[67, 38, 90, 128, 41] - 415.4405919745001
[67, 128, 94, 41, 97] - 415.63527736020063
[67, 36, 128, 41, 97] - 420.85086378280033
[67, 90, 128, 41, 97] - 417.11506025770007
[67, 36, 128, 94, 41] - 418.3530111497008
[67, 90, 128, 94, 41] - 415.06397530440046
[67, 36, 90, 128, 41] - 420.1332183077003
[67, 36, 38, 128, 94, 97] - 385.900927801184
[67, 38, 90, 128, 94, 97] - 383.06747967092673
[67, 36, 38, 90, 128, 97] - 387.8677596737154
[67, 36, 38, 90, 128, 94] - 385.0930859568771
[67, 36, 90, 128, 94, 97] - 424.27210462753555
[36, 38, 128, 94, 41, 97] - 387.2003633350821
[38, 90, 128, 94, 41, 97] - 383.55233963274685
[36, 38, 90, 128, 41, 97] - 386.98233388139084
[36, 38, 90, 128, 94, 41] - 393.63850669908084
[36, 90, 128, 94, 41, 97] - 388.00532456175836
[36, 38, 90, 128, 94, 97] - 517.9714580901118
[11, 57, 6] - 341.67328899999995
[11, 67, 6] - 349.78949999999986
[11, 6, 41] - 392.84146499999963
[11, 38, 6, 97] - 394.4913539800004
[11, 38, 6, 94] - 413.76517601000006
[11, 36, 38, 6] - 415.34803304000025
[11, 38, 6, 90] - 416.50946081999984
[11, 6, 94, 97] - 395.5756517599996
[11, 36, 6, 97] - 400.4336875700005
[11, 6, 90, 97] - 398.6948678699998
[11, 36, 6, 94] - 417.28239355999943
[11, 6, 90, 94] - 418.07031296999986
[11, 36, 6, 90] - 420.3847594300002
[11, 23, 57] - 396.7889079999998
[11, 23, 31] - 432.94634499999995
[11, 1, 23, 104] - 427.1500227299995
[11, 23, 104, 71] - 422.43363189000024
[11, 23, 67, 38, 104] - 363.9745825368996
[11, 23, 67, 104, 97] - 347.1408074836001
[11, 23, 67, 104, 94] - 359.9044928528003
[11, 23, 67, 36, 104] - 366.56156151049936
[11, 23, 67, 104, 90] - 362.66021459989986
[11, 23, 104, 41] - 444.0251148499998
[11, 23, 104, 38, 97] - 347.3436973055004
[11, 23, 104, 38, 94] - 359.2412974141003
[11, 23, 36, 104, 38] - 365.5419526485996
[11, 23, 104, 38, 90] - 361.0924086540996
[11, 23, 104, 94, 97] - 343.25653521210035
[11, 23, 36, 104, 97] - 349.8885670863005
[11, 23, 104, 90, 97] - 345.5523987039002
[11, 23, 36, 104, 94] - 362.2882528421002
[11, 23, 104, 90, 94] - 357.51670219679977
[11, 23, 36, 104, 90] - 365.11803688750007
[11, 23, 1, 71] - 396.28190228999995
[11, 23, 1, 67, 41] - 344.1772917251003
[11, 23, 1, 67, 38] - 342.11884726210013
[11, 23, 1, 67, 94] - 338.91504284259975
[11, 23, 1, 67, 36] - 346.43160620870043
[11, 23, 1, 67, 90] - 342.01052181999984
[11, 23, 1, 38, 41] - 343.5631337521002
[11, 23, 1, 94, 41] - 340.06028462220013
[11, 23, 1, 36, 41] - 348.05391606220013
[11, 23, 1, 90, 41] - 342.9972331915999
[11, 23, 1, 38, 94] - 338.7816627039001
[11, 23, 1, 36, 38] - 345.9340707321996
[11, 23, 1, 38, 90] - 341.1743583508999
[11, 23, 1, 97] - 414.8041368699992
[11, 23, 1, 36, 94] - 342.93332084189996
[11, 23, 1, 90, 94] - 338.1021338475996
[11, 23, 1, 36, 90] - 346.1743383029995
[88, 11, 23] - 410.1455419999995
[11, 23, 79] - 410.3829310000005
[11, 56, 23] - 371.1727980000003
[11, 23, 67, 36, 71] - 340.0468014001998
[11, 23, 71, 41] - 413.86899936
[11, 23, 36, 38, 71] - 338.5995177292994
[11, 23, 71, 97] - 399.28994071999983
[11, 23, 71, 94] - 443.45669094000016
[11, 23, 36, 90, 71] - 339.1511725581002
[11, 23, 67, 38, 41] - 353.98668897719983
[11, 23, 67, 94, 41] - 351.290207027999
[11, 23, 67, 36, 41] - 357.9397253438994
[11, 23, 67, 90, 41] - 354.27710657580053
[11, 23, 67, 38, 97] - 344.3174495504004
[11, 23, 67, 38, 94] - 378.1796166780005
[11, 23, 67, 36, 38] - 385.19218027899996
[11, 23, 67, 38, 90] - 380.417311986
[11, 23, 67, 94, 97] - 341.15654109649955
[11, 23, 67, 36, 97] - 347.2640059904998
[11, 23, 67, 90, 97] - 343.0095937486004
[11, 23, 67, 36, 94] - 382.0700707518003
[11, 23, 67, 90, 94] - 377.09602988620014
[11, 23, 67, 36, 90] - 385.0901491515998
[11, 23, 38, 94, 41] - 349.9401557464004
[11, 23, 36, 38, 41] - 356.2220563298005
[11, 23, 38, 90, 41] - 351.9004886922997
[11, 23, 41, 97] - 419.3034931399998
[11, 23, 36, 94, 41] - 353.6780677751004
[11, 23, 90, 94, 41] - 349.42669869319985
[11, 23, 36, 90, 41] - 356.73302845180064
[11, 23, 38, 94, 97] - 340.88320165149935
[11, 23, 36, 38, 97] - 346.8019302804008
[11, 23, 38, 90, 97] - 342.0535523635999
[11, 23, 36, 38, 94] - 380.3783031784998
[11, 23, 38, 90, 94] - 374.8138546644993
[11, 23, 36, 38, 90] - 382.661178095601
[11, 23, 36, 94, 97] - 344.4389199241999
[11, 23, 90, 94, 97] - 339.6148406014004
[11, 23, 36, 90, 97] - 346.2380233946999
[11, 23, 36, 90, 94] - 380.0230054299
[11, 55, 2] - 375.19672399999973
[11, 55, 24] - 339.6895590000002
[11, 55, 38, 41] - 407.0121770400001
[11, 55, 41, 97] - 338.19592746999973
[11, 55, 94, 41] - 406.11350606000013
[11, 55, 36, 41] - 401.9587214200003
[11, 55, 90, 41] - 408.94786908999896
[11, 55, 38, 97] - 402.03350706999976
[11, 55, 36, 38, 94] - 345.30525850919975
[11, 55, 38, 90, 94] - 349.4777337232005
[11, 55, 36, 38, 90] - 347.67272919749973
[11, 55, 94, 97] - 412.28623253999984
[11, 55, 36, 97] - 416.3798062700007
[11, 55, 90, 97] - 415.2279157299994
[11, 55, 36, 90, 94] - 355.1073546884995
[11, 57, 31] - 406.884057
[11, 57, 104] - 401.01975699999974
[11, 57, 120] - 352.8102309999998
[11, 1, 57] - 393.5686080000001
[11, 56, 57] - 369.1037610000001
[11, 57, 71] - 402.1163820000001
[11, 67, 57] - 401.7320909999999
[11, 57, 38, 41, 97] - 362.29633256690005
[11, 57, 38, 94, 41] - 376.5695092654003
[11, 57, 36, 38, 41] - 379.5027225726002
[11, 57, 38, 90, 41] - 376.9902313918004
[11, 57, 94, 41, 97] - 360.91661481150015
[11, 57, 36, 41, 97] - 363.8139021839998
[11, 57, 90, 41, 97] - 360.2815795343005
[11, 57, 36, 94, 41] - 378.8588687331001
[11, 57, 90, 94, 41] - 376.1137818774998
[11, 57, 36, 90, 41] - 379.46010278510016
[11, 57, 38, 94, 97] - 361.0566490900995
[11, 57, 36, 38, 97] - 362.88908889419986
[11, 57, 38, 90, 97] - 359.5381794508002
[11, 57, 36, 38, 94] - 378.2122262748003
[11, 57, 38, 90, 94] - 375.5094608544003
[11, 57, 36, 38, 90] - 377.83535269000015
[11, 57, 36, 94, 97] - 372.2290659039004
[11, 57, 90, 94, 97] - 368.58679351940015
[11, 57, 36, 90, 97] - 370.2971071113004
[11, 57, 36, 90, 94] - 387.8945091097006
[11, 104, 31] - 398.2322169999999
[11, 1, 36, 31] - 342.59018497999983
[11, 1, 90, 31] - 336.7950739899992
[11, 56, 31] - 365.65211500000026
[11, 71, 31] - 438.0602469999994
[11, 67, 94, 31] - 339.2838318700006
[11, 67, 36, 31] - 346.7406685699996
[11, 67, 90, 31] - 342.6934410699998
[11, 41, 31] - 435.9794820000004
[11, 38, 94, 31] - 339.3274175600001
[11, 36, 38, 31] - 346.49832507000013
[11, 38, 90, 31] - 341.96264767000014
[11, 97, 31] - 408.5592210000005
[11, 36, 94, 31] - 357.1584211100005
[11, 90, 94, 31] - 352.1337672500001
[11, 36, 90, 31] - 361.70846181000024
[11, 5, 71] - 344.7315949999999
[11, 67, 5] - 400.5174130000002
[11, 5, 41] - 442.2987949999998
[11, 5, 38, 97] - 430.0733764999998
[11, 36, 5, 38, 94] - 338.47882110190056
[11, 5, 38, 90] - 449.3229614799999
[11, 5, 94, 97] - 433.07508043000047
[11, 36, 5, 97] - 435.5080461300002
[11, 5, 90, 97] - 429.01078327999994
[11, 36, 5, 90, 94] - 338.3922819420998
[11, 24, 2, 120] - 377.6310891299999
[11, 2, 38, 120] - 409.55096251000015
[11, 2, 97, 120] - 401.52834574000013
[11, 2, 94, 120] - 411.1765796100005
[11, 2, 36, 120] - 411.1716974199997
[11, 2, 90, 120] - 409.3731059099999
[11, 56, 2] - 366.40241400000025
[11, 2, 24, 38, 97] - 362.75468960810025
[11, 2, 24, 38, 94] - 375.5152197367998
[11, 2, 24, 36, 38] - 368.48139538019956
[11, 2, 24, 38, 90] - 374.3215875416
[11, 2, 24, 94, 97] - 363.83989559999986
[11, 2, 24, 36, 97] - 364.1368621768003
[11, 2, 24, 90, 97] - 364.00739878210004
[11, 2, 24, 36, 94] - 368.89680097560023
[11, 2, 24, 90, 94] - 376.15017540230065
[11, 2, 24, 36, 90] - 369.96844228620074
[11, 2, 38, 94, 97] - 393.25670767439976
[11, 2, 36, 38, 97] - 393.7282141519999
[11, 2, 38, 90, 97] - 391.48703944419924
[11, 2, 36, 38, 94] - 405.8079488188997
[11, 2, 38, 90, 94] - 411.05621093850016
[11, 2, 36, 38, 90] - 405.5523280177003
[11, 2, 36, 94, 97] - 393.9041468925009
[11, 2, 90, 94, 97] - 392.97090105599955
[11, 2, 36, 90, 97] - 394.21610120739933
[11, 2, 36, 90, 94] - 406.8114658696999
[11, 1, 104, 71] - 365.2518450799994
[11, 67, 1, 104] - 426.4668038999997
[11, 1, 104, 41] - 429.6522294200003
[11, 1, 38, 104] - 429.4634429400006
[11, 1, 104, 97] - 416.5845193800003
[11, 1, 104, 94] - 424.4155410899999
[11, 1, 36, 104] - 434.55315865999967
[11, 1, 104, 90] - 428.7653436799997
[88, 11, 104] - 393.5866400000002
[11, 79, 104] - 392.4889490000007
[11, 56, 104] - 373.761913
[11, 67, 104, 71] - 420.93678657000004
[11, 104, 71, 41] - 382.4097053299999
[11, 38, 104, 71] - 420.5916280900008
[11, 104, 71, 97] - 401.82284916
[11, 104, 71, 94] - 415.37817429
[11, 36, 104, 71] - 424.8877396699994
[11, 104, 90, 71] - 419.59872931999956
[11, 67, 104, 41] - 442.90267967
[11, 67, 104, 38, 97] - 349.58140859859964
[11, 67, 104, 38, 94] - 360.09500965009994
[11, 67, 36, 104, 38] - 367.3586411347004
[11, 67, 104, 38, 90] - 363.1239933796008
[11, 67, 104, 94, 97] - 344.1646323406003
[11, 67, 36, 104, 97] - 351.49941264579917
[11, 67, 104, 90, 97] - 347.3420868846
[11, 67, 36, 104, 94] - 362.5944310169002
[11, 67, 104, 90, 94] - 358.19734761109976
[11, 67, 36, 104, 90] - 366.6096112105002
[11, 36, 104, 38, 41] - 336.8307519762996
[11, 104, 41, 97] - 421.4588529899996
[11, 104, 94, 41] - 439.53808331000016
[11, 36, 104, 90, 41] - 336.7797620421999
[11, 104, 38, 94, 97] - 345.0272761717
[11, 36, 104, 38, 97] - 351.9221904579998
[11, 104, 38, 90, 97] - 347.29935140379973
[11, 36, 104, 38, 94] - 364.24901686649974
[11, 104, 38, 90, 94] - 359.1647648750994
[11, 36, 104, 38, 90] - 367.3574415631995
[11, 36, 104, 94, 97] - 347.26220905489964
[11, 104, 90, 94, 97] - 342.6045027174001
[11, 36, 104, 90, 97] - 350.5560729950001
[11, 36, 104, 90, 94] - 363.10292349839966
[11, 56, 38, 120] - 410.39606712000034
[11, 56, 97, 120] - 411.94792171000006
[11, 56, 94, 120] - 409.30110500000035
[11, 56, 36, 120] - 413.78756097
[11, 56, 90, 120] - 408.8291368099989
[11, 24, 38, 120] - 383.7196600000004
[11, 24, 97, 120] - 397.7682356699998
[11, 24, 94, 120] - 396.70974671000005
[11, 24, 36, 120] - 395.22342015999976
[11, 24, 90, 120] - 394.83523664000035
[11, 71, 120] - 419.12440200000043
[11, 67, 120] - 434.8573500000003
[11, 41, 120] - 338.5760620000001
[11, 38, 94, 97, 120] - 409.1074542155009
[11, 36, 38, 97, 120] - 412.5182424465004
[11, 38, 90, 97, 120] - 408.9157828543998
[11, 36, 38, 94, 120] - 418.87841152049947
[11, 38, 90, 94, 120] - 416.8530209105007
[11, 36, 38, 90, 120] - 419.89062635159985
[11, 36, 94, 97, 120] - 418.49145542850005
[11, 90, 94, 97, 120] - 415.95681900489996
[11, 36, 90, 97, 120] - 418.3569701958995
[11, 36, 90, 94, 120] - 427.2107364164008
[88, 11, 1] - 362.37473000000017
[11, 1, 79] - 376.06552299999987
[11, 56, 1] - 365.74530700000037
[11, 67, 1, 71] - 396.12842003000037
[11, 1, 71, 41] - 397.4488025699997
[11, 1, 38, 71] - 393.7600509400001
[11, 1, 71, 97] - 359.96543058999976
[11, 1, 71, 94] - 395.1886362899998
[11, 1, 36, 71] - 405.5729479699996
[11, 1, 90, 71] - 399.5930643300008
[11, 1, 67, 38, 41] - 343.2479290318002
[11, 1, 67, 94, 41] - 339.03334695050006
[11, 1, 67, 36, 41] - 347.35983165510044
[11, 1, 67, 90, 41] - 342.35907561850024
[11, 1, 67, 38, 94] - 348.2336453533997
[11, 1, 67, 36, 38] - 356.76153824900047
[11, 1, 67, 38, 90] - 351.86553750320013
[11, 1, 67, 97] - 433.90547798000034
[11, 1, 67, 36, 94] - 357.3070217094
[11, 1, 67, 90, 94] - 352.00657525699967
[11, 1, 67, 36, 90] - 361.4432250343003
[11, 1, 38, 94, 41] - 340.63391990679963
[11, 1, 36, 38, 41] - 348.9145806008001
[11, 1, 38, 90, 41] - 343.24226979079987
[11, 1, 41, 97] - 415.4943074700002
[11, 1, 36, 94, 41] - 344.8046538404994
[11, 1, 90, 94, 41] - 339.22063754030006
[11, 1, 36, 90, 41] - 348.39888258280024
[11, 1, 38, 97] - 428.79845651
[11, 1, 36, 38, 94] - 355.23372407859995
[11, 1, 38, 90, 94] - 349.5738814179001
[11, 1, 36, 38, 90] - 358.93346102930013
[11, 1, 94, 97] - 435.7185725299999
[11, 1, 36, 97] - 445.55886615000037
[11, 1, 90, 97] - 439.3250989300001
[11, 1, 36, 90, 94] - 363.6563694037995
[11, 88, 79] - 432.95629699999944
[11, 88, 71] - 421.83829399999945
[11, 88, 67, 38] - 389.0382223299998
[11, 88, 67, 97] - 357.9476977499999
[11, 88, 67, 94] - 386.6513054699994
[11, 88, 67, 36] - 396.7350944800001
[11, 88, 67, 90] - 390.80411242999963
[11, 88, 41] - 357.3827059999998
[11, 88, 38, 97] - 426.62742890999954
[11, 88, 36, 38, 94] - 342.95633690830067
[11, 88, 36, 38, 90] - 344.8491608999993
[11, 88, 94, 97] - 423.5343119499996
[11, 88, 36, 97] - 435.07682535
[11, 88, 90, 97] - 425.37867238000007
[11, 88, 36, 90, 94] - 343.34216129019995
[11, 79, 71] - 429.23148299999997
[11, 67, 79, 38] - 394.25460747
[11, 67, 79, 97] - 366.18793893000054
[11, 67, 79, 94] - 396.4813595399993
[11, 67, 79, 36] - 401.7107399399995
[11, 67, 79, 90] - 398.99799751000035
[11, 79, 41] - 357.46014499999984
[11, 79, 38, 97] - 435.1517488400012
[11, 79, 36, 38, 94] - 349.53663680949984
[11, 79, 38, 90, 94] - 344.2356224838
[11, 79, 36, 38, 90] - 351.4050979320012
[11, 79, 94, 97] - 439.9447476900006
[11, 79, 36, 97] - 446.7464007000005
[11, 79, 90, 97] - 440.97530380999996
[11, 79, 36, 90, 94] - 355.4468116448992
[11, 56, 24] - 365.1848400000006
[11, 67, 56, 71] - 347.90448768000016
[11, 56, 38, 71] - 414.6120492499995
[11, 56, 71, 97] - 413.7619547899995
[11, 56, 71, 94] - 412.4194688399988
[11, 56, 36, 71] - 418.90376338999977
[11, 56, 90, 71] - 413.1340681799999
[11, 56, 67, 38] - 414.59513385000054
[11, 56, 67, 97] - 415.07583666
[11, 56, 67, 94] - 414.08058471000055
[11, 56, 67, 36] - 418.9147444099995
[11, 56, 67, 90] - 415.3406372099998
[11, 56, 41] - 371.58663900000056
[11, 56, 38, 94, 97] - 410.7923124808007
[11, 56, 36, 38, 97] - 416.3824495014999
[11, 56, 38, 90, 97] - 411.11852138160043
[11, 56, 36, 38, 94] - 412.95923876750027
[11, 56, 38, 90, 94] - 408.8213280329003
[11, 56, 36, 38, 90] - 413.5513735622992
[11, 56, 36, 94, 97] - 413.8569204936001
[11, 56, 90, 94, 97] - 410.0609789173001
[11, 56, 36, 90, 97] - 414.3213423450004
[11, 56, 36, 90, 94] - 412.3736894478996
[11, 24, 38, 94, 97] - 372.4635958238002
[11, 24, 36, 38, 97] - 372.0487652991
[11, 24, 38, 90, 97] - 371.10820914360033
[11, 24, 36, 38, 94] - 379.76731004400017
[11, 24, 38, 90, 94] - 386.11794912989984
[11, 24, 36, 38, 90] - 379.16764934380046
[11, 24, 36, 94, 97] - 380.68335928259995
[11, 24, 90, 94, 97] - 380.76469024160053
[11, 24, 36, 90, 97] - 380.9886522667996
[11, 24, 36, 90, 94] - 388.7630286792
[11, 67, 71, 41] - 410.6412867099999
[11, 67, 38, 71, 97] - 350.4981639921001
[11, 67, 38, 71, 94] - 380.84729659830015
[11, 67, 36, 38, 71] - 388.8168752768004
[11, 67, 38, 90, 71] - 384.4662199608994
[11, 67, 71, 94, 97] - 349.10011593419966
[11, 67, 36, 71, 97] - 356.34344022779976
[11, 67, 90, 71, 97] - 352.16371411049994
[11, 67, 36, 71, 94] - 387.7737699871998
[11, 67, 90, 71, 94] - 383.00840615680096
[11, 67, 36, 90, 71] - 392.1754688019997
[11, 38, 71, 41] - 409.6565444800002
[11, 71, 41, 97] - 361.5013436499999
[11, 71, 94, 41] - 405.7640368500002
[11, 36, 71, 41] - 414.7203618200003
[11, 90, 71, 41] - 409.9852156500007
[11, 38, 71, 94, 97] - 397.4878586739002
[11, 36, 38, 71, 97] - 405.2627804703003
[11, 38, 90, 71, 97] - 399.77355320910095
[11, 36, 38, 71, 94] - 434.29444430990054
[11, 38, 90, 71, 94] - 428.4132350029997
[11, 36, 38, 90, 71] - 438.1127040958998
[11, 36, 71, 94, 97] - 405.6750740950997
[11, 90, 71, 94, 97] - 399.9521963090999
[11, 36, 90, 71, 97] - 408.0758618559006
[11, 36, 90, 71, 94] - 438.46679597479977
[11, 67, 38, 94, 41] - 349.3049783790005
[11, 67, 36, 38, 41] - 356.01430892919933
[11, 67, 38, 90, 41] - 351.96321991989987
[11, 67, 41, 97] - 418.22667508999933
[11, 67, 36, 94, 41] - 352.6663702568998
[11, 67, 90, 94, 41] - 348.79974109240055
[11, 67, 36, 90, 41] - 356.4860898559998
[11, 67, 36, 38, 94, 97] - 343.83434463042903
[11, 67, 38, 90, 94, 97] - 340.90942066280206
[11, 67, 36, 38, 90, 97] - 346.28650352511886
[11, 67, 36, 38, 90, 94] - 369.5240339254799
[11, 67, 36, 90, 94, 97] - 347.92196746997877
[11, 36, 38, 94, 41, 97] - 350.9446606079652
[11, 38, 90, 94, 41, 97] - 348.14547806103747
[11, 36, 38, 90, 41, 97] - 351.33571659418845
[11, 36, 38, 90, 94, 41] - 384.55141097335024
[11, 36, 90, 94, 41, 97] - 349.8267878836461
[11, 36, 38, 90, 94, 97] - 535.6239674056112
[23, 57, 104, 6] - 350.81813922999993
[23, 57, 6, 41] - 337.6858752999999
[23, 57, 6, 94] - 351.74296193000015
[23, 57, 36, 6] - 349.0909661399996
[23, 57, 6, 90] - 352.6267887099997
[23, 6, 31] - 407.87103999999954
[23, 104, 6, 71] - 372.9278691300002
[67, 23, 104, 6] - 401.3875101000005
[23, 104, 6, 41] - 368.54197868000034
[23, 38, 104, 6] - 404.01283359999957
[23, 104, 6, 97] - 407.5184826700005
[23, 104, 6, 94] - 423.0431651500005
[23, 36, 104, 6] - 424.2999354999998
[23, 104, 6, 90] - 426.7195582099998
[23, 1, 36, 6] - 336.7204465099998
[23, 1, 6, 90] - 338.17770422000035
[56, 23, 6] - 446.51737399999917
[67, 23, 6, 71] - 376.1372402000001
[23, 38, 6, 71] - 366.7672491900006
[23, 6, 71, 97] - 352.8418643300001
[23, 6, 71, 94] - 387.28799547000006
[23, 36, 6, 71] - 388.77852184999966
[23, 6, 90, 71] - 390.4873931199989
[23, 67, 6, 41] - 364.3842408499997
[23, 67, 38, 6] - 397.5268553000001
[23, 67, 6, 97] - 382.01402459999986
[23, 67, 6, 94] - 416.0607143099995
[23, 67, 36, 6] - 417.5200473400002
[23, 67, 6, 90] - 420.09036347
[23, 38, 6, 41] - 380.03621534999996
[23, 6, 41, 97] - 350.3577277
[23, 6, 94, 41] - 385.3320166400003
[23, 36, 6, 41] - 386.21619120000014
[23, 6, 90, 41] - 387.92482536000017
[23, 38, 6, 97] - 383.92143112999935
[23, 38, 6, 94] - 416.65453874999906
[23, 36, 38, 6] - 419.0477559900006
[23, 38, 6, 90] - 420.5024023400003
[23, 6, 94, 97] - 403.5454700599992
[23, 36, 6, 97] - 405.6233975700003
[23, 6, 90, 97] - 407.69660874000016
[23, 36, 6, 94] - 439.58986577999997
[23, 6, 90, 94] - 440.8569001399993
[23, 36, 6, 90] - 443.99291705999985
[55, 2, 6] - 353.4830390000005
[55, 24, 6] - 339.19709000000074
[55, 6, 41] - 390.6022319999998
[55, 38, 6, 90] - 350.99441780000035
[55, 6, 97] - 428.48108399999927
[55, 36, 6, 94] - 340.7571779200002
[55, 6, 90, 94] - 339.7443441599998
[55, 36, 6, 90] - 344.1902790499997
[57, 6, 31] - 396.2734160000001
[2, 57, 6] - 355.07531200000045
[57, 104, 6, 41] - 337.8888461800002
[57, 104, 6, 94] - 350.92535953
[57, 36, 104, 6] - 350.64195715999966
[57, 104, 6, 90] - 352.27474560999997
[57, 6, 120] - 401.84083099999975
[1, 57, 6] - 395.4773879999999
[56, 57, 6] - 446.0836150000006
[57, 6, 71] - 443.3000260000006
[67, 57, 6] - 441.92328300000065
[57, 38, 6, 41, 97] - 395.33079659979967
[57, 38, 6, 94, 41] - 406.9147809562999
[57, 36, 38, 6, 41] - 406.8080606387011
[57, 38, 6, 90, 41] - 408.4379056280002
[57, 6, 94, 41, 97] - 396.1792571281002
[57, 36, 6, 41, 97] - 396.5636621956006
[57, 6, 90, 41, 97] - 397.4518758150997
[57, 36, 6, 94, 41] - 408.1026207833996
[57, 6, 90, 94, 41] - 408.88140592570016
[57, 36, 6, 90, 41] - 409.3784451032998
[57, 38, 6, 94, 97] - 390.0992134101005
[57, 36, 38, 6, 97] - 390.75591257529965
[57, 38, 6, 90, 97] - 391.04588950810006
[57, 36, 38, 6, 94] - 403.02047027489925
[57, 38, 6, 90, 94] - 403.4953708370006
[57, 36, 38, 6, 90] - 404.3720235183007
[57, 36, 6, 94, 97] - 410.0843934975997
[57, 6, 90, 94, 97] - 410.3949838634998
[57, 36, 6, 90, 97] - 410.6604865689004
[57, 36, 6, 90, 94] - 423.12865519060017
[104, 6, 31] - 415.59838799999983
[56, 1, 6, 31] - 426.49291349000043
[1, 6, 71, 31] - 399.8751877700001
[67, 1, 6, 31] - 407.5582808299997
[1, 6, 94, 41, 31] - 343.1844865378995
[1, 36, 6, 41, 31] - 341.67786600030036
[1, 6, 90, 41, 31] - 353.32848679389986
[1, 6, 94, 31, 97] - 340.6544535816997
[1, 36, 6, 31, 97] - 340.09375749470007
[1, 6, 90, 31, 97] - 351.8711643979999
[1, 36, 6, 94, 31] - 358.93515294980034
[1, 6, 90, 94, 31] - 359.4872289599998
[1, 36, 6, 90, 31] - 358.7825450182001
[88, 6, 31] - 396.1236640000005
[79, 6, 31] - 402.19000500000055
[56, 6, 71, 31] - 352.3652572099998
[67, 56, 6, 31] - 350.0978952999998
[56, 6, 41, 31] - 434.30317098000006
[56, 6, 97, 31] - 430.57563327000025
[56, 6, 94, 31] - 433.16259974999997
[56, 36, 6, 31] - 430.11340316000013
[56, 6, 90, 31] - 431.44374975
[67, 6, 71, 31] - 378.04703956999936
[6, 71, 41, 31] - 404.6427518100006
[6, 71, 97, 31] - 381.14122617999953
[6, 71, 94, 31] - 400.8681839000005
[36, 6, 71, 31] - 399.3950207900006
[6, 90, 71, 31] - 416.66994913000025
[67, 6, 41, 31] - 405.6090914899989
[67, 6, 97, 31] - 389.55303931999947
[67, 6, 94, 31] - 406.61082691000007
[67, 36, 6, 31] - 406.78350571999937
[67, 6, 90, 31] - 424.67089403
[6, 90, 41, 31, 97] - 339.66907859839995
[36, 6, 94, 41, 31] - 353.5877669000994
[6, 90, 94, 41, 31] - 354.87026203550033
[36, 6, 90, 41, 31] - 352.77447012059935
[38, 6, 31] - 447.6635370000001
[36, 6, 94, 31, 97] - 345.2743528440998
[6, 90, 94, 31, 97] - 346.46736798060044
[36, 6, 90, 31, 97] - 345.4066537334999
[36, 6, 90, 94, 31] - 371.6859165507994
[2, 38, 6, 120] - 339.93724519999995
[2, 6, 94, 120] - 338.48561367999963
[2, 36, 6, 120] - 340.7909895199996
[2, 6, 90, 120] - 339.9806829400003
[2, 24, 38, 6] - 397.37597412000025
[2, 24, 6, 97] - 395.2813452700002
[2, 24, 6, 94] - 396.42969048000026
[2, 24, 36, 6] - 394.42622536999977
[2, 24, 6, 90] - 397.2663619899996
[2, 6, 41] - 360.921779
[2, 38, 6, 94, 97] - 358.44830730500024
[2, 36, 38, 6, 97] - 362.01299037269973
[2, 38, 6, 90, 97] - 361.1161918953995
[2, 36, 38, 6, 94] - 365.82693887320045
[2, 38, 6, 90, 94] - 367.1894744851999
[2, 36, 38, 6, 90] - 368.50025850820003
[2, 36, 6, 94, 97] - 360.61033833589926
[2, 6, 90, 94, 97] - 359.59322896730055
[2, 36, 6, 90, 97] - 363.2261601849995
[2, 36, 6, 90, 94] - 366.6655656737003
[67, 1, 104, 6] - 345.7061827500001
[1, 104, 6, 97] - 339.34847406999995
[1, 104, 6, 90] - 345.9248084800002
[56, 104, 6] - 445.5861420000001
[67, 104, 6, 71] - 386.1943597000003
[38, 104, 6, 71] - 378.1344942799998
[104, 6, 71, 97] - 381.0069152599996
[104, 6, 71, 94] - 379.7890994899999
[36, 104, 6, 71] - 382.42932805999993
[104, 6, 90, 71] - 398.35779364000064
[67, 104, 6, 41] - 361.6378475400001
[67, 38, 104, 6] - 410.24865955999985
[67, 104, 6, 97] - 412.05138447999946
[67, 104, 6, 94] - 409.7440278900008
[67, 36, 104, 6] - 411.9990097299996
[67, 104, 6, 90] - 428.99342070000023
[38, 104, 6, 41] - 379.55258903999953
[104, 6, 41, 97] - 367.7063997799997
[104, 6, 94, 41] - 367.2710366099996
[36, 104, 6, 41] - 368.4938997100006
[104, 6, 90, 41] - 384.64516312999984
[104, 38, 6, 97] - 413.8368063200003
[104, 38, 6, 94] - 412.84198196999995
[36, 104, 38, 6] - 416.23410072000036
[104, 38, 6, 90] - 431.7157029999995
[104, 6, 94, 97] - 415.30065861999975
[36, 104, 6, 97] - 419.02096949000054
[104, 6, 90, 97] - 435.09588498999994
[36, 104, 6, 94] - 433.87047147999965
[104, 6, 90, 94] - 434.64550327
[36, 104, 6, 90] - 438.71142418999955
[56, 38, 6, 120] - 339.8636486699992
[56, 6, 97, 120] - 361.65852247000043
[56, 6, 94, 120] - 357.3297577200001
[56, 36, 6, 120] - 359.40234224999983
[56, 6, 90, 120] - 359.4105717799998
[24, 6, 120] - 413.87124500000044
[6, 71, 120] - 403.8547399999997
[67, 6, 120] - 412.48033599999985
[6, 41, 120] - 379.024718
[38, 6, 94, 97, 120] - 354.1118637151999
[36, 38, 6, 97, 120] - 356.7246366575005
[38, 6, 90, 97, 120] - 362.33931463049987
[36, 38, 6, 94, 120] - 361.6548085105988
[38, 6, 90, 94, 120] - 362.5668068881996
[36, 38, 6, 90, 120] - 364.8408373582997
[36, 6, 94, 97, 120] - 373.74228943930075
[6, 90, 94, 97, 120] - 374.0338786228002
[36, 6, 90, 97, 120] - 376.3346259216003
[36, 6, 90, 94, 120] - 381.3289369484006
[88, 1, 6] - 440.88575599999945
[1, 79, 6] - 443.55670399999974
[1, 56, 6, 71] - 365.09978785000027
[67, 1, 56, 6] - 359.84683288999975
[1, 56, 6, 41] - 429.6651238300002
[1, 56, 6, 97] - 443.62672136000003
[1, 56, 6, 94] - 444.52153223999966
[1, 56, 36, 6] - 441.7318645100003
[1, 56, 6, 90] - 443.7373319099992
[67, 1, 6, 71] - 377.37092307
[1, 6, 71, 41] - 389.9556170199994
[1, 6, 71, 97] - 394.3217743499998
[1, 6, 71, 94] - 401.9257549699996
[1, 36, 6, 71] - 400.91139061000035
[1, 6, 90, 71] - 418.8147683599999
[1, 67, 6, 41] - 418.3759777999996
[1, 67, 38, 6] - 352.2858584000004
[1, 67, 6, 97] - 432.5631969999996
[1, 67, 6, 94] - 435.1557965100001
[1, 67, 36, 6] - 436.7651057799998
[1, 67, 6, 90] - 454.5516225999998
[1, 6, 94, 41, 97] - 347.7099470027999
[1, 36, 6, 41, 97] - 347.09126200110006
[1, 6, 90, 41, 97] - 359.91471461559905
[1, 36, 6, 94, 41] - 364.49911579459933
[1, 6, 90, 94, 41] - 365.45817765179964
[1, 36, 6, 90, 41] - 364.91040114550066
[1, 38, 6, 90] - 351.11822815
[1, 36, 6, 94, 97] - 376.12429084039957
[1, 6, 90, 94, 97] - 377.5214139651998
[1, 36, 6, 90, 97] - 376.8564787589006
[1, 36, 6, 90, 94] - 393.96222104099945
[88, 79, 6, 97] - 393.79557901000015
[88, 79, 6, 94] - 409.3415486199995
[88, 79, 36, 6] - 412.3485988800004
[88, 79, 6, 90] - 412.01982733999984
[88, 56, 6, 97] - 412.5596313499997
[88, 56, 6, 94] - 408.14555038999976
[88, 56, 36, 6] - 408.03880012000036
[88, 56, 6, 90] - 407.96256434999987
[88, 24, 6] - 368.3503700000005
[88, 6, 71] - 440.950056
[88, 67, 6, 97] - 345.97051137
[88, 67, 6, 94] - 364.59037428
[88, 67, 36, 6] - 367.89039655000016
[88, 67, 6, 90] - 371.11169842000004
[88, 6, 94, 41] - 356.61398603999965
[88, 36, 6, 41] - 356.8641349600001
[88, 6, 90, 41] - 356.59296564999954
[88, 36, 38, 6] - 341.45915309999987
[88, 38, 6, 90] - 339.9015125499999
[88, 36, 6, 94, 97] - 377.0442790946999
[88, 6, 90, 94, 97] - 376.3851391836005
[88, 36, 6, 90, 97] - 379.1095383145994
[88, 36, 6, 90, 94] - 391.4635021787001
[56, 79, 6, 97] - 403.42515132999995
[56, 79, 6, 94] - 402.7825782799994
[56, 79, 36, 6] - 401.8586661200006
[56, 79, 6, 90] - 400.5949160800001
[24, 79, 6] - 372.4180550000002
[79, 6, 71] - 443.65873900000014
[67, 79, 6, 97] - 345.19284361999996
[67, 79, 6, 94] - 366.14874298
[67, 79, 36, 6] - 366.97108164000014
[67, 79, 6, 90] - 370.9428697200001
[79, 6, 94, 41] - 351.0721550499998
[79, 36, 6, 41] - 348.8243292700004
[79, 6, 90, 41] - 351.41315576999966
[79, 36, 38, 6] - 341.03090802000037
[79, 38, 6, 90] - 339.3324814099998
[79, 36, 6, 94, 97] - 375.71776138099955
[79, 6, 90, 94, 97] - 375.73934590550056
[79, 36, 6, 90, 97] - 378.4553919369003
[79, 36, 6, 90, 94] - 391.65182739060026
[56, 24, 6, 97] - 352.0633077200002
[56, 24, 6, 94] - 348.7223596999996
[56, 24, 36, 6] - 345.98557932999995
[56, 24, 6, 90] - 346.87103104999966
[67, 56, 6, 71] - 387.50490786999967
[56, 6, 71, 41] - 380.9817700799997
[56, 38, 6, 71] - 382.3258248000002
[56, 6, 71, 94, 97] - 362.2606516097998
[56, 36, 6, 71, 97] - 362.68108986969924
[56, 6, 90, 71, 97] - 365.29898409499987
[56, 36, 6, 71, 94] - 360.5466249615998
[56, 6, 90, 71, 94] - 362.80581445129957
[56, 36, 6, 90, 71] - 362.6933132447003
[56, 67, 6, 41] - 376.05498476000025
[56, 67, 38, 6] - 383.9280545299999
[56, 67, 6, 94, 97] - 360.4810085293003
[56, 67, 36, 6, 97] - 359.64123166619964
[56, 67, 6, 90, 97] - 363.1636194689993
[56, 67, 36, 6, 94] - 356.4346593679997
[56, 67, 6, 90, 94] - 360.74721453160043
[56, 67, 36, 6, 90] - 359.04998486650027
[56, 6, 94, 41, 97] - 363.01565757090043
[56, 36, 6, 41, 97] - 362.47738287029927
[56, 6, 90, 41, 97] - 363.74562301489965
[56, 36, 6, 94, 41] - 361.47678322879983
[56, 6, 90, 94, 41] - 362.5368754049002
[56, 36, 6, 90, 41] - 361.0208450556004
[56, 38, 6, 94, 97] - 374.0620617541
[56, 36, 38, 6, 97] - 375.4026646964008
[56, 38, 6, 90, 97] - 376.0981694230997
[56, 36, 38, 6, 94] - 372.4490637807999
[56, 38, 6, 90, 94] - 373.91899598290024
[56, 36, 38, 6, 90] - 374.49937922010014
[56, 36, 6, 90, 94, 97] - 383.8675769573232
[24, 6, 41, 97] - 390.85267934999985
[24, 6, 94, 41] - 380.1141099000004
[24, 36, 6, 41] - 374.72452340999985
[24, 6, 90, 41] - 393.4766323399995
[24, 38, 6, 97] - 425.7199088000001
[24, 38, 6, 94] - 412.20325040000046
[24, 36, 38, 6] - 410.98001843999964
[24, 38, 6, 90] - 429.0044541700004
[24, 36, 6, 94, 97] - 436.30038662590067
[24, 6, 90, 94, 97] - 437.45307684970027
[24, 36, 6, 90, 97] - 436.0727122204999
[24, 36, 6, 90, 94] - 434.87904538780055
[67, 6, 71, 41] - 380.8415220500002
[67, 38, 6, 71] - 428.1188572599997
[67, 6, 90, 71, 97] - 345.9758534258
[67, 36, 6, 71, 94] - 351.78334246669976
[67, 6, 90, 71, 94] - 355.02904185319994
[67, 36, 6, 90, 71] - 357.8275366240993
[38, 6, 71, 41] - 345.11803522999975
[6, 71, 41, 97] - 395.74809104999997
[6, 71, 94, 41] - 413.3119922899994
[36, 6, 71, 41] - 413.48800239000025
[6, 90, 71, 41] - 430.86501917000004
[38, 6, 90, 71, 97] - 338.8321726665998
[36, 38, 6, 71, 94] - 346.5697488841003
[38, 6, 90, 71, 94] - 347.7154665854004
[36, 38, 6, 90, 71] - 351.0204851306002
[36, 6, 71, 94, 97] - 401.52478279069925
[6, 90, 71, 94, 97] - 404.2597549345998
[36, 6, 90, 71, 97] - 406.19172450439964
[36, 6, 90, 71, 94] - 427.85852176040015
[67, 38, 6, 41] - 375.0773576099992
[67, 6, 41, 97] - 425.0763897099997
[67, 6, 94, 41] - 440.8613620699999
[67, 36, 6, 41] - 440.28165372000035
[67, 6, 90, 41] - 459.9590358600005
[67, 38, 6, 94, 97] - 354.4597772678014
[67, 36, 38, 6, 97] - 357.4183523542997
[67, 38, 6, 90, 97] - 370.85138500359994
[67, 36, 38, 6, 94] - 377.0480635854998
[67, 38, 6, 90, 94] - 378.65221052920003
[67, 36, 38, 6, 90] - 382.7561229801999
[67, 36, 6, 94, 97] - 429.9764947596004
[67, 6, 90, 94, 97] - 433.3808380189
[67, 36, 6, 90, 97] - 435.9208969694003
[67, 36, 6, 90, 94] - 454.9119927698009
[38, 6, 94, 41, 97] - 413.07103901129983
[36, 38, 6, 41, 97] - 413.9481315279006
[38, 6, 90, 41, 97] - 426.56990088530046
[36, 38, 6, 94, 41] - 440.8584979839998
[38, 6, 90, 94, 41] - 443.52421669599966
[36, 38, 6, 90, 41] - 442.9327895373997
[36, 6, 90, 94, 41, 97] - 402.9773408803109
[36, 38, 6, 90, 94, 97] - 447.13525439722764
[88, 55, 23, 104] - 340.40655941000006
[55, 23, 79, 104] - 339.7104794500005
[55, 67, 23, 104] - 341.8762873099997
[55, 23, 38, 104] - 339.32740411
[55, 23, 36, 104] - 342.18891881000036
[55, 23, 104, 90] - 340.5067096899992
[55, 1, 23] - 394.7705530000006
[55, 88, 23, 79] - 354.2489890000003
[55, 88, 67, 23] - 372.3600470599997
[55, 88, 23, 38] - 367.45467453000003
[55, 88, 23, 94] - 365.3873882399996
[55, 88, 23, 36] - 373.9339371100002
[55, 88, 23, 90] - 370.41524238999995
[55, 67, 23, 79] - 371.51691096999957
[55, 23, 79, 38] - 368.0853365400001
[55, 23, 79, 94] - 365.87533880000024
[55, 23, 79, 36] - 373.74550593999976
[55, 23, 79, 90] - 372.20486451999926
[55, 67, 23, 71] - 340.77611868999924
[55, 23, 38, 71] - 338.7451738499996
[55, 23, 36, 71] - 343.9038332100004
[55, 23, 90, 71] - 342.85393160999973
[55, 23, 67, 38] - 400.3167523399999
[55, 23, 67, 94] - 396.58939579000054
[55, 23, 67, 36] - 405.84356072000037
[55, 23, 67, 90] - 404.02850748000026
[55, 23, 41] - 421.44422800000046
[55, 23, 38, 94] - 393.3746666000003
[55, 23, 36, 38] - 402.4050724999998
[55, 23, 38, 90] - 399.6355040200003
[55, 23, 97] - 399.80686200000036
[55, 23, 36, 94] - 399.06715932000014
[55, 23, 90, 94] - 395.3846936799996
[55, 23, 36, 90] - 406.4809430199999
[1, 23, 57, 104, 31] - 410.34900038049955
[56, 23, 57, 104, 31] - 405.6958577482
[23, 57, 104, 71, 31] - 434.55302299030035
[67, 23, 57, 104, 31] - 433.7451603350996
[23, 57, 104, 41, 31] - 437.11874729569996
[23, 57, 38, 104, 31] - 429.2374250438999
[23, 57, 104, 97, 31] - 408.6325986548998
[23, 57, 104, 94, 31] - 433.58832909379964
[23, 57, 36, 104, 31] - 436.35148974910044
[23, 57, 104, 90, 31] - 434.4824763888999
[56, 23, 1, 57, 31] - 402.5759058305997
[23, 1, 57, 71, 31] - 412.27047763410013
[67, 23, 1, 57, 31] - 411.8907950296999
[23, 1, 57, 41, 31] - 415.99180369709956
[23, 1, 57, 38, 31] - 408.5881430411998
[23, 1, 57, 97, 31] - 403.52452842850056
[23, 1, 57, 94, 31] - 412.0274837474002
[23, 1, 57, 36, 31] - 415.24433115109935
[23, 1, 57, 90, 31] - 412.3169883044998
[23, 56, 57, 71, 31] - 407.22825344500023
[67, 23, 56, 57, 31] - 406.9942374001003
[23, 56, 57, 41, 31] - 412.1857315129998
[23, 56, 57, 38, 31] - 404.12782224329965
[23, 56, 57, 97, 31] - 405.78113296580017
[23, 56, 57, 94, 31] - 407.7430809396991
[23, 56, 57, 36, 31] - 409.2358670924006
[23, 56, 57, 90, 31] - 406.4270902937002
[67, 23, 57, 71, 31] - 435.7007750437001
[23, 57, 71, 41, 31] - 437.97564515380066
[23, 57, 38, 71, 31] - 429.21607496809946
[23, 57, 71, 97, 31] - 410.77103942759993
[23, 57, 71, 94, 31] - 435.47465759739924
[23, 57, 36, 71, 31] - 437.4689362205996
[23, 57, 90, 71, 31] - 435.69480461179955
[23, 67, 57, 41, 31] - 438.7402015435
[23, 67, 57, 38, 31] - 430.1216525152003
[23, 67, 57, 97, 31] - 410.2040423480001
[23, 67, 57, 94, 31] - 434.70453576300076
[23, 67, 57, 36, 31] - 437.4820528869993
[23, 67, 57, 90, 31] - 435.2759377602
[23, 57, 38, 41, 31] - 434.3427974051009
[23, 57, 41, 97, 31] - 412.9006754410004
[23, 57, 94, 41, 31] - 437.22927531329987
[23, 57, 36, 41, 31] - 439.8382208208998
[23, 57, 90, 41, 31] - 437.5089060068001
[23, 57, 38, 97, 31] - 404.8835303496997
[23, 57, 38, 94, 31] - 428.88935455869984
[23, 57, 36, 38, 31] - 431.7208787735997
[23, 57, 38, 90, 31] - 428.9255436701005
[23, 57, 94, 31, 97] - 409.906611946
[23, 57, 36, 31, 97] - 412.29722573219925
[23, 57, 90, 31, 97] - 409.3593566109997
[23, 57, 36, 94, 31] - 437.3896286418999
[23, 57, 90, 94, 31] - 434.9011879871001
[23, 57, 36, 90, 31] - 437.66345148150066
[23, 57, 104, 5] - 341.1629664399998
[23, 57, 5, 94] - 341.3568678100002
[23, 57, 36, 5] - 345.1993819499998
[23, 57, 5, 90] - 341.2973214899992
[23, 57, 104, 120] - 375.7575904600004
[56, 23, 1, 57, 104] - 426.25180151650017
[23, 1, 57, 104, 71] - 437.9479789424009
[67, 23, 1, 57, 104] - 435.14480449290005
[23, 1, 57, 104, 41] - 416.5491365845
[23, 1, 57, 38, 104] - 410.5623874349008
[23, 1, 57, 104, 97] - 427.2278336306002
[23, 1, 57, 104, 94] - 435.9247196800997
[23, 1, 57, 36, 104] - 439.8201370358995
[23, 1, 57, 104, 90] - 436.7906583425998
[88, 23, 57, 104] - 340.6650952400002
[23, 79, 57, 104] - 336.8621826999998
[67, 23, 56, 57, 104, 71] - 337.580254187158
[23, 56, 57, 104, 71, 41] - 336.84225210611464
[23, 56, 57, 104, 71, 97] - 351.654069766134
[23, 56, 57, 104, 71, 94] - 351.6455174682244
[23, 56, 57, 36, 104, 71] - 352.9281687323555
[23, 56, 57, 104, 90, 71] - 351.49624667715455
[23, 56, 67, 57, 104, 97] - 347.753459195199
[23, 56, 67, 57, 104, 94] - 349.1113915533528
[23, 56, 67, 57, 36, 104] - 350.10497724450903
[23, 56, 67, 57, 104, 90] - 348.8018291919409
[23, 56, 57, 38, 104, 41] - 359.6005903382068
[23, 56, 57, 104, 41, 97] - 359.7916542343053
[23, 56, 57, 104, 94, 41] - 360.430044591186
[23, 56, 57, 36, 104, 41] - 361.62731877281726
[23, 56, 57, 104, 90, 41] - 360.3936491828116
[23, 56, 57, 104, 38, 97] - 355.8280220815581
[23, 56, 57, 104, 38, 94] - 357.15738521486963
[23, 56, 57, 36, 104, 38] - 358.04016935675685
[23, 56, 57, 104, 38, 90] - 356.5589841273024
[23, 56, 57, 104, 94, 97] - 374.4064096118444
[23, 56, 57, 36, 104, 97] - 375.61965626220103
[23, 56, 57, 104, 90, 97] - 373.9528229547582
[23, 56, 57, 36, 104, 94] - 377.46479211989373
[23, 56, 57, 104, 90, 94] - 376.0559951831361
[23, 56, 57, 36, 104, 90] - 376.81280741176295
[23, 67, 57, 104, 71, 41] - 344.7040400125997
[23, 67, 57, 38, 104, 71] - 338.9758814865015
[23, 67, 57, 104, 71, 97] - 340.0650114405608
[23, 67, 57, 104, 71, 94] - 358.6894991086538
[23, 67, 57, 36, 104, 71] - 360.6374370286945
[23, 67, 57, 104, 90, 71] - 359.990536422579
[23, 57, 38, 104, 71, 41] - 353.87000167623785
[23, 57, 104, 71, 41, 97] - 337.02480858481397
[23, 57, 104, 71, 94, 41] - 355.191784226259
[23, 57, 36, 104, 71, 41] - 357.4875928106757
[23, 57, 104, 90, 71, 41] - 356.1692328999924
[23, 57, 104, 38, 71, 94] - 350.5635290544962
[23, 57, 36, 104, 38, 71] - 352.5676127647587
[23, 57, 104, 38, 90, 71] - 350.96807699122456
[23, 57, 104, 71, 94, 97] - 352.40802961201723
[23, 57, 36, 104, 71, 97] - 354.158104649119
[23, 57, 104, 90, 71, 97] - 352.71398315359085
[23, 57, 36, 104, 71, 94] - 373.5602928389925
[23, 57, 104, 90, 71, 94] - 372.3497342124695
[23, 57, 36, 104, 90, 71] - 374.47750392499046
[23, 67, 57, 38, 104, 41] - 355.02164659603415
[23, 67, 57, 104, 94, 41] - 355.17337042706623
[23, 67, 57, 36, 104, 41] - 357.3791367253502
[23, 67, 57, 104, 90, 41] - 356.6163640240125
[23, 67, 57, 104, 38, 94] - 350.3078502942155
[23, 67, 57, 36, 104, 38] - 352.2446225491451
[23, 67, 57, 104, 38, 90] - 351.36315313654
[23, 67, 57, 104, 94, 97] - 349.55607352239724
[23, 67, 57, 36, 104, 97] - 351.37780914417175
[23, 67, 57, 104, 90, 97] - 349.8989412506689
[23, 67, 57, 36, 104, 94] - 371.07023553919464
[23, 67, 57, 104, 90, 94] - 370.45579294345083
[23, 67, 57, 36, 104, 90] - 372.30543822608604
[23, 57, 104, 38, 41, 97] - 359.50287952368024
[23, 57, 104, 38, 94, 41] - 377.59297530079306
[23, 57, 36, 104, 38, 41] - 379.8082994828644
[23, 57, 104, 38, 90, 41] - 378.69489499768576
[23, 57, 104, 94, 41, 97] - 359.84920543517313
[23, 57, 36, 104, 41, 97] - 361.894161734341
[23, 57, 104, 90, 41, 97] - 360.3842391795434
[23, 57, 36, 104, 94, 41] - 380.4882159268821
[23, 57, 104, 90, 94, 41] - 379.5116013375796
[23, 57, 36, 104, 90, 41] - 381.77852488555243
[23, 57, 104, 38, 94, 97] - 356.5056022651559
[23, 57, 36, 104, 38, 97] - 358.13085654499906
[23, 57, 104, 38, 90, 97] - 356.34615674636365
[23, 57, 36, 104, 38, 94] - 377.6186845672756
[23, 57, 104, 38, 90, 94] - 376.1798302904397
[23, 57, 36, 104, 38, 90] - 378.14117348276716
[23, 57, 36, 104, 94, 97] - 377.6674188091825
[23, 57, 104, 90, 94, 97] - 376.3293740392736
[23, 57, 36, 104, 90, 97] - 377.7049196718066
[23, 57, 36, 104, 90, 94] - 398.4758098191228
[56, 23, 57, 120] - 349.2616296200001
[23, 57, 71, 120] - 354.17857615000025
[67, 23, 57, 120] - 354.6823381999998
[23, 57, 41, 120] - 349.16101843999996
[23, 57, 38, 120] - 342.5698034100002
[23, 57, 97, 120] - 345.99704449000006
[23, 57, 94, 120] - 375.78596085000015
[23, 57, 36, 120] - 378.0834095100003
[23, 57, 90, 120] - 376.1721020900002
[23, 1, 56, 57, 71] - 429.2006220452003
[67, 23, 1, 56, 57] - 427.3654996762005
[23, 1, 56, 57, 41] - 408.0939430403004
[23, 1, 56, 57, 38] - 401.2571698592995
[23, 1, 56, 57, 97] - 427.38555862689907
[23, 1, 56, 57, 94] - 428.26590689429923
[23, 1, 56, 57, 36] - 431.1306298804007
[23, 1, 56, 57, 90] - 427.22072059969986
[67, 23, 1, 57, 71] - 438.0927903361995
[23, 1, 57, 71, 41] - 418.08016042319935
[23, 1, 57, 38, 71] - 411.1284532228003
[23, 1, 57, 71, 97] - 430.5890984226003
[23, 1, 57, 71, 94] - 438.704414391701
[23, 1, 57, 36, 71] - 441.7320692074997
[23, 1, 57, 90, 71] - 438.84516186319996
[23, 1, 67, 57, 41] - 418.1157155516001
[23, 1, 67, 57, 38] - 411.71287700109997
[23, 1, 67, 57, 97] - 428.42097203010013
[23, 1, 67, 57, 94] - 436.1041076168007
[23, 1, 67, 57, 36] - 440.1600244810006
[23, 1, 67, 57, 90] - 436.26534250429967
[23, 1, 57, 38, 41] - 414.9454437291
[23, 1, 57, 41, 97] - 409.2600946122004
[23, 1, 57, 94, 41] - 416.74410950039976
[23, 1, 57, 36, 41] - 420.69828133319953
[23, 1, 57, 90, 41] - 417.1322783458999
[23, 1, 57, 38, 97] - 402.2498382776002
[23, 1, 57, 38, 94] - 410.48309562860027
[23, 1, 57, 36, 38] - 414.8311182155004
[23, 1, 57, 38, 90] - 410.627168009601
[23, 1, 57, 94, 97] - 428.3156698119992
[23, 1, 57, 36, 97] - 432.0361905750003
[23, 1, 57, 90, 97] - 427.68258759160085
[23, 1, 57, 36, 94] - 441.3281242687999
[23, 1, 57, 90, 94] - 437.4471960803
[23, 1, 57, 36, 90] - 441.16693590199964
[88, 23, 57, 94] - 342.21329413999996
[88, 23, 57, 36] - 343.18102248999975
[88, 23, 57, 90] - 340.26326350999994
[23, 57, 79, 94] - 340.50373933
[23, 57, 79, 36] - 338.24898649000005
[23, 57, 79, 90] - 341.52405312999986
[23, 56, 67, 57, 71, 97] - 338.50848729311014
[23, 56, 67, 57, 71, 94] - 338.61520551324713
[23, 56, 67, 57, 36, 71] - 339.5850326346621
[23, 56, 67, 57, 90, 71] - 337.624292413561
[23, 56, 57, 71, 41, 97] - 336.9086427818203
[23, 56, 57, 36, 71, 41] - 338.0605456458197
[23, 56, 57, 38, 71] - 441.90185867930006
[23, 56, 57, 71, 94, 97] - 351.6249212191798
[23, 56, 57, 36, 71, 97] - 352.98763707392425
[23, 56, 57, 90, 71, 97] - 350.57304577374475
[23, 56, 57, 36, 71, 94] - 353.7035529520404
[23, 56, 57, 90, 71, 94] - 351.38846831708287
[23, 56, 57, 36, 90, 71] - 352.5336073489437
[23, 56, 67, 57, 94, 41] - 337.32475186164913
[23, 56, 67, 57, 36, 41] - 338.3915475748798
[23, 56, 67, 57, 38] - 442.1556334406008
[23, 56, 67, 57, 94, 97] - 349.3399318991395
[23, 56, 67, 57, 36, 97] - 350.5562967364678
[23, 56, 67, 57, 90, 97] - 348.02350040631154
[23, 56, 67, 57, 36, 94] - 352.45324063552835
[23, 56, 67, 57, 90, 94] - 350.52471774268554
[23, 56, 67, 57, 36, 90] - 350.98806121663114
[23, 56, 57, 38, 41, 97] - 359.11222192008586
[23, 56, 57, 38, 94, 41] - 359.61522833623144
[23, 56, 57, 36, 38, 41] - 361.10282597936583
[23, 56, 57, 38, 90, 41] - 358.8513020486596
[23, 56, 57, 94, 41, 97] - 360.26652241716687
[23, 56, 57, 36, 41, 97] - 361.9323272070477
[23, 56, 57, 90, 41, 97] - 359.4158552738459
[23, 56, 57, 36, 94, 41] - 362.91643328152577
[23, 56, 57, 90, 94, 41] - 360.78633296267935
[23, 56, 57, 36, 90, 41] - 361.85657863211037
[23, 56, 57, 38, 94, 97] - 356.05402490615165
[23, 56, 57, 36, 38, 97] - 357.35061177133235
[23, 56, 57, 38, 90, 97] - 354.6728613494117
[23, 56, 57, 36, 38, 94] - 359.21482289303185
[23, 56, 57, 38, 90, 94] - 356.887394242044
[23, 56, 57, 36, 38, 90] - 357.7808382589687
[23, 56, 57, 36, 94, 97] - 377.1911297378705
[23, 56, 57, 90, 94, 97] - 374.8196059316077
[23, 56, 57, 36, 90, 97] - 375.59020939382594
[23, 56, 57, 36, 90, 94] - 378.5326392901076
[23, 67, 57, 38, 71, 41] - 342.14252992556317
[23, 67, 57, 71, 94, 41] - 344.0337492919022
[23, 67, 57, 36, 71, 41] - 346.2294773632598
[23, 67, 57, 90, 71, 41] - 344.6482533938844
[23, 67, 57, 38, 71, 94] - 337.9579411867869
[23, 67, 57, 36, 38, 71] - 339.8593738072083
[23, 67, 57, 38, 90, 71] - 338.3377091648468
[23, 67, 57, 71, 94, 97] - 340.40399553960475
[23, 67, 57, 36, 71, 97] - 342.0862690902472
[23, 67, 57, 90, 71, 97] - 340.13843852114
[23, 67, 57, 36, 71, 94] - 361.15815499966874
[23, 67, 57, 90, 71, 94] - 359.77261370721914
[23, 67, 57, 36, 90, 71] - 361.72623808976704
[23, 57, 38, 71, 94, 41] - 352.06589486163074
[23, 57, 36, 38, 71, 41] - 354.5206086035251
[23, 57, 38, 90, 71, 41] - 352.56606724834006
[23, 57, 36, 71, 41, 97] - 338.5427648608568
[23, 57, 36, 71, 94, 41] - 356.8356523487051
[23, 57, 90, 71, 94, 41] - 354.80539296098965
[23, 57, 36, 90, 71, 41] - 357.3177662053752
[23, 57, 38, 71, 97] - 441.5978589845002
[23, 57, 36, 38, 71, 94] - 351.490507491043
[23, 57, 38, 90, 71, 94] - 349.1529756681141
[23, 57, 36, 38, 90, 71] - 351.55187143696406
[23, 57, 36, 71, 94, 97] - 354.4555042693584
[23, 57, 90, 71, 94, 97] - 352.46371723708586
[23, 57, 36, 90, 71, 97] - 353.93931887360645
[23, 57, 36, 90, 71, 94] - 374.2687850599056
[23, 67, 57, 38, 94, 41] - 354.09979806044316
[23, 67, 57, 36, 38, 41] - 356.4050417810774
[23, 67, 57, 38, 90, 41] - 354.9630133223405
[23, 67, 57, 94, 41, 97] - 336.8162041028562
[23, 67, 57, 36, 41, 97] - 338.78858046079586
[23, 67, 57, 36, 94, 41] - 357.6607189062366
[23, 67, 57, 90, 94, 41] - 356.5092644405587
[23, 67, 57, 36, 90, 41] - 358.4664976889114
[23, 67, 57, 38, 97] - 441.8163665476003
[23, 67, 57, 36, 38, 94] - 352.1741598152652
[23, 67, 57, 38, 90, 94] - 350.8963572608148
[23, 67, 57, 36, 38, 90] - 352.76308707626794
[23, 67, 57, 36, 94, 97] - 352.90834622482566
[23, 67, 57, 90, 94, 97] - 351.14635954332294
[23, 67, 57, 36, 90, 97] - 352.3195297966243
[23, 67, 57, 36, 90, 94] - 373.4899312191019
[23, 57, 38, 94, 41, 97] - 358.9454813100009
[23, 57, 36, 38, 41, 97] - 361.2574135398008
[23, 57, 38, 90, 41, 97] - 358.88947530675847
[23, 57, 36, 38, 94, 41] - 379.1263537068615
[23, 57, 38, 90, 94, 41] - 377.40862243209517
[23, 57, 36, 38, 90, 41] - 379.8326610545702
[23, 57, 36, 94, 41, 97] - 362.7105004901131
[23, 57, 90, 94, 41, 97] - 360.5238955972333
[23, 57, 36, 90, 41, 97] - 362.33181239065044
[23, 57, 36, 90, 94, 41] - 381.744702033996
[23, 57, 36, 38, 94, 97] - 358.49153998428653
[23, 57, 38, 90, 94, 97] - 356.1045199220171
[23, 57, 36, 38, 90, 97] - 357.60739726355615
[23, 57, 36, 38, 90, 94] - 377.76276344088626
[23, 57, 36, 90, 94, 97] - 379.05771437324273
[23, 5, 31] - 400.67869599999995
[56, 23, 1, 104, 31] - 402.35453395879944
[23, 1, 104, 71, 31] - 414.25470077039984
[67, 23, 1, 104, 31] - 412.2604528140007
[23, 1, 104, 41, 31] - 416.5036384146
[23, 1, 38, 104, 31] - 410.4124541930999
[23, 1, 104, 97, 31] - 404.10367511959936
[23, 1, 104, 94, 31] - 411.82238581799993
[23, 1, 36, 104, 31] - 416.6731462836994
[23, 1, 104, 90, 31] - 414.29060807380085
[23, 56, 104, 71, 31] - 408.4787606994003
[67, 23, 56, 104, 31] - 407.2213033373995
[23, 56, 104, 41, 31] - 412.47574759209994
[23, 56, 38, 104, 31] - 405.53422528970043
[23, 56, 104, 97, 31] - 406.19034974249945
[23, 56, 104, 94, 31] - 407.0754991931
[23, 56, 36, 104, 31] - 410.4284147051001
[23, 56, 104, 90, 31] - 408.23223693750003
[67, 23, 104, 71, 31] - 437.03257926440034
[23, 104, 71, 41, 31] - 439.77804148290016
[23, 38, 104, 71, 31] - 432.7070910908002
[23, 104, 71, 97, 31] - 412.2410138478
[23, 104, 71, 94, 31] - 436.4468297658001
[23, 36, 104, 71, 31] - 440.06599049860097
[23, 104, 90, 71, 31] - 438.6326361351
[23, 67, 104, 41, 31] - 439.33829975569967
[23, 67, 38, 104, 31] - 432.48442640420063
[23, 67, 104, 97, 31] - 410.81699005950014
[23, 67, 104, 94, 31] - 434.3476847167001
[23, 67, 36, 104, 31] - 438.7277184875004
[23, 67, 104, 90, 31] - 437.1775311346997
[23, 38, 104, 41, 31] - 436.41160670250053
[23, 104, 41, 97, 31] - 413.7129648317996
[23, 104, 94, 41, 31] - 437.0643955718994
[23, 36, 104, 41, 31] - 441.41136576930074
[23, 104, 90, 41, 31] - 439.6204138918005
[23, 104, 38, 97, 31] - 406.8689837057003
[23, 104, 38, 94, 31] - 430.49384705460034
[23, 36, 104, 38, 31] - 434.8388383272
[23, 104, 38, 90, 31] - 432.83470484089924
[23, 104, 94, 31, 97] - 409.61987360209935
[23, 36, 104, 31, 97] - 413.38514495910005
[23, 104, 90, 31, 97] - 411.3409014603998
[23, 36, 104, 94, 31] - 438.07098510640066
[23, 104, 90, 94, 31] - 436.10817925060024
[23, 36, 104, 90, 31] - 440.55418836610033
[23, 31, 120] - 400.89476099999956
[23, 1, 56, 71, 31] - 404.4219411529997
[67, 23, 1, 56, 31] - 403.27359650819983
[23, 1, 56, 41, 31] - 407.5920545781997
[23, 1, 56, 38, 31] - 400.7746433276009
[23, 1, 56, 97, 31] - 402.0598754860999
[23, 1, 56, 94, 31] - 402.9437840451995
[23, 1, 56, 36, 31] - 406.7958446949996
[23, 1, 56, 90, 31] - 403.5401579692
[23, 1, 67, 71, 41, 31] - 348.5152047979802
[23, 1, 67, 38, 71, 31] - 342.97441382103756
[23, 1, 67, 71, 94, 31] - 343.22608243341966
[23, 1, 67, 36, 71, 31] - 348.0199072228265
[23, 1, 67, 90, 71, 31] - 345.2094496190269
[23, 1, 38, 71, 41, 31] - 345.308402278531
[23, 1, 71, 94, 41, 31] - 346.2291246235994
[23, 1, 36, 71, 41, 31] - 350.88102384050467
[23, 1, 90, 71, 41, 31] - 348.07286976934205
[23, 1, 38, 71, 94, 31] - 340.36867256272376
[23, 1, 36, 38, 71, 31] - 344.9766244840559
[23, 1, 38, 90, 71, 31] - 342.2827275256863
[23, 1, 71, 97, 31] - 406.2435161896002
[23, 1, 36, 71, 94, 31] - 346.3983161699933
[23, 1, 90, 71, 94, 31] - 343.59421378626894
[23, 1, 36, 90, 71, 31] - 348.39010820857294
[23, 1, 67, 38, 41, 31] - 347.25528828476496
[23, 1, 67, 94, 41, 31] - 346.74541146102115
[23, 1, 67, 36, 41, 31] - 351.9986160194688
[23, 1, 67, 90, 41, 31] - 348.7258503518913
[23, 1, 67, 38, 94, 31] - 341.3755468252253
[23, 1, 67, 36, 38, 31] - 346.6710100529561
[23, 1, 67, 38, 90, 31] - 343.5246739864988
[23, 1, 67, 97, 31] - 404.9408717859002
[23, 1, 67, 36, 94, 31] - 346.7940352122929
[23, 1, 67, 90, 94, 31] - 343.6422645097189
[23, 1, 67, 36, 90, 31] - 348.88957872098604
[23, 1, 38, 94, 41, 31] - 343.98194128123316
[23, 1, 36, 38, 41, 31] - 349.16254037209427
[23, 1, 38, 90, 41, 31] - 345.9148452626862
[23, 1, 41, 97, 31] - 408.79856088799943
[23, 1, 36, 94, 41, 31] - 349.69908937526986
[23, 1, 90, 94, 41, 31] - 346.5694803259384
[23, 1, 36, 90, 41, 31] - 351.59770819560146
[23, 1, 38, 97, 31] - 401.7923026061996
[23, 1, 36, 38, 94, 31] - 344.17179423510044
[23, 1, 38, 90, 94, 31] - 341.01460170451725
[23, 1, 36, 38, 90, 31] - 346.34851395002164
[23, 1, 94, 31, 97] - 403.7571090545991
[23, 1, 36, 31, 97] - 408.20827268279953
[23, 1, 90, 31, 97] - 404.72284417309993
[23, 1, 36, 90, 94, 31] - 347.49582542559165
[67, 23, 56, 71, 31] - 408.5703482682004
[23, 56, 71, 41, 31] - 412.9024721706003
[23, 56, 38, 71, 31] - 405.72418699119976
[23, 56, 71, 97, 31] - 407.9691024719004
[23, 56, 71, 94, 31] - 408.52178872000076
[23, 56, 36, 71, 31] - 411.0507009700004
[23, 56, 90, 71, 31] - 408.57770781350064
[23, 56, 67, 41, 31] - 412.8051253321998
[23, 56, 67, 38, 31] - 406.19668745139955
[23, 56, 67, 97, 31] - 406.96022783699925
[23, 56, 67, 94, 31] - 407.5994361027002
[23, 56, 67, 36, 31] - 410.55893486120004
[23, 56, 67, 90, 31] - 407.4689101261002
[23, 56, 38, 41, 31] - 410.2593662843002
[23, 56, 41, 97, 31] - 411.5050127910003
[23, 56, 94, 41, 31] - 411.85055731910063
[23, 56, 36, 41, 31] - 415.0143393760007
[23, 56, 90, 41, 31] - 412.00704811950027
[23, 56, 38, 97, 31] - 404.2465768013001
[23, 56, 38, 94, 31] - 404.8600041002
[23, 56, 36, 38, 31] - 408.1458851484003
[23, 56, 38, 90, 31] - 405.21636580130087
[23, 56, 94, 31, 97] - 405.97661522270045
[23, 56, 36, 31, 97] - 409.0709469899997
[23, 56, 90, 31, 97] - 405.9862353895992
[23, 56, 36, 94, 31] - 410.9000666752005
[23, 56, 90, 94, 31] - 407.8049524578004
[23, 56, 36, 90, 31] - 410.6904365370996
[23, 67, 38, 71, 41, 31] - 361.30183534471576
[23, 67, 71, 94, 41, 31] - 361.546603635316
[23, 67, 36, 71, 41, 31] - 365.99402008536305
[23, 67, 90, 71, 41, 31] - 363.5019223499655
[23, 67, 38, 71, 94, 31] - 355.42968904642356
[23, 67, 36, 38, 71, 31] - 359.7028582177666
[23, 67, 38, 90, 71, 31] - 357.4761195439267
[23, 67, 71, 97, 31] - 412.5033490447003
[23, 67, 36, 71, 94, 31] - 361.73775963397435
[23, 67, 90, 71, 94, 31] - 359.5086178433379
[23, 67, 36, 90, 71, 31] - 363.8809309073466
[23, 38, 71, 94, 41, 31] - 357.8507174616954
[23, 36, 38, 71, 41, 31] - 362.1442683075532
[23, 38, 90, 71, 41, 31] - 359.69903987645455
[23, 71, 41, 97, 31] - 414.6009257676
[23, 36, 71, 94, 41, 31] - 363.2701429862969
[23, 90, 71, 94, 41, 31] - 360.84862524578915
[23, 36, 90, 71, 41, 31] - 365.21911593951756
[23, 38, 71, 97, 31] - 407.33755293179985
[23, 36, 38, 71, 94, 31] - 356.9771614923261
[23, 38, 90, 71, 94, 31] - 354.6174036680708
[23, 36, 38, 90, 71, 31] - 359.06372756658357
[23, 71, 94, 31, 97] - 411.5822544294994
[23, 36, 71, 31, 97] - 414.5874582757997
[23, 90, 71, 31, 97] - 412.27888186390015
[23, 36, 90, 71, 94, 31] - 362.03307145142315
[23, 67, 38, 94, 41, 31] - 359.75782726322035
[23, 67, 36, 38, 41, 31] - 364.5169583321382
[23, 67, 38, 90, 41, 31] - 361.83881682543563
[23, 67, 41, 97, 31] - 414.2056607136002
[23, 67, 36, 94, 41, 31] - 364.3897249065061
[23, 67, 90, 94, 41, 31] - 361.87114008216736
[23, 67, 36, 90, 41, 31] - 366.49177982257953
[23, 67, 38, 97, 31] - 407.6121868811002
[23, 67, 36, 38, 94, 31] - 358.3378472748947
[23, 67, 38, 90, 94, 31] - 355.8275007329589
[23, 67, 36, 38, 90, 31] - 360.615666374159
[23, 67, 94, 31, 97] - 410.1773224983998
[23, 67, 36, 31, 97] - 413.7825637767003
[23, 67, 90, 31, 97] - 411.02432293589953
[23, 67, 36, 90, 94, 31] - 362.4551127317152
[23, 38, 41, 97, 31] - 411.1478348314
[23, 36, 38, 94, 41, 31] - 360.8212183092337
[23, 38, 90, 94, 41, 31] - 358.1433861826467
[23, 36, 38, 90, 41, 31] - 362.8976233996184
[23, 94, 41, 31, 97] - 412.49652312110004
[23, 36, 41, 31, 97] - 416.21105363140026
[23, 90, 41, 31, 97] - 413.28571282980005
[23, 36, 90, 94, 41, 31] - 363.70122872786726
[23, 38, 94, 31, 97] - 405.2673688756995
[23, 36, 38, 31, 97] - 409.00349866839997
[23, 38, 90, 31, 97] - 406.15325441250025
[23, 36, 38, 90, 94, 31] - 357.7458197272801
[23, 36, 94, 31, 97] - 413.1596287944995
[23, 90, 94, 31, 97] - 410.48191471900003
[23, 36, 90, 31, 97] - 413.7046085057998
[1, 23, 5, 104] - 408.44005796
[56, 23, 5, 104] - 336.9742139299999
[23, 5, 104, 71] - 442.07315470000003
[23, 67, 38, 5, 104] - 347.32754481759963
[23, 67, 5, 104, 97] - 344.6523287944993
[23, 67, 5, 104, 94] - 352.1034296133003
[23, 67, 36, 5, 104] - 356.75007097749955
[23, 67, 5, 104, 90] - 353.55543158929953
[23, 5, 104, 41] - 443.00307100000015
[23, 5, 104, 38, 97] - 356.5122354276002
[23, 5, 104, 38, 94] - 363.84705312499995
[23, 36, 5, 104, 38] - 368.0216244666998
[23, 5, 104, 38, 90] - 365.03974162029954
[23, 5, 104, 94, 97] - 362.04928314049897
[23, 36, 5, 104, 97] - 366.2001123230994
[23, 5, 104, 90, 97] - 363.0059899447001
[23, 36, 5, 104, 94] - 373.44992297379974
[23, 5, 104, 90, 94] - 370.90213845280067
[23, 36, 5, 104, 90] - 374.93484913019967
[23, 1, 5, 71] - 399.20788862999973
[67, 23, 1, 5] - 428.1670506800008
[23, 1, 5, 41] - 417.97806986999984
[23, 1, 38, 5] - 416.8307388400005
[23, 1, 5, 97] - 399.09486562000023
[23, 1, 5, 94] - 426.7203618600005
[23, 1, 36, 5] - 435.9873946500001
[23, 1, 5, 90] - 430.06416964999994
[88, 23, 5] - 427.55334
[23, 79, 5] - 424.44620699999984
[23, 56, 5, 94] - 336.81881255
[23, 56, 36, 5] - 341.29517844999987
[23, 67, 36, 5, 71] - 340.1653903248006
[23, 5, 71, 41] - 409.3116065700001
[23, 36, 5, 38, 71] - 339.7872763349999
[23, 5, 71, 97] - 433.8486094899994
[23, 36, 5, 71, 94] - 347.4273179505999
[23, 5, 90, 71, 94] - 344.12569076969976
[23, 36, 5, 90, 71] - 349.5618615047001
[23, 67, 5, 41] - 439.8607938999996
[23, 67, 5, 38, 97] - 338.4656247875002
[23, 67, 5, 38, 94] - 359.3084943452998
[23, 67, 36, 5, 38] - 364.9336421253004
[23, 67, 5, 38, 90] - 360.91870604100075
[23, 67, 5, 94, 97] - 344.5820853647999
[23, 67, 36, 5, 97] - 348.98540825090004
[23, 67, 5, 90, 97] - 344.8415233556005
[23, 67, 36, 5, 94] - 370.47490492610063
[23, 67, 5, 90, 94] - 366.9286611970007
[23, 67, 36, 5, 90] - 372.0086309022998
[23, 5, 38, 94, 41] - 348.87890231800003
[23, 36, 5, 38, 41] - 354.17019292389915
[23, 5, 38, 90, 41] - 350.09401770150004
[23, 5, 41, 97] - 431.7168395099986
[23, 36, 5, 94, 41] - 348.9759976268003
[23, 5, 90, 94, 41] - 345.85243475510083
[23, 36, 5, 90, 41] - 350.29631786160076
[23, 5, 38, 94, 97] - 355.50263925039997
[23, 36, 5, 38, 97] - 359.3341609211
[23, 5, 38, 90, 97] - 355.3520752428001
[23, 36, 5, 38, 94] - 380.9516263894006
[23, 5, 38, 90, 94] - 377.58093081260074
[23, 36, 5, 38, 90] - 382.4242627487993
[23, 36, 5, 94, 97] - 366.51601650409987
[23, 5, 90, 94, 97] - 362.8579501933994
[23, 36, 5, 90, 97] - 366.39178277019994
[23, 36, 5, 90, 94] - 389.2654445361
[23, 2] - 356.0347999999996
[56, 23, 104, 120] - 348.4796777299999
[23, 104, 71, 120] - 397.6177846100005
[67, 23, 104, 120] - 397.6003269899995
[23, 104, 41, 120] - 350.5692244700002
[23, 38, 104, 120] - 386.19674762000045
[23, 104, 97, 120] - 386.00594377
[23, 104, 94, 120] - 415.9005923199999
[23, 36, 104, 120] - 421.52491945000077
[23, 104, 90, 120] - 418.58739648999943
[88, 23, 1, 36, 104] - 341.39500438199985
[23, 1, 79, 104] - 443.21729298999935
[23, 1, 56, 104, 71] - 429.8304596013002
[67, 23, 1, 56, 104] - 426.6518525104
[23, 1, 56, 104, 41] - 407.5443608061004
[23, 1, 56, 38, 104] - 401.8265891990008
[23, 1, 56, 104, 97] - 426.9882706073002
[23, 1, 56, 104, 94] - 426.7867085441999
[23, 1, 56, 36, 104] - 431.5197902141996
[23, 1, 56, 104, 90] - 428.0041264397998
[23, 1, 67, 104, 71, 41] - 406.72797655041563
[23, 1, 67, 38, 104, 71] - 403.5905941615058
[23, 1, 67, 104, 71, 97] - 413.30826384861734
[23, 1, 67, 104, 71, 94] - 419.23921378207064
[23, 1, 67, 36, 104, 71] - 424.66421300092276
[23, 1, 67, 104, 90, 71] - 421.82956960432
[23, 1, 38, 104, 71, 41] - 406.20527389440514
[23, 1, 104, 71, 41, 97] - 398.8112904243874
[23, 1, 104, 71, 94, 41] - 404.97136388158304
[23, 1, 36, 104, 71, 41] - 410.497821143542
[23, 1, 104, 90, 71, 41] - 407.7427808760695
[23, 1, 104, 38, 71, 97] - 395.12836783506765
[23, 1, 104, 38, 71, 94] - 401.8178665163899
[23, 1, 36, 104, 38, 71] - 407.3390485695769
[23, 1, 104, 38, 90, 71] - 404.1196578776484
[23, 1, 104, 71, 94, 97] - 412.5272044583
[23, 1, 36, 104, 71, 97] - 417.6664940497115
[23, 1, 104, 90, 71, 97] - 414.62945183626323
[23, 1, 36, 104, 71, 94] - 425.03714365767564
[23, 1, 104, 90, 71, 94] - 421.63374760706444
[23, 1, 36, 104, 90, 71] - 427.44024830640797
[23, 1, 67, 38, 104, 41] - 440.55255984738267
[23, 1, 67, 104, 41, 97] - 432.4485684142903
[23, 1, 67, 104, 94, 41] - 438.00091268436694
[23, 1, 67, 36, 104, 41] - 444.23433261853387
[23, 1, 67, 104, 90, 41] - 440.88086516707847
[23, 1, 67, 104, 38, 97] - 429.8229615756437
[23, 1, 67, 104, 38, 94] - 436.1211537787022
[23, 1, 67, 36, 104, 38] - 442.343760454678
[23, 1, 67, 104, 38, 90] - 438.46732885285945
[23, 1, 67, 36, 104, 94, 97] - 337.5545687230719
[23, 1, 67, 36, 104, 90, 97] - 339.51383682382374
[23, 1, 67, 36, 104, 90, 94] - 344.3242556180042
[23, 1, 104, 38, 41, 97] - 430.9295501169623
[23, 1, 104, 38, 94, 41] - 437.195767439599
[23, 1, 36, 104, 38, 41] - 443.5396378446121
[23, 1, 104, 38, 90, 41] - 439.6908877996537
[23, 1, 104, 94, 41, 97] - 429.5918870262486
[23, 1, 36, 104, 41, 97] - 435.54519655261606
[23, 1, 104, 90, 41, 97] - 431.97701086672777
[23, 1, 36, 104, 94, 41] - 442.0990884754853
[23, 1, 104, 90, 94, 41] - 438.02665921970026
[23, 1, 36, 104, 90, 41] - 444.7534371416471
[23, 1, 104, 38, 94, 97] - 427.00016014763565
[23, 1, 36, 104, 38, 97] - 432.9077774487665
[23, 1, 104, 38, 90, 97] - 428.8085703396475
[23, 1, 36, 104, 38, 94] - 440.4921436833857
[23, 1, 104, 38, 90, 94] - 435.78457027716667
[23, 1, 36, 104, 38, 90] - 442.7672257744376
[23, 1, 36, 104, 90, 94, 97] - 338.53803529229737
[88, 67, 23, 79, 104] - 355.75335130799965
[88, 23, 79, 38, 104] - 369.84295618499993
[88, 23, 79, 104, 97] - 364.18346039340014
[88, 23, 79, 104, 94] - 390.6249255361002
[88, 23, 79, 36, 104] - 395.8756021611004
[88, 23, 79, 104, 90] - 394.2023814216007
[88, 67, 23, 104, 71] - 385.4815475125
[88, 23, 38, 104, 71] - 379.29793857229953
[88, 23, 104, 71, 97] - 377.8590888825002
[88, 23, 104, 71, 94] - 402.4283263681001
[88, 23, 36, 104, 71] - 409.59357840999974
[88, 23, 104, 90, 71] - 404.7956265624007
[88, 23, 67, 104, 41] - 363.9098479248995
[88, 23, 67, 38, 104] - 422.7238474495001
[88, 23, 67, 104, 97] - 417.6518617673994
[88, 23, 67, 104, 94] - 442.8271157028002
[88, 23, 67, 36, 104, 90] - 338.2263195662001
[88, 23, 38, 104, 41] - 396.5802736728998
[88, 23, 104, 41, 97] - 371.7696566152999
[88, 23, 104, 94, 41] - 397.94775205139956
[88, 23, 36, 104, 41] - 402.5944079129991
[88, 23, 104, 90, 41] - 398.7597895332
[88, 23, 104, 38, 97] - 431.0920129499003
[88, 23, 36, 104, 38, 94] - 345.82591742565955
[88, 23, 104, 38, 90, 94] - 340.9320723202125
[88, 23, 36, 104, 38, 90] - 346.67218536545596
[88, 23, 36, 104, 94, 97] - 344.50446876286287
[88, 23, 104, 90, 94, 97] - 339.7046588632608
[88, 23, 36, 104, 90, 97] - 345.9375528625104
[88, 23, 36, 104, 90, 94] - 364.0763510507184
[67, 23, 79, 104, 71] - 386.1521871680998
[23, 79, 38, 104, 71] - 382.16896201529977
[23, 79, 104, 71, 97] - 375.6773297729995
[23, 79, 104, 71, 94] - 403.8279491987992
[23, 79, 36, 104, 71] - 407.08517524650034
[23, 79, 104, 90, 71] - 408.3483811686996
[23, 67, 79, 104, 41] - 362.76072096140075
[23, 67, 79, 38, 104] - 425.2748128828005
[23, 67, 79, 104, 97] - 416.04847063810075
[23, 67, 79, 104, 94] - 444.63773351899977
[23, 67, 79, 36, 104, 90] - 338.8544987766159
[23, 79, 38, 104, 41] - 398.3823111351006
[23, 79, 104, 41, 97] - 368.3145055304994
[23, 79, 104, 94, 41] - 397.24977955570034
[23, 79, 36, 104, 41] - 398.4766274122998
[23, 79, 104, 90, 41] - 400.4852452284002
[23, 79, 104, 38, 97] - 431.4332778973999
[23, 79, 36, 104, 38, 94] - 346.130688655507
[23, 79, 104, 38, 90, 94] - 345.9214394434405
[23, 79, 36, 104, 38, 90] - 349.66316900495036
[23, 79, 36, 104, 94, 97] - 341.55189827980576
[23, 79, 104, 90, 94, 97] - 341.9934260900272
[23, 79, 36, 104, 90, 97] - 345.11419305575356
[23, 79, 36, 104, 90, 94] - 365.3085373926898
[23, 56, 67, 104, 71, 97] - 339.0227657243831
[23, 56, 67, 104, 71, 94] - 338.43599172335547
[23, 56, 67, 36, 104, 71] - 340.68714679475073
[23, 56, 67, 104, 90, 71] - 339.23381933380244
[23, 56, 104, 71, 41, 97] - 337.9291159888161
[23, 56, 104, 71, 94, 41] - 337.10426842625367
[23, 56, 36, 104, 71, 41] - 339.9152773413812
[23, 56, 104, 90, 71, 41] - 337.9501653322048
[23, 56, 38, 104, 71] - 444.6306287664995
[23, 56, 104, 71, 94, 97] - 351.86157280922197
[23, 56, 36, 104, 71, 97] - 354.46812067243246
[23, 56, 104, 90, 71, 97] - 352.47463183596784
[23, 56, 36, 104, 71, 94] - 354.6951531615442
[23, 56, 104, 90, 71, 94] - 352.6617819201417
[23, 56, 36, 104, 90, 71] - 355.276078876515
[23, 56, 67, 38, 104, 41] - 337.1509770939639
[23, 56, 67, 36, 104, 41] - 338.8732605681756
[23, 56, 67, 104, 90, 41] - 337.4015405273993
[23, 56, 67, 104, 94, 97] - 348.28497419097914
[23, 56, 67, 36, 104, 97] - 350.69808994563806
[23, 56, 67, 104, 90, 97] - 348.8814826233642
[23, 56, 67, 36, 104, 94] - 351.8141027795256
[23, 56, 67, 104, 90, 94] - 350.3876713761988
[23, 56, 67, 36, 104, 90] - 352.3076732202494
[23, 56, 104, 38, 41, 97] - 360.3077533801738
[23, 56, 104, 38, 94, 41] - 360.0976194769091
[23, 56, 36, 104, 38, 41] - 362.87519658242127
[23, 56, 104, 38, 90, 41] - 361.23503747219905
[23, 56, 104, 94, 41, 97] - 359.98091537063624
[23, 56, 36, 104, 41, 97] - 362.829085255848
[23, 56, 104, 90, 41, 97] - 361.07715615018793
[23, 56, 36, 104, 94, 41] - 363.26336994668344
[23, 56, 104, 90, 94, 41] - 361.5896215714284
[23, 56, 36, 104, 90, 41] - 364.2318137364825
[23, 56, 104, 38, 94, 97] - 356.90220865979757
[23, 56, 36, 104, 38, 97] - 359.18176481843415
[23, 56, 104, 38, 90, 97] - 357.4100009070093
[23, 56, 36, 104, 38, 94] - 360.5719535986785
[23, 56, 104, 38, 90, 94] - 358.84057805339296
[23, 56, 36, 104, 38, 90] - 361.11142499615266
[23, 56, 36, 104, 94, 97] - 377.40106686274595
[23, 56, 104, 90, 94, 97] - 375.6205750349527
[23, 56, 36, 104, 90, 97] - 377.79907329310095
[23, 56, 36, 104, 90, 94] - 379.9414640731696
[23, 67, 38, 104, 71, 41] - 436.89041800678893
[23, 67, 104, 71, 41, 97] - 416.30790143835264
[23, 67, 104, 71, 94, 41] - 435.1994619706051
[23, 67, 36, 104, 71, 41] - 439.7283234404563
[23, 67, 104, 90, 71, 41] - 438.8765738042319
[23, 67, 104, 38, 71, 94, 97] - 342.7652399856654
[23, 67, 36, 104, 38, 71, 97] - 346.8545959130853
[23, 67, 104, 38, 90, 71, 97] - 345.367308141409
[23, 67, 36, 104, 38, 71, 94] - 360.7576320491563
[23, 67, 104, 38, 90, 71, 94] - 358.64984486224006
[23, 67, 36, 104, 38, 90, 71] - 363.7028299583231
[23, 67, 36, 104, 71, 94, 97] - 358.1317529173238
[23, 67, 104, 90, 71, 94, 97] - 356.16610910765525
[23, 67, 36, 104, 90, 71, 97] - 360.7788274335986
[23, 67, 36, 104, 90, 71, 94] - 375.2937976488739
[23, 104, 38, 71, 41, 97] - 427.4027569628092
[23, 36, 104, 38, 71, 94, 41] - 336.75121275020814
[23, 36, 104, 38, 90, 71, 41] - 339.37545805976634
[23, 104, 71, 94, 41, 97] - 426.5157522334347
[23, 36, 104, 71, 41, 97] - 430.8891271469295
[23, 104, 90, 71, 41, 97] - 429.0565337767716
[23, 36, 104, 90, 71, 94, 41] - 338.8310903123168
[23, 36, 104, 38, 71, 94, 97] - 353.75902595406177
[23, 104, 38, 90, 71, 94, 97] - 351.25075549158765
[23, 36, 104, 38, 90, 71, 97] - 355.91569814538667
[23, 36, 104, 38, 90, 71, 94] - 370.37286098912824
[23, 36, 104, 90, 71, 94, 97] - 368.78763801804354
[23, 67, 104, 38, 94, 41, 97] - 344.63783172930437
[23, 67, 36, 104, 38, 41, 97] - 347.93344851135566
[23, 67, 104, 38, 90, 41, 97] - 346.563341593235
[23, 67, 36, 104, 38, 94, 41] - 362.2497364394077
[23, 67, 104, 38, 90, 94, 41] - 360.9915293946856
[23, 67, 36, 104, 38, 90, 41] - 364.89073868397065
[23, 67, 36, 104, 94, 41, 97] - 346.45608661555207
[23, 67, 104, 90, 94, 41, 97] - 345.1336111411925
[23, 67, 36, 104, 90, 41, 97] - 348.61919443224605
[23, 67, 36, 104, 90, 94, 41] - 363.4192464849695
[23, 67, 36, 104, 38, 94, 97] - 379.2318451415984
[23, 67, 104, 38, 90, 94, 97] - 377.07066681137076
[23, 67, 36, 104, 38, 90, 97] - 381.87281315643486
[23, 67, 36, 104, 38, 90, 94] - 396.2960181968673
[23, 67, 36, 104, 90, 94, 97] - 392.5174615076465
[23, 36, 104, 38, 94, 41, 97] - 364.8365673703194
[23, 104, 38, 90, 94, 41, 97] - 363.05935775150164
[23, 36, 104, 38, 90, 41, 97] - 366.8127644138225
[23, 36, 104, 38, 90, 94, 41] - 381.01212966611877
[23, 36, 104, 90, 94, 41, 97] - 366.17385715302635
[23, 36, 104, 38, 90, 94, 97] - 399.04521204220976
[1, 23, 120] - 405.3011079999995
[23, 56, 97, 120] - 346.8875022099994
[23, 56, 94, 120] - 347.30204919000005
[23, 56, 36, 120] - 351.5916025799999
[23, 56, 90, 120] - 347.8463287100001
[67, 23, 71, 120] - 384.99801063000007
[23, 38, 71, 120] - 361.02485872999944
[23, 71, 97, 120] - 364.29267535999895
[23, 71, 94, 120] - 394.1256295299996
[23, 36, 71, 120] - 398.6254885399999
[23, 90, 71, 120] - 395.4401204500007
[23, 67, 38, 120] - 365.5716823299995
[23, 67, 97, 120] - 364.87517039000056
[23, 67, 94, 120] - 394.6652592099993
[23, 67, 36, 120] - 399.82810211999947
[23, 67, 90, 120] - 397.5147124500008
[23, 38, 41, 120] - 346.5966702500001
[23, 94, 41, 120] - 347.39419461999984
[23, 36, 41, 120] - 352.10102793000004
[23, 90, 41, 120] - 350.0052681999996
[23, 38, 97, 120] - 354.4095636700007
[23, 38, 94, 120] - 382.4022427299999
[23, 36, 38, 120] - 387.92383514
[23, 38, 90, 120] - 384.36719738999966
[23, 94, 97, 120] - 384.88606717000096
[23, 36, 97, 120] - 389.95865826000056
[23, 90, 97, 120] - 386.2384608400003
[23, 36, 94, 120] - 418.7004929500005
[23, 90, 94, 120] - 415.00273735000036
[23, 36, 90, 120] - 421.29116896999994
[88, 23, 1, 79] - 341.47257097000033
[88, 23, 1, 71] - 417.71963425
[88, 23, 1, 67, 94] - 355.0785434608999
[88, 23, 1, 67, 36] - 362.98271145169997
[88, 23, 1, 67, 90] - 355.6576872780997
[88, 23, 1, 36, 41] - 341.75185854020003
[88, 23, 1, 36, 38] - 339.2990150584998
[88, 23, 1, 97] - 435.64866503999957
[88, 23, 1, 36, 94] - 363.51866717900015
[88, 23, 1, 90, 94] - 355.6449734859004
[88, 23, 1, 36, 90] - 362.70110876329943
[23, 1, 79, 71] - 418.8744816100001
[23, 1, 67, 79, 94] - 355.4084732410999
[23, 1, 67, 79, 36] - 359.4560177366008
[23, 1, 67, 79, 90] - 358.11125499359986
[23, 1, 79, 36, 41] - 337.73309325110006
[23, 1, 79, 36, 38] - 338.2849886877009
[23, 1, 79, 97] - 431.9336492299994
[23, 1, 79, 36, 94] - 360.6123121132003
[23, 1, 79, 90, 94] - 358.6561768735005
[23, 1, 79, 36, 90] - 363.99649380219927
[67, 23, 1, 56, 71] - 429.09721784
[23, 1, 56, 71, 41] - 408.92060247040035
[23, 1, 56, 38, 71] - 402.78628547809944
[23, 1, 56, 71, 97] - 429.9970114865001
[23, 1, 56, 71, 94] - 429.3924757240998
[23, 1, 56, 36, 71] - 433.20231025579966
[23, 1, 56, 90, 71] - 429.58434594189976
[23, 1, 56, 67, 41] - 408.34421520640046
[23, 1, 56, 67, 38] - 402.7207050988999
[23, 1, 56, 67, 97] - 427.15679765850024
[23, 1, 56, 67, 94] - 426.43852885760106
[23, 1, 56, 67, 36] - 431.07940891789997
[23, 1, 56, 67, 90] - 426.5508441047994
[23, 1, 56, 38, 41] - 405.72318084989973
[23, 1, 56, 41, 97] - 407.0892201170003
[23, 1, 56, 94, 41] - 406.4622606988005
[23, 1, 56, 36, 41] - 411.35505602820035
[23, 1, 56, 90, 41] - 407.1843696862002
[23, 1, 56, 38, 97] - 400.8410580718007
[23, 1, 56, 38, 94] - 400.8038759893003
[23, 1, 56, 36, 38] - 405.8566239321001
[23, 1, 56, 38, 90] - 401.4752938996999
[23, 1, 56, 94, 97] - 426.4786558417006
[23, 1, 56, 36, 97] - 430.9484305738992
[23, 1, 56, 90, 97] - 426.5064839381996
[23, 1, 56, 36, 94] - 431.7778122227005
[23, 1, 56, 90, 94] - 427.2983506097995
[23, 1, 56, 36, 90] - 431.5821249030995
[23, 1, 67, 38, 71, 41] - 440.1315597335286
[23, 1, 67, 71, 41, 97] - 398.8211307777701
[23, 1, 67, 71, 94, 41] - 437.74940576723003
[23, 1, 67, 36, 71, 41] - 445.15333279112946
[23, 1, 67, 90, 71, 41] - 440.9248629218495
[23, 1, 67, 38, 71, 97] - 395.7553080940296
[23, 1, 67, 38, 71, 94] - 434.10590675900755
[23, 1, 67, 36, 38, 71] - 441.4434236304844
[23, 1, 67, 38, 90, 71] - 437.0834861937283
[23, 1, 67, 71, 94, 97] - 411.7912916553677
[23, 1, 67, 36, 71, 97] - 417.23851129741166
[23, 1, 67, 90, 71, 97] - 413.4990561871305
[23, 1, 67, 36, 90, 71, 94] - 343.17411670486933
[23, 1, 38, 71, 41, 97] - 397.4512213679626
[23, 1, 38, 71, 94, 41] - 436.35249434317245
[23, 1, 36, 38, 71, 41] - 443.8548415896457
[23, 1, 38, 90, 71, 41] - 439.48910635290173
[23, 1, 71, 94, 41, 97] - 396.856577762858
[23, 1, 36, 71, 41, 97] - 402.3413474270857
[23, 1, 90, 71, 41, 97] - 398.5869120885925
[23, 1, 36, 71, 94, 41] - 442.73648647456224
[23, 1, 90, 71, 94, 41] - 437.9990670612866
[23, 1, 36, 90, 71, 41] - 445.78120311527954
[23, 1, 38, 71, 94, 97] - 393.22504843991317
[23, 1, 36, 38, 71, 97] - 398.7329520163089
[23, 1, 38, 90, 71, 97] - 394.62733969905776
[23, 1, 36, 38, 71, 94] - 438.6332281991056
[23, 1, 38, 90, 71, 94] - 433.62363124711794
[23, 1, 36, 38, 90, 71] - 441.59228832629924
[23, 1, 36, 71, 94, 97] - 416.9399800840609
[23, 1, 90, 71, 94, 97] - 412.7799616652979
[23, 1, 36, 90, 71, 97] - 418.1949035611954
[23, 1, 67, 38, 41, 97] - 431.42536454667845
[23, 1, 67, 36, 38, 94, 41] - 357.43106939152784
[23, 1, 67, 38, 90, 94, 41] - 353.0006942708922
[23, 1, 67, 36, 38, 90, 41] - 359.6612913875448
[23, 1, 67, 94, 41, 97] - 429.6572103264424
[23, 1, 67, 36, 41, 97] - 435.93425833929433
[23, 1, 67, 90, 41, 97] - 431.7324914202299
[23, 1, 67, 36, 90, 94, 41] - 357.7289492885064
[23, 1, 67, 38, 94, 97] - 427.52594594730755
[23, 1, 67, 36, 38, 97] - 433.8325532033774
[23, 1, 67, 38, 90, 97] - 429.2219024495151
[23, 1, 67, 36, 38, 90, 94] - 356.0860231467596
[23, 1, 67, 36, 90, 94, 97] - 337.79188190149165
[23, 1, 38, 94, 41, 97] - 427.9836374161454
[23, 1, 36, 38, 41, 97] - 434.3826481869123
[23, 1, 38, 90, 41, 97] - 429.65834568409656
[23, 1, 36, 38, 90, 94, 41] - 356.46499968790175
[23, 1, 36, 94, 41, 97] - 433.863060217734
[23, 1, 90, 94, 41, 97] - 429.0529407535434
[23, 1, 36, 90, 41, 97] - 435.43674219058215
[23, 1, 36, 38, 94, 97] - 431.67157678834656
[23, 1, 38, 90, 94, 97] - 426.2930395982761
[23, 1, 36, 38, 90, 97] - 432.9061817118384
[88, 23, 79, 71] - 436.71126586999964
[88, 23, 67, 79, 38] - 345.2276121870002
[88, 23, 67, 79, 94] - 365.7541845342002
[88, 23, 67, 79, 36] - 370.30981280910004
[88, 23, 67, 79, 90] - 369.8737360785995
[88, 23, 79, 41] - 427.3675025299996
[88, 23, 79, 38, 97] - 340.91080606999964
[88, 23, 79, 38, 94] - 378.4305450575002
[88, 23, 79, 36, 38] - 383.29681245970016
[88, 23, 79, 38, 90] - 381.21211099469974
[88, 23, 79, 94, 97] - 362.90266941810006
[88, 23, 79, 36, 97] - 368.21643188699943
[88, 23, 79, 90, 97] - 366.0436976822998
[88, 23, 79, 36, 94] - 405.7051880244007
[88, 23, 79, 90, 94] - 403.24914061880116
[88, 23, 79, 36, 90] - 409.43080725350046
[88, 56, 23] - 404.4762840000002
[88, 23, 67, 38, 71] - 383.4918848120001
[88, 23, 67, 71, 97] - 358.4787988032991
[88, 23, 67, 71, 94] - 404.79021252330074
[88, 23, 67, 36, 71] - 413.08988379789986
[88, 23, 67, 90, 71] - 408.38743436089993
[88, 23, 38, 71, 41] - 341.0092360020998
[88, 23, 71, 94, 41] - 342.2323790787998
[88, 23, 36, 71, 41] - 348.15040809480007
[88, 23, 90, 71, 41] - 343.0877078178
[88, 23, 38, 71, 97] - 351.84288400950055
[88, 23, 38, 71, 94] - 396.9366475884005
[88, 23, 36, 38, 71] - 404.9941026516008
[88, 23, 38, 90, 71] - 399.12358699530006
[88, 23, 71, 94, 97] - 375.58126995609933
[88, 23, 36, 71, 97] - 382.8968672802002
[88, 23, 90, 71, 97] - 376.9595796200993
[88, 23, 36, 71, 94] - 429.72158081509946
[88, 23, 90, 71, 94] - 423.0888032254
[88, 23, 36, 90, 71] - 431.3332564333013
[88, 23, 67, 38, 41] - 384.8388797782993
[88, 23, 67, 94, 41] - 385.68738504930025
[88, 23, 67, 36, 41] - 391.3390612209992
[88, 23, 67, 90, 41] - 386.9559210337001
[88, 23, 67, 38, 97] - 394.51371309969926
[88, 23, 67, 38, 94] - 441.3497441978995
[88, 23, 67, 36, 38, 90] - 336.78320954592886
[88, 23, 67, 94, 97] - 415.0897640573002
[88, 23, 67, 36, 97] - 423.2007206340003
[88, 23, 67, 90, 97] - 417.6432789231003
[88, 23, 67, 36, 90, 94] - 353.11273843731476
[88, 23, 38, 41, 97] - 369.74395891569975
[88, 23, 38, 94, 41] - 417.3395299722995
[88, 23, 36, 38, 41] - 422.6516574253998
[88, 23, 38, 90, 41] - 417.35303688640084
[88, 23, 94, 41, 97] - 371.3949323080011
[88, 23, 36, 41, 97] - 376.56034366879976
[88, 23, 90, 41, 97] - 371.0106543365002
[88, 23, 36, 94, 41] - 424.937408195699
[88, 23, 90, 94, 41] - 419.18294091030083
[88, 23, 36, 90, 41] - 424.75071315449975
[88, 23, 38, 94, 97] - 428.2110195096999
[88, 23, 36, 38, 97] - 435.7256061535002
[88, 23, 38, 90, 97] - 429.53735467199965
[88, 23, 36, 38, 90, 94] - 360.8170120612812
[88, 23, 36, 90, 94, 97] - 344.55017797353827
[56, 23, 79] - 410.7273069999998
[23, 67, 79, 38, 71] - 386.93319479380017
[23, 67, 79, 71, 97] - 358.25264343080033
[23, 67, 79, 71, 94] - 407.8514471605995
[23, 67, 79, 36, 71] - 411.4646567537997
[23, 67, 79, 90, 71] - 412.96179038119976
[23, 79, 38, 71, 41] - 345.07639645620003
[23, 79, 71, 94, 41] - 344.00701639090005
[23, 79, 36, 71, 41] - 346.34528905800005
[23, 79, 90, 71, 41] - 347.3062650968003
[23, 79, 38, 71, 97] - 353.2377705533997
[23, 79, 38, 71, 94] - 402.16957835900024
[23, 79, 36, 38, 71] - 406.6529702568007
[23, 79, 38, 90, 71] - 406.71764419030035
[23, 79, 71, 94, 97] - 376.4155978618997
[23, 79, 36, 71, 97] - 379.04897660149936
[23, 79, 90, 71, 97] - 380.0206977065997
[23, 79, 36, 71, 94] - 429.5308281243998
[23, 79, 90, 71, 94] - 429.30657122810027
[23, 79, 36, 90, 71] - 434.64022814070006
[23, 67, 79, 38, 41] - 387.21877704659994
[23, 67, 79, 94, 41] - 386.19666051200045
[23, 67, 79, 36, 41] - 387.6547768161006
[23, 67, 79, 90, 41] - 389.5838090358996
[23, 67, 79, 38, 97] - 395.9981169495994
[23, 67, 79, 38, 94] - 446.3094162356009
[23, 67, 79, 36, 38, 90] - 340.42041162589453
[23, 67, 79, 94, 97] - 416.70173478079994
[23, 67, 79, 36, 97] - 419.1605554548999
[23, 67, 79, 90, 97] - 420.7859508525002
[23, 67, 79, 36, 90, 94] - 355.54962031788267
[23, 79, 38, 41, 97] - 369.9301193176005
[23, 79, 38, 94, 41] - 421.1014058672003
[23, 79, 36, 38, 41] - 423.67946805770083
[23, 79, 38, 90, 41] - 423.94597280179977
[23, 79, 94, 41, 97] - 370.1416092062001
[23, 79, 36, 41, 97] - 371.4150495546996
[23, 79, 90, 41, 97] - 372.08200861399934
[23, 79, 36, 94, 41] - 422.59845093119947
[23, 79, 90, 94, 41] - 422.9253194239006
[23, 79, 36, 90, 41] - 426.54243942540063
[23, 79, 38, 94, 97] - 431.1925920192999
[23, 79, 36, 38, 97] - 434.55417479749906
[23, 79, 38, 90, 97] - 434.5317380203
[23, 79, 36, 38, 90, 94] - 365.50072479696394
[23, 79, 36, 90, 94, 97] - 345.58934230153744
[23, 56, 67, 71, 41] - 432.8685294008
[23, 56, 67, 38, 71] - 426.39719025739987
[23, 56, 67, 71, 94, 97] - 338.13444873045137
[23, 56, 67, 36, 71, 97] - 340.32925033423174
[23, 56, 67, 90, 71, 97] - 337.78786818415
[23, 56, 67, 36, 71, 94] - 340.52094524473745
[23, 56, 67, 90, 71, 94] - 338.0543988974221
[23, 56, 67, 36, 90, 71] - 340.01481669303917
[23, 56, 36, 38, 71, 41] - 337.146143853266
[23, 56, 36, 71, 41, 97] - 338.9396087480656
[23, 56, 36, 71, 94, 41] - 338.79511469876235
[23, 56, 36, 90, 71, 41] - 338.5935353391672
[23, 56, 38, 71, 97] - 442.3924529869997
[23, 56, 38, 71, 94] - 442.5579145546005
[23, 56, 38, 90, 71] - 442.24556969720055
[23, 56, 36, 71, 94, 97] - 353.3890078651975
[23, 56, 90, 71, 94, 97] - 350.6107727708376
[23, 56, 36, 90, 71, 97] - 352.8277214959315
[23, 56, 36, 90, 71, 94] - 354.13395480518886
[23, 56, 67, 36, 38, 41] - 338.3406062935085
[23, 56, 67, 36, 41, 97] - 338.20022756622086
[23, 56, 67, 36, 94, 41] - 338.74009092585953
[23, 56, 67, 36, 90, 41] - 338.51477685312346
[23, 56, 67, 38, 97] - 441.489190783901
[23, 56, 67, 38, 94] - 443.1565575754004
[23, 56, 67, 38, 90] - 442.92225041720104
[23, 56, 67, 36, 94, 97] - 350.81218640908753
[23, 56, 67, 90, 94, 97] - 348.4301415611637
[23, 56, 67, 36, 90, 97] - 350.1766586003136
[23, 56, 67, 36, 90, 94] - 352.5205393905096
[23, 56, 38, 94, 41, 97] - 358.3462396671747
[23, 56, 36, 38, 41, 97] - 361.5388348462225
[23, 56, 38, 90, 41, 97] - 358.7094611022714
[23, 56, 36, 38, 94, 41] - 361.8748295639603
[23, 56, 38, 90, 94, 41] - 359.26641934940267
[23, 56, 36, 38, 90, 41] - 362.11543385890036
[23, 56, 36, 94, 41, 97] - 362.30848634075016
[23, 56, 90, 94, 41, 97] - 359.55547718214666
[23, 56, 36, 90, 41, 97] - 362.24408574793006
[23, 56, 36, 90, 94, 41] - 363.5142494653843
[23, 56, 36, 38, 94, 97] - 358.4081044954697
[23, 56, 38, 90, 94, 97] - 355.72694282112235
[23, 56, 36, 38, 90, 97] - 357.9646371006891
[23, 56, 36, 38, 90, 94] - 360.32348859979385
[23, 56, 36, 90, 94, 97] - 377.36219178438006
[23, 67, 38, 71, 41, 97] - 415.2195480778221
[23, 67, 36, 38, 71, 94, 41] - 351.52821839233184
[23, 67, 38, 90, 71, 94, 41] - 349.2423929258667
[23, 67, 36, 38, 90, 71, 41] - 354.266087839505
[23, 67, 71, 94, 41, 97] - 414.31495736983726
[23, 67, 36, 71, 41, 97] - 418.5578240932158
[23, 67, 90, 71, 41, 97] - 416.18770376637275
[23, 67, 36, 90, 71, 94, 41] - 353.3714121452922
[23, 67, 36, 38, 71, 94, 97] - 344.4618971521804
[23, 67, 38, 90, 71, 94, 97] - 341.72205755548083
[23, 67, 36, 38, 90, 71, 97] - 346.3381539236602
[23, 67, 36, 38, 90, 71, 94] - 384.0432326899142
[23, 67, 36, 90, 71, 94, 97] - 358.7623594636515
[23, 38, 71, 94, 41, 97] - 424.535581906491
[23, 36, 38, 71, 41, 97] - 429.2345322255861
[23, 38, 90, 71, 41, 97] - 426.4219779770713
[23, 36, 38, 90, 71, 94, 41] - 360.41651150908325
[23, 36, 71, 94, 41, 97] - 429.76212119655804
[23, 90, 71, 94, 41, 97] - 426.47684690532134
[23, 36, 90, 71, 41, 97] - 431.3313819183511
[23, 36, 38, 90, 71, 94, 97] - 353.1470262793249
[23, 67, 36, 38, 94, 41, 97] - 346.1921152693872
[23, 67, 38, 90, 94, 41, 97] - 343.94413706041155
[23, 67, 36, 38, 90, 41, 97] - 347.66905171042515
[23, 67, 36, 38, 90, 94, 41] - 387.0780722313481
[23, 67, 36, 90, 94, 41, 97] - 347.1367921186424
[23, 67, 36, 38, 90, 94, 97] - 379.07172044963704
[23, 36, 38, 90, 94, 41, 97] - 364.87044233599363
[55, 57, 5] - 376.79525899999965
[55, 57, 2, 24, 97] - 354.23500928229976
[55, 57, 2, 24, 94] - 352.2070210204001
[55, 57, 2, 24, 36] - 352.6243570804005
[55, 57, 2, 24, 90] - 354.7303934012004
[55, 57, 2, 41] - 430.50306647999975
[55, 57, 2, 38, 94] - 347.2600568151005
[55, 57, 2, 36, 38] - 347.2261181756001
[55, 57, 2, 38, 90] - 348.02904426159955
[55, 57, 2, 94, 97] - 356.66716234390077
[55, 57, 2, 36, 97] - 356.01609567200023
[55, 57, 2, 90, 97] - 358.5189321830998
[55, 57, 2, 36, 94] - 370.7368735008991
[55, 57, 2, 90, 94] - 372.74605776069967
[55, 57, 2, 36, 90] - 373.8450065397995
[55, 57, 120] - 380.74969699999946
[55, 57, 24, 41] - 409.1711176700003
[55, 57, 24, 38] - 443.08319265
[55, 57, 24, 94, 97] - 368.69314119139995
[55, 57, 24, 36, 97] - 368.41238428239967
[55, 57, 24, 90, 97] - 370.76254558520037
[55, 57, 24, 36, 94] - 370.0311111714995
[55, 57, 24, 90, 94] - 372.01605775889965
[55, 57, 24, 36, 90] - 373.47392443989986
[55, 57, 38, 41] - 442.96645661999975
[55, 57, 41, 97] - 404.34424284000016
[55, 57, 94, 41] - 441.61858395999946
[55, 57, 36, 41] - 441.3073231300008
[55, 57, 90, 41] - 444.48241819999976
[55, 57, 38, 97] - 438.9504365799994
[55, 57, 36, 38, 94] - 354.3452606531999
[55, 57, 38, 90, 94] - 355.45036957770003
[55, 57, 36, 38, 90] - 356.8381578034
[55, 57, 36, 94, 97] - 370.45604513399957
[55, 57, 90, 94, 97] - 372.49403300720064
[55, 57, 36, 90, 97] - 372.8584323422001
[55, 57, 36, 90, 94] - 398.13793073170064
[55, 1, 31] - 397.1928629999995
[55, 67, 31] - 342.3973929999999
[55, 94, 31] - 354.08027999999996
[55, 36, 31] - 363.7154659999994
[55, 90, 31] - 442.46978500000034
[55, 2, 5] - 425.66470799999973
[55, 104, 5] - 371.84767100000016
[88, 55, 5] - 370.5183870000001
[55, 79, 5] - 384.16257
[55, 24, 5, 90] - 353.1277906799999
[55, 5, 71] - 337.8995390000001
[55, 67, 5] - 391.89916500000027
[55, 38, 5, 41] - 363.2638347400003
[55, 5, 94, 41] - 377.91328895999976
[55, 36, 5, 41] - 375.56663099000036
[55, 5, 90, 41] - 398.74268632999986
[55, 5, 38, 97] - 423.3411832000007
[55, 5, 38, 94] - 443.46063220999997
[55, 36, 5, 38] - 440.2578295200003
[55, 5, 38, 90] - 461.4675530000008
[55, 5, 90, 94, 97] - 340.4314218467997
[55, 36, 5, 90, 97] - 340.8591336105004
[55, 36, 5, 90, 94] - 386.29769222080034
[55, 2, 120] - 413.21374900000035
[55, 2, 24, 41] - 421.14773063999945
[55, 2, 24, 38, 97] - 337.87179946279986
[55, 2, 24, 38, 94] - 350.7169108511997
[55, 2, 24, 36, 38] - 343.8068437381998
[55, 2, 24, 38, 90] - 350.48681268949923
[55, 2, 24, 94, 97] - 360.80721528280014
[55, 2, 24, 36, 97] - 361.77534244160006
[55, 2, 24, 90, 97] - 363.6654985731
[55, 2, 24, 36, 94] - 365.41134847449945
[55, 2, 24, 90, 94] - 373.34806449610033
[55, 2, 24, 36, 90] - 369.10336591779986
[55, 2, 38, 41] - 445.8834245800005
[55, 2, 41, 97] - 405.21266355
[55, 2, 94, 41] - 445.85561982000024
[55, 2, 36, 41] - 437.2474194000003
[55, 2, 90, 41] - 445.90025355999944
[55, 2, 38, 94, 97] - 398.0638050075992
[55, 2, 36, 38, 97] - 398.71034568159996
[55, 2, 38, 90, 97] - 398.6306603659005
[55, 2, 36, 38, 94] - 421.5305659045995
[55, 2, 38, 90, 94] - 426.4900571864995
[55, 2, 36, 38, 90] - 422.87532498520017
[55, 2, 36, 94, 97] - 421.73449382780035
[55, 2, 90, 94, 97] - 422.42834327639997
[55, 2, 36, 90, 97] - 425.7678185020999
[55, 2, 36, 90, 94] - 445.57942682699917
[88, 55, 1, 104] - 358.000342429999
[55, 1, 79, 104] - 358.1966832799997
[55, 67, 1, 104] - 373.46469932999963
[55, 1, 104, 41] - 390.34456968999996
[55, 1, 104, 94] - 357.4929478100004
[55, 1, 36, 104] - 364.25312997999987
[55, 1, 104, 90] - 423.5686687099998
[55, 88, 67, 79, 104] - 361.6648449034001
[55, 88, 79, 104, 94] - 388.96213392580006
[55, 88, 79, 36, 104] - 396.7168910999998
[55, 88, 79, 104, 90] - 398.2430576714001
[55, 88, 104, 71] - 413.7863803099994
[55, 88, 67, 104, 94] - 354.75547269300057
[55, 88, 67, 36, 104] - 362.2379484520005
[55, 88, 67, 104, 90] - 363.53954506289904
[55, 88, 104, 41] - 346.2238443699999
[55, 88, 38, 104] - 399.0432263899994
[55, 88, 104, 97] - 394.90331987000053
[55, 88, 36, 104, 94] - 388.80720998580114
[55, 88, 104, 90, 94] - 388.82969747810097
[55, 88, 36, 104, 90] - 398.93816465680044
[55, 79, 104, 71] - 417.7637350600008
[55, 67, 79, 104, 94] - 357.15550453590015
[55, 67, 79, 36, 104] - 363.8139048754003
[55, 67, 79, 104, 90] - 366.11395802960016
[55, 79, 104, 41] - 345.6555047300003
[55, 79, 38, 104] - 400.51345494000043
[55, 79, 104, 97] - 396.9773806800004
[55, 79, 36, 104, 94] - 391.11991162829975
[55, 79, 104, 90, 94] - 392.1738958294
[55, 79, 36, 104, 90] - 400.9157105575991
[55, 67, 104, 90, 71] - 344.6086862523006
[55, 38, 104, 71] - 400.79194947000025
[55, 104, 71, 97] - 395.4503944499997
[55, 104, 71, 94] - 407.8758104100006
[55, 36, 104, 71] - 416.2653627800006
[55, 67, 104, 41] - 363.18050797999985
[55, 67, 104, 38, 90] - 348.4256075124003
[55, 67, 104, 90, 97] - 347.4579932601999
[55, 67, 36, 104, 94] - 356.79522340820034
[55, 67, 104, 90, 94] - 357.5944012322005
[55, 67, 36, 104, 90] - 366.0838006740994
[55, 104, 94, 41] - 345.8372665900002
[55, 36, 104, 41] - 350.7378401700005
[55, 104, 90, 41] - 411.95125111999937
[55, 104, 38, 97] - 424.98491410999924
[55, 104, 38, 94] - 399.55822898000076
[55, 36, 104, 38] - 407.44671406
[55, 104, 94, 97] - 391.7502205000002
[55, 36, 104, 97] - 399.0379185900003
[55, 36, 104, 90, 94] - 395.15504375320046
[55, 24, 120] - 425.86493599999915
[55, 41, 120] - 346.0508249999998
[55, 38, 90, 120] - 349.4125950299997
[55, 90, 97, 120] - 360.8544811100002
[55, 36, 94, 120] - 358.7654003199997
[55, 90, 94, 120] - 360.97832734000013
[55, 36, 90, 120] - 360.11254786999984
[55, 88, 1, 79] - 390.66430052000004
[55, 88, 67, 1] - 360.75439062000044
[55, 88, 1, 41] - 355.6535244399997
[55, 88, 1, 94] - 399.8244031600004
[55, 88, 1, 36] - 409.50770820000076
[55, 88, 1, 90] - 407.66258037999955
[55, 67, 1, 79] - 370.76949786999995
[55, 1, 79, 41] - 355.8870573900003
[55, 1, 79, 94] - 424.9311914600002
[55, 1, 79, 36] - 433.2084071000001
[55, 1, 79, 90] - 432.7334368599998
[55, 67, 1, 71] - 355.9178037699998
[55, 1, 71, 41] - 343.5710719199998
[55, 1, 90, 71] - 385.89951366999964
[55, 1, 67, 41] - 405.94922518000016
[55, 1, 67, 38] - 405.08519256999915
[55, 1, 67, 97] - 337.9336572699995
[55, 1, 67, 94] - 397.00821368
[55, 1, 67, 36] - 405.6855930699998
[55, 1, 67, 90] - 463.5329146799995
[55, 1, 38, 41] - 364.2814075900003
[55, 1, 94, 41] - 388.43212224000035
[55, 1, 36, 41] - 397.51616335000006
[55, 1, 90, 41] - 454.80746667999995
[55, 1, 38, 94] - 344.84764502
[55, 1, 36, 38] - 353.3013006400004
[55, 1, 38, 90] - 408.9993397800002
[55, 1, 90, 97] - 349.24530902999936
[55, 1, 36, 90, 94] - 349.1358302048
[55, 88, 79, 71] - 431.52211405
[55, 88, 67, 79, 94] - 378.7037368242998
[55, 88, 67, 79, 36] - 386.96969914199974
[55, 88, 67, 79, 90] - 388.66319813749976
[55, 88, 79, 41] - 361.6161832399995
[55, 88, 79, 38] - 428.19306784000025
[55, 88, 79, 97] - 409.69664269000083
[55, 88, 79, 36, 94] - 413.9780101049993
[55, 88, 79, 90, 94] - 414.7071629458993
[55, 88, 79, 36, 90] - 424.71547542940016
[55, 88, 67, 71] - 424.57196845999937
[55, 88, 38, 71] - 368.14861256999967
[55, 88, 71, 94] - 436.26432705999997
[55, 88, 36, 90, 71] - 339.38230927930005
[55, 88, 67, 36, 38] - 338.4916335808004
[55, 88, 67, 38, 90] - 336.7527231755997
[55, 88, 67, 97] - 411.22291474000014
[55, 88, 67, 36, 94] - 390.7515203951008
[55, 88, 67, 90, 94] - 390.0019559697004
[55, 88, 67, 36, 90] - 401.10541161630033
[55, 88, 94, 41] - 372.4476300199998
[55, 88, 36, 41] - 379.5444653699999
[55, 88, 90, 41] - 378.01651771999957
[55, 88, 38, 97] - 376.9374641000001
[55, 88, 38, 94] - 436.46631540000016
[55, 88, 36, 38, 90] - 337.9701088939001
[55, 88, 94, 97] - 403.9041484499997
[55, 88, 36, 97] - 413.66540968000055
[55, 88, 90, 97] - 413.5365432699994
[55, 88, 36, 90, 94] - 425.87085778940036
[55, 67, 79, 71] - 432.5243731700002
[55, 79, 38, 71] - 370.0276699299997
[55, 79, 71, 97] - 345.67144662999976
[55, 79, 36, 71, 94] - 341.54263090100005
[55, 79, 90, 71, 94] - 342.42135137760033
[55, 79, 36, 90, 71] - 351.1732714569002
[55, 67, 79, 36, 38] - 338.1481481782996
[55, 67, 79, 38, 90] - 337.6119457335002
[55, 67, 79, 97] - 424.52355828000043
[55, 67, 79, 36, 94] - 400.1348078270998
[55, 67, 79, 90, 94] - 400.5338558884005
[55, 67, 79, 36, 90] - 410.5743408263007
[55, 79, 94, 41] - 372.66166415000026
[55, 79, 36, 41] - 378.92014724999984
[55, 79, 90, 41] - 379.72484838999975
[55, 79, 38, 97] - 387.9953331199998
[55, 79, 36, 38, 94] - 339.78149077670014
[55, 79, 38, 90, 94] - 338.4643058907996
[55, 79, 36, 38, 90] - 346.65520759730003
[55, 79, 94, 97] - 439.2312389999998
[55, 79, 36, 90, 97] - 339.2316855709998
[55, 79, 36, 90, 94] - 453.4096027388998
[55, 24, 38, 41, 97] - 348.2400364811004
[55, 24, 38, 90, 41] - 362.7514419487993
[55, 24, 90, 41, 97] - 346.93978388370056
[55, 24, 36, 94, 41] - 377.0848423807003
[55, 24, 90, 94, 41] - 385.16971647089986
[55, 24, 36, 90, 41] - 379.7184437851003
[55, 24, 38, 94, 97] - 368.83918337139994
[55, 24, 36, 38, 97] - 368.1547371465995
[55, 24, 38, 90, 97] - 414.31241477040015
[55, 24, 36, 38, 94] - 377.5699304110992
[55, 24, 38, 90, 94] - 385.69113644129993
[55, 24, 36, 38, 90] - 380.0884285264005
[55, 24, 36, 94, 97] - 408.27733510619936
[55, 24, 90, 94, 97] - 410.8247019319995
[55, 24, 36, 90, 97] - 412.8612724517994
[55, 24, 36, 90, 94] - 488.02749722040033
[55, 67, 71, 41] - 342.1209382600007
[55, 67, 38, 90, 71] - 347.0082671447996
[55, 67, 71, 97] - 403.63483340999954
[55, 67, 36, 71, 94] - 341.21316675650024
[55, 67, 90, 71, 94] - 340.4346911520999
[55, 67, 36, 90, 71] - 351.4484919044
[55, 90, 71, 41] - 364.8618291900001
[55, 38, 71, 97] - 364.57996222
[55, 38, 71, 94] - 390.3728639899998
[55, 36, 38, 71] - 401.7865265100002
[55, 71, 94, 97] - 339.93545088999986
[55, 36, 71, 97] - 347.45875644999995
[55, 90, 71, 97] - 408.9258310400003
[55, 36, 90, 71, 94] - 364.42683023259974
[55, 67, 38, 41] - 378.80359764
[55, 67, 94, 41] - 357.78753490000076
[55, 67, 36, 41] - 364.8635363800002
[55, 67, 90, 41] - 424.68575727999985
[55, 67, 38, 97] - 441.0986871699998
[55, 67, 36, 38, 94] - 355.08297182120015
[55, 67, 38, 90, 94] - 352.29385454100014
[55, 67, 36, 38, 90] - 362.8151104223998
[55, 67, 94, 97] - 419.0565729299999
[55, 67, 36, 97] - 426.9404034400003
[55, 67, 36, 90, 94] - 423.81088576000064
[55, 36, 38, 94, 41, 97] - 349.60028539283115
[55, 38, 90, 94, 41, 97] - 349.45791473829433
[55, 36, 38, 90, 41, 97] - 349.88871848761653
[55, 36, 38, 90, 94, 41] - 412.2896117091679
[55, 36, 90, 94, 41, 97] - 349.58516290523124
[55, 36, 38, 90, 94, 97] - 447.35247100619995
[57, 5, 31] - 383.750342
[56, 1, 57, 104, 31] - 401.30860232949965
[1, 57, 104, 71, 31] - 411.903549126
[67, 1, 57, 104, 31] - 411.03056309220057
[1, 57, 104, 41, 31] - 418.1227882709997
[1, 57, 38, 104, 31] - 412.3922216397
[1, 57, 104, 97, 31] - 403.3684420415995
[1, 57, 104, 94, 31] - 414.2376117279005
[1, 57, 36, 104, 31] - 419.00237530430064
[1, 57, 104, 90, 31] - 416.0149712642006
[56, 57, 104, 71, 31] - 406.6952513531003
[67, 56, 57, 104, 31] - 406.0127859078008
[56, 57, 104, 41, 31] - 411.0782268923996
[56, 57, 38, 104, 31] - 404.35602924169916
[56, 57, 104, 97, 31] - 405.8576468602999
[56, 57, 104, 94, 31] - 406.63679863689964
[56, 57, 36, 104, 31] - 409.3002778450997
[56, 57, 104, 90, 31] - 406.49736795880017
[67, 57, 104, 71, 31] - 434.5201314865002
[57, 104, 71, 41, 31] - 436.81665304500035
[57, 38, 104, 71, 31] - 429.6743100727
[57, 104, 71, 97, 31] - 411.13702253179986
[57, 104, 71, 94, 31] - 434.3424424857998
[57, 36, 104, 71, 31] - 437.56525905560045
[57, 104, 90, 71, 31] - 435.3430451963997
[67, 57, 104, 41, 31] - 437.52010812259937
[67, 57, 38, 104, 31] - 430.55346275430077
[67, 57, 104, 97, 31] - 410.4398937658998
[67, 57, 104, 94, 31] - 432.9992952599002
[67, 57, 36, 104, 31] - 437.2986643951
[67, 57, 104, 90, 31] - 434.80095417349986
[57, 38, 104, 41, 31] - 437.73738222699956
[57, 104, 41, 97, 31] - 413.06275095710026
[57, 104, 94, 41, 31] - 438.92104223489923
[57, 36, 104, 41, 31] - 442.89876726389997
[57, 104, 90, 41, 31] - 440.5158687017
[57, 104, 38, 97, 31] - 406.45251337289994
[57, 104, 38, 94, 31] - 432.34225614319996
[57, 36, 104, 38, 31] - 436.6447063527999
[57, 104, 38, 90, 31] - 433.75026545030073
[57, 104, 94, 31, 97] - 409.92161763670015
[57, 36, 104, 31, 97] - 413.4015141885997
[57, 104, 90, 31, 97] - 410.271244317
[57, 36, 104, 94, 31] - 440.3191003344994
[57, 104, 90, 94, 31] - 437.59463832869943
[57, 36, 104, 90, 31] - 442.0127445132996
[57, 31, 120] - 432.39103899999947
[1, 56, 57, 71, 31] - 403.53785773859937
[67, 1, 56, 57, 31] - 403.5307742455003
[1, 56, 57, 41, 31] - 407.5694996696995
[1, 56, 57, 38, 31] - 400.6475215203993
[1, 56, 57, 97, 31] - 402.93341735400054
[1, 56, 57, 94, 31] - 403.6967814461998
[1, 56, 57, 36, 31] - 406.83448462490054
[1, 56, 57, 90, 31] - 403.08238715539954
[67, 1, 57, 71, 31] - 417.8763029127999
[1, 57, 71, 41, 31] - 416.5091541569001
[1, 57, 38, 71, 31] - 409.4834066545003
[1, 57, 71, 97, 31] - 413.9955142110002
[1, 57, 71, 94, 31] - 422.18395575020094
[1, 57, 36, 71, 31] - 425.4800237742995
[1, 57, 90, 71, 31] - 422.33364035619934
[1, 67, 57, 41, 31] - 417.09517403049944
[1, 67, 57, 38, 31] - 410.8203290246006
[1, 67, 57, 97, 31] - 414.5986754672997
[1, 67, 57, 94, 31] - 421.7652134410002
[1, 67, 57, 36, 31] - 425.5829783270994
[1, 67, 57, 90, 31] - 421.9338021687009
[1, 57, 38, 41, 31] - 417.3272693845999
[1, 57, 41, 97, 31] - 409.29273276960015
[1, 57, 94, 41, 31] - 419.4426474957004
[1, 57, 36, 41, 31] - 423.51720470520064
[1, 57, 90, 41, 31] - 420.40784874029976
[1, 57, 38, 97, 31] - 402.16810980890034
[1, 57, 38, 94, 31] - 412.95922378110055
[1, 57, 36, 38, 31] - 417.7192679604999
[1, 57, 38, 90, 31] - 414.0580147568007
[1, 57, 94, 31, 97] - 422.64041981910015
[1, 57, 36, 31, 97] - 426.3511301227005
[1, 57, 90, 31, 97] - 421.4155665145996
[1, 57, 36, 94, 31] - 438.5049995792007
[1, 57, 90, 94, 31] - 434.46564808419987
[1, 57, 36, 90, 31] - 438.65319579569996
[67, 56, 57, 71, 31] - 408.00700231600007
[56, 57, 71, 41, 31] - 412.0575081049997
[56, 57, 38, 71, 31] - 404.7110895720006
[56, 57, 71, 97, 31] - 408.0289167281008
[56, 57, 71, 94, 31] - 408.5249888614003
[56, 57, 36, 71, 31] - 410.3348590549003
[56, 57, 90, 71, 31] - 407.4314839979991
[56, 67, 57, 41, 31] - 412.73910877229997
[56, 67, 57, 38, 31] - 406.0961420444
[56, 67, 57, 97, 31] - 407.7291980971002
[56, 67, 57, 94, 31] - 408.11033967970013
[56, 67, 57, 36, 31] - 410.5347366575003
[56, 67, 57, 90, 31] - 406.9751886683005
[56, 57, 38, 41, 31] - 410.0862886581003
[56, 57, 41, 97, 31] - 412.3233046489005
[56, 57, 94, 41, 31] - 412.58509954779976
[56, 57, 36, 41, 31] - 414.7059269882
[56, 57, 90, 41, 31] - 411.48067464969955
[56, 57, 38, 97, 31] - 404.9135574037006
[56, 57, 38, 94, 31] - 405.3255710299005
[56, 57, 36, 38, 31] - 408.0192166568996
[56, 57, 38, 90, 31] - 404.3614970557999
[56, 57, 94, 31, 97] - 407.4353479158
[56, 57, 36, 31, 97] - 410.03479840379987
[56, 57, 90, 31, 97] - 406.0834463497997
[56, 57, 36, 94, 31] - 411.44621902740084
[56, 57, 90, 94, 31] - 407.88485295350023
[56, 57, 36, 90, 31] - 410.0959654609998
[67, 57, 71, 41, 31] - 438.6518750850996
[67, 57, 38, 71, 31] - 430.6273385617004
[67, 57, 71, 97, 31] - 417.3049845538006
[67, 57, 71, 94, 31] - 440.19344773930044
[67, 57, 36, 71, 31] - 443.36522185090024
[67, 57, 90, 71, 31] - 440.7181441661015
[57, 38, 71, 41, 31] - 433.8306352611002
[57, 71, 41, 97, 31] - 414.45427048500005
[57, 71, 94, 41, 31] - 437.1520766882003
[57, 36, 71, 41, 31] - 440.1277227756005
[57, 90, 71, 41, 31] - 437.6247312786996
[57, 38, 71, 97, 31] - 406.93278884500023
[57, 38, 71, 94, 31] - 429.1669013507009
[57, 36, 38, 71, 31] - 432.4278326794999
[57, 38, 90, 71, 31] - 429.46131385800004
[57, 71, 94, 31, 97] - 420.70057377549944
[57, 36, 71, 31, 97] - 423.25299243520044
[57, 90, 71, 31, 97] - 420.02364494970016
[57, 36, 71, 94, 31] - 447.2046854919004
[57, 90, 71, 94, 31] - 444.3302836915
[57, 36, 90, 71, 31] - 447.5008545983
[67, 57, 38, 41, 31] - 436.30506804860056
[67, 57, 41, 97, 31] - 414.90479447850004
[67, 57, 94, 41, 31] - 437.52947307220063
[67, 57, 36, 41, 31] - 441.47566244260054
[67, 57, 90, 41, 31] - 438.5860073561
[67, 57, 38, 97, 31] - 408.17020094670016
[67, 57, 38, 94, 31] - 429.8174886035005
[67, 57, 36, 38, 31] - 434.0023546333991
[67, 57, 38, 90, 31] - 430.68711694650113
[67, 57, 94, 31, 97] - 420.7182312336006
[67, 57, 36, 31, 97] - 423.79838515760053
[67, 57, 90, 31, 97] - 420.03386062450016
[67, 57, 36, 94, 31] - 446.79621995270026
[67, 57, 90, 94, 31] - 443.77374824799966
[67, 57, 36, 90, 31] - 447.4307386869993
[57, 38, 41, 97, 31] - 411.8501774626003
[57, 38, 94, 41, 31] - 436.8456861005001
[57, 36, 38, 41, 31] - 440.83388080090015
[57, 38, 90, 41, 31] - 437.7239731428002
[57, 94, 41, 31, 97] - 413.884321193099
[57, 36, 41, 31, 97] - 417.04863507680017
[57, 90, 41, 31, 97] - 413.40017011000003
[57, 36, 94, 41, 31] - 443.1469705476002
[57, 90, 94, 41, 31] - 440.30864360879997
[57, 36, 90, 41, 31] - 444.07932091879997
[57, 38, 94, 31, 97] - 406.3666370214005
[57, 36, 38, 31, 97] - 409.9477638867996
[57, 38, 90, 31, 97] - 405.8949799992997
[57, 36, 38, 94, 31] - 436.14468332420034
[57, 38, 90, 94, 31] - 432.64387407640083
[57, 36, 38, 90, 31] - 437.02305009319997
[57, 36, 94, 31, 97] - 431.8354161441002
[57, 90, 94, 31, 97] - 427.65955062310104
[57, 36, 90, 31, 97] - 430.63545974399926
[57, 36, 90, 94, 31] - 458.81613097059943
[2, 57, 5] - 422.65067999999974
[57, 5, 104, 71] - 380.3402349399996
[67, 57, 5, 104] - 381.5043074499999
[57, 38, 5, 104] - 360.69903903999995
[57, 5, 104, 97] - 400.7595767600002
[57, 5, 104, 94] - 403.2071036099992
[57, 36, 5, 104] - 408.45106434999934
[57, 5, 104, 90] - 407.35588006999984
[57, 5, 120] - 427.4779099999999
[1, 57, 5] - 408.9534869999998
[56, 57, 36, 5] - 338.1422390699999
[24, 57, 5] - 370.1791729999997
[67, 57, 5, 71] - 372.44761941000024
[57, 5, 71, 97] - 380.88646101000035
[57, 5, 71, 94] - 381.7500294500007
[57, 36, 5, 71] - 386.8552945299998
[57, 5, 90, 71] - 384.50104192999976
[67, 57, 5, 97] - 383.33346419
[67, 57, 5, 94] - 385.53611637
[67, 57, 36, 5] - 391.29756293999975
[67, 57, 5, 90] - 388.51207099999976
[57, 5, 38, 41, 97] - 392.2955816016004
[57, 5, 38, 94, 41] - 399.4117395909989
[57, 36, 5, 38, 41] - 401.0417191152001
[57, 5, 38, 90, 41] - 399.3392899773003
[57, 5, 94, 41, 97] - 391.90468246080076
[57, 36, 5, 41, 97] - 393.2517865009005
[57, 5, 90, 41, 97] - 391.45637988209944
[57, 36, 5, 94, 41] - 399.8466942967998
[57, 5, 90, 94, 41] - 399.1060195623
[57, 36, 5, 90, 41] - 400.7154177165001
[57, 5, 38, 94, 97] - 418.26797180620025
[57, 36, 5, 38, 97] - 419.8054844478
[57, 5, 38, 90, 97] - 416.96936058170036
[57, 36, 5, 38, 94] - 426.0922165176995
[57, 5, 38, 90, 94] - 424.14046232160075
[57, 36, 5, 38, 90] - 426.1226063503997
[57, 36, 5, 90, 94, 97] - 349.13707140354626
[57, 2, 120] - 405.8572630000006
[57, 2, 24, 41] - 408.7331588899994
[57, 2, 24, 38] - 444.36468861000026
[57, 2, 24, 94, 97] - 356.0669513814006
[57, 2, 24, 36, 97] - 355.2185446901997
[57, 2, 24, 90, 97] - 357.68162811999986
[57, 2, 24, 36, 94] - 353.8020728731998
[57, 2, 24, 90, 94] - 355.65651223090015
[57, 2, 24, 36, 90] - 356.0674222666999
[57, 2, 38, 41, 97] - 372.4540833044998
[57, 2, 38, 94, 41] - 391.8254732158993
[57, 2, 36, 38, 41] - 388.46090786200097
[57, 2, 38, 90, 41] - 391.92962074779996
[57, 2, 94, 41, 97] - 372.2765715054997
[57, 2, 36, 41, 97] - 368.956452675
[57, 2, 90, 41, 97] - 372.4417272849003
[57, 2, 36, 94, 41] - 388.0289396426005
[57, 2, 90, 94, 41] - 391.31857443959905
[57, 2, 36, 90, 41] - 388.94818796810017
[57, 2, 38, 94, 97] - 401.1002518909995
[57, 2, 36, 38, 97] - 398.0778018858001
[57, 2, 38, 90, 97] - 400.2723963398
[57, 2, 36, 38, 94] - 415.86637230370013
[57, 2, 38, 90, 94] - 417.88955684409996
[57, 2, 36, 38, 90] - 415.8732491931002
[57, 2, 36, 94, 97] - 423.8134764361999
[57, 2, 90, 94, 97] - 427.43505652600055
[57, 2, 36, 90, 97] - 425.68812548950007
[57, 2, 36, 90, 94] - 441.3265170103001
[56, 57, 104, 120] - 349.19514100000026
[57, 104, 71, 120] - 386.04026856000036
[67, 57, 104, 120] - 387.0680469600004
[57, 104, 41, 120] - 348.96715764999965
[57, 38, 104, 120] - 359.0776617200004
[57, 104, 97, 120] - 379.3501450899998
[57, 104, 94, 120] - 406.08911482999974
[57, 36, 104, 120] - 411.3943250399999
[57, 104, 90, 120] - 408.9859440400002
[1, 56, 57, 104, 71] - 428.72338507310036
[67, 1, 56, 57, 104] - 426.6666599255996
[1, 56, 57, 104, 41] - 406.762625157
[1, 56, 57, 38, 104] - 401.02174369550147
[1, 56, 57, 104, 97] - 427.35903690499913
[1, 56, 57, 104, 94] - 427.2162462120003
[1, 56, 57, 36, 104] - 431.1150038382997
[1, 56, 57, 104, 90] - 427.12364329890073
[67, 1, 57, 104, 71] - 438.1442281866995
[1, 57, 104, 71, 41] - 417.61589425020054
[1, 57, 38, 104, 71] - 412.05745890760045
[1, 57, 104, 71, 97] - 430.8596072394003
[1, 57, 104, 71, 94] - 438.5801393149009
[1, 57, 36, 104, 71] - 442.728644955901
[1, 57, 104, 90, 71] - 439.5434673250001
[1, 67, 57, 104, 41] - 417.42288509400066
[1, 67, 57, 38, 104] - 412.46531255429943
[1, 67, 57, 104, 97] - 428.84719673669963
[1, 67, 57, 104, 94] - 435.4287280328002
[1, 67, 57, 36, 104] - 440.8311357785006
[1, 67, 57, 104, 90] - 436.9421318472003
[1, 57, 38, 104, 41] - 418.5580069313001
[1, 57, 104, 41, 97] - 409.1937175500003
[1, 57, 104, 94, 41] - 418.88660859859897
[1, 57, 36, 104, 41] - 424.0292586928993
[1, 57, 104, 90, 41] - 420.6675972627004
[1, 57, 104, 38, 97] - 403.37968144989986
[1, 57, 104, 38, 94] - 414.01292019420026
[1, 57, 36, 104, 38] - 419.74036057670025
[1, 57, 104, 38, 90] - 415.7679950156999
[1, 57, 104, 94, 97] - 428.2341526782998
[1, 57, 36, 104, 97] - 433.0291223394998
[1, 57, 104, 90, 97] - 428.34827130920064
[1, 57, 36, 104, 94] - 444.9289904232001
[1, 57, 104, 90, 94] - 440.9367143424001
[1, 57, 36, 104, 90] - 446.1746118904998
[88, 57, 104, 71] - 354.68632508999974
[88, 67, 57, 104] - 352.23008504000086
[88, 57, 104, 97] - 369.09730558999985
[88, 57, 104, 94] - 398.4890583900004
[88, 57, 36, 104] - 401.4437369900006
[88, 57, 104, 90] - 399.88272497999964
[57, 79, 104, 71] - 350.80664905999987
[67, 57, 79, 104] - 347.62716190999953
[57, 79, 104, 97] - 362.8888198499998
[57, 79, 104, 94] - 394.6525087299997
[57, 79, 36, 104] - 394.46053803000046
[57, 79, 104, 90] - 398.8667584100001
[56, 67, 57, 104, 71, 97] - 338.6976034029185
[56, 67, 57, 104, 71, 94] - 337.87806620589333
[56, 67, 57, 36, 104, 71] - 339.5884473257143
[56, 67, 57, 104, 90, 71] - 338.11657824218696
[56, 57, 36, 104, 71, 41] - 337.16870913521035
[56, 57, 38, 104, 71] - 441.5746425513996
[56, 57, 104, 71, 94, 97] - 351.31662856434184
[56, 57, 36, 104, 71, 97] - 353.2988622179412
[56, 57, 104, 90, 71, 97] - 350.9368928005485
[56, 57, 36, 104, 71, 94] - 353.19126310289806
[56, 57, 104, 90, 71, 94] - 351.06621315684833
[56, 57, 36, 104, 90, 71] - 352.97221744826936
[56, 67, 57, 36, 104, 41] - 336.9746761432346
[56, 67, 57, 38, 104] - 441.19362024059996
[56, 67, 57, 104, 94, 97] - 348.292186333871
[56, 67, 57, 36, 104, 97] - 350.37864421406346
[56, 67, 57, 104, 90, 97] - 348.12887720699064
[56, 67, 57, 36, 104, 94] - 350.8885184858349
[56, 67, 57, 104, 90, 94] - 349.3011182249334
[56, 67, 57, 36, 104, 90] - 350.82564622702967
[56, 57, 104, 38, 41, 97] - 358.8143490873759
[56, 57, 104, 38, 94, 41] - 358.18263101594994
[56, 57, 36, 104, 38, 41] - 360.2221612655087
[56, 57, 104, 38, 90, 41] - 358.4896104552086
[56, 57, 104, 94, 41, 97] - 358.8719901183609
[56, 57, 36, 104, 41, 97] - 361.092661976277
[56, 57, 104, 90, 41, 97] - 359.0964573161672
[56, 57, 36, 104, 94, 41] - 360.93401063003563
[56, 57, 104, 90, 94, 41] - 359.28564519831366
[56, 57, 36, 104, 90, 41] - 361.13839932773755
[56, 57, 104, 38, 94, 97] - 355.67055396454367
[56, 57, 36, 104, 38, 97] - 357.6951925165193
[56, 57, 104, 38, 90, 97] - 355.23835152488897
[56, 57, 36, 104, 38, 94] - 358.3410836448175
[56, 57, 104, 38, 90, 94] - 356.2447604656461
[56, 57, 36, 104, 38, 90] - 358.056918018401
[56, 57, 36, 104, 94, 97] - 376.42829347679765
[56, 57, 104, 90, 94, 97] - 374.16177456350164
[56, 57, 36, 104, 90, 97] - 375.82180696032316
[56, 57, 36, 104, 90, 94] - 377.6253686181051
[67, 57, 38, 104, 71, 41] - 342.2175069570652
[67, 57, 104, 71, 94, 41] - 342.6222460258869
[67, 57, 36, 104, 71, 41] - 345.6115746065874
[67, 57, 104, 90, 71, 41] - 344.33927863598717
[67, 57, 104, 38, 71, 97] - 338.913917265994
[67, 57, 104, 38, 71, 94] - 354.06767351427703
[67, 57, 36, 104, 38, 71] - 357.44245239627963
[67, 57, 104, 38, 90, 71] - 356.34153478593475
[67, 57, 104, 71, 94, 97] - 375.19602700237226
[67, 57, 36, 104, 71, 97] - 378.519168039748
[67, 57, 104, 90, 71, 97] - 377.71606068711696
[67, 57, 36, 104, 71, 94] - 393.7490074946703
[67, 57, 104, 90, 71, 94] - 393.35025997018107
[67, 57, 36, 104, 90, 71] - 397.48253273832296
[57, 104, 38, 71, 94, 41] - 351.3217142791432
[57, 36, 104, 38, 71, 41] - 354.3853091178912
[57, 104, 38, 90, 71, 41] - 352.5622847562311
[57, 36, 104, 71, 41, 97] - 338.5398249253353
[57, 36, 104, 71, 94, 41] - 355.54801574383646
[57, 104, 90, 71, 94, 41] - 353.6680398846077
[57, 36, 104, 90, 71, 41] - 356.93772867207775
[57, 104, 38, 71, 94, 97] - 348.479302551143
[57, 36, 104, 38, 71, 97] - 351.4929090893768
[57, 104, 38, 90, 71, 97] - 349.2685354367255
[57, 36, 104, 38, 71, 94] - 367.73081788468045
[57, 104, 38, 90, 71, 94] - 365.7052024598307
[57, 36, 104, 38, 90, 71] - 369.56595259811144
[57, 36, 104, 71, 94, 97] - 388.6468896625592
[57, 104, 90, 71, 94, 97] - 387.7613090514762
[57, 36, 104, 90, 71, 97] - 390.9987551096161
[57, 36, 104, 90, 71, 94] - 407.3294572309659
[67, 57, 104, 38, 94, 41] - 352.9047422231551
[67, 57, 36, 104, 38, 41] - 356.15959591749447
[67, 57, 104, 38, 90, 41] - 354.95433786835235
[67, 57, 36, 104, 41, 97] - 338.5147741068783
[67, 57, 36, 104, 94, 41] - 355.6652770402902
[67, 57, 104, 90, 94, 41] - 354.69914086047925
[67, 57, 36, 104, 90, 41] - 357.8139324484693
[67, 57, 104, 38, 94, 97] - 348.87246297906876
[67, 57, 36, 104, 38, 97] - 352.30221610161004
[67, 57, 104, 38, 90, 97] - 350.284706646382
[67, 57, 36, 104, 38, 94] - 368.0606761408224
[67, 57, 104, 38, 90, 94] - 366.87979844411825
[67, 57, 36, 104, 38, 90] - 370.75089185517527
[67, 57, 36, 104, 94, 97] - 388.27675025439527
[67, 57, 104, 90, 94, 97] - 387.2642344494026
[67, 57, 36, 104, 90, 97] - 390.8731331504661
[67, 57, 36, 104, 90, 94] - 407.6042823632521
[57, 104, 38, 94, 41, 97] - 358.52960524725796
[57, 36, 104, 38, 41, 97] - 361.39569473830426
[57, 104, 38, 90, 41, 97] - 359.3210746074445
[57, 36, 104, 38, 94, 41] - 380.54149979204186
[57, 104, 38, 90, 94, 41] - 379.063023744388
[57, 36, 104, 38, 90, 41] - 382.50160643777735
[57, 36, 104, 94, 41, 97] - 361.5977976705527
[57, 104, 90, 94, 41, 97] - 359.7083940906018
[57, 36, 104, 90, 41, 97] - 362.29017979118083
[57, 36, 104, 90, 94, 41] - 382.84939495076145
[57, 36, 104, 38, 94, 97] - 376.0999671503104
[57, 104, 38, 90, 94, 97] - 373.8325919850053
[57, 36, 104, 38, 90, 97] - 376.9875307538539
[57, 36, 104, 38, 90, 94] - 397.13035044587104
[57, 36, 104, 90, 94, 97] - 415.04652378308305
[1, 57, 120] - 440.10238899999996
[56, 57, 97, 120] - 348.48786660999974
[56, 57, 94, 120] - 349.3456851799998
[56, 57, 36, 120] - 352.62198519999987
[56, 57, 90, 120] - 348.55431463
[24, 57, 120] - 345.8962569999996
[67, 57, 71, 120] - 379.4689925299995
[57, 71, 97, 120] - 368.38497658
[57, 71, 94, 120] - 395.08435783999994
[57, 36, 71, 120] - 398.8285489900001
[57, 90, 71, 120] - 396.7555403099996
[67, 57, 38, 120] - 338.40957398999996
[67, 57, 97, 120] - 370.21728086000013
[67, 57, 94, 120] - 396.6328291399998
[67, 57, 36, 120] - 400.9644514200004
[67, 57, 90, 120] - 398.9818769300002
[57, 38, 41, 97, 120] - 389.02599207019944
[57, 38, 94, 41, 120] - 411.9481102177998
[57, 36, 38, 41, 120] - 411.8946110318995
[57, 38, 90, 41, 120] - 411.0069339477997
[57, 94, 41, 97, 120] - 393.14699041789976
[57, 36, 41, 97, 120] - 392.1256649100001
[57, 90, 41, 97, 120] - 391.5361424466001
[57, 36, 94, 41, 120] - 415.3134577738995
[57, 90, 94, 41, 120] - 414.81788494290015
[57, 36, 90, 41, 120] - 415.3959167777996
[57, 38, 94, 97, 120] - 404.5538024287002
[57, 36, 38, 97, 120] - 403.5800432209005
[57, 38, 90, 97, 120] - 401.85896585880073
[57, 36, 38, 94, 120] - 425.63340907350005
[57, 38, 90, 94, 120] - 424.00223549100065
[57, 36, 38, 90, 120] - 424.75705669259946
[57, 36, 90, 94, 97, 120] - 345.6785814944666
[67, 1, 56, 57, 71] - 429.93222694780036
[1, 56, 57, 71, 41] - 408.60743480069993
[1, 56, 57, 38, 71] - 402.140386773499
[1, 56, 57, 71, 97] - 431.0419541314996
[1, 56, 57, 71, 94] - 430.4188508873008
[1, 56, 57, 36, 71] - 433.4171360410992
[1, 56, 57, 90, 71] - 429.4785396287994
[1, 56, 67, 57, 41] - 409.12624509469975
[1, 56, 67, 57, 38] - 403.3281619637005
[1, 56, 67, 57, 97] - 429.42500241430014
[1, 56, 67, 57, 94] - 428.4820544572003
[1, 56, 67, 57, 36] - 432.4161142683001
[1, 56, 67, 57, 90] - 427.57915765140075
[1, 56, 57, 38, 41] - 406.17019096670043
[1, 56, 57, 41, 97] - 408.84877580810013
[1, 56, 57, 94, 41] - 407.8226569877998
[1, 56, 57, 36, 41] - 411.74911936590087
[1, 56, 57, 90, 41] - 407.4199283221998
[1, 56, 57, 38, 97] - 402.2580846531001
[1, 56, 57, 38, 94] - 401.68367201619986
[1, 56, 57, 36, 38] - 406.2503688908002
[1, 56, 57, 38, 90] - 401.26136718310005
[1, 56, 57, 94, 97] - 429.04508162590054
[1, 56, 57, 36, 97] - 432.8973328629006
[1, 56, 57, 90, 97] - 427.6759889311995
[1, 56, 57, 36, 94] - 433.3711832162002
[1, 56, 57, 90, 94] - 428.51064699170036
[1, 56, 57, 36, 90] - 431.9857887706012
[1, 67, 57, 71, 41] - 419.1754505284001
[1, 67, 57, 38, 71] - 413.1423924336996
[1, 67, 57, 71, 97] - 436.5612950761
[1, 67, 57, 71, 94] - 443.28453297439967
[1, 67, 57, 36, 71] - 447.5567283533004
[1, 67, 57, 90, 71] - 443.41507623310036
[1, 57, 38, 71, 41] - 415.4236841345008
[1, 57, 71, 41, 97] - 411.17508766280014
[1, 57, 71, 94, 41] - 417.75816655890014
[1, 57, 36, 71, 41] - 421.9171425463002
[1, 57, 90, 71, 41] - 418.11366277879927
[1, 57, 38, 71, 97] - 404.3940326032
[1, 57, 38, 71, 94] - 411.4802907960007
[1, 57, 36, 38, 71] - 416.1513920250996
[1, 57, 38, 90, 71] - 411.7483189249001
[1, 57, 71, 94, 97] - 440.0246001660997
[1, 57, 36, 71, 97] - 443.8288675264994
[1, 57, 90, 71, 97] - 439.18710626299963
[1, 57, 36, 90, 71, 94] - 340.084397914939
[1, 67, 57, 38, 41] - 417.1410933197999
[1, 67, 57, 41, 97] - 411.6732867196003
[1, 67, 57, 94, 41] - 417.22805271029955
[1, 67, 57, 36, 41] - 422.31329931549953
[1, 67, 57, 90, 41] - 418.2866434218989
[1, 67, 57, 38, 97] - 405.6768102420005
[1, 67, 57, 38, 94] - 411.6296980355998
[1, 67, 57, 36, 38] - 417.2682211988999
[1, 67, 57, 38, 90] - 412.7011324059999
[1, 67, 57, 94, 97] - 438.60429960900007
[1, 67, 57, 36, 97] - 443.2060137932002
[1, 67, 57, 90, 97] - 437.6742318752007
[1, 67, 57, 36, 90, 94] - 338.3816954570632
[1, 57, 38, 41, 97] - 408.257345418301
[1, 57, 38, 94, 41] - 417.6207903436996
[1, 57, 36, 38, 41] - 423.26238405600014
[1, 57, 38, 90, 41] - 418.9462561146997
[1, 57, 94, 41, 97] - 409.5904577498003
[1, 57, 36, 41, 97] - 414.3518093965003
[1, 57, 90, 41, 97] - 409.37280977329993
[1, 57, 36, 94, 41] - 424.53999794060064
[1, 57, 90, 94, 41] - 420.35406700620035
[1, 57, 36, 90, 41] - 425.4393293202
[1, 57, 38, 94, 97] - 403.0281742813002
[1, 57, 36, 38, 97] - 408.3691447804998
[1, 57, 38, 90, 97] - 402.68270133269993
[1, 57, 36, 38, 94] - 419.55115659689886
[1, 57, 38, 90, 94] - 414.64243882129983
[1, 57, 36, 38, 90] - 420.60253971230054
[1, 57, 36, 90, 94, 97] - 338.5359469221063
[88, 79, 57] - 370.923001
[88, 56, 57] - 404.6824689999997
[88, 57, 71, 94] - 352.96390132999977
[88, 57, 36, 71] - 356.4047813199998
[88, 57, 90, 71] - 354.41841240000014
[88, 67, 57, 94] - 352.2183565199998
[88, 67, 57, 36] - 356.32842976
[88, 67, 57, 90] - 354.6554652299999
[88, 57, 41] - 408.20760000000035
[88, 57, 38] - 442.9009840000003
[88, 57, 94, 97] - 369.7740912000007
[88, 57, 36, 97] - 372.98218932000015
[88, 57, 90, 97] - 369.91767006999993
[88, 57, 36, 94] - 401.67463048999997
[88, 57, 90, 94] - 400.1937116799991
[88, 57, 36, 90] - 402.6639029499999
[56, 57, 79] - 401.53478000000024
[57, 79, 71, 94] - 362.1967439399998
[57, 79, 36, 71] - 361.57295887000055
[57, 79, 90, 71] - 365.8530638999998
[67, 57, 79, 94] - 360.80055673000015
[67, 57, 79, 36] - 359.6003584600001
[67, 57, 79, 90] - 364.1814798800005
[57, 79, 41] - 402.3606839999992
[57, 79, 38] - 441.853601
[57, 79, 94, 97] - 387.8279894699994
[57, 79, 36, 97] - 386.94127563999996
[57, 79, 90, 97] - 389.28356162000006
[57, 79, 36, 94] - 417.8680299500001
[57, 79, 90, 94] - 421.54437806000016
[57, 79, 36, 90] - 421.8970279999999
[56, 67, 57, 71, 41] - 431.9583500238005
[56, 67, 57, 38, 71] - 425.35450374319913
[56, 67, 57, 71, 94, 97] - 339.29704787356604
[56, 67, 57, 36, 71, 97] - 341.05570591583637
[56, 67, 57, 90, 71, 97] - 338.32208488057455
[56, 67, 57, 36, 71, 94] - 340.77941093330026
[56, 67, 57, 90, 71, 94] - 338.37559485412567
[56, 67, 57, 36, 90, 71] - 339.8768868020916
[56, 57, 38, 71, 41] - 445.17216108269963
[56, 57, 36, 71, 41, 97] - 338.2858291420975
[56, 57, 36, 71, 94, 41] - 337.54630376227624
[56, 57, 36, 90, 71, 41] - 336.7732900818596
[56, 57, 38, 71, 97] - 441.61151164849946
[56, 57, 38, 71, 94] - 441.2090555241002
[56, 57, 36, 38, 71] - 443.64279065100004
[56, 57, 38, 90, 71] - 439.9911554726996
[56, 57, 36, 71, 94, 97] - 353.68335493755154
[56, 57, 90, 71, 94, 97] - 350.7065547209303
[56, 57, 36, 90, 71, 97] - 352.3734460144672
[56, 57, 36, 90, 71, 94] - 353.2761655259834
[56, 67, 57, 36, 38, 41] - 337.4216328384681
[56, 67, 57, 36, 41, 97] - 338.394478372006
[56, 67, 57, 36, 94, 41] - 338.15242860897007
[56, 67, 57, 36, 90, 41] - 337.58879569776576
[56, 67, 57, 38, 97] - 441.6277398406997
[56, 67, 57, 38, 94] - 442.3388180425995
[56, 67, 57, 38, 90] - 441.55923211080045
[56, 67, 57, 36, 94, 97] - 351.81813139635784
[56, 67, 57, 90, 94, 97] - 349.1321594907345
[56, 67, 57, 36, 90, 97] - 350.5379201497882
[56, 67, 57, 36, 90, 94] - 352.34977627647487
[56, 57, 38, 94, 41, 97] - 358.3546509155144
[56, 57, 36, 38, 41, 97] - 360.93894890056623
[56, 57, 38, 90, 41, 97] - 357.9347852728868
[56, 57, 36, 38, 94, 41] - 360.57755423991176
[56, 57, 38, 90, 94, 41] - 358.0346833822702
[56, 57, 36, 38, 90, 41] - 360.1250201272057
[56, 57, 36, 94, 41, 97] - 362.05711379637467
[56, 57, 90, 94, 41, 97] - 359.2404998147177
[56, 57, 36, 90, 41, 97] - 361.25395665617714
[56, 57, 36, 90, 94, 41] - 361.90699132135853
[56, 57, 36, 38, 94, 97] - 357.9812983124001
[56, 57, 38, 90, 94, 97] - 354.8035455268593
[56, 57, 36, 38, 90, 97] - 356.7425694614935
[56, 57, 36, 38, 90, 94] - 358.38647290269404
[56, 57, 36, 90, 94, 97] - 376.894181299161
[57, 24, 38, 41] - 412.3217960099997
[57, 24, 41, 97] - 404.9698518400004
[57, 24, 94, 41] - 411.26655785999947
[57, 24, 36, 41] - 409.01977821000077
[57, 24, 90, 41] - 411.9617654200004
[57, 24, 38, 97] - 440.5028068799993
[57, 24, 38, 94] - 445.06203311000075
[57, 24, 36, 38] - 444.30088818999997
[57, 24, 38, 90] - 446.1176953100004
[57, 24, 36, 94, 97] - 369.5097600094997
[57, 24, 90, 94, 97] - 371.3734366034
[57, 24, 36, 90, 97] - 371.5307220941993
[57, 24, 36, 90, 94] - 373.65562682949997
[67, 57, 38, 71, 94, 41] - 340.4522630773945
[67, 57, 36, 38, 71, 41] - 343.4569791463612
[67, 57, 38, 90, 71, 41] - 341.5519480096434
[67, 57, 71, 41, 97] - 434.41764337640006
[67, 57, 36, 71, 94, 41] - 345.0477481130566
[67, 57, 90, 71, 94, 41] - 343.0353616600563
[67, 57, 36, 90, 71, 41] - 346.09962599021236
[67, 57, 38, 71, 94, 97] - 337.1929247281829
[67, 57, 36, 38, 71, 97] - 340.3691951858899
[67, 57, 38, 90, 71, 97] - 337.7219089086425
[67, 57, 36, 38, 71, 94] - 355.6651736650868
[67, 57, 38, 90, 71, 94] - 353.58575963844794
[67, 57, 36, 38, 90, 71] - 357.3638104651522
[67, 57, 36, 71, 94, 97] - 381.19329336759336
[67, 57, 90, 71, 94, 97] - 379.6067447672013
[67, 57, 36, 90, 71, 97] - 382.88888697723314
[67, 57, 36, 90, 71, 94] - 399.0935462342994
[57, 38, 71, 41, 97] - 446.0612070756
[57, 36, 38, 71, 94, 41] - 352.8401028199631
[57, 38, 90, 71, 94, 41] - 350.39577213577496
[57, 36, 38, 90, 71, 41] - 353.8382774237126
[57, 36, 71, 94, 41, 97] - 338.5306138777448
[57, 36, 90, 71, 41, 97] - 338.1538443740034
[57, 36, 90, 71, 94, 41] - 355.95414180924234
[57, 36, 38, 71, 94, 97] - 350.2032199706354
[57, 38, 90, 71, 94, 97] - 347.13528439431093
[57, 36, 38, 90, 71, 97] - 350.3407424878092
[57, 36, 38, 90, 71, 94] - 367.1991225570798
[57, 36, 90, 71, 94, 97] - 395.96600565374285
[67, 57, 36, 38, 41, 97] - 338.6052354361668
[67, 57, 36, 38, 94, 41] - 354.893544566013
[67, 57, 38, 90, 94, 41] - 353.3543762917791
[67, 57, 36, 38, 90, 41] - 356.47553547122976
[67, 57, 36, 94, 41, 97] - 338.9994547735989
[67, 57, 90, 94, 41, 97] - 336.7360774996226
[67, 57, 36, 90, 41, 97] - 338.988846452789
[67, 57, 36, 90, 94, 41] - 357.42690454978316
[67, 57, 36, 38, 94, 97] - 351.4671541882679
[67, 57, 38, 90, 94, 97] - 348.94503990368327
[67, 57, 36, 38, 90, 97] - 352.1839829067082
[67, 57, 36, 38, 90, 94] - 369.02541404476614
[67, 57, 36, 90, 94, 97] - 397.05788728724497
[57, 36, 38, 90, 94, 41, 97] - 440.06851514801326
[5, 104, 90, 31] - 340.04346680999976
[56, 1, 5, 31] - 438.2636952199998
[1, 5, 71, 31] - 429.5318523899995
[67, 1, 5, 31] - 434.65970503999944
[1, 5, 41, 97, 31] - 340.93949776240004
[1, 5, 94, 41, 31] - 371.4455229739011
[1, 36, 5, 41, 31] - 377.0760605702
[1, 5, 90, 41, 31] - 384.3263188321001
[1, 5, 94, 31, 97] - 348.5050935807997
[1, 36, 5, 31, 97] - 351.40679503519965
[1, 5, 90, 31, 97] - 357.6712962006996
[1, 36, 5, 94, 31] - 395.2726742604007
[1, 5, 90, 94, 31] - 392.2130779221993
[1, 36, 5, 90, 31] - 396.55945000300034
[88, 5, 31] - 427.4401469999998
[79, 5, 31] - 438.6187860000003
[56, 5, 71, 31] - 356.79479315000003
[67, 56, 5, 31] - 356.77877704000014
[56, 5, 41, 31] - 438.7880340699993
[56, 5, 97, 31] - 436.9249885800006
[56, 5, 94, 31] - 438.4343628799993
[56, 36, 5, 31] - 442.8888136300006
[56, 5, 90, 31] - 435.5428860599997
[67, 5, 71, 31] - 374.7743387699999
[5, 71, 41, 31] - 415.5012905400007
[5, 71, 97, 31] - 388.48928686000033
[5, 71, 94, 31] - 410.981470879999
[36, 5, 71, 31] - 418.5546176799997
[5, 90, 71, 31] - 426.3679995099999
[67, 5, 41, 31] - 415.2505317899998
[67, 5, 97, 31] - 393.12950061999965
[67, 5, 94, 31] - 416.81884892000005
[67, 36, 5, 31] - 421.1125710199997
[67, 5, 90, 31] - 433.90946980000024
[5, 90, 41, 31, 97] - 339.21721804750007
[36, 5, 94, 41, 31] - 373.5627921072003
[5, 90, 94, 41, 31] - 370.3898510410002
[36, 5, 90, 41, 31] - 374.40979759709995
[5, 38, 90, 31] - 338.43419348999987
[36, 5, 94, 31, 97] - 353.57328556170023
[5, 90, 94, 31, 97] - 349.6133685475993
[36, 5, 90, 31, 97] - 350.8867262565008
[36, 5, 90, 94, 31] - 396.39546531339954
[104, 71, 31, 120] - 347.97289334
[67, 104, 31, 120] - 350.16696324000003
[104, 41, 31, 120] - 338.12172264
[38, 104, 31, 120] - 344.66509448000005
[104, 90, 31, 120] - 348.21323093000024
[1, 56, 104, 71, 31] - 403.9050788949001
[67, 1, 56, 104, 31] - 402.59578136450097
[1, 56, 104, 41, 31] - 406.6844460996002
[1, 56, 38, 104, 31] - 400.8329333927001
[1, 56, 104, 97, 31] - 402.20710272980085
[1, 56, 104, 94, 31] - 402.0527993644006
[1, 56, 36, 104, 31] - 407.0453767004001
[1, 56, 104, 90, 31] - 403.72087198999935
[1, 67, 104, 71, 41, 31] - 361.78847775132516
[1, 67, 38, 104, 71, 31] - 361.4580609154674
[1, 67, 104, 71, 97, 31] - 357.50858390944524
[1, 67, 104, 71, 94, 31] - 339.2330763150893
[1, 67, 36, 104, 71, 31] - 344.36974726179926
[1, 67, 104, 90, 71, 31] - 376.5599295931485
[1, 38, 104, 71, 41, 31] - 346.54964824693934
[1, 104, 71, 41, 97, 31] - 343.4900989426867
[1, 104, 71, 94, 41, 31] - 337.23836868082617
[1, 36, 104, 71, 41, 31] - 341.4678771021736
[1, 104, 90, 71, 41, 31] - 373.86339912343817
[1, 104, 38, 71, 97, 31] - 354.3523830900209
[1, 104, 38, 90, 71, 31] - 360.6849923770733
[1, 104, 90, 71, 31, 97] - 356.60222707165605
[1, 36, 104, 71, 94, 31] - 355.2112761029923
[1, 104, 90, 71, 94, 31] - 353.72698785582656
[1, 36, 104, 90, 71, 31] - 358.88360828240957
[1, 67, 38, 104, 41, 31] - 347.16228986478876
[1, 67, 104, 41, 97, 31] - 342.87049271394983
[1, 67, 104, 94, 41, 31] - 337.1672501273152
[1, 67, 36, 104, 41, 31] - 342.336263755618
[1, 67, 104, 90, 41, 31] - 374.5110513289443
[1, 67, 104, 38, 97, 31] - 355.0351367456377
[1, 67, 104, 38, 90, 31] - 360.9670404611339
[1, 67, 104, 90, 31, 97] - 355.9948999785608
[1, 67, 36, 104, 94, 31] - 354.05583672078893
[1, 67, 104, 90, 94, 31] - 353.09097540411034
[1, 67, 36, 104, 90, 31] - 358.82221598262305
[1, 104, 38, 41, 97, 31] - 340.67317858191296
[1, 104, 38, 90, 41, 31] - 348.7379316861841
[1, 104, 90, 41, 31, 97] - 341.7758273934456
[1, 36, 104, 94, 41, 31] - 369.0062354442687
[1, 104, 90, 94, 41, 31] - 367.1340787515534
[1, 36, 104, 90, 41, 31] - 373.03975104518213
[1, 104, 38, 90, 31, 97] - 353.24411401593454
[1, 104, 38, 94, 31] - 434.36471031930034
[1, 36, 104, 38, 31] - 440.88049972170035
[1, 104, 94, 31, 97] - 425.19210857129997
[1, 36, 104, 31, 97] - 431.11443898450017
[1, 36, 104, 90, 94, 31] - 386.4242168591759
[88, 104, 94, 31] - 337.31941378000016
[88, 36, 104, 31] - 343.90815156
[88, 104, 90, 31] - 341.0811796400002
[79, 36, 104, 31] - 336.9717530199998
[79, 104, 90, 31] - 341.28389345999966
[67, 56, 104, 71, 31] - 408.4489882940999
[56, 104, 71, 41, 31] - 412.6629189206998
[56, 38, 104, 71, 31] - 406.5302939625002
[56, 104, 71, 97, 31] - 408.69614527530007
[56, 104, 71, 94, 31] - 408.35477637929955
[56, 36, 104, 71, 31] - 411.9693844348996
[56, 104, 90, 71, 31] - 409.52916718930015
[56, 67, 104, 41, 31] - 412.51422255250077
[56, 67, 38, 104, 31] - 407.0981273262996
[56, 67, 104, 97, 31] - 407.74687805409997
[56, 67, 104, 94, 31] - 406.9412074374001
[56, 67, 36, 104, 31] - 411.26769825030095
[56, 67, 104, 90, 31] - 408.3972197084009
[56, 38, 104, 41, 31] - 410.7897372332004
[56, 104, 41, 97, 31] - 412.1560888635996
[56, 104, 94, 41, 31] - 411.3101637180004
[56, 36, 104, 41, 31] - 415.3487382786004
[56, 104, 90, 41, 31] - 412.73053242720096
[56, 104, 38, 97, 31] - 405.91458721409947
[56, 104, 38, 94, 31] - 405.3171938204995
[56, 36, 104, 38, 31] - 409.638563928
[56, 104, 38, 90, 31] - 406.83350000950026
[56, 104, 94, 31, 97] - 406.5155202068008
[56, 36, 104, 31, 97] - 410.6668511462012
[56, 104, 90, 31, 97] - 407.62429335460047
[56, 36, 104, 94, 31] - 411.2665488544998
[56, 104, 90, 94, 31] - 408.29357040669987
[56, 36, 104, 90, 31] - 412.4208894426996
[67, 38, 104, 71, 41, 31] - 364.6512035043534
[67, 104, 71, 41, 97, 31] - 348.715719251744
[67, 104, 71, 94, 41, 31] - 340.77147656177374
[67, 36, 104, 71, 41, 31] - 345.3536851864291
[67, 104, 90, 71, 41, 31] - 378.39124130493565
[67, 104, 38, 71, 97, 31] - 360.80300548389863
[67, 104, 38, 71, 94, 31] - 340.4114814140007
[67, 36, 104, 38, 71, 31] - 344.77055143088955
[67, 104, 38, 90, 71, 31] - 377.929112470181
[67, 104, 90, 71, 31, 97] - 362.64093338128623
[67, 36, 104, 71, 94, 31] - 358.54359965566795
[67, 104, 90, 71, 94, 31] - 357.3653681668351
[67, 36, 104, 90, 71, 31] - 362.5083536266611
[104, 38, 71, 41, 97, 31] - 346.54178243487524
[104, 38, 90, 71, 41, 31] - 362.95520730044933
[104, 90, 71, 41, 31, 97] - 347.55211949274127
[36, 104, 71, 94, 41, 31] - 355.4659838332683
[104, 90, 71, 94, 41, 31] - 353.93626651009225
[36, 104, 90, 71, 41, 31] - 358.3269568967449
[104, 38, 90, 71, 31, 97] - 358.64579232652835
[36, 104, 38, 71, 94, 31] - 341.92453284360874
[104, 38, 90, 71, 94, 31] - 340.50545057344414
[36, 104, 38, 90, 71, 31] - 344.8766785949242
[104, 71, 94, 31, 97] - 433.4243076127
[36, 104, 71, 31, 97] - 437.9358961174997
[36, 104, 90, 71, 94, 31] - 372.98129485064084
[67, 104, 38, 41, 97, 31] - 347.33735083313985
[67, 104, 38, 90, 41, 31] - 363.76730044478364
[67, 104, 90, 41, 31, 97] - 346.78619889446463
[67, 36, 104, 94, 41, 31] - 355.4409628793742
[67, 104, 90, 94, 41, 31] - 354.2211284281622
[67, 36, 104, 90, 41, 31] - 359.3503615213569
[67, 104, 38, 90, 31, 97] - 359.20888343100864
[67, 36, 104, 38, 94, 31] - 342.15397471065967
[67, 104, 38, 90, 94, 31] - 341.00685425483704
[67, 36, 104, 38, 90, 31] - 345.8125243291515
[67, 104, 94, 31, 97] - 432.7684128855003
[67, 36, 104, 31, 97] - 437.8979733280995
[67, 36, 104, 90, 94, 31] - 372.0769371410481
[104, 38, 90, 41, 31, 97] - 345.0108371333479
[104, 38, 94, 41, 31] - 437.49962008640057
[36, 104, 38, 41, 31] - 443.0504799648998
[104, 94, 41, 31, 97] - 413.1853233394991
[36, 104, 41, 31, 97] - 417.7815629181995
[36, 104, 90, 94, 41, 31] - 385.97711983250207
[104, 38, 94, 31, 97] - 428.01919773930035
[36, 104, 38, 31, 97] - 432.93736164679973
[36, 104, 38, 90, 94, 31] - 345.5293756926831
[36, 104, 94, 31, 97] - 435.33443385949977
[104, 90, 94, 31, 97] - 433.5065291807999
[36, 104, 90, 31, 97] - 438.1350274803999
[67, 1, 31, 120] - 339.51563490999945
[1, 97, 31, 120] - 343.0283330599999
[1, 90, 31, 120] - 349.24243979000005
[56, 31, 120] - 364.3744900000003
[67, 71, 31, 120] - 354.21052755
[38, 71, 31, 120] - 341.88842023999945
[90, 71, 31, 120] - 357.39447628000056
[67, 41, 31, 120] - 338.0121441499998
[67, 38, 31, 120] - 351.8153819899998
[67, 97, 31, 120] - 338.3623705500003
[67, 36, 31, 120] - 338.86200021999997
[67, 90, 31, 120] - 367.1222444099999
[38, 90, 31, 120] - 359.48066531999996
[90, 31, 97, 120] - 356.6782826099997
[36, 94, 31, 120] - 356.83438557
[90, 94, 31, 120] - 355.3688392600006
[36, 90, 31, 120] - 359.33841510999974
[88, 1, 24, 79, 31] - 356.54670715979995
[88, 1, 79, 41, 31] - 382.39521853380074
[88, 1, 79, 94, 31] - 417.2378355129003
[88, 1, 79, 36, 31] - 416.3620655470997
[88, 1, 79, 90, 31] - 416.29004007829985
[88, 1, 56, 41, 31] - 380.6420347288003
[88, 1, 56, 97, 31] - 382.6912037371
[88, 1, 56, 94, 31] - 382.23786516970097
[88, 1, 56, 36, 31] - 382.43996240739915
[88, 1, 56, 90, 31] - 376.9302558353996
[88, 1, 24, 94, 31] - 353.73626532459974
[88, 1, 24, 36, 31] - 353.62251297840055
[88, 1, 24, 90, 31] - 354.8898891046999
[88, 1, 71, 94, 31] - 345.21145967900065
[88, 1, 36, 71, 31] - 349.79787976740005
[88, 1, 90, 71, 31] - 344.4236477519999
[88, 1, 67, 94, 31] - 357.30751627869984
[88, 1, 67, 36, 31] - 361.21964094209966
[88, 1, 67, 90, 31] - 361.08328933290005
[88, 1, 41, 97, 31] - 386.30883475889993
[88, 1, 36, 94, 41, 31] - 364.88008326581905
[88, 1, 90, 94, 41, 31] - 360.88494580277415
[88, 1, 36, 90, 41, 31] - 361.7233736949806
[88, 1, 94, 31, 97] - 420.3291984954004
[88, 1, 36, 31, 97] - 421.7471413652999
[88, 1, 90, 31, 97] - 416.5297879389001
[88, 1, 36, 90, 94, 31] - 387.88782286722136
[1, 56, 79, 41, 31] - 376.4938253975997
[1, 56, 79, 97, 31] - 376.435133485401
[1, 56, 79, 94, 31] - 378.9090250890999
[1, 56, 79, 36, 31] - 376.10512857459986
[1, 56, 79, 90, 31] - 374.4891131803992
[1, 79, 24, 94, 31] - 371.4219648980997
[1, 79, 24, 36, 31] - 369.5766816429994
[1, 79, 24, 90, 31] - 369.9532488800004
[1, 79, 71, 94, 31] - 353.6776464029997
[1, 79, 36, 71, 31] - 354.9384456445
[1, 79, 90, 71, 31] - 354.36394986040006
[1, 67, 79, 94, 31] - 360.5176018808007
[1, 67, 79, 36, 31] - 360.6605383346003
[1, 67, 79, 90, 31] - 364.25658145709946
[1, 79, 41, 97, 31] - 378.5939409639997
[1, 79, 36, 94, 41, 31] - 359.30333755463425
[1, 79, 90, 94, 41, 31] - 359.4386183860537
[1, 79, 36, 90, 41, 31] - 358.5889989378272
[1, 79, 94, 31, 97] - 430.9619581687
[1, 79, 36, 31, 97] - 428.3240730274994
[1, 79, 90, 31, 97] - 427.69170929949973
[1, 79, 36, 90, 94, 31] - 397.40982772784685
[1, 56, 67, 71, 41, 31] - 352.5388908073466
[1, 56, 67, 71, 97, 31] - 348.8419648698671
[1, 56, 67, 71, 94, 31] - 349.1680055539311
[1, 56, 67, 36, 71, 31] - 352.4679075620003
[1, 56, 67, 90, 71, 31] - 349.81483703945935
[1, 56, 71, 41, 97, 31] - 396.2485248738567
[1, 56, 71, 94, 41, 31] - 396.19249084960774
[1, 56, 36, 71, 41, 31] - 400.3468474370737
[1, 56, 90, 71, 41, 31] - 395.3086256054425
[1, 56, 38, 71, 31] - 401.63508382299955
[1, 56, 71, 94, 31, 97] - 394.41083686764546
[1, 56, 36, 71, 31, 97] - 397.95016425405487
[1, 56, 90, 71, 31, 97] - 393.3879608139814
[1, 56, 36, 71, 94, 31] - 399.1764092208407
[1, 56, 90, 71, 94, 31] - 394.26228708461883
[1, 56, 36, 90, 71, 31] - 397.7994926746601
[1, 56, 67, 41, 97, 31] - 396.3129626037171
[1, 56, 67, 94, 41, 31] - 395.54548214941354
[1, 56, 67, 36, 41, 31] - 397.658073387565
[1, 56, 67, 90, 41, 31] - 395.9890712272654
[1, 56, 67, 38, 31] - 402.3949360722992
[1, 56, 67, 94, 31, 97] - 392.5054649049403
[1, 56, 67, 36, 31, 97] - 394.9622145136701
[1, 56, 67, 90, 31, 97] - 392.60762054569466
[1, 56, 67, 36, 94, 31] - 394.81979105272006
[1, 56, 67, 90, 94, 31] - 392.9283143771057
[1, 56, 67, 36, 90, 31] - 394.71083510772917
[1, 56, 38, 41, 31] - 405.4559992113004
[1, 56, 36, 94, 41, 31, 97] - 367.5041192157016
[1, 56, 90, 94, 41, 31, 97] - 364.4767578296775
[1, 56, 36, 90, 41, 31, 97] - 365.54661448467317
[1, 56, 36, 90, 94, 41, 31] - 365.4502611523925
[1, 56, 38, 97, 31] - 400.907330430601
[1, 56, 38, 94, 31] - 400.58622303539994
[1, 56, 36, 38, 31] - 405.5620072843007
[1, 56, 38, 90, 31] - 401.48689343229927
[1, 56, 36, 90, 94, 31, 97] - 364.78426482405604
[1, 24, 90, 41, 31] - 362.26895505849967
[1, 24, 90, 31, 97] - 340.89898026249995
[1, 24, 36, 94, 31] - 371.17347463999954
[1, 24, 90, 94, 31] - 371.79576563609936
[1, 24, 36, 90, 31] - 371.0081831629998
[1, 67, 38, 71, 41, 31] - 381.90529039576654
[1, 67, 71, 41, 97, 31] - 389.18560690195403
[1, 67, 71, 94, 41, 31] - 406.0349147846095
[1, 67, 36, 71, 41, 31] - 412.0004485143816
[1, 67, 90, 71, 41, 31] - 442.12193716239693
[1, 67, 38, 71, 97, 31] - 355.3454525800397
[1, 67, 38, 71, 94, 31] - 357.9589640710392
[1, 67, 36, 38, 71, 31] - 363.787031241142
[1, 67, 38, 90, 71, 31] - 394.2598492264403
[1, 67, 71, 94, 31, 97] - 370.312398957906
[1, 67, 36, 71, 31, 97] - 374.43299376785694
[1, 67, 90, 71, 31, 97] - 405.7863655182158
[1, 67, 36, 71, 94, 31] - 426.57017203170665
[1, 67, 90, 71, 94, 31] - 423.61401777104925
[1, 67, 36, 90, 71, 31] - 429.9972565415436
[1, 38, 71, 41, 97, 31] - 340.6527334253031
[1, 38, 71, 94, 41, 31] - 343.95855737411796
[1, 36, 38, 71, 41, 31] - 349.01827421404374
[1, 38, 90, 71, 41, 31] - 379.0690165837593
[1, 71, 94, 41, 31, 97] - 397.53787094781876
[1, 36, 71, 41, 31, 97] - 401.72863103409026
[1, 90, 71, 41, 31, 97] - 431.08184859643285
[1, 36, 90, 71, 94, 41, 31] - 349.1473572427803
[1, 38, 90, 71, 31, 97] - 352.7084415923439
[1, 36, 38, 71, 94, 31] - 359.8128528177458
[1, 38, 90, 71, 94, 31] - 356.98834200354685
[1, 36, 38, 90, 71, 31] - 362.7311496589202
[1, 36, 71, 94, 31, 97] - 422.44785274704924
[1, 90, 71, 94, 31, 97] - 418.3752978985882
[1, 36, 90, 71, 31, 97] - 421.9083912378752
[1, 67, 38, 41, 97, 31] - 341.9137320781592
[1, 67, 38, 94, 41, 31] - 345.7851571278375
[1, 67, 36, 38, 41, 31] - 351.4987002960143
[1, 67, 38, 90, 41, 31] - 381.0320529716306
[1, 67, 94, 41, 31, 97] - 397.2968442582084
[1, 67, 36, 41, 31, 97] - 400.2410967675045
[1, 67, 90, 41, 31, 97] - 432.00989026816603
[1, 67, 36, 90, 94, 41, 31] - 349.32730197853255
[1, 67, 38, 90, 31, 97] - 362.181870510167
[1, 67, 36, 38, 94, 31] - 369.84371584420245
[1, 67, 38, 90, 94, 31] - 366.7988087388656
[1, 67, 36, 38, 90, 31] - 373.5880012483638
[1, 67, 36, 94, 31, 97] - 427.8518926004974
[1, 67, 90, 94, 31, 97] - 426.29103116229214
[1, 67, 36, 90, 31, 97] - 429.01092047292246
[1, 38, 90, 41, 31, 97] - 339.2408204022823
[1, 36, 38, 94, 41, 31] - 350.72606546687416
[1, 38, 90, 94, 41, 31] - 347.0833255803592
[1, 36, 38, 90, 41, 31] - 352.8605826036013
[1, 36, 90, 94, 41, 31, 97] - 367.79700503349625
[1, 38, 94, 31, 97] - 433.57284098550076
[1, 36, 38, 31, 97] - 440.0493180192001
[1, 36, 38, 90, 94, 31] - 372.6499835532807
[88, 56, 79, 31] - 387.68795750000004
[88, 79, 24, 94, 31] - 355.3166864958995
[88, 79, 24, 36, 31] - 353.4698904491997
[88, 79, 24, 90, 31] - 355.0109203390995
[88, 79, 71, 31] - 351.94437374000023
[88, 67, 79, 31] - 369.81669958999936
[88, 79, 94, 41, 31] - 400.2954593201998
[88, 79, 36, 41, 31] - 398.632798586601
[88, 79, 90, 41, 31] - 398.0047786436001
[88, 79, 97, 31] - 439.05757602999995
[88, 79, 36, 94, 31] - 433.4769332668997
[88, 79, 90, 94, 31] - 434.58651510540034
[88, 79, 36, 90, 31] - 432.9217355863995
[88, 56, 71, 31] - 343.0270454800003
[88, 67, 56, 31] - 342.9861348599999
[88, 56, 41, 97, 31] - 382.95517904350095
[88, 56, 94, 41, 31] - 382.70579931689997
[88, 56, 36, 41, 31] - 382.39087055930037
[88, 56, 90, 41, 31] - 377.1858955200003
[88, 56, 94, 31, 97] - 384.0980263838
[88, 56, 36, 31, 97] - 384.6116380590004
[88, 56, 90, 31, 97] - 378.9099616843
[88, 56, 36, 94, 31] - 384.16825313030023
[88, 56, 90, 94, 31] - 379.15007010849973
[88, 56, 36, 90, 31] - 377.7561302616999
[88, 24, 41, 31] - 423.62111913000064
[88, 24, 97, 31] - 378.2914767500002
[88, 24, 36, 94, 31] - 351.0986715271001
[88, 24, 90, 94, 31] - 352.78845782129935
[88, 24, 36, 90, 31] - 351.44704854950004
[88, 67, 71, 31] - 384.7829148499996
[88, 71, 94, 41, 31] - 337.5850208757002
[88, 36, 71, 41, 31] - 342.59427343680005
[88, 71, 97, 31] - 379.34039128
[88, 36, 71, 94, 31] - 365.42216851019975
[88, 90, 71, 94, 31] - 360.6174829806004
[88, 36, 90, 71, 31] - 364.7673310116005
[88, 67, 94, 41, 31] - 341.8526570418999
[88, 67, 36, 41, 31] - 344.4249562618998
[88, 67, 90, 41, 31] - 343.4613647819006
[88, 67, 97, 31] - 395.5300825399999
[88, 67, 36, 94, 31] - 375.1606187087998
[88, 67, 90, 94, 31] - 375.55157882880013
[88, 67, 36, 90, 31] - 378.38698224520016
[88, 94, 41, 31, 97] - 387.9047046997998
[88, 36, 41, 31, 97] - 388.0046645800001
[88, 90, 41, 31, 97] - 382.2658766209999
[88, 36, 90, 94, 41, 31] - 373.6040313967334
[88, 38, 31] - 380.6748020000004
[88, 36, 94, 31, 97] - 423.2783177764005
[88, 90, 94, 31, 97] - 418.8039231756995
[88, 36, 90, 31, 97] - 418.25762050309993
[56, 79, 71, 31] - 343.6481963100001
[67, 56, 79, 31] - 337.7590965400003
[56, 79, 41, 97, 31] - 377.4346778267007
[56, 79, 94, 41, 31] - 380.5473037388002
[56, 79, 36, 41, 31] - 377.11150663920006
[56, 79, 90, 41, 31] - 375.9314889076008
[56, 79, 94, 31, 97] - 380.24669346400003
[56, 79, 36, 31, 97] - 376.9588491157003
[56, 79, 90, 31, 97] - 376.0301002728999
[56, 79, 36, 94, 31] - 379.86938318800014
[56, 79, 90, 94, 31] - 379.07198932630007
[56, 79, 36, 90, 31] - 375.36149456380036
[79, 24, 41, 31] - 422.2799406700001
[79, 24, 97, 31] - 407.5787535300005
[79, 24, 36, 94, 31] - 375.5890655915999
[79, 24, 90, 94, 31] - 377.12298529869975
[79, 24, 36, 90, 31] - 373.5860164458
[67, 79, 71, 31] - 386.46937529000047
[79, 71, 94, 41, 31] - 337.9207993953001
[79, 36, 71, 41, 31] - 339.2521082151005
[79, 90, 71, 41, 31] - 337.9484952173001
[79, 71, 97, 31] - 385.96646237000016
[79, 36, 71, 94, 31] - 371.58421430620024
[79, 90, 71, 94, 31] - 371.65789160179935
[79, 36, 90, 71, 31] - 373.58146696059976
[67, 79, 94, 41, 31] - 337.2191431787003
[67, 79, 90, 41, 31] - 339.9209208195994
[67, 79, 97, 31] - 397.4897614700002
[67, 79, 36, 94, 31] - 376.49388104769895
[67, 79, 90, 94, 31] - 381.0243007013005
[67, 79, 36, 90, 31] - 381.22669349640006
[79, 94, 41, 31, 97] - 382.3584772999
[79, 36, 41, 31, 97] - 378.6158196937997
[79, 90, 41, 31, 97] - 378.29375393910027
[79, 36, 90, 94, 41, 31] - 370.96918106623303
[79, 38, 31] - 395.05545199999983
[79, 36, 94, 31, 97] - 439.08893459599983
[79, 90, 94, 31, 97] - 439.776131837
[79, 36, 90, 31, 97] - 435.62994534780046
[56, 24, 31] - 437.00214600000015
[56, 67, 71, 41, 97, 31] - 355.3972838421082
[56, 67, 71, 94, 41, 31] - 355.29379470509616
[56, 67, 36, 71, 41, 31] - 358.4501463842042
[56, 67, 90, 71, 41, 31] - 355.84247378816605
[56, 67, 38, 71, 31] - 407.24709921759995
[56, 67, 71, 94, 31, 97] - 351.41442520060525
[56, 67, 36, 71, 31, 97] - 354.42877182531953
[56, 67, 90, 71, 31, 97] - 351.93819894847746
[56, 67, 36, 71, 94, 31] - 355.33283837967554
[56, 67, 90, 71, 94, 31] - 352.6669047848723
[56, 67, 36, 90, 71, 31] - 355.51180547214983
[56, 38, 71, 41, 31] - 410.1903997652007
[56, 71, 94, 41, 31, 97] - 398.7393737206194
[56, 36, 71, 41, 31, 97] - 402.5857777164943
[56, 90, 71, 41, 31, 97] - 398.0002841587508
[56, 36, 71, 94, 41, 31] - 402.97727462304005
[56, 90, 71, 94, 41, 31] - 398.20375771862626
[56, 36, 90, 71, 41, 31] - 401.74284167348213
[56, 38, 71, 97, 31] - 406.32012740890013
[56, 38, 71, 94, 31] - 405.75700985120005
[56, 36, 38, 71, 31] - 409.22676335200083
[56, 38, 90, 71, 31] - 406.1030067525999
[56, 36, 71, 94, 31, 97] - 400.7697720347823
[56, 90, 71, 94, 31, 97] - 396.46737612855554
[56, 36, 90, 71, 31, 97] - 399.4065311612154
[56, 36, 90, 71, 94, 31] - 400.9901258040158
[56, 67, 38, 41, 31] - 411.9520598555001
[56, 67, 94, 41, 31, 97] - 399.5143420592632
[56, 67, 36, 41, 31, 97] - 401.1585617306688
[56, 67, 90, 41, 31, 97] - 399.56987263762187
[56, 67, 36, 94, 41, 31] - 400.64845582689924
[56, 67, 90, 94, 41, 31] - 399.6152468106572
[56, 67, 36, 90, 41, 31] - 400.38714236545775
[56, 67, 38, 97, 31] - 407.28426341299974
[56, 67, 38, 94, 31] - 406.38502800219953
[56, 67, 36, 38, 31] - 410.40259632389893
[56, 67, 38, 90, 31] - 406.8615871683998
[56, 67, 36, 94, 31, 97] - 397.6826182578387
[56, 67, 90, 94, 31, 97] - 395.9097107842785
[56, 67, 36, 90, 31, 97] - 396.92933836042135
[56, 67, 36, 90, 94, 31] - 397.90585070373885
[56, 38, 41, 97, 31] - 410.5780284186998
[56, 38, 94, 41, 31] - 409.45245867189897
[56, 36, 38, 41, 31] - 413.58834839430006
[56, 38, 90, 41, 31] - 410.0348796532998
[56, 36, 90, 94, 41, 31, 97] - 368.0225788791713
[56, 38, 94, 31, 97] - 404.66612651730014
[56, 36, 38, 31, 97] - 408.8008743963999
[56, 38, 90, 31, 97] - 404.986406148299
[56, 36, 38, 94, 31] - 409.11323805610004
[56, 38, 90, 94, 31] - 405.4585241457003
[56, 36, 38, 90, 31] - 409.43918673310066
[24, 71, 31] - 414.6571609999993
[67, 24, 31] - 437.2224639999999
[24, 41, 97, 31] - 389.9765737900005
[24, 94, 41, 31] - 425.58551307000016
[24, 36, 41, 31] - 423.4603515099993
[24, 94, 31, 97] - 409.0071428300008
[24, 36, 31, 97] - 407.66482209999964
[24, 36, 90, 94, 31] - 376.4514873179
[67, 38, 71, 41, 97, 31] - 347.2056517078038
[67, 38, 71, 94, 41, 31] - 359.4520062921503
[67, 36, 38, 71, 41, 31] - 364.3035117572429
[67, 38, 90, 71, 41, 31] - 395.97242302175255
[67, 71, 94, 41, 31, 97] - 356.4587454104463
[67, 36, 71, 41, 31, 97] - 360.0969199334537
[67, 90, 71, 41, 31, 97] - 392.5257825512572
[67, 36, 71, 94, 41, 31] - 423.29072471791096
[67, 90, 71, 94, 41, 31] - 420.2068772142342
[67, 36, 90, 71, 41, 31] - 426.07190517495263
[67, 38, 90, 71, 31, 97] - 358.810543141238
[67, 36, 38, 71, 94, 31] - 374.6444838077352
[67, 38, 90, 71, 94, 31] - 372.34551750853944
[67, 36, 38, 90, 71, 31] - 377.86772581582085
[67, 36, 71, 94, 31, 97] - 377.5109188447751
[67, 90, 71, 94, 31, 97] - 375.81215751654616
[67, 36, 90, 71, 31, 97] - 379.1554072494765
[67, 36, 90, 71, 94, 31] - 442.27248065208073
[38, 90, 71, 41, 31, 97] - 344.31765035483977
[36, 38, 71, 94, 41, 31] - 360.66232158955944
[38, 90, 71, 94, 41, 31] - 357.6584764877191
[36, 38, 90, 71, 41, 31] - 362.5557414836098
[36, 71, 94, 41, 31, 97] - 404.03495506053275
[90, 71, 94, 41, 31, 97] - 399.95345376421295
[36, 90, 71, 41, 31, 97] - 403.31111245847165
[38, 71, 94, 31, 97] - 428.2435891848004
[36, 38, 71, 31, 97] - 432.65989840999976
[36, 38, 90, 71, 94, 31] - 373.46673789860654
[36, 90, 71, 94, 31, 97] - 425.8087005711375
[67, 38, 90, 41, 31, 97] - 345.18088586649054
[67, 36, 38, 94, 41, 31] - 362.95274841324397
[67, 38, 90, 94, 41, 31] - 359.88292132163104
[67, 36, 38, 90, 41, 31] - 365.15864868321654
[67, 36, 94, 41, 31, 97] - 402.69742373302535
[67, 90, 94, 41, 31, 97] - 401.6805407589114
[67, 36, 90, 41, 31, 97] - 403.03729565403387
[67, 38, 94, 31, 97] - 439.4320501492
[67, 36, 38, 31, 97] - 445.0241124838003
[67, 36, 38, 90, 94, 31] - 383.5170673847506
[67, 36, 90, 94, 31, 97] - 432.1964856194889
[38, 94, 41, 31, 97] - 410.8966239272009
[36, 38, 41, 31, 97] - 415.6093526927005
[36, 38, 90, 94, 41, 31] - 364.1809624651165
[36, 38, 90, 94, 31, 97] - 337.6871730970229
[2, 38, 5, 120] - 341.70835207999977
[2, 5, 97, 120] - 358.9058905200005
[2, 5, 94, 120] - 364.8153661100002
[2, 36, 5, 120] - 362.15215398999976
[2, 5, 90, 120] - 363.7108604800001
[2, 24, 38, 5] - 426.57735289000004
[2, 24, 5, 94, 97] - 345.2555095186002
[2, 24, 36, 5, 97] - 343.92976684759986
[2, 24, 5, 90, 97] - 345.9206818527996
[2, 24, 36, 5, 94] - 347.17700028539986
[2, 24, 5, 90, 94] - 352.35814571349994
[2, 24, 36, 5, 90] - 348.81414187659976
[2, 5, 41] - 339.47411099999954
[2, 5, 38, 94, 97] - 379.9383147829
[2, 36, 5, 38, 97] - 376.5735640728996
[2, 5, 38, 90, 97] - 378.03128624749905
[2, 36, 5, 38, 94] - 383.5241753758995
[2, 5, 38, 90, 94] - 388.59482890649986
[2, 36, 5, 38, 90] - 382.3635094667994
[2, 36, 5, 94, 97] - 404.1389287617001
[2, 5, 90, 94, 97] - 408.04383987170024
[2, 36, 5, 90, 97] - 405.23190462650115
[2, 36, 5, 90, 94] - 410.9854330541006
[1, 5, 104, 71] - 419.04349269000033
[1, 67, 5, 104, 90] - 338.21247094650073
[1, 5, 104, 41] - 444.8158100299997
[1, 38, 5, 104] - 423.3991859700009
[1, 5, 104, 97] - 427.3736987700005
[1, 36, 5, 104, 94] - 341.3437520981
[1, 5, 104, 90, 94] - 339.1293616575999
[1, 36, 5, 104, 90] - 345.1302783022001
[88, 79, 5, 104] - 349.7679129399998
[88, 5, 104, 71] - 341.64303526000015
[88, 67, 5, 104] - 376.2019333999998
[88, 38, 5, 104] - 339.3940426300005
[88, 5, 104, 97] - 377.39348063000034
[88, 5, 104, 94] - 411.618340139999
[88, 36, 5, 104] - 416.7322364400003
[88, 5, 104, 90] - 418.4311013700001
[79, 5, 104, 71] - 337.36210132000014
[67, 79, 5, 104] - 370.2451396199999
[79, 5, 104, 97] - 371.71001044000013
[79, 5, 104, 94] - 406.5496908800003
[79, 36, 5, 104] - 408.19127348999916
[79, 5, 104, 90] - 413.09351151999965
[56, 36, 5, 104] - 339.95474188000054
[67, 38, 5, 104, 71] - 355.63446150849927
[67, 5, 104, 71, 97] - 384.406015802
[67, 5, 104, 71, 94] - 377.8974942784002
[67, 36, 5, 104, 71] - 384.7184709473997
[67, 5, 104, 90, 71] - 395.1561911101995
[5, 104, 71, 41] - 420.0222711799995
[5, 104, 38, 71, 97] - 359.2761709872999
[5, 104, 38, 71, 94] - 349.1478242031002
[36, 5, 104, 38, 71] - 354.81579443340013
[5, 104, 38, 90, 71] - 364.0871051185997
[5, 104, 71, 94, 97] - 376.7732460002002
[36, 5, 104, 71, 97] - 382.4331948030009
[5, 104, 90, 71, 97] - 393.4681507249
[36, 5, 104, 71, 94] - 393.76304364020035
[5, 104, 90, 71, 94] - 393.3127679673003
[36, 5, 104, 90, 71] - 399.3316895599001
[67, 5, 104, 90, 41] - 339.6592548634001
[67, 5, 104, 38, 97] - 382.6380350849997
[67, 5, 104, 38, 94] - 375.6421705059996
[67, 36, 5, 104, 38] - 381.4724600642005
[67, 5, 104, 38, 90] - 389.31249671690074
[67, 5, 104, 94, 97] - 400.5881078348
[67, 36, 5, 104, 97] - 406.8601400736
[67, 5, 104, 90, 97] - 416.52965175189996
[67, 36, 5, 104, 94] - 420.60371054410035
[67, 5, 104, 90, 94] - 420.09661864280037
[67, 36, 5, 104, 90] - 426.5879628479991
[5, 104, 38, 41, 97] - 340.25987120409997
[36, 5, 104, 38, 41] - 340.4885150869995
[5, 104, 38, 90, 41] - 349.0108884222996
[5, 104, 90, 41, 97] - 337.61127246689983
[36, 5, 104, 94, 41] - 356.9701962285005
[5, 104, 90, 94, 41] - 356.0250682359
[36, 5, 104, 90, 41] - 359.84628243869963
[5, 104, 38, 94, 97] - 387.3824061526001
[36, 5, 104, 38, 97] - 392.16282002050013
[5, 104, 38, 90, 97] - 400.8281002345997
[36, 5, 104, 38, 94] - 397.21473358950067
[5, 104, 38, 90, 94] - 395.3355599909001
[36, 5, 104, 38, 90] - 400.13612803359956
[36, 5, 104, 94, 97] - 421.24374670219913
[5, 104, 90, 94, 97] - 420.31642863549973
[36, 5, 104, 90, 97] - 425.5200193209001
[36, 5, 104, 90, 94] - 453.38808052839977
[56, 38, 5, 120] - 338.8960667199999
[56, 5, 97, 120] - 355.45606513000007
[56, 5, 94, 120] - 358.3368427799999
[56, 36, 5, 120] - 360.6239705800004
[56, 5, 90, 120] - 356.4231682000002
[24, 5, 97, 120] - 342.5355926299992
[24, 5, 94, 120] - 340.0957206499998
[24, 36, 5, 120] - 336.71726003
[24, 5, 90, 120] - 346.3340373
[5, 71, 120] - 434.87346699999983
[67, 5, 120] - 443.94710000000003
[5, 41, 120] - 364.70202700000044
[5, 38, 94, 97, 120] - 368.0175382086006
[36, 5, 38, 97, 120] - 367.0791948158992
[5, 38, 90, 97, 120] - 370.1766424748007
[36, 5, 38, 94, 120] - 373.9537499544997
[5, 38, 90, 94, 120] - 372.6077077387998
[36, 5, 38, 90, 120] - 371.74357278610046
[36, 5, 94, 97, 120] - 402.9917283284999
[5, 90, 94, 97, 120] - 402.3414810060995
[36, 5, 90, 97, 120] - 401.8659171613
[36, 5, 90, 94, 120] - 408.4979783352002
[88, 1, 79, 5] - 384.8232668299998
[88, 67, 1, 5] - 356.4107878400004
[88, 1, 5, 41] - 417.16397151000024
[88, 1, 5, 97] - 403.6167639600003
[88, 1, 36, 5, 94] - 342.5164919713001
[88, 1, 5, 90, 94] - 339.74539293330014
[88, 1, 36, 5, 90] - 342.40820963390024
[67, 1, 79, 5] - 351.2449924900004
[1, 79, 5, 41] - 410.55381009999957
[1, 79, 5, 97] - 404.27903316
[1, 79, 36, 5, 94] - 342.38670716879966
[1, 79, 5, 90, 94] - 342.0468298238002
[1, 79, 36, 5, 90] - 342.4452971507999
[1, 56, 5, 71] - 372.9459472199995
[67, 1, 56, 5] - 372.9884683700003
[1, 56, 5, 41] - 437.4906118400004
[1, 56, 5, 94, 97] - 339.30078668099935
[1, 56, 36, 5, 97] - 343.78173932709944
[1, 56, 5, 90, 97] - 336.9426740892998
[1, 56, 36, 5, 94] - 343.8831792781996
[1, 56, 5, 90, 94] - 337.5528469018997
[1, 56, 36, 5, 90] - 342.2264965042001
[1, 67, 5, 71, 41] - 339.9588424037002
[1, 67, 5, 71, 94] - 343.03612970959966
[1, 67, 36, 5, 71] - 350.73227746069955
[1, 67, 5, 90, 71] - 357.20490001839977
[1, 5, 71, 41, 97] - 343.7615704206003
[1, 5, 71, 94, 41] - 360.89792013110014
[1, 36, 5, 71, 41] - 369.9968943330005
[1, 5, 90, 71, 41] - 374.1848065898
[1, 38, 5, 71] - 410.45666104000003
[1, 5, 71, 94, 97] - 350.85834245849964
[1, 36, 5, 71, 97] - 357.02718296439997
[1, 5, 90, 71, 97] - 362.14298355820034
[1, 36, 5, 71, 94] - 388.61466953750016
[1, 5, 90, 71, 94] - 381.9100617383
[1, 36, 5, 90, 71] - 389.79512184079937
[1, 67, 5, 41, 97] - 365.17807865829997
[1, 67, 5, 94, 41] - 385.5171736759999
[1, 67, 36, 5, 41] - 392.14030284439986
[1, 67, 5, 90, 41] - 399.42328535559983
[1, 67, 5, 38, 90] - 337.44995937809944
[1, 67, 5, 94, 97] - 378.42051200380024
[1, 67, 36, 5, 97] - 382.45593170379993
[1, 67, 5, 90, 97] - 390.39263829120017
[1, 67, 36, 5, 94] - 415.7369850975997
[1, 67, 5, 90, 94] - 412.8646670635998
[1, 67, 36, 5, 90] - 418.41760589359933
[1, 38, 5, 41] - 438.9279135999998
[1, 5, 94, 41, 97] - 410.91699628540067
[1, 36, 5, 41, 97] - 415.4665720732002
[1, 5, 90, 41, 97] - 421.75061443549987
[1, 36, 5, 90, 94, 41] - 344.46969999526834
[1, 5, 38, 97] - 420.79299216000027
[1, 5, 38, 94] - 434.6456867899996
[1, 36, 5, 38] - 443.76482156999936
[1, 36, 5, 94, 97] - 447.7333556430997
[1, 5, 90, 94, 97] - 442.03152840219917
[1, 36, 5, 90, 97] - 446.0182594625997
[88, 79, 5, 71] - 393.62502004000004
[88, 67, 79, 5] - 432.36331292999995
[88, 79, 5, 41] - 392.5362889500004
[88, 79, 5, 94, 97] - 400.18172592890033
[88, 79, 36, 5, 97] - 400.06559787219953
[88, 79, 5, 90, 97] - 400.06941084039977
[88, 79, 36, 5, 94] - 431.04093828069927
[88, 79, 5, 90, 94] - 433.1771644439996
[88, 79, 36, 5, 90] - 433.12672429179975
[88, 56, 5, 97] - 406.13056369000077
[88, 56, 5, 94] - 408.66918702999993
[88, 56, 36, 5] - 408.82580730999945
[88, 56, 5, 90] - 405.1604484399999
[88, 24, 5, 97] - 336.80259762999987
[88, 24, 5, 94] - 363.9049158599995
[88, 24, 36, 5] - 363.3509590799997
[88, 24, 5, 90] - 366.14576288999996
[88, 67, 5, 71] - 399.9493452900003
[88, 38, 5, 71] - 338.60090976000015
[88, 5, 71, 94, 97] - 339.67886242199967
[88, 36, 5, 71, 97] - 343.30367771490023
[88, 5, 90, 71, 97] - 341.0494125806996
[88, 36, 5, 71, 94] - 363.96929263770033
[88, 5, 90, 71, 94] - 361.90129077359984
[88, 36, 5, 90, 71] - 366.2084898923003
[88, 67, 5, 41] - 344.48000186
[88, 67, 38, 5] - 375.5439911999998
[88, 67, 5, 94, 97] - 364.6543692936998
[88, 67, 36, 5, 97] - 367.38409041820006
[88, 67, 5, 90, 97] - 368.1891503537999
[88, 67, 36, 5, 94] - 390.4942362033999
[88, 67, 5, 90, 94] - 392.0266752343004
[88, 67, 36, 5, 90] - 395.06947060770096
[88, 5, 41, 97] - 409.4174516499999
[88, 36, 5, 94, 41] - 347.0616848647003
[88, 5, 90, 94, 41] - 345.4275970861003
[88, 36, 5, 90, 41] - 345.798583973699
[88, 5, 38, 97] - 429.93560380999935
[88, 36, 5, 38, 94] - 337.2927573421001
[88, 36, 5, 38, 90] - 338.91736341129905
[88, 36, 5, 90, 94, 97] - 361.5347662899371
[56, 79, 5, 97] - 404.19777848000007
[56, 79, 5, 94] - 407.90278729999955
[56, 79, 36, 5] - 407.86175411000085
[56, 79, 5, 90] - 403.3909078899999
[79, 24, 5, 97] - 351.43483129999987
[79, 24, 5, 94] - 380.50692736999997
[79, 24, 36, 5] - 379.50587623000075
[79, 24, 5, 90] - 379.8239529099999
[67, 79, 5, 71] - 397.82361222999987
[79, 38, 5, 71] - 337.31384517000004
[79, 5, 71, 94, 97] - 339.9839928583001
[79, 36, 5, 71, 97] - 340.93139919979996
[79, 5, 90, 71, 97] - 340.6921588792001
[79, 36, 5, 71, 94] - 362.9813905564
[79, 5, 90, 71, 94] - 363.18783178489986
[79, 36, 5, 90, 71] - 365.3330759194001
[67, 79, 5, 41] - 337.36722403999994
[67, 79, 38, 5] - 372.2169735799999
[67, 79, 5, 94, 97] - 365.10575648400004
[67, 79, 36, 5, 97] - 364.7777522153001
[67, 79, 5, 90, 97] - 366.523760365999
[67, 79, 36, 5, 94] - 389.48640604070005
[67, 79, 5, 90, 94] - 392.21459142189946
[67, 79, 36, 5, 90] - 392.6967339602003
[79, 5, 41, 97] - 405.1622621900002
[79, 36, 5, 94, 41] - 341.70478308530033
[79, 5, 90, 94, 41] - 342.99070980280027
[79, 36, 5, 90, 41] - 341.0664595089997
[79, 5, 38, 97] - 429.27649591
[79, 5, 38, 94] - 446.63177483999937
[79, 36, 5, 38] - 448.2013766299998
[79, 5, 38, 90] - 447.90223121
[79, 36, 5, 90, 94, 97] - 364.75111408268253
[56, 24, 5, 97] - 345.33054595
[56, 24, 5, 94] - 349.5696145399996
[56, 24, 36, 5] - 347.46119068000013
[56, 24, 5, 90] - 345.34701786000005
[67, 56, 5, 71] - 387.53629419000015
[56, 5, 71, 41] - 379.2746131100004
[56, 38, 5, 71] - 384.67915413999975
[56, 5, 71, 94, 97] - 363.5691903716004
[56, 36, 5, 71, 97] - 366.79619317350017
[56, 5, 90, 71, 97] - 360.83844686500055
[56, 36, 5, 71, 94] - 368.9214320868998
[56, 5, 90, 71, 94] - 363.5121854553992
[56, 36, 5, 90, 71] - 366.96881714799974
[56, 67, 5, 41] - 384.20712820999995
[56, 67, 38, 5] - 387.86787405000024
[56, 67, 5, 94, 97] - 362.5460687568999
[56, 67, 36, 5, 97] - 363.95711908939904
[56, 67, 5, 90, 97] - 360.53645861130065
[56, 67, 36, 5, 94] - 367.8356550424003
[56, 67, 5, 90, 94] - 365.37578749920027
[56, 67, 36, 5, 90] - 366.044026154801
[56, 5, 94, 41, 97] - 359.14679380720014
[56, 36, 5, 41, 97] - 362.0091687804008
[56, 5, 90, 41, 97] - 356.2851409000998
[56, 36, 5, 94, 41] - 364.10112490539996
[56, 5, 90, 94, 41] - 359.41211690760076
[56, 36, 5, 90, 41] - 361.80191094999947
[56, 5, 38, 94, 97] - 374.8954211702002
[56, 36, 5, 38, 97] - 377.90342576469993
[56, 5, 38, 90, 97] - 372.43221291330013
[56, 36, 5, 38, 94] - 380.83051797989935
[56, 5, 38, 90, 94] - 376.8978163823999
[56, 36, 5, 38, 90] - 379.00467435499985
[56, 36, 5, 90, 94, 97] - 383.3560640532082
[24, 5, 71] - 366.7736969999998
[67, 24, 5] - 383.08164199999976
[24, 5, 41, 97] - 376.12627378000053
[24, 5, 94, 41] - 400.2723792
[24, 36, 5, 41] - 393.9897342599995
[24, 5, 90, 41] - 414.4031131800007
[24, 5, 38, 90, 97] - 338.65240415909994
[24, 5, 38, 94] - 446.0528094299998
[24, 36, 5, 38] - 439.61654063000026
[24, 36, 5, 90, 94, 97] - 364.470583317633
[67, 36, 5, 71, 41] - 340.48016849070007
[67, 5, 90, 71, 41] - 347.7158742478006
[67, 5, 38, 71, 97] - 382.4082666428004
[67, 5, 38, 71, 94] - 385.9147672713997
[67, 36, 5, 38, 71] - 392.6700318282998
[67, 5, 38, 90, 71] - 401.76346002270003
[67, 5, 71, 94, 97] - 434.8658289048003
[67, 36, 5, 71, 97] - 440.37953788359926
[67, 5, 90, 71, 97] - 450.3417565646998
[67, 36, 5, 90, 71, 94] - 348.62164786109497
[38, 5, 71, 41] - 427.02962504999994
[5, 71, 94, 41, 97] - 346.18704694529976
[36, 5, 71, 41, 97] - 351.7136084189005
[5, 90, 71, 41, 97] - 358.14233352259976
[36, 5, 71, 94, 41] - 381.83441963269985
[5, 90, 71, 94, 41] - 375.56760666190087
[36, 5, 90, 71, 41] - 382.28185329039945
[5, 38, 71, 94, 97] - 411.49117432139946
[36, 5, 38, 71, 97] - 415.867168356501
[5, 38, 90, 71, 97] - 425.3686025981997
[36, 5, 38, 71, 94] - 432.4617904395007
[5, 38, 90, 71, 94] - 430.8794051117001
[36, 5, 38, 90, 71] - 436.3564101787006
[36, 5, 90, 71, 94, 97] - 386.78442629407607
[67, 36, 5, 38, 41] - 337.71954200329964
[67, 5, 38, 90, 41] - 344.85601425179965
[67, 5, 94, 41, 97] - 368.8611382617997
[67, 36, 5, 41, 97] - 371.93996269660016
[67, 5, 90, 41, 97] - 381.16054080030034
[67, 36, 5, 94, 41] - 404.8632829646999
[67, 5, 90, 94, 41] - 402.7592615427997
[67, 36, 5, 90, 41] - 406.56162669279996
[67, 5, 38, 94, 97] - 437.9220096318006
[67, 36, 5, 38, 97] - 442.45490906460043
[67, 5, 38, 90, 97] - 450.7229261341998
[67, 36, 5, 38, 90, 94] - 347.0464492929526
[67, 36, 5, 90, 94, 97] - 406.2770701055319
[36, 5, 38, 94, 41, 97] - 361.4794061186176
[5, 38, 90, 94, 41, 97] - 359.3916833665663
[36, 5, 38, 90, 41, 97] - 360.99290712261933
[36, 5, 38, 90, 94, 41] - 381.7161344255985
[36, 5, 90, 94, 41, 97] - 448.66028457940985
[36, 5, 38, 90, 94, 97] - 515.2281621776057
[88, 2, 104] - 341.30357100000026
[79, 2, 104] - 348.8447390000003
[2, 104, 94] - 340.64077199999934
[2, 36, 104] - 345.0608269999999
[2, 104, 90] - 347.9731360000001
[88, 2, 38, 120] - 387.08941812999996
[88, 2, 97, 120] - 385.5725409
[88, 2, 94, 120] - 402.56094617000053
[88, 2, 36, 120] - 410.18418488999987
[88, 2, 90, 120] - 406.9613860300005
[2, 79, 38, 120] - 405.11771657000037
[2, 79, 97, 120] - 399.7324634000001
[2, 79, 94, 120] - 417.5677089600002
[2, 79, 36, 120] - 423.9168241199999
[2, 79, 90, 120] - 418.9863659399997
[56, 2, 24, 38, 120] - 406.23338302079964
[56, 2, 24, 97, 120] - 412.5180237501998
[56, 2, 24, 94, 120] - 410.2776180995004
[56, 2, 24, 36, 120] - 411.1251594829995
[56, 2, 24, 90, 120] - 410.79358971839946
[56, 2, 38, 97, 120] - 441.36383689030015
[56, 2, 38, 94, 120] - 437.7137203013996
[56, 2, 36, 38, 120] - 439.88819993369947
[56, 2, 38, 90, 120] - 438.73453527550015
[56, 2, 94, 97, 120] - 444.0530313380002
[56, 2, 36, 97, 120] - 445.43683855239965
[56, 2, 90, 97, 120] - 445.0530146277999
[56, 2, 36, 94, 120] - 441.8556910269
[56, 2, 90, 94, 120] - 442.05200003450057
[56, 2, 36, 90, 120] - 443.5897775235994
[2, 24, 38, 94, 97, 120] - 435.6046421639416
[2, 24, 36, 38, 97, 120] - 434.24416953943694
[2, 24, 38, 90, 97, 120] - 434.81867061655055
[2, 24, 36, 38, 94, 120] - 434.22236480029727
[2, 24, 38, 90, 94, 120] - 435.0744537144555
[2, 24, 36, 38, 90, 120] - 433.7979112503578
[2, 24, 36, 94, 97, 120] - 446.4418992580441
[2, 24, 90, 94, 97, 120] - 448.59085893066083
[2, 24, 36, 90, 97, 120] - 447.0937752449867
[2, 24, 36, 90, 94, 120] - 446.6536475556574
[2, 38, 71, 120] - 370.5434939900002
[2, 71, 97, 120] - 367.54180656999955
[2, 71, 94, 120] - 385.7480883700004
[2, 36, 71, 120] - 389.01674481000015
[2, 90, 71, 120] - 391.16560499999974
[67, 2, 38, 120] - 368.5192385300003
[67, 2, 97, 120] - 366.99116293000014
[67, 2, 94, 120] - 386.02623774999967
[67, 2, 36, 120] - 388.7321563100004
[67, 2, 90, 120] - 391.65896733999966
[2, 41, 120] - 358.3103029999995
[2, 36, 38, 90, 94, 97, 120] - 361.02112173824423
[88, 2, 79, 38] - 365.30779741
[88, 2, 79, 97] - 374.71005082000033
[88, 2, 79, 94] - 392.80156930000044
[88, 2, 79, 36] - 399.5065453399998
[88, 2, 79, 90] - 398.29577585999994
[88, 56, 2, 38] - 364.05011033000045
[88, 56, 2, 97] - 366.9031926599998
[88, 56, 2, 94] - 366.2506161299999
[88, 56, 2, 36] - 369.27537066
[88, 56, 2, 90] - 367.8835824800002
[88, 24, 2] - 444.4498850000001
[88, 2, 71, 94] - 340.8058489000002
[88, 2, 36, 71] - 345.1322098899996
[88, 2, 90, 71] - 347.36078440999967
[88, 67, 2, 94] - 343.26793841000097
[88, 67, 2, 36] - 346.4387963000005
[88, 67, 2, 90] - 351.92529825000065
[88, 2, 38, 94, 97] - 351.2427248239998
[88, 2, 36, 38, 97] - 357.89339288459956
[88, 2, 38, 90, 97] - 355.9652629651001
[88, 2, 36, 38, 94] - 369.3192890480993
[88, 2, 38, 90, 94] - 367.60746187619924
[88, 2, 36, 38, 90] - 373.82393523039974
[88, 2, 36, 94, 97] - 379.3787265538005
[88, 2, 90, 94, 97] - 379.29287936939994
[88, 2, 36, 90, 97] - 385.5943452001004
[88, 2, 36, 90, 94] - 397.0872831159002
[56, 2, 79, 38] - 368.09206162999993
[56, 2, 79, 97] - 368.3201780299996
[56, 2, 79, 94] - 366.5355364999999
[56, 2, 79, 36] - 369.6513352599998
[56, 2, 79, 90] - 365.6652212699998
[2, 79, 24, 97] - 349.82487839999976
[2, 79, 24, 94] - 344.26597853000004
[2, 79, 24, 36] - 347.8923759399997
[2, 79, 24, 90] - 345.1109323399999
[2, 79, 71, 94] - 346.2791051000006
[2, 79, 36, 71] - 348.15792984000007
[2, 79, 90, 71] - 351.1363009799998
[67, 2, 79, 94] - 347.39910776999983
[67, 2, 79, 36] - 350.71289661000014
[67, 2, 79, 90] - 352.3323118699998
[2, 79, 38, 94, 97] - 361.99635569319946
[2, 79, 36, 38, 97] - 366.53861393230056
[2, 79, 38, 90, 97] - 363.71499132069965
[2, 79, 36, 38, 94] - 379.47636671099986
[2, 79, 38, 90, 94] - 376.7901585544997
[2, 79, 36, 38, 90] - 381.05451604749976
[2, 79, 36, 94, 97] - 388.0136107559
[2, 79, 90, 94, 97] - 386.1871412221993
[2, 79, 36, 90, 97] - 391.73553470139916
[2, 79, 36, 90, 94] - 403.4532419762999
[56, 2, 24, 38, 97] - 410.70905505470125
[56, 2, 24, 38, 94] - 407.6117257079006
[56, 2, 24, 36, 38] - 409.89528779420084
[56, 2, 24, 38, 90] - 408.76203610100083
[56, 2, 24, 94, 97] - 414.3071392764002
[56, 2, 24, 36, 97] - 415.8592652439
[56, 2, 24, 90, 97] - 415.43315933989993
[56, 2, 24, 36, 94] - 413.27164998149993
[56, 2, 24, 90, 94] - 413.3048545924999
[56, 2, 24, 36, 90] - 414.96796073380006
[56, 2, 71] - 426.5972530000003
[67, 56, 2] - 428.753706
[56, 2, 36, 38, 94, 97] - 358.4468007638491
[56, 2, 38, 90, 94, 97] - 358.5435640611858
[56, 2, 36, 38, 90, 97] - 359.8874979456643
[56, 2, 36, 38, 90, 94] - 358.3241095880521
[56, 2, 36, 90, 94, 97] - 361.83763315149594
[2, 24, 71] - 441.0335369999995
[67, 2, 24, 97] - 338.7979147200008
[67, 2, 24, 90] - 339.50298106000054
[2, 24, 38, 41] - 425.6704798200002
[2, 24, 41, 97] - 406.3424696199999
[2, 24, 94, 41] - 425.6075797799997
[2, 24, 36, 41] - 414.7018012099994
[2, 24, 90, 41] - 424.26990024
[2, 24, 36, 38, 90, 94, 97] - 420.6202484506722
[67, 2, 71] - 430.1055610000004
[2, 38, 71, 97] - 427.0705902500001
[2, 38, 71, 94] - 443.88441107999967
[2, 36, 38, 90, 71] - 337.59909750660023
[2, 36, 71, 94, 97] - 343.33687052750054
[2, 90, 71, 94, 97] - 346.0481066194003
[2, 36, 90, 71, 97] - 349.21411686529996
[2, 36, 90, 71, 94] - 361.0140593022002
[67, 2, 38, 97] - 424.83774160999997
[67, 2, 38, 94] - 443.3081032400003
[67, 2, 36, 38, 90] - 336.7938620933
[67, 2, 36, 94, 97] - 342.950907540101
[67, 2, 90, 94, 97] - 347.07912505430005
[67, 2, 36, 90, 97] - 350.17151701409983
[67, 2, 36, 90, 94] - 363.0059691424
[2, 38, 94, 41, 97] - 374.0380952063991
[2, 36, 38, 41, 97] - 370.42369541120075
[2, 38, 90, 41, 97] - 372.4937825893002
[2, 36, 38, 94, 41] - 397.09977116919964
[2, 38, 90, 94, 41] - 405.25633658569984
[2, 36, 38, 90, 41] - 396.47384461029924
[2, 36, 94, 41, 97] - 371.45294829690016
[2, 90, 94, 41, 97] - 373.6232252040998
[2, 36, 90, 41, 97] - 370.71775778559936
[2, 36, 90, 94, 41] - 397.2920960165002
[1, 104, 71, 120] - 354.1789115800003
[67, 1, 104, 120] - 353.81159387000014
[1, 104, 97, 120] - 345.6815650800005
[1, 104, 90, 120] - 353.6093983300005
[88, 104, 120] - 373.1659719999999
[79, 104, 120] - 378.20892299999974
[56, 104, 97, 120] - 347.6053324700003
[56, 104, 94, 120] - 347.43887576
[56, 36, 104, 120] - 353.0106051899999
[56, 104, 90, 120] - 349.2225879
[67, 104, 90, 71, 120] - 351.14741811889974
[104, 71, 41, 120] - 363.3851547400003
[38, 104, 71, 120] - 427.1122827299998
[104, 71, 97, 120] - 446.25075692999974
[104, 71, 94, 120] - 438.2110348999994
[36, 104, 71, 120] - 445.5103641700006
[67, 104, 41, 120] - 364.93396552000013
[67, 38, 104, 120] - 431.3710247
[67, 104, 97, 120] - 446.68767436000036
[67, 104, 94, 120] - 439.71218641
[67, 36, 104, 90, 120] - 338.20707851199984
[38, 104, 41, 120] - 381.48592674999986
[104, 41, 97, 120] - 353.3829404499999
[104, 94, 41, 120] - 347.23067620999984
[36, 104, 41, 120] - 353.2152937400003
[104, 90, 41, 120] - 383.3255251600003
[104, 38, 97, 120] - 419.59327233999966
[104, 38, 94, 120] - 412.2482441199993
[36, 104, 38, 120] - 419.53366012000043
[104, 38, 90, 120] - 448.29199271000044
[104, 94, 97, 120] - 431.1932509199997
[36, 104, 97, 120] - 438.06678791000013
[104, 90, 97, 120] - 466.9744169399993
[36, 104, 90, 94, 120] - 349.2139323380999
[88, 1, 79, 104, 94] - 338.1002993078997
[88, 1, 79, 36, 104] - 343.84728888849963
[88, 1, 79, 104, 90] - 342.6489386640998
[88, 1, 104, 71, 94] - 347.4426791850995
[88, 1, 36, 104, 71] - 353.6261570842004
[88, 1, 104, 90, 71] - 349.8299897271003
[88, 1, 67, 104, 41] - 347.5160608660001
[88, 1, 67, 104, 97] - 350.65622619700014
[88, 1, 67, 104, 94] - 390.71704676430045
[88, 1, 67, 36, 104] - 398.4865469350004
[88, 1, 67, 104, 90] - 394.61256746090015
[88, 1, 104, 94, 41] - 381.7255905821015
[88, 1, 36, 104, 41] - 389.06718539910025
[88, 1, 104, 90, 41] - 383.47898585299987
[88, 1, 36, 104, 38] - 340.9434679044999
[88, 1, 104, 94, 97] - 351.37605470549977
[88, 1, 36, 104, 97] - 357.96030455740015
[88, 1, 104, 90, 97] - 352.1481182659
[88, 1, 36, 104, 94] - 434.1446136768994
[88, 1, 104, 90, 94] - 428.9985028948004
[88, 1, 36, 104, 90] - 437.54674164750077
[1, 79, 104, 71, 94] - 344.91457583760035
[1, 79, 36, 104, 71] - 348.6647601886999
[1, 79, 104, 90, 71] - 350.1121718316
[1, 67, 79, 104, 41] - 343.9342253091998
[1, 67, 79, 104, 97] - 345.8534035723
[1, 67, 79, 104, 94] - 388.11483715670016
[1, 67, 79, 36, 104] - 392.6371068673998
[1, 67, 79, 104, 90] - 394.23750859139943
[1, 79, 104, 94, 41] - 377.59433432190025
[1, 79, 36, 104, 41] - 381.9554589472003
[1, 79, 104, 90, 41] - 382.35129259690007
[1, 79, 38, 104] - 444.0664531799996
[1, 79, 104, 94, 97] - 345.2790762529001
[1, 79, 36, 104, 97] - 348.97820436229983
[1, 79, 104, 90, 97] - 349.1637280072002
[1, 79, 36, 104, 94] - 427.42341021940007
[1, 79, 104, 90, 94] - 427.84948504600055
[1, 79, 36, 104, 90] - 434.5017716550005
[67, 1, 56, 104, 71] - 429.4418716009002
[1, 56, 104, 71, 41] - 408.5832486935004
[1, 56, 38, 104, 71] - 403.2846761877003
[1, 56, 104, 71, 97] - 430.9046953795989
[1, 56, 104, 71, 94] - 429.5453874996004
[1, 56, 36, 104, 71] - 434.35182292690064
[1, 56, 104, 90, 71] - 430.59327652429977
[1, 56, 67, 104, 41] - 407.98863969379977
[1, 56, 67, 38, 104] - 403.3692098289998
[1, 56, 67, 104, 97] - 428.34633572300004
[1, 56, 67, 104, 94] - 426.28705592699987
[1, 56, 67, 36, 104] - 432.1310974302
[1, 56, 67, 104, 90] - 427.78507599700026
[1, 56, 38, 104, 41] - 405.9308632124997
[1, 56, 104, 41, 97] - 407.63087424029993
[1, 56, 104, 94, 41] - 405.81353313609975
[1, 56, 36, 104, 41] - 411.4410475507005
[1, 56, 104, 90, 41] - 407.6226915422001
[1, 56, 104, 38, 97] - 402.20680786519944
[1, 56, 104, 38, 94] - 400.91453867410036
[1, 56, 36, 104, 38] - 406.8875130319998
[1, 56, 104, 38, 90] - 402.70518415020007
[1, 56, 104, 94, 97] - 427.1947675656004
[1, 56, 36, 104, 97] - 432.6408148297003
[1, 56, 104, 90, 97] - 428.0874740435999
[1, 56, 36, 104, 94] - 432.35708001520055
[1, 56, 104, 90, 94] - 427.8919286998002
[1, 56, 36, 104, 90] - 433.2048953236002
[1, 67, 38, 104, 71, 41] - 443.5197895953553
[1, 67, 104, 71, 41, 97] - 436.710622279218
[1, 67, 104, 71, 94, 41] - 416.72162452839376
[1, 67, 36, 104, 71, 41] - 423.40285286602585
[1, 67, 104, 90, 71, 41] - 456.283240315299
[1, 67, 104, 38, 90, 71, 97] - 337.97090953795987
[1, 67, 104, 38, 71, 94] - 418.2791715516718
[1, 67, 36, 104, 38, 71] - 425.1344565232216
[1, 67, 104, 71, 94, 97] - 428.63747757881845
[1, 67, 36, 104, 71, 97] - 435.2312938331833
[1, 67, 36, 104, 90, 71, 94] - 341.1462527208141
[1, 104, 38, 71, 41, 97] - 435.5434460344072
[1, 104, 38, 71, 94, 41] - 404.01777290426065
[1, 36, 104, 38, 71, 41] - 410.57707974658183
[1, 104, 38, 90, 71, 41] - 442.9442860320454
[1, 104, 71, 94, 41, 97] - 397.58433697893355
[1, 36, 104, 71, 41, 97] - 403.46136543288054
[1, 104, 90, 71, 41, 97] - 436.0708428289567
[1, 36, 104, 71, 94, 41] - 433.8930549827005
[1, 104, 90, 71, 94, 41] - 430.4116308548198
[1, 36, 104, 90, 71, 41] - 437.81435751823034
[1, 104, 38, 71, 94, 97] - 409.86100307991035
[1, 36, 104, 38, 71, 97] - 416.32395853863
[1, 36, 104, 38, 71, 94] - 422.5045033168825
[1, 104, 38, 90, 71, 94] - 418.8158665922661
[1, 36, 104, 38, 90, 71] - 426.3765467891922
[1, 36, 104, 71, 94, 97] - 433.5723948707714
[1, 104, 90, 71, 94, 97] - 429.9262859537996
[1, 36, 104, 90, 71, 97] - 436.4916711300026
[1, 67, 104, 38, 90, 41, 97] - 352.9073859933559
[1, 67, 104, 38, 94, 41] - 438.58675974816305
[1, 67, 36, 104, 38, 41] - 445.68156995094296
[1, 67, 104, 94, 41, 97] - 431.1690781662716
[1, 67, 36, 104, 41, 97] - 437.8719478984366
[1, 67, 36, 104, 90, 94, 41] - 352.17545787224793
[1, 67, 36, 104, 38, 94, 97] - 337.74224899858405
[1, 67, 36, 104, 38, 90, 97] - 340.7224414414008
[1, 67, 36, 104, 38, 90, 94] - 344.4395427129938
[1, 67, 36, 104, 90, 94, 97] - 351.6861516557304
[1, 104, 38, 94, 41, 97] - 429.8760371091716
[1, 36, 104, 38, 41, 97] - 436.58285411626946
[1, 36, 104, 38, 94, 41] - 445.1449444973055
[1, 104, 38, 90, 94, 41] - 440.6795065349552
[1, 36, 104, 38, 90, 41] - 448.4627579827605
[1, 36, 104, 94, 41, 97] - 435.2917727351948
[1, 104, 90, 94, 41, 97] - 430.9838645710594
[1, 36, 104, 90, 41, 97] - 437.8904931893212
[1, 36, 104, 38, 90, 94, 97] - 337.4380549273907
[88, 67, 79, 104, 71] - 381.57574569240006
[88, 79, 104, 71, 97] - 355.18335926780003
[88, 79, 104, 71, 94] - 410.88212662159964
[88, 79, 36, 104, 71] - 418.2507262379997
[88, 79, 104, 90, 71] - 419.04721471549965
[88, 67, 79, 38, 104] - 379.4970131477002
[88, 67, 79, 104, 97] - 398.86975490950005
[88, 67, 79, 36, 104, 94] - 343.2243280245549
[88, 67, 79, 104, 90, 94] - 344.1477125847738
[88, 67, 79, 36, 104, 90] - 350.9434719384533
[88, 79, 104, 94, 41] - 374.8325272878999
[88, 79, 36, 104, 41] - 378.94924787609995
[88, 79, 104, 90, 41] - 379.3310753102002
[88, 79, 104, 38, 97] - 386.2746941592998
[88, 79, 104, 38, 94] - 409.79658857959964
[88, 79, 36, 104, 38] - 416.35025530929977
[88, 79, 104, 38, 90] - 415.50648425879973
[88, 79, 104, 94, 97] - 430.9236787548998
[88, 79, 36, 104, 97] - 437.6069412894
[88, 79, 104, 90, 97] - 437.74795857090044
[88, 79, 36, 104, 90, 94] - 400.42135521770894
[88, 56, 104] - 402.1512190000002
[88, 67, 38, 104, 71] - 405.58135448040036
[88, 67, 104, 71, 97] - 428.1980315764007
[88, 67, 36, 104, 71, 94] - 351.8854869641037
[88, 67, 104, 90, 71, 94] - 349.2589190321915
[88, 67, 36, 104, 90, 71] - 358.0904664089652
[88, 104, 71, 94, 41] - 351.35320353300045
[88, 36, 104, 71, 41] - 356.8957956733999
[88, 104, 90, 71, 41] - 353.3505578421
[88, 104, 38, 71, 97] - 397.04297373030107
[88, 104, 38, 71, 94] - 417.41764390569944
[88, 36, 104, 38, 71] - 426.6455799616001
[88, 104, 38, 90, 71] - 422.3238315779006
[88, 104, 71, 94, 97] - 441.60127905320024
[88, 36, 104, 90, 71, 97] - 339.5434767178246
[88, 36, 104, 90, 71, 94] - 379.68895054854346
[88, 67, 38, 104, 41] - 360.96373830290014
[88, 67, 104, 94, 41] - 394.7153482847001
[88, 67, 36, 104, 41] - 400.29167713640084
[88, 67, 104, 90, 41] - 398.08030670139965
[88, 67, 104, 38, 97] - 441.4952004009997
[88, 67, 36, 104, 38, 94] - 350.70369151603524
[88, 67, 104, 38, 90, 94] - 347.30894181114803
[88, 67, 36, 104, 38, 90] - 354.95968925385137
[88, 67, 36, 104, 94, 97] - 367.9624386882158
[88, 67, 104, 90, 94, 97] - 365.17473924343835
[88, 67, 36, 104, 90, 97] - 373.3035767215388
[88, 67, 36, 104, 90, 94] - 413.80629358737735
[88, 104, 38, 41, 97] - 369.36808798890013
[88, 104, 38, 94, 41] - 394.4801694612999
[88, 36, 104, 38, 41] - 399.2067067046997
[88, 104, 38, 90, 41] - 395.1119537023996
[88, 104, 94, 41, 97] - 371.3355237813991
[88, 36, 104, 41, 97] - 376.2455336865994
[88, 104, 90, 41, 97] - 371.7435750064001
[88, 36, 104, 90, 94, 41] - 353.109529504961
[88, 36, 104, 38, 94, 97] - 359.2057823620975
[88, 104, 38, 90, 94, 97] - 355.0461825894644
[88, 36, 104, 38, 90, 97] - 362.116195245958
[88, 36, 104, 38, 90, 94] - 377.6499444453401
[88, 36, 104, 90, 94, 97] - 397.2192178301619
[56, 79, 104] - 403.0492049999995
[67, 79, 38, 104, 71] - 408.6877209285001
[67, 79, 104, 71, 97] - 427.6070696953003
[67, 79, 36, 104, 71, 94] - 351.3700074054871
[67, 79, 104, 90, 71, 94] - 353.1921311375282
[67, 79, 36, 104, 90, 71] - 359.3699481953607
[79, 104, 71, 94, 41] - 350.5692751487001
[79, 36, 104, 71, 41] - 352.6345058894005
[79, 104, 90, 71, 41] - 355.16995250810004
[79, 104, 38, 71, 97] - 396.92558211190004
[79, 104, 38, 71, 94] - 420.4773555745005
[79, 36, 104, 38, 71] - 426.6642261380997
[79, 104, 38, 90, 71] - 427.7616888381995
[79, 104, 71, 94, 97] - 440.8292891640005
[79, 36, 104, 90, 71, 97] - 338.3733689242711
[79, 36, 104, 90, 71, 94] - 380.9808656748485
[67, 79, 38, 104, 41] - 361.7852600239998
[67, 79, 104, 94, 41] - 393.35880500230024
[67, 79, 36, 104, 41] - 394.86670307419996
[67, 79, 104, 90, 41] - 398.8780664529999
[67, 79, 104, 38, 97] - 442.2080554740002
[67, 79, 36, 104, 38, 94] - 350.87539950401407
[67, 79, 104, 38, 90, 94] - 352.149134660678
[67, 79, 36, 104, 38, 90] - 357.16733298566834
[67, 79, 36, 104, 94, 97] - 365.66295934715185
[67, 79, 104, 90, 94, 97] - 367.9063836290673
[67, 79, 36, 104, 90, 97] - 372.4766850375823
[67, 79, 36, 104, 90, 94] - 414.82933623234067
[79, 104, 38, 41, 97] - 367.34827542810007
[79, 104, 38, 94, 41] - 394.9980305505993
[79, 36, 104, 38, 41] - 396.93230644590034
[79, 104, 38, 90, 41] - 398.46497714200075
[79, 104, 94, 41, 97] - 367.2567914310008
[79, 36, 104, 41, 97] - 368.4028653064004
[79, 104, 90, 41, 97] - 370.02239654960005
[79, 36, 104, 90, 94, 41] - 351.146043481453
[79, 36, 104, 38, 94, 97] - 357.54985751535867
[79, 104, 38, 90, 94, 97] - 358.02946731525293
[79, 36, 104, 38, 90, 97] - 362.5420701125577
[79, 36, 104, 38, 90, 94] - 379.8622824376071
[79, 36, 104, 90, 94, 97] - 396.5939775056626
[56, 67, 104, 71, 41] - 432.66846319900026
[56, 67, 38, 104, 71] - 427.4854843679994
[56, 67, 104, 71, 94, 97] - 338.82073511086213
[56, 67, 36, 104, 71, 97] - 341.76490649160536
[56, 67, 104, 90, 71, 97] - 339.6841868414735
[56, 67, 36, 104, 71, 94] - 340.90558183178143
[56, 67, 104, 90, 71, 94] - 339.0058459516265
[56, 67, 36, 104, 90, 71] - 341.85374501550615
[56, 36, 104, 38, 71, 41] - 337.5550770271375
[56, 36, 104, 71, 41, 97] - 339.4434212329866
[56, 104, 90, 71, 41, 97] - 337.00193763256055
[56, 36, 104, 71, 94, 41] - 338.4130656840389
[56, 36, 104, 90, 71, 41] - 339.3756838832751
[56, 104, 38, 71, 97] - 443.7194417638999
[56, 104, 38, 71, 94] - 442.6420893117003
[56, 104, 38, 90, 71] - 443.6573825590993
[56, 36, 104, 71, 94, 97] - 354.3231760657925
[56, 104, 90, 71, 94, 97] - 351.72639036574753
[56, 36, 104, 90, 71, 97] - 354.67263011411615
[56, 36, 104, 90, 71, 94] - 355.09950316355224
[56, 67, 36, 104, 38, 41] - 338.4410934328738
[56, 67, 104, 38, 90, 41] - 336.87899287788287
[56, 67, 36, 104, 41, 97] - 338.3563797752292
[56, 67, 36, 104, 94, 41] - 337.5257228485802
[56, 67, 36, 104, 90, 41] - 338.92073908080164
[56, 67, 104, 38, 97] - 442.51707035459947
[56, 67, 104, 38, 94] - 442.2654325789994
[56, 67, 36, 104, 94, 97] - 350.93872792342484
[56, 67, 104, 90, 94, 97] - 348.95545474644564
[56, 67, 36, 104, 90, 97] - 351.65492429715425
[56, 67, 36, 104, 90, 94] - 352.58845798967667
[56, 104, 38, 94, 41, 97] - 358.38296202435464
[56, 36, 104, 38, 41, 97] - 361.9938815087603
[56, 104, 38, 90, 41, 97] - 359.8301838225028
[56, 36, 104, 38, 94, 41] - 361.1393034615508
[56, 104, 38, 90, 94, 41] - 359.17011382906855
[56, 36, 104, 38, 90, 41] - 362.6262808070859
[56, 36, 104, 94, 41, 97] - 361.8010464566219
[56, 104, 90, 94, 41, 97] - 359.69199351484536
[56, 36, 104, 90, 41, 97] - 363.0282737141565
[56, 36, 104, 90, 94, 41] - 363.0344030422526
[56, 36, 104, 38, 94, 97] - 358.8744105260398
[56, 104, 38, 90, 94, 97] - 356.5166482543017
[56, 36, 104, 38, 90, 97] - 359.5444279584626
[56, 36, 104, 38, 90, 94] - 360.6036812537062
[56, 36, 104, 90, 94, 97] - 377.9442732665935
[24, 104] - 443.11000000000007
[67, 104, 38, 90, 71, 41, 97] - 341.4585331875997
[67, 104, 38, 71, 94, 41] - 433.2490950174192
[67, 36, 104, 38, 71, 41] - 438.5691869381518
[67, 104, 71, 94, 41, 97] - 414.52434948256
[67, 36, 104, 71, 41, 97] - 419.22309701108367
[67, 36, 104, 90, 71, 94, 41] - 338.32510722009505
[67, 36, 104, 38, 71, 94, 97] - 370.6995427155327
[67, 104, 38, 90, 71, 94, 97] - 368.84239675673473
[67, 36, 104, 38, 90, 71, 97] - 374.8687171122551
[67, 36, 104, 38, 90, 71, 94] - 386.0427032629351
[67, 36, 104, 90, 71, 94, 97] - 398.6383350020225
[104, 38, 71, 94, 41, 97] - 425.0230894007042
[36, 104, 38, 71, 41, 97] - 430.00065325776933
[104, 38, 90, 71, 94, 41] - 445.0260160428745
[36, 104, 71, 94, 41, 97] - 429.6128254939195
[104, 90, 71, 94, 41, 97] - 426.9295520715072
[36, 104, 90, 71, 41, 97] - 432.28413727177303
[36, 104, 38, 90, 71, 94, 97] - 379.4189896009359
[67, 36, 104, 38, 94, 41, 97] - 346.84922196976675
[67, 104, 38, 90, 94, 41, 97] - 345.37062658710835
[67, 36, 104, 38, 90, 41, 97] - 349.3973796325932
[67, 36, 104, 38, 90, 94, 41] - 362.7349110830221
[67, 36, 104, 90, 94, 41, 97] - 347.80009054851416
[67, 36, 104, 38, 90, 94, 97] - 406.41370746780234
[36, 104, 38, 90, 94, 41, 97] - 365.56542409389016
[56, 1, 120] - 399.52712800000023
[67, 1, 71, 120] - 358.5294017299996
[1, 71, 97, 120] - 357.0915536700001
[1, 90, 71, 120] - 363.8608666800005
[1, 67, 97, 120] - 364.12382179000076
[1, 67, 94, 120] - 337.9639651700004
[1, 67, 36, 120] - 342.1231216400003
[1, 67, 90, 120] - 370.20083647000007
[1, 41, 120] - 411.8041360000002
[1, 38, 120] - 432.3868230000002
[1, 94, 97, 120] - 344.3123408299998
[1, 36, 97, 120] - 347.85807008000035
[1, 90, 97, 120] - 374.5257606000006
[1, 36, 94, 120] - 354.1979516100002
[1, 90, 94, 120] - 351.2330565400003
[1, 36, 90, 120] - 355.20340201999943
[88, 79, 97, 120] - 336.8627969000003
[88, 79, 94, 120] - 359.26590538
[88, 79, 36, 120] - 366.08302972999974
[88, 79, 90, 120] - 362.9828901800003
[88, 56, 38, 120] - 397.5003367799997
[88, 56, 97, 120] - 435.8571882999995
[88, 56, 94, 120] - 432.41106674999986
[88, 56, 36, 120] - 438.73890330999944
[88, 56, 90, 120] - 433.0644418199995
[88, 24, 120] - 425.3352060000004
[88, 38, 71, 120] - 340.8662309199999
[88, 71, 97, 120] - 365.3131685500005
[88, 71, 94, 120] - 388.3963139400002
[88, 36, 71, 120] - 393.0335895300001
[88, 90, 71, 120] - 393.0974956500001
[88, 67, 38, 120] - 346.66021698999975
[88, 67, 97, 120] - 369.0018181599996
[88, 67, 94, 120] - 393.04635800000096
[88, 67, 36, 120] - 397.9841971499999
[88, 67, 90, 120] - 400.3247793900008
[88, 38, 94, 97, 120] - 354.6756277404998
[88, 36, 38, 97, 120] - 361.6074473789003
[88, 38, 90, 97, 120] - 356.9416859420006
[88, 36, 38, 94, 120] - 375.4651059311002
[88, 38, 90, 94, 120] - 371.94987184269974
[88, 36, 38, 90, 120] - 378.91579761630084
[88, 36, 94, 97, 120] - 396.61840348850006
[88, 90, 94, 97, 120] - 393.226386022499
[88, 36, 90, 97, 120] - 399.8060734906997
[88, 36, 90, 94, 120] - 415.07787627970004
[56, 79, 38, 120] - 407.9371044199999
[56, 79, 97, 120] - 440.6446090099998
[56, 79, 94, 120] - 438.38418289000003
[56, 79, 36, 120] - 442.11244338000046
[56, 79, 90, 120] - 435.86418310000033
[79, 24, 97, 120] - 359.55476403999944
[79, 24, 94, 120] - 356.7181203099996
[79, 24, 36, 120] - 358.30291671999964
[79, 24, 90, 120] - 354.77174660999987
[79, 38, 71, 120] - 348.34227050999976
[79, 71, 97, 120] - 377.78406569999976
[79, 71, 94, 120] - 406.07714041999935
[79, 36, 71, 120] - 408.08297503
[79, 90, 71, 120] - 408.3482358499996
[67, 79, 38, 120] - 352.3145591999994
[67, 79, 97, 120] - 382.5600361400001
[67, 79, 94, 120] - 409.76166349000044
[67, 79, 36, 120] - 413.1160793399997
[67, 79, 90, 120] - 411.9453274699998
[79, 38, 94, 97, 120] - 368.9593295348002
[79, 36, 38, 97, 120] - 372.46071803739994
[79, 38, 90, 97, 120] - 368.1984823303992
[79, 36, 38, 94, 120] - 389.53204466659986
[79, 38, 90, 94, 120] - 385.9965187802
[79, 36, 38, 90, 120] - 390.4544085602007
[79, 36, 94, 97, 120] - 423.33162657279985
[79, 90, 94, 97, 120] - 418.64294623819944
[79, 36, 90, 97, 120] - 423.35318243130007
[79, 36, 90, 94, 120] - 440.4196833391002
[56, 24, 38, 97, 120] - 407.93828116290007
[56, 24, 38, 94, 120] - 404.8450982902999
[56, 24, 36, 38, 120] - 405.9813011098996
[56, 24, 38, 90, 120] - 404.69102067150004
[56, 24, 94, 97, 120] - 412.2346031728999
[56, 24, 36, 97, 120] - 412.28742956299953
[56, 24, 90, 97, 120] - 411.7975375268001
[56, 24, 36, 94, 120] - 409.5560707604
[56, 24, 90, 94, 120] - 409.4205138370992
[56, 24, 36, 90, 120] - 409.79258376559926
[56, 67, 71, 97, 120] - 337.5492465954999
[56, 67, 36, 71, 120] - 339.67638752700026
[56, 67, 90, 71, 120] - 339.40518416489994
[56, 38, 71, 97, 120] - 421.92680875150006
[56, 38, 71, 94, 120] - 420.21135914729985
[56, 36, 38, 71, 120] - 423.7637881695
[56, 38, 90, 71, 120] - 422.7802844201001
[56, 36, 71, 94, 97, 120] - 337.9959640422761
[56, 90, 71, 94, 97, 120] - 337.17355093886727
[56, 36, 90, 71, 97, 120] - 339.7644043389321
[56, 36, 90, 71, 94, 120] - 338.8670882206942
[56, 67, 38, 97, 120] - 423.1744309399
[56, 67, 38, 94, 120] - 421.2110124082999
[56, 67, 36, 38, 120] - 424.9449028981993
[56, 67, 38, 90, 120] - 423.69040783749983
[56, 67, 36, 94, 97, 120] - 337.1439667138497
[56, 67, 36, 90, 97, 120] - 339.07009660390685
[56, 67, 36, 90, 94, 120] - 338.1613918956973
[56, 41, 120] - 426.3802670000003
[56, 36, 38, 90, 94, 97, 120] - 363.46839117269946
[24, 71, 97, 120] - 361.81822791
[24, 90, 71, 120] - 362.10103856000023
[67, 24, 38, 120] - 336.89248607
[67, 24, 97, 120] - 371.03146177000065
[67, 24, 90, 120] - 369.41701912999963
[24, 36, 38, 94, 97, 120] - 445.97484358581715
[24, 38, 90, 94, 97, 120] - 448.22392272073944
[24, 36, 38, 90, 97, 120] - 445.62666724771634
[24, 36, 38, 90, 94, 120] - 445.65935951012625
[24, 36, 90, 94, 97, 120] - 472.33708506359534
[67, 71, 41, 120] - 351.0857422499994
[67, 38, 71, 97, 120] - 390.0077933411001
[67, 38, 71, 94, 120] - 382.2943807750999
[67, 36, 38, 71, 120] - 387.0202089706995
[67, 38, 90, 71, 120] - 411.89449967810015
[67, 71, 94, 97, 120] - 403.00141079370013
[67, 36, 71, 97, 120] - 407.92006138980014
[67, 90, 71, 97, 120] - 431.83683927680113
[67, 36, 71, 94, 120] - 426.0520294510001
[67, 90, 71, 94, 120] - 425.5733109249004
[67, 36, 90, 71, 120] - 432.37679337779883
[38, 71, 41, 120] - 356.82194052
[90, 71, 41, 120] - 359.22780044
[36, 38, 71, 94, 97, 120] - 356.8010966989916
[38, 90, 71, 94, 97, 120] - 355.53093958287707
[36, 38, 90, 71, 97, 120] - 359.6633464732529
[36, 38, 90, 71, 94, 120] - 372.04277494259316
[36, 90, 71, 94, 97, 120] - 393.18799230976225
[67, 38, 41, 120] - 360.53431485000056
[67, 90, 41, 120] - 362.50274531
[67, 36, 38, 94, 97, 120] - 359.70419090057175
[67, 38, 90, 94, 97, 120] - 358.71650553387815
[67, 36, 38, 90, 97, 120] - 363.000440365798
[67, 36, 38, 90, 94, 120] - 374.80483436315217
[67, 36, 90, 94, 97, 120] - 396.4612183391274
[38, 94, 41, 97, 120] - 390.06227800569997
[36, 38, 41, 97, 120] - 390.40502344710035
[38, 90, 41, 97, 120] - 413.3532158498003
[36, 38, 94, 41, 120] - 412.68811112400084
[38, 90, 94, 41, 120] - 412.02228638509985
[36, 38, 90, 41, 120] - 413.83455556840073
[36, 94, 41, 97, 120] - 393.4689648148003
[90, 94, 41, 97, 120] - 393.1183568114996
[36, 90, 41, 97, 120] - 393.6283130814997
[36, 90, 94, 41, 120] - 416.4140714607002
[88, 56, 1, 79] - 417.17268244999997
[88, 1, 79, 24, 94] - 353.2318931682999
[88, 1, 79, 24, 36] - 351.86856929909965
[88, 1, 79, 24, 90] - 353.5883642007996
[88, 1, 79, 71, 41] - 346.3392998105002
[88, 1, 79, 71, 97] - 338.02785597739984
[88, 1, 79, 71, 94] - 392.98103863549994
[88, 1, 79, 36, 71] - 397.1518702890009
[88, 1, 79, 90, 71] - 394.3713250549997
[88, 1, 67, 79, 41] - 391.7177837903004
[88, 1, 67, 79, 97] - 391.57879165990056
[88, 1, 67, 79, 90, 94] - 336.6403776176199
[88, 1, 67, 79, 36, 90] - 339.74555538777486
[88, 1, 79, 94, 41, 97] - 345.35269694205954
[88, 1, 79, 36, 41, 97] - 345.5035392140143
[88, 1, 79, 90, 41, 97] - 342.88123343330585
[88, 1, 79, 36, 94, 41] - 412.81534135663253
[88, 1, 79, 90, 94, 41] - 410.551320220003
[88, 1, 79, 36, 90, 41] - 412.09348198511725
[88, 1, 79, 38] - 358.8546439599998
[88, 1, 79, 36, 94, 97] - 389.9832665987567
[88, 1, 79, 90, 94, 97] - 387.6017830060928
[88, 1, 79, 36, 90, 97] - 388.7911981212993
[88, 1, 79, 36, 90, 94] - 456.94482671066226
[88, 1, 56, 71] - 375.0362175299994
[88, 67, 1, 56] - 371.69122399999986
[88, 1, 56, 41, 97] - 381.8595597397993
[88, 1, 56, 94, 41] - 380.91468899569975
[88, 1, 56, 36, 41] - 380.98175113530016
[88, 1, 56, 90, 41] - 376.2315311829
[88, 1, 56, 94, 97] - 407.19363171089935
[88, 1, 56, 36, 97] - 407.99499282459925
[88, 1, 56, 90, 97] - 402.37669225700057
[88, 1, 56, 36, 94] - 406.6426886389996
[88, 1, 56, 90, 94] - 401.83538793520074
[88, 1, 56, 36, 90] - 400.7055594603
[88, 1, 24, 41] - 421.10729686000013
[88, 1, 24, 97] - 378.73814301000033
[88, 1, 24, 36, 94] - 348.9074326973999
[88, 1, 24, 90, 94] - 350.5610544424004
[88, 1, 24, 36, 90] - 349.9357012113994
[88, 1, 67, 71, 41] - 371.1339818096997
[88, 1, 67, 71, 97] - 366.23671368530006
[88, 1, 67, 71, 94] - 412.8145732497996
[88, 1, 67, 36, 71] - 421.1253723886995
[88, 1, 67, 90, 71] - 416.8837849307996
[88, 1, 71, 41, 97] - 381.3268620061999
[88, 1, 36, 71, 94, 41] - 338.5426354789112
[88, 1, 36, 90, 71, 41] - 337.40861526006296
[88, 1, 38, 71] - 416.07401315000016
[88, 1, 71, 94, 97] - 427.16070541360097
[88, 1, 36, 71, 97] - 433.1962774093994
[88, 1, 90, 71, 97] - 426.2311402964997
[88, 1, 36, 90, 71, 94] - 371.98837094279804
[88, 1, 67, 41, 97] - 426.1209788486989
[88, 1, 67, 36, 94, 41] - 371.31996068824765
[88, 1, 67, 90, 94, 41] - 368.14815439016303
[88, 1, 67, 36, 90, 41] - 372.552462682414
[88, 1, 67, 38, 97] - 337.0756060722004
[88, 1, 67, 38, 94] - 366.36103602490056
[88, 1, 67, 36, 38] - 375.59500774899993
[88, 1, 67, 38, 90] - 369.3366120887996
[88, 1, 67, 36, 94, 97] - 363.73578265347004
[88, 1, 67, 90, 94, 97] - 360.4652215395544
[88, 1, 67, 36, 90, 97] - 365.29219994178345
[88, 1, 67, 36, 90, 94] - 413.66338908890083
[88, 1, 36, 38, 41] - 341.5750865512995
[88, 1, 36, 94, 41, 97] - 417.4875298659123
[88, 1, 90, 94, 41, 97] - 411.56681235382115
[88, 1, 36, 90, 41, 97] - 413.87975529878895
[88, 1, 36, 90, 94, 41] - 488.2597959548205
[88, 1, 36, 38, 97] - 343.84476649919975
[88, 1, 38, 90, 97] - 337.2591578596001
[88, 1, 36, 38, 94] - 373.81045907669966
[88, 1, 38, 90, 94] - 366.48035993019977
[88, 1, 36, 38, 90] - 375.1625808483996
[88, 1, 36, 90, 94, 97] - 458.19747525688143
[1, 56, 79, 71] - 375.29827972999954
[67, 1, 56, 79] - 367.10140751
[1, 56, 79, 41, 97] - 376.0972872824001
[1, 56, 79, 94, 41] - 378.06182542989984
[1, 56, 79, 36, 41] - 375.51192992860047
[1, 56, 79, 90, 41] - 374.16784632540015
[1, 56, 79, 94, 97] - 402.5574488523998
[1, 56, 79, 36, 97] - 400.1830232028009
[1, 56, 79, 90, 97] - 398.77884698160034
[1, 56, 79, 36, 94] - 401.5367450148992
[1, 56, 79, 90, 94] - 400.3772470493004
[1, 56, 79, 36, 90] - 397.60317684019975
[1, 79, 24, 41] - 419.26809487000025
[1, 79, 24, 97] - 397.3406983600008
[1, 79, 24, 36, 94] - 366.32678134109887
[1, 79, 24, 90, 94] - 367.0764275551
[1, 79, 24, 36, 90] - 365.24938912209996
[1, 67, 79, 71, 41] - 367.93833467510035
[1, 67, 79, 71, 97] - 366.1357204411001
[1, 67, 79, 71, 94] - 415.7900259100005
[1, 67, 79, 36, 71] - 420.91812354529975
[1, 67, 79, 90, 71] - 421.0075451848003
[1, 79, 71, 41, 97] - 376.95730114830025
[1, 79, 71, 94, 41] - 444.1659318871001
[1, 79, 36, 90, 71, 41] - 336.7377501916153
[1, 79, 38, 71] - 416.99864203000004
[1, 79, 71, 94, 97] - 432.0044039389993
[1, 79, 36, 71, 97] - 434.84530552200005
[1, 79, 90, 71, 97] - 433.2313423186004
[1, 79, 36, 90, 71, 94] - 378.57547499560326
[1, 67, 79, 41, 97] - 418.9069468910001
[1, 67, 79, 36, 94, 41] - 365.1440164117784
[1, 67, 79, 90, 94, 41] - 365.95189286905105
[1, 67, 79, 36, 90, 41] - 368.40959575868555
[1, 67, 79, 38, 94] - 366.3732461988001
[1, 67, 79, 36, 38] - 372.4068232129999
[1, 67, 79, 38, 90] - 371.3485749572002
[1, 67, 79, 36, 94, 97] - 364.0092097493908
[1, 67, 79, 90, 94, 97] - 364.66588731387566
[1, 67, 79, 36, 90, 97] - 366.48387027412207
[1, 67, 79, 36, 90, 94] - 416.7469150960104
[1, 79, 36, 38, 41] - 338.0701005983005
[1, 79, 36, 94, 41, 97] - 408.5652189093788
[1, 79, 90, 94, 41, 97] - 407.382922392324
[1, 79, 36, 90, 41, 97] - 407.28132571334635
[1, 79, 36, 90, 94, 41] - 484.24753777102677
[1, 79, 36, 38, 97] - 337.6944592634997
[1, 79, 38, 90, 97] - 336.7150644972006
[1, 79, 36, 38, 94] - 370.2495095177996
[1, 79, 38, 90, 94] - 368.0792223859001
[1, 79, 36, 38, 90] - 375.60406388430016
[1, 79, 36, 90, 94, 97] - 465.70080182221693
[1, 56, 24] - 436.04961
[1, 56, 67, 71, 41, 97] - 352.59061152038385
[1, 56, 67, 71, 94, 41] - 351.75768805303414
[1, 56, 67, 36, 71, 41] - 356.04984441999164
[1, 56, 67, 90, 71, 41] - 352.61004726148025
[1, 56, 67, 38, 71] - 404.1696615055999
[1, 56, 67, 71, 94, 97] - 366.8642578957048
[1, 56, 67, 36, 71, 97] - 370.8000362062929
[1, 56, 67, 90, 71, 97] - 367.38699063282604
[1, 56, 67, 36, 71, 94] - 370.8643008303759
[1, 56, 67, 90, 71, 94] - 367.25200350853936
[1, 56, 67, 36, 90, 71] - 371.17377328807487
[1, 56, 38, 71, 41] - 406.1887522784
[1, 56, 71, 94, 41, 97] - 395.5031770272878
[1, 56, 36, 71, 41, 97] - 400.054220159116
[1, 56, 90, 71, 41, 97] - 394.56398224126343
[1, 56, 36, 71, 94, 41] - 399.86263190238805
[1, 56, 90, 71, 94, 41] - 394.13922644189387
[1, 56, 36, 90, 71, 41] - 398.79967390356285
[1, 56, 38, 71, 97] - 403.3852469930003
[1, 56, 38, 71, 94] - 402.0790914645002
[1, 56, 36, 38, 71] - 407.21166480719955
[1, 56, 38, 90, 71] - 402.529668929
[1, 56, 36, 71, 94, 97] - 417.01786573803895
[1, 56, 90, 71, 94, 97] - 411.8352886749147
[1, 56, 36, 90, 71, 97] - 415.37203619301215
[1, 56, 36, 90, 71, 94] - 416.3243995806544
[1, 56, 67, 38, 41] - 407.3919715615989
[1, 56, 67, 94, 41, 97] - 395.0241456871882
[1, 56, 67, 36, 41, 97] - 397.8929003542487
[1, 56, 67, 90, 41, 97] - 395.58625470761143
[1, 56, 67, 36, 94, 41] - 396.5795029665354
[1, 56, 67, 90, 94, 41] - 394.63505323644443
[1, 56, 67, 36, 90, 41] - 397.0228484553711
[1, 56, 67, 38, 97] - 404.0369629309987
[1, 56, 67, 38, 94] - 401.96651121239944
[1, 56, 67, 36, 38] - 407.9085508075997
[1, 56, 67, 38, 90] - 403.05005213560037
[1, 56, 67, 36, 94, 97] - 412.2862211435426
[1, 56, 67, 90, 94, 97] - 409.47259151244157
[1, 56, 67, 36, 90, 97] - 411.77995420016236
[1, 56, 67, 36, 90, 94] - 411.92314762221093
[1, 56, 38, 41, 97] - 406.2481224766999
[1, 56, 38, 94, 41] - 404.0324880917993
[1, 56, 36, 38, 41] - 410.232187718601
[1, 56, 38, 90, 41] - 405.34532288429995
[1, 56, 36, 90, 94, 41, 97] - 365.0846639422265
[1, 56, 38, 94, 97] - 400.76603550050055
[1, 56, 36, 38, 97] - 406.5834769633999
[1, 56, 38, 90, 97] - 401.2333208390999
[1, 56, 36, 38, 94] - 406.06307731810085
[1, 56, 38, 90, 94] - 400.8284821766002
[1, 56, 36, 38, 90] - 406.7896736116999
[1, 24, 71] - 415.32287099999996
[67, 1, 24] - 438.2930770000002
[1, 24, 41, 97] - 390.61460324000024
[1, 24, 94, 41] - 422.23822777999993
[1, 24, 36, 41] - 420.3288627899998
[1, 24, 94, 97] - 398.9920427699997
[1, 24, 36, 97] - 396.0261915700003
[1, 24, 36, 90, 94] - 366.7877222210003
[1, 67, 38, 71, 41, 97] - 435.55117438987435
[1, 67, 38, 71, 94, 41] - 437.10150520470467
[1, 67, 36, 38, 71, 41] - 445.19984125649427
[1, 67, 38, 90, 71, 41] - 475.77122183618195
[1, 67, 71, 94, 41, 97] - 442.00458838983604
[1, 67, 36, 90, 71, 41, 97] - 336.9342430494765
[1, 67, 36, 90, 71, 94, 41] - 376.1424428271274
[1, 67, 38, 71, 94, 97] - 410.19621088052304
[1, 67, 36, 38, 71, 97] - 417.0305330532411
[1, 67, 36, 38, 90, 71, 94] - 341.8320881184534
[1, 67, 36, 90, 71, 94, 97] - 361.94896178461977
[1, 38, 71, 94, 41, 97] - 395.7094653776319
[1, 36, 38, 71, 41, 97] - 402.2548149791203
[1, 38, 90, 71, 41, 97] - 433.44428157167357
[1, 36, 38, 71, 94, 41] - 441.8889014008286
[1, 38, 90, 71, 94, 41] - 436.51312378694587
[1, 36, 38, 90, 71, 41] - 445.14056427763404
[1, 36, 90, 71, 94, 41, 97] - 368.1889076987258
[1, 36, 38, 71, 94, 97] - 413.7872258955112
[1, 38, 90, 71, 94, 97] - 409.19746788242185
[1, 36, 38, 90, 71, 97] - 416.2853260484629
[1, 67, 38, 94, 41, 97] - 429.82977289342375
[1, 67, 36, 38, 41, 97] - 437.02244454743516
[1, 67, 36, 38, 90, 94, 41] - 357.62697996081886
[1, 67, 36, 90, 94, 41, 97] - 392.4051863490578
[1, 67, 36, 38, 90, 94, 97] - 343.7433136588241
[1, 36, 38, 94, 41, 97] - 433.84648421754457
[1, 38, 90, 94, 41, 97] - 428.45953483258455
[1, 36, 38, 90, 41, 97] - 435.79321264011134
[88, 56, 79, 24, 97] - 350.8411868551004
[88, 56, 79, 24, 94] - 350.7225828339
[88, 56, 79, 24, 36] - 349.61853985439967
[88, 56, 79, 24, 90] - 346.16081853650047
[88, 56, 79, 71] - 373.2144471199999
[88, 67, 56, 79] - 364.5226081600001
[88, 56, 79, 41, 97] - 357.6420334398999
[88, 56, 79, 94, 41] - 360.3621998773001
[88, 56, 79, 36, 41] - 356.8030234986997
[88, 56, 79, 90, 41] - 355.6840842655002
[88, 56, 79, 36, 94, 97] - 366.6189689515607
[88, 56, 79, 90, 94, 97] - 363.4594747305892
[88, 56, 79, 36, 90, 97] - 362.6996879401496
[88, 56, 79, 36, 90, 94] - 362.8521785317832
[88, 79, 24, 71] - 368.12006464999985
[88, 67, 79, 24] - 388.50488794000023
[88, 79, 24, 41] - 421.20903201000044
[88, 79, 24, 94, 97] - 432.0624983754003
[88, 79, 24, 36, 97] - 432.76748318750066
[88, 79, 24, 90, 97] - 431.64401502230055
[88, 79, 24, 36, 90, 94] - 372.7775766992168
[88, 67, 79, 38, 71] - 356.0008900321001
[88, 67, 79, 71, 97] - 425.1182337547999
[88, 67, 79, 36, 71, 94] - 359.07891665378963
[88, 67, 79, 90, 71, 94] - 360.01706015335867
[88, 67, 79, 36, 90, 71] - 366.3641907121479
[88, 79, 71, 94, 41] - 395.3663056068002
[88, 79, 36, 71, 41] - 399.41765803030034
[88, 79, 90, 71, 41] - 396.87884043649973
[88, 79, 38, 71, 97] - 361.6917679272
[88, 79, 38, 71, 94] - 394.9548696630995
[88, 79, 36, 38, 71] - 401.5018158019998
[88, 79, 38, 90, 71] - 400.5519294050998
[88, 79, 36, 71, 94, 97] - 397.59164743272146
[88, 79, 90, 71, 94, 97] - 395.9759308839325
[88, 79, 36, 90, 71, 97] - 401.1290086575711
[88, 79, 36, 90, 71, 94] - 451.6697274351258
[88, 67, 79, 41, 97] - 365.94791325279925
[88, 67, 79, 94, 41] - 441.00256376690004
[88, 67, 79, 36, 41] - 441.2459114195004
[88, 67, 79, 90, 41] - 444.8517204200003
[88, 67, 79, 38, 97] - 412.6904206878001
[88, 67, 79, 36, 38, 94] - 337.4988601229127
[88, 67, 79, 38, 90, 94] - 337.08598211774284
[88, 67, 79, 36, 38, 90] - 343.62967806395295
[88, 67, 79, 36, 94, 97] - 434.96141374025063
[88, 67, 79, 90, 94, 97] - 436.51341767647205
[88, 67, 79, 36, 90, 97] - 441.35890169684694
[88, 67, 79, 36, 90, 94] - 492.6606800623596
[88, 79, 38, 41] - 423.97865371000006
[88, 79, 36, 94, 41, 97] - 395.94321131770084
[88, 79, 90, 94, 41, 97] - 394.6396078498905
[88, 79, 36, 90, 41, 97] - 394.1430579022615
[88, 79, 36, 90, 94, 41] - 475.0844558756421
[88, 79, 36, 38, 94, 97] - 377.877827373335
[88, 79, 38, 90, 94, 97] - 373.9247307926517
[88, 79, 36, 38, 90, 97] - 382.4074950510859
[88, 79, 36, 38, 90, 94] - 405.33911640228706
[88, 79, 36, 90, 94, 97] - 597.4572859183681
[88, 56, 24, 36, 94, 97] - 339.02524980733745
[88, 56, 24, 90, 94, 97] - 337.40652564980473
[88, 56, 24, 36, 90, 97] - 336.98084878305303
[88, 67, 56, 71] - 382.0733487500002
[88, 56, 71, 41] - 388.50971957
[88, 56, 38, 71] - 357.35481095999967
[88, 56, 71, 94, 97] - 419.47173806959995
[88, 56, 36, 71, 97] - 423.0410533995999
[88, 56, 90, 71, 97] - 417.4509064973002
[88, 56, 36, 71, 94] - 420.4848405225005
[88, 56, 90, 71, 94] - 415.2993408645
[88, 56, 36, 90, 71] - 417.8998512852996
[88, 56, 67, 41] - 388.7428444000001
[88, 56, 67, 38] - 354.52292414999977
[88, 56, 67, 94, 97] - 413.2213334519999
[88, 56, 67, 36, 97] - 414.3517335578003
[88, 56, 67, 90, 97] - 414.2445190075006
[88, 56, 67, 36, 94] - 413.30881365029904
[88, 56, 67, 90, 94] - 414.6248303314997
[88, 56, 67, 36, 90] - 413.6749676477003
[88, 56, 36, 94, 41, 97] - 339.3446400352157
[88, 56, 90, 41, 97] - 445.8812382779003
[88, 56, 90, 94, 41] - 446.6030258267002
[88, 56, 36, 90, 41] - 444.4849332013998
[88, 56, 38, 94, 97] - 404.8055618706007
[88, 56, 36, 38, 97] - 411.0990661858993
[88, 56, 38, 90, 97] - 404.1658249007999
[88, 56, 36, 38, 94] - 407.4582850370003
[88, 56, 38, 90, 94] - 401.8853896552006
[88, 56, 36, 38, 90] - 406.2516282466001
[88, 56, 36, 90, 94, 97] - 509.386450655509
[88, 24, 71, 97] - 387.87500159000007
[88, 24, 71, 94] - 426.7449196599999
[88, 24, 36, 71] - 429.94941596000024
[88, 24, 90, 71] - 431.6395941799993
[88, 67, 24, 97] - 408.4146845100002
[88, 67, 24, 90, 94] - 339.35983341869974
[88, 67, 24, 36, 90] - 340.707632133
[88, 24, 94, 41] - 419.80402775999954
[88, 24, 36, 41] - 417.5400068499999
[88, 24, 90, 41] - 419.1643656300005
[88, 24, 38, 97] - 344.65574715999975
[88, 24, 38, 94] - 338.13635401999954
[88, 24, 36, 38] - 344.9899305500001
[88, 24, 38, 90] - 342.8998390800004
[88, 24, 36, 90, 94, 97] - 397.29820420263775
[88, 67, 71, 41, 97] - 337.6910097735
[88, 67, 71, 94, 41] - 401.97890207939986
[88, 67, 36, 71, 41] - 408.9777095151
[88, 67, 90, 71, 41] - 405.6032641995001
[88, 67, 38, 71, 97] - 429.22546512049996
[88, 67, 36, 38, 71, 94] - 356.5660737210156
[88, 67, 38, 90, 71, 94] - 353.40889104902783
[88, 67, 36, 38, 90, 71] - 361.49064741994505
[88, 67, 36, 71, 94, 97] - 404.0914986666806
[88, 67, 90, 71, 94, 97] - 402.3724451363339
[88, 67, 36, 90, 71, 97] - 410.2588341992929
[88, 67, 36, 90, 71, 94] - 454.18681568755227
[88, 38, 71, 94, 41] - 337.79279609879916
[88, 36, 38, 71, 41] - 343.77790947229977
[88, 38, 90, 71, 41] - 338.87616893140006
[88, 71, 94, 41, 97] - 413.66501264910056
[88, 36, 71, 41, 97] - 419.3526467900008
[88, 90, 71, 41, 97] - 412.25451046129996
[88, 36, 90, 71, 94, 41] - 373.38439655317376
[88, 36, 38, 71, 94, 97] - 375.32722329591184
[88, 38, 90, 71, 94, 97] - 371.08577393721936
[88, 36, 38, 90, 71, 97] - 378.4843634890965
[88, 36, 38, 90, 71, 94] - 408.6313837134531
[88, 36, 90, 71, 94, 97] - 503.88965928944754
[88, 67, 38, 94, 41] - 382.44959507979985
[88, 67, 36, 38, 41] - 388.0939989839004
[88, 67, 38, 90, 41] - 383.68879340579974
[88, 67, 36, 94, 41, 97] - 345.04527102654555
[88, 67, 90, 94, 41, 97] - 343.2857338591398
[88, 67, 36, 90, 41, 97] - 345.18335488886436
[88, 67, 36, 90, 94, 41] - 407.70797421990795
[88, 67, 36, 38, 94, 97] - 412.9892131706303
[88, 67, 38, 90, 94, 97] - 410.0305618046799
[88, 67, 36, 38, 90, 97] - 418.9578718759718
[88, 67, 36, 38, 90, 94] - 450.0100480258772
[88, 67, 36, 90, 94, 97] - 543.2698710874565
[88, 38, 94, 41, 97] - 368.58459753270057
[88, 36, 38, 41, 97] - 373.74463235899987
[88, 38, 90, 41, 97] - 368.50349022680075
[88, 36, 38, 94, 41] - 421.2503350768011
[88, 38, 90, 94, 41] - 415.56049014310173
[88, 36, 38, 90, 41] - 421.1405159941006
[88, 36, 90, 94, 41, 97] - 463.8593458985941
[88, 36, 38, 90, 94, 97] - 520.5939594655887
[56, 79, 24, 36, 94, 97] - 337.4890513080625
[56, 79, 24, 90, 97] - 445.5579295670995
[56, 79, 24, 90, 94] - 444.89577940090044
[56, 79, 24, 36, 90] - 443.3236855894011
[67, 56, 79, 71] - 383.70064117000135
[56, 79, 71, 41] - 390.76288138000035
[56, 79, 38, 71] - 367.18558909000035
[56, 79, 71, 94, 97] - 419.8424669842005
[56, 79, 36, 71, 97] - 418.9971117630005
[56, 79, 90, 71, 97] - 417.3161578515997
[56, 79, 36, 71, 94] - 422.3627562426
[56, 79, 90, 71, 94] - 420.44308551259957
[56, 79, 36, 90, 71] - 419.73821372840064
[56, 67, 79, 41] - 385.8180695899998
[56, 67, 79, 38] - 360.21445026999965
[56, 67, 79, 94, 97] - 410.7530934663002
[56, 67, 79, 36, 97] - 407.75080886629985
[56, 67, 79, 90, 97] - 408.71360758669863
[56, 67, 79, 36, 94] - 410.48072085159913
[56, 67, 79, 90, 94] - 412.39312577280054
[56, 67, 79, 36, 90] - 408.7036887252997
[56, 79, 94, 41, 97] - 447.1815480653002
[56, 79, 36, 41, 97] - 443.8414944246006
[56, 79, 90, 41, 97] - 443.5065629176998
[56, 79, 36, 94, 41] - 446.7233009513013
[56, 79, 90, 94, 41] - 447.03902540120055
[56, 79, 36, 90, 41] - 442.9182500807001
[56, 79, 38, 94, 97] - 408.5027019696004
[56, 79, 36, 38, 97] - 410.94038381869996
[56, 79, 38, 90, 97] - 406.9993863679999
[56, 79, 36, 38, 94] - 410.57030539290014
[56, 79, 38, 90, 94] - 407.48007441979985
[56, 79, 36, 38, 90] - 409.6571968357997
[56, 79, 36, 90, 94, 97] - 503.9231840705354
[79, 24, 71, 97] - 400.8829399
[79, 24, 71, 94] - 445.17452694999946
[79, 24, 36, 71] - 445.4042935200002
[79, 24, 90, 71] - 446.74134062000036
[67, 79, 24, 97] - 419.6755613299998
[67, 79, 24, 36, 94] - 343.76711984270025
[67, 79, 24, 90, 94] - 346.2196675700998
[67, 79, 24, 36, 90] - 346.96111361479933
[79, 24, 94, 41] - 419.84312887000027
[79, 24, 36, 41] - 415.83626954999994
[79, 24, 90, 41] - 416.82865556999997
[79, 24, 38, 97] - 359.32567395000035
[79, 24, 38, 94] - 354.96606073999993
[79, 24, 36, 38] - 358.5624408399996
[79, 24, 38, 90] - 355.4254033399999
[79, 24, 36, 90, 94, 97] - 412.903136712396
[67, 79, 71, 94, 41] - 400.4061894094001
[67, 79, 36, 71, 41] - 403.64550032630046
[67, 79, 90, 71, 41] - 405.6366473633999
[67, 79, 38, 71, 97] - 430.8997283573999
[67, 79, 36, 38, 71, 94] - 357.7580904067387
[67, 79, 38, 90, 71, 94] - 358.9351938899597
[67, 79, 36, 38, 90, 71] - 363.91805780185354
[67, 79, 36, 71, 94, 97] - 405.1115411693761
[67, 79, 90, 71, 94, 97] - 407.0405538541016
[67, 79, 36, 90, 71, 97] - 410.94256301868535
[67, 79, 36, 90, 71, 94] - 458.2417236103444
[79, 38, 71, 94, 41] - 340.1983772373001
[79, 36, 38, 71, 41] - 343.46324367110043
[79, 38, 90, 71, 41] - 344.1270236747999
[79, 71, 94, 41, 97] - 411.42229390849957
[79, 36, 71, 41, 97] - 413.1001798370998
[79, 90, 71, 41, 97] - 411.90219551480027
[79, 36, 90, 71, 94, 41] - 372.9792554794509
[79, 36, 38, 71, 94, 97] - 374.2931673844608
[79, 38, 90, 71, 94, 97] - 374.3646560175225
[79, 36, 38, 90, 71, 97] - 378.19743426337874
[79, 36, 38, 90, 71, 94] - 412.27864141876296
[79, 36, 90, 71, 94, 97] - 508.98548368162164
[67, 79, 38, 94, 41] - 384.1387690866008
[67, 79, 36, 38, 41] - 386.25191671119927
[67, 79, 38, 90, 41] - 387.8982653911001
[67, 79, 36, 94, 41, 97] - 338.8773111493372
[67, 79, 90, 94, 41, 97] - 341.7040611902908
[67, 79, 36, 90, 41, 97] - 340.4850219899301
[67, 79, 36, 90, 94, 41] - 404.51071441842254
[67, 79, 36, 38, 94, 97] - 412.616303866157
[67, 79, 38, 90, 94, 97] - 412.46301062797664
[67, 79, 36, 38, 90, 97] - 417.70508723510096
[67, 79, 36, 38, 90, 94] - 451.6154596262639
[67, 79, 36, 90, 94, 97] - 546.5221882945087
[79, 38, 94, 41, 97] - 368.06545935629947
[79, 36, 38, 41, 97] - 369.9362810010998
[79, 38, 90, 41, 97] - 370.32612436599993
[79, 36, 38, 94, 41] - 419.95382163890014
[79, 38, 90, 94, 41] - 419.9898744474998
[79, 36, 38, 90, 41] - 424.30940616279946
[79, 36, 90, 94, 41, 97] - 459.1728227117657
[79, 36, 38, 90, 94, 97] - 525.4871361646992
[56, 24, 71, 97] - 432.08208400999956
[56, 24, 71, 94] - 430.9123478900006
[56, 24, 36, 71] - 431.72416701999924
[56, 24, 90, 71] - 431.73893858000014
[56, 67, 24, 97] - 438.52348369999976
[56, 67, 24, 94] - 437.62323636
[56, 67, 24, 36] - 434.30549805999993
[56, 67, 24, 90] - 439.6046526800004
[56, 24, 41] - 433.5563390000001
[56, 24, 38, 94, 97] - 409.4930250246998
[56, 24, 36, 38, 97] - 411.30546039279943
[56, 24, 38, 90, 97] - 409.85651325060036
[56, 24, 36, 38, 94] - 407.5439589956001
[56, 24, 38, 90, 94] - 406.87924910700013
[56, 24, 36, 38, 90] - 408.43342982670055
[56, 67, 38, 71, 41] - 430.61571907489974
[56, 67, 71, 94, 41, 97] - 368.4277474757031
[56, 67, 36, 71, 41, 97] - 371.785936602048
[56, 67, 90, 71, 41, 97] - 369.095983294014
[56, 67, 36, 71, 94, 41] - 371.86581992663474
[56, 67, 90, 71, 94, 41] - 369.08899519147917
[56, 67, 36, 90, 71, 41] - 372.3431244794237
[56, 67, 38, 71, 94, 97] - 394.9761882457284
[56, 67, 36, 38, 71, 97] - 397.2161388143107
[56, 67, 38, 90, 71, 97] - 396.528819579536
[56, 67, 36, 38, 71, 94] - 395.6211305628176
[56, 67, 38, 90, 71, 94] - 394.8838850628361
[56, 67, 36, 38, 90, 71] - 397.50371483990057
[56, 67, 36, 90, 71, 94, 97] - 345.86927536157555
[56, 36, 38, 71, 41, 97] - 336.9377592435186
[56, 38, 71, 94, 41] - 444.4265235228993
[56, 38, 90, 71, 41] - 444.8628169917998
[56, 36, 71, 94, 41, 97] - 428.08142272967166
[56, 90, 71, 94, 41, 97] - 422.93403509911184
[56, 36, 90, 71, 41, 97] - 426.8017363872889
[56, 36, 90, 71, 94, 41] - 427.26136182299786
[56, 36, 38, 90, 71, 94, 97] - 363.73813554428426
[56, 67, 36, 38, 41, 97] - 338.0783094871015
[56, 67, 36, 38, 94, 41] - 337.13652266629623
[56, 67, 36, 38, 90, 41] - 337.78910365641786
[56, 67, 36, 94, 41, 97] - 425.5614880486218
[56, 67, 90, 94, 41, 97] - 424.5841377781588
[56, 67, 36, 90, 41, 97] - 425.37989072275604
[56, 67, 36, 90, 94, 41] - 426.1002900971853
[56, 67, 36, 38, 90, 94, 97] - 362.68484782806587
[56, 36, 38, 94, 41, 97] - 360.48494858732636
[56, 38, 90, 94, 41, 97] - 357.4417242932906
[56, 36, 38, 90, 41, 97] - 361.01915967195646
[56, 36, 38, 90, 94, 41] - 361.04037553914407
[67, 24, 71, 97] - 377.4870868399998
[67, 24, 90, 71] - 401.1801593900003
[24, 71, 41] - 357.5318869999998
[24, 38, 71, 97] - 393.7974626400012
[24, 38, 90, 71] - 391.89346698999987
[24, 36, 71, 94, 97] - 398.9501532314004
[24, 90, 71, 94, 97] - 401.3309560026004
[24, 36, 90, 71, 97] - 402.6481761305994
[24, 36, 90, 71, 94] - 432.6799788844998
[67, 24, 41] - 362.82989200000014
[67, 24, 38, 97] - 407.97592379
[67, 24, 38, 94] - 340.42166249000036
[67, 24, 36, 38] - 342.9969010899996
[67, 24, 38, 90] - 405.99592269999937
[67, 24, 36, 94, 97] - 412.9470650355999
[67, 24, 90, 94, 97] - 418.49845210470033
[67, 24, 36, 90, 97] - 418.32305314039974
[67, 24, 36, 90, 94] - 447.31803935410085
[24, 38, 90, 41, 97] - 349.4450856919997
[24, 38, 94, 41] - 428.0322738900004
[24, 36, 38, 41] - 416.6436606699998
[24, 36, 90, 94, 41, 97] - 406.98827323779324
[67, 38, 71, 94, 41, 97] - 413.2200387178391
[67, 36, 38, 71, 41, 97] - 418.1652382727226
[67, 36, 38, 90, 71, 94, 41] - 351.40786334904425
[67, 36, 90, 71, 94, 41, 97] - 347.50848115579225
[67, 36, 38, 90, 71, 94, 97] - 425.1892000702491
[36, 38, 71, 94, 41, 97] - 427.72069574506776
[38, 90, 71, 94, 41, 97] - 424.1336115944223
[36, 38, 90, 71, 41, 97] - 429.75649527145845
[67, 36, 38, 90, 94, 41, 97] - 346.6275116809449
