Total itemsets found: 9760
Elapsed time: 20751ms
[73] - 642.5399999999995
[22] - 725.3699999999998
[55] - 739.9700000000007
[28] - 742.7100000000011
[39] - 750.07
[12] - 801.6900000000004
[5, 16] - 653.9829999999997
[16, 62] - 660.2056000000005
[36, 16] - 651.0838999999994
[16, 60] - 641.8979000000002
[16, 52] - 661.6183000000002
[16, 29] - 659.5273999999995
[58, 16] - 661.4152000000001
[16, 40] - 669.4454999999984
[48, 71] - 661.4176999999995
[66, 71] - 644.7360999999987
[36, 71] - 663.7322999999993
[60, 71] - 657.6517999999993
[71, 52] - 672.6079999999994
[29, 71] - 662.3174999999995
[58, 71] - 671.7549999999989
[71, 40] - 661.8901999999995
[48, 51] - 664.0852999999998
[34, 51] - 645.7465000000001
[66, 51] - 640.8758999999994
[62, 51] - 640.5138999999999
[36, 51] - 670.5775000000006
[60, 51] - 671.6655000000001
[51, 52] - 683.2682000000004
[29, 51] - 676.6545000000008
[58, 51] - 679.7156000000002
[40, 51] - 678.354799999999
[3, 69] - 646.0878999999998
[69, 48] - 661.6131000000004
[66, 69] - 672.5243999999997
[69, 62] - 642.6503
[69, 7] - 667.8245999999996
[36, 69] - 669.0085000000007
[69, 60] - 683.7805
[69, 52] - 684.2617999999998
[69, 29] - 689.878799999999
[58, 69] - 687.6473000000002
[69, 40] - 696.3949000000002
[5, 20] - 656.5166999999991
[48, 20] - 661.486999999999
[56, 20] - 651.016699999999
[34, 20] - 654.2332
[66, 20] - 653.2944999999991
[62, 20] - 672.9559999999993
[7, 20] - 664.8581999999998
[36, 20] - 675.5669999999997
[60, 20] - 681.5854
[52, 20] - 685.1887000000008
[29, 20] - 690.7440000000003
[58, 20] - 692.1907000000001
[40, 20] - 691.7098000000001
[24, 54] - 769.8984999999986
[24, 74] - 770.9763000000004
[44, 24] - 659.2164999999997
[24, 25] - 723.7978999999996
[24, 9] - 703.9194000000003
[24, 5] - 720.1450999999988
[24, 48] - 727.1347000000001
[56, 24] - 736.8119999999999
[34, 24] - 734.8258000000003
[66, 24] - 781.818099999999
[24, 62] - 754.3616999999985
[24, 7] - 748.2330000000009
[24, 36] - 728.6846999999989
[24, 60] - 765.1172000000008
[24, 52] - 769.7131999999993
[24, 29] - 774.9913999999978
[24, 58] - 774.8830999999994
[24, 40] - 769.9223000000001
[14, 72] - 683.2133
[14, 17] - 652.2019999999992
[14, 31] - 683.8373999999993
[46, 14] - 682.1957000000016
[44, 14] - 689.3043999999994
[14, 64] - 698.3065000000005
[14, 42] - 735.8290000000002
[3, 14] - 746.2151000000007
[25, 14] - 777.0075999999996
[14, 9] - 696.5566000000005
[14, 5] - 782.2225999999999
[14, 48] - 804.7467999999975
[56, 14] - 787.7683999999991
[34, 14] - 785.3578999999995
[66, 14] - 832.6816000000002
[14, 62] - 816.8306000000008
[14, 7] - 796.0425999999989
[36, 14] - 819.4525999999993
[14, 60] - 829.6685999999994
[14, 52] - 828.7646999999995
[14, 29] - 831.6219999999993
[58, 14] - 834.4385999999995
[14, 40] - 831.0634999999992
[2, 38] - 655.4172
[2, 74] - 651.2580999999997
[2, 31] - 714.5197000000004
[46, 2] - 718.3019999999996
[44, 2, 58] - 641.5864360000007
[44, 2, 40] - 644.1917229999998
[2, 64] - 749.2934999999998
[2, 42] - 728.5966000000001
[2, 3] - 758.6648000000001
[2, 25] - 767.9766999999994
[2, 9] - 764.0223999999994
[2, 5] - 788.2497000000012
[2, 48] - 784.7618999999994
[56, 2] - 777.7897999999991
[34, 2] - 775.8814999999992
[66, 2] - 766.7325000000001
[2, 62] - 826.8896000000005
[2, 7] - 811.9267999999988
[2, 36] - 829.1287999999983
[2, 60] - 825.0864999999989
[2, 40, 52] - 643.051343
[2, 58, 29] - 639.2058500000002
[2, 29, 40] - 642.1362650000017
[2, 58, 40] - 649.0482379999999
[1, 68] - 737.5363000000012
[1, 15] - 662.8033999999996
[11, 1] - 640.2717999999992
[1, 27] - 682.2693000000005
[1, 21] - 811.0670999999994
[1, 72] - 748.7644999999994
[1, 74] - 705.6562999999999
[1, 17] - 819.0340000000001
[1, 31] - 700.8809000000002
[1, 46] - 707.755200000001
[1, 64] - 723.7009999999999
[1, 42] - 794.6299999999999
[1, 3] - 832.1767999999994
[1, 25] - 844.3352000000001
[1, 9] - 845.7677000000001
[34, 1, 5] - 651.7998619999984
[66, 1, 5] - 650.2388010000002
[1, 5, 60] - 649.5943230000004
[1, 5, 52] - 650.6773929999995
[1, 5, 29] - 655.7339279999986
[1, 58, 5] - 652.5274180000008
[1, 5, 40] - 649.5213959999994
[56, 1, 48] - 653.9984000000006
[34, 1, 48] - 661.1650499999997
[66, 1, 48] - 666.3345019999996
[1, 48, 62] - 641.4744540000003
[1, 48, 7] - 655.3418740000014
[1, 36, 48] - 663.9409129999998
[1, 48, 60] - 672.2271620000002
[1, 48, 52] - 671.9222580000006
[1, 48, 29] - 675.3928390000011
[1, 58, 48] - 673.5229090000003
[1, 48, 40] - 670.1557340000004
[34, 1, 56] - 671.4176939999985
[66, 1, 56] - 676.743326000001
[1, 56, 62] - 657.8700380000001
[1, 56, 7] - 663.4681180000011
[1, 56, 36] - 654.7859629999996
[1, 56, 60] - 679.8163150000001
[1, 56, 52] - 682.8788320000011
[1, 56, 29] - 686.976383000001
[1, 56, 58] - 682.8648559999995
[1, 56, 40] - 677.9391410000006
[66, 1, 34] - 683.818884
[1, 34, 62] - 661.3128110000007
[1, 34, 7] - 670.7658309999998
[1, 34, 36] - 661.3900289999998
[1, 34, 60] - 685.087244000001
[1, 34, 52] - 686.0705309999998
[1, 34, 29] - 690.0780659999996
[1, 34, 58] - 688.5068730000003
[1, 34, 40] - 685.9266409999998
[66, 1, 62] - 663.6553300000007
[66, 1, 7] - 675.7435100000004
[66, 1, 36] - 666.1276800000009
[66, 1, 60] - 689.8109720000001
[66, 1, 52] - 692.6665910000013
[66, 1, 29] - 695.1230519999999
[66, 1, 58] - 695.2381039999993
[66, 1, 40] - 690.4296970000008
[1, 7, 62] - 650.2718660000008
[1, 36, 62] - 642.4039910000004
[1, 60, 62] - 666.8995350000004
[1, 62, 52] - 667.331303
[1, 29, 62] - 674.1073280000012
[1, 58, 62] - 670.0792209999993
[1, 40, 62] - 668.9974759999998
[1, 36, 7] - 656.1928280000002
[1, 7, 60] - 678.5286209999989
[1, 7, 52] - 682.8740850000023
[1, 29, 7] - 682.5337860000005
[1, 58, 7] - 680.5481399999995
[1, 7, 40] - 679.9423300000011
[1, 36, 60] - 671.2349599999985
[1, 36, 52] - 671.9780189999991
[1, 36, 29] - 675.5405159999992
[1, 58, 36] - 676.051004999999
[1, 36, 40] - 669.3412269999999
[1, 60, 52] - 696.107564999999
[1, 29, 60] - 699.0739980000002
[1, 58, 60] - 697.4495420000005
[1, 60, 40] - 694.5572859999997
[1, 29, 52] - 701.6474919999997
[1, 58, 52] - 699.948307000001
[1, 40, 52] - 696.3730800000014
[1, 58, 29] - 703.2322249999999
[1, 29, 40] - 700.4632900000012
[1, 58, 40] - 697.6834790000003
[13, 70] - 642.7559000000002
[13, 15] - 643.5173999999998
[11, 13] - 654.6157000000007
[13, 27] - 674.1028999999993
[13, 38] - 657.1192000000001
[13, 54] - 686.7922999999997
[13, 21] - 646.2113
[13, 74] - 739.7172999999997
[13, 17] - 754.2441000000001
[13, 31] - 742.1700999999995
[46, 13] - 747.1805999999991
[44, 13] - 778.7127000000007
[13, 64] - 785.479599999999
[13, 42] - 796.4061999999985
[13, 3, 29] - 645.7109070000006
[13, 3, 40] - 640.6295539999993
[13, 25] - 843.3090999999996
[56, 13, 9] - 651.7172979999999
[34, 13, 9] - 656.9015569999995
[13, 9, 62] - 646.7921660000002
[13, 7, 9] - 670.9814029999991
[13, 36, 9] - 655.1159890000005
[13, 9, 60] - 667.6526059999993
[13, 9, 52] - 683.4702389999992
[13, 29, 9] - 692.3804609999992
[13, 58, 9] - 687.6626389999996
[13, 9, 40] - 694.1061419999999
[34, 13, 5] - 649.4693359999997
[13, 5, 7] - 648.0327589999996
[13, 5, 60] - 640.5124039999986
[13, 5, 52] - 659.2831250000005
[13, 5, 29] - 666.4516720000009
[13, 58, 5] - 661.2193370000015
[13, 5, 40] - 669.6606080000004
[13, 48, 7] - 647.4507049999991
[13, 36, 48] - 652.1359680000012
[13, 48, 60] - 647.1321559999999
[13, 48, 52] - 661.112657999999
[13, 48, 29] - 663.176279000001
[13, 58, 48] - 662.6951820000005
[13, 48, 40] - 667.1142459999995
[34, 56, 13] - 644.5299359999992
[56, 13, 62] - 648.6734990000002
[56, 13, 7] - 662.1762470000003
[56, 13, 36] - 643.4843940000007
[56, 13, 60] - 655.7059980000002
[56, 13, 52] - 678.136232
[56, 13, 29] - 680.9184770000005
[56, 13, 58] - 678.180913999998
[56, 13, 40] - 682.9318849999997
[34, 13, 62] - 644.5384119999993
[34, 13, 7] - 670.0585580000005
[34, 13, 36] - 651.1122369999991
[34, 13, 60] - 661.7045130000007
[34, 13, 52] - 679.3855550000005
[34, 13, 29] - 688.793604999999
[34, 13, 58] - 682.640925000001
[34, 13, 40] - 688.6969349999991
[66, 13, 60] - 643.5820660000012
[66, 13, 52] - 646.1663839999998
[66, 13, 29] - 651.6692750000002
[66, 13, 58] - 648.3237460000001
[66, 13, 40] - 653.0620990000008
[13, 7, 62] - 659.8808929999997
[13, 36, 62] - 644.4288889999998
[13, 60, 62] - 654.3583400000003
[13, 62, 52] - 673.1220580000003
[13, 29, 62] - 680.3535500000005
[13, 58, 62] - 677.1317890000007
[13, 40, 62] - 687.7633809999987
[13, 36, 7] - 669.6418680000015
[13, 7, 60] - 679.5469819999983
[13, 7, 52] - 699.6044919999999
[13, 29, 7] - 704.8901180000014
[13, 58, 7] - 701.1762259999977
[13, 7, 40] - 706.8771099999999
[13, 36, 60] - 665.0147800000007
[13, 36, 52] - 681.6416540000005
[13, 36, 29] - 687.2502669999999
[13, 58, 36] - 687.188863999999
[13, 36, 40] - 691.5666770000001
[13, 60, 52] - 693.7809009999992
[13, 29, 60] - 696.9834780000009
[13, 58, 60] - 694.4654740000001
[13, 60, 40] - 700.671335
[13, 29, 52] - 717.3951859999986
[13, 58, 52] - 714.1655819999994
[13, 40, 52] - 720.8604429999988
[13, 58, 29] - 719.9257070000003
[13, 29, 40] - 726.1920929999995
[13, 58, 40] - 724.6752129999996
[23, 19] - 648.451500000001
[23, 70] - 654.0506000000004
[23, 15] - 689.2002999999995
[11, 23] - 648.5991999999999
[23, 27] - 641.9173999999998
[23, 38] - 714.0663999999997
[23, 21] - 717.2812000000002
[23, 72, 31] - 694.5273670000003
[23, 72, 64] - 696.2620800000007
[23, 72, 42] - 698.1671720000002
[23, 3, 72] - 694.6150160000011
[23, 5, 72] - 652.1099479999997
[23, 48, 72] - 666.8899360000003
[56, 23, 72] - 647.7159580000007
[34, 23, 72] - 660.162861999999
[66, 23, 72] - 691.5550739999991
[23, 72, 62] - 655.7544849999999
[23, 7, 72] - 669.3277949999998
[23, 36, 72] - 683.2802439999996
[23, 60, 72] - 692.8064400000005
[23, 72, 52] - 691.4747149999994
[23, 29, 72] - 693.3173770000004
[23, 58, 72] - 692.8667089999992
[23, 72, 40] - 700.622748000001
[23, 17] - 827.8443999999995
[23, 64, 31] - 731.4410959999993
[23, 42, 31] - 725.8812010000005
[23, 3, 31] - 733.2058990000003
[23, 25, 31] - 643.0932579999985
[23, 9, 31] - 663.4766599999998
[23, 5, 31] - 690.7471630000008
[23, 48, 31] - 702.249817
[56, 23, 31] - 691.8561100000001
[34, 23, 31] - 702.3225759999997
[66, 23, 31] - 695.282945
[23, 62, 31] - 700.9307619999993
[23, 7, 31] - 717.2262719999993
[23, 36, 31] - 729.337101
[23, 60, 31] - 733.7569489999998
[23, 52, 31] - 737.2100230000012
[23, 29, 31] - 738.3640540000017
[23, 58, 31] - 737.9423700000008
[23, 40, 31] - 746.4168819999995
[23, 46] - 820.8773999999995
[44, 23] - 809.5914000000006
[23, 42, 64] - 741.0233720000012
[23, 3, 64] - 741.1064369999998
[23, 25, 64] - 658.9727620000001
[23, 9, 64] - 676.1739369999989
[23, 5, 64] - 707.1995640000002
[23, 48, 64] - 715.1784009999994
[56, 23, 64] - 707.6770929999997
[34, 23, 64] - 718.3787859999996
[66, 23, 64] - 696.6379750000001
[23, 62, 64] - 713.8752889999987
[23, 7, 64] - 729.178985000001
[23, 36, 64] - 742.2754790000009
[23, 60, 64] - 736.9973259999999
[23, 52, 64] - 752.3395400000005
[23, 29, 64] - 752.9962469999998
[23, 58, 64] - 754.050596
[23, 40, 64] - 760.1264839999994
[23, 3, 42] - 729.2166699999997
[23, 25, 42] - 646.6400990000001
[23, 9, 42] - 667.5493660000008
[23, 5, 42] - 696.6284990000005
[23, 48, 42] - 707.6242809999995
[56, 23, 42] - 698.3979690000003
[34, 23, 42] - 707.3111580000011
[66, 23, 42] - 698.4344550000005
[23, 62, 42] - 704.7126650000005
[23, 7, 42] - 719.1118410000005
[23, 36, 42] - 732.5405640000015
[23, 60, 42] - 732.5165319999996
[23, 52, 42] - 742.3670059999986
[23, 29, 42] - 744.077260000002
[23, 58, 42] - 743.4664129999999
[23, 40, 42] - 750.238438
[23, 25, 3] - 659.0454530000006
[23, 3, 9] - 674.5235529999991
[23, 3, 5] - 702.3526469999999
[23, 3, 48] - 715.7534850000005
[56, 23, 3] - 707.940452999999
[34, 23, 3] - 712.359747000001
[66, 23, 3] - 692.0020579999998
[23, 3, 62] - 712.1965970000016
[23, 3, 7] - 730.0177519999995
[23, 36, 3] - 743.3862970000006
[23, 3, 60] - 740.2052500000009
[23, 3, 52] - 752.6351869999993
[23, 3, 29] - 755.9900210000001
[23, 58, 3] - 752.0623120000002
[23, 3, 40] - 758.3056219999994
[23, 25, 7] - 649.416897
[23, 36, 25] - 662.1778299999984
[23, 25, 60] - 660.6501570000001
[23, 25, 52] - 671.3688719999992
[23, 25, 29] - 670.8667480000003
[23, 58, 25] - 668.9574959999998
[23, 25, 40] - 673.365229
[23, 5, 9] - 640.3598969999999
[23, 48, 9] - 647.9571080000001
[56, 23, 9] - 653.1958539999997
[34, 23, 9] - 654.245974
[23, 9, 62] - 653.2432570000001
[23, 7, 9] - 661.2506470000009
[23, 36, 9] - 679.4123930000014
[23, 9, 60] - 674.1728429999998
[23, 9, 52] - 686.630538
[23, 29, 9] - 688.8551569999997
[23, 58, 9] - 688.6849489999995
[23, 9, 40] - 692.3893940000008
[23, 48, 5] - 670.2477960000002
[56, 23, 5] - 666.0148640000007
[34, 23, 5] - 688.6414090000004
[66, 23, 5] - 651.7536679999996
[23, 5, 62] - 676.6214970000003
[23, 5, 7] - 690.1045329999998
[23, 36, 5] - 702.8953130000003
[23, 5, 60] - 695.7039970000003
[23, 5, 52] - 711.6907009999993
[23, 5, 29] - 713.7593189999992
[23, 58, 5] - 712.9743669999995
[23, 5, 40] - 718.368615
[56, 23, 48] - 682.2016099999996
[34, 23, 48] - 686.2138659999994
[66, 23, 48] - 666.2820289999997
[23, 48, 62] - 684.3196329999997
[23, 48, 7] - 702.146205
[23, 36, 48] - 728.3348799999973
[23, 48, 60] - 718.0862030000013
[23, 48, 52] - 728.6833160000004
[23, 48, 29] - 726.8135480000003
[23, 58, 48] - 727.5787190000005
[23, 48, 40] - 735.1126789999998
[34, 23, 56] - 682.5617339999997
[66, 23, 56] - 646.8273909999996
[23, 56, 62] - 693.7281789999995
[23, 56, 7] - 695.2866770000018
[23, 56, 36] - 712.9201750000012
[23, 56, 60] - 705.7990010000003
[23, 56, 52] - 721.2538819999988
[23, 56, 29] - 722.3609629999996
[23, 56, 58] - 723.3976270000004
[23, 56, 40] - 727.3511149999993
[66, 23, 34] - 658.7215639999998
[23, 34, 62] - 687.1669000000006
[23, 34, 7] - 701.1742159999998
[23, 34, 36] - 716.6444049999998
[23, 34, 60] - 709.1311370000001
[23, 34, 52] - 725.1183610000005
[23, 34, 29] - 728.0062390000006
[23, 34, 58] - 725.5955449999996
[23, 34, 40] - 731.7509400000014
[66, 23, 62] - 653.6629990000005
[66, 23, 7] - 669.7334789999993
[66, 23, 36] - 681.771096
[66, 23, 60] - 694.0604280000006
[66, 23, 52] - 691.1923010000005
[66, 23, 29] - 693.7807879999993
[66, 23, 58] - 692.5805629999988
[66, 23, 40] - 698.7041360000001
[23, 7, 62] - 701.9002839999985
[23, 36, 62] - 717.407516000001
[23, 60, 62] - 711.8675350000005
[23, 62, 52] - 726.3308239999993
[23, 29, 62] - 729.0530480000002
[23, 58, 62] - 727.8923090000013
[23, 40, 62] - 735.7093409999995
[23, 36, 7] - 734.1022239999996
[23, 7, 60] - 725.7159019999997
[23, 7, 52] - 741.51876
[23, 29, 7] - 741.734330999999
[23, 58, 7] - 741.2058219999992
[23, 7, 40] - 749.3910440000002
[23, 36, 60] - 741.673077000001
[23, 36, 52] - 757.2790330000018
[23, 36, 29] - 757.9383179999998
[23, 58, 36] - 760.1941430000008
[23, 36, 40] - 765.9427709999997
[23, 60, 52] - 749.0232339999999
[23, 29, 60] - 750.8296909999992
[23, 58, 60] - 749.5733030000009
[23, 60, 40] - 756.534893000001
[23, 29, 52] - 766.7943589999996
[23, 58, 52] - 765.7240960000026
[23, 40, 52] - 773.9813889999998
[23, 58, 29] - 766.6403629999988
[23, 29, 40] - 773.1810169999984
[23, 58, 40] - 774.4471739999996
[68, 19] - 674.4567999999988
[19, 70] - 691.1667
[15, 19] - 846.2181999999974
[11, 19] - 818.7358999999992
[27, 19] - 772.6058999999995
[38, 19] - 722.7666999999989
[19, 54] - 766.3161999999991
[19, 21] - 763.8192999999998
[19, 72] - 807.0313999999989
[19, 74] - 827.1555000000001
[17, 19, 31] - 658.9667050000012
[46, 17, 19] - 826.1204759999985
[44, 17, 19] - 652.8279850000011
[17, 19, 64] - 667.3099899999987
[17, 19, 42] - 725.0244490000002
[3, 17, 19] - 744.3343519999995
[25, 17, 19] - 737.3724810000001
[17, 19, 9] - 748.5602710000012
[5, 17, 19] - 757.517264999999
[48, 17, 19] - 771.3103520000009
[56, 17, 19] - 783.114422999999
[34, 17, 19] - 785.4688870000017
[66, 17, 19] - 787.4956350000012
[17, 19, 62] - 785.8335680000005
[17, 7, 19] - 800.7186160000009
[36, 17, 19] - 797.8166100000003
[17, 19, 60] - 812.3238800000015
[17, 19, 52] - 827.7716519999994
[17, 29, 19] - 826.0508060000006
[58, 17, 19] - 826.1697450000003
[17, 19, 40] - 831.6939119999992
[46, 19, 31] - 649.0346060000004
[19, 60, 31] - 645.414743
[19, 52, 31] - 653.3072800000011
[29, 19, 31] - 652.0435159999998
[58, 19, 31] - 651.9350159999991
[19, 40, 31] - 659.2641419999999
[44, 46, 19] - 650.6019069999985
[46, 19, 64] - 656.6572729999996
[46, 19, 42] - 716.7589390000003
[46, 3, 19] - 737.3094769999989
[46, 25, 19] - 729.0697190000009
[46, 19, 9] - 741.2225490000005
[46, 5, 19] - 750.4389409999997
[46, 48, 19] - 763.0496639999996
[56, 46, 19] - 779.1084069999995
[34, 46, 19] - 777.8473849999996
[66, 46, 19] - 779.0148239999994
[46, 19, 62] - 779.3120289999994
[46, 7, 19] - 791.8956000000001
[46, 36, 19] - 788.2609410000009
[46, 19, 60] - 804.0107000000004
[46, 19, 52] - 819.7598249999998
[46, 29, 19] - 817.3692960000008
[46, 58, 19] - 818.4578829999998
[46, 19, 40] - 823.4807750000009
[44, 19, 52] - 650.3591479999992
[44, 29, 19] - 648.9368359999999
[44, 58, 19] - 650.5760650000007
[44, 19, 40] - 650.3419299999998
[19, 60, 64] - 648.0127249999983
[19, 52, 64] - 665.0229779999994
[29, 19, 64] - 658.4597860000002
[58, 19, 64] - 659.9519419999986
[19, 40, 64] - 672.3053479999993
[3, 19, 42] - 646.2120759999993
[19, 9, 42] - 652.2044730000016
[5, 19, 42] - 670.2420189999996
[48, 19, 42] - 667.4678390000001
[56, 19, 42] - 683.3572609999985
[34, 19, 42] - 685.4050459999999
[66, 19, 42] - 695.0643449999995
[19, 62, 42] - 680.2219939999999
[7, 19, 42] - 692.9885450000014
[36, 19, 42] - 689.9892919999998
[19, 60, 42] - 711.1640700000016
[19, 52, 42] - 719.2630719999992
[29, 19, 42] - 719.1398270000012
[58, 19, 42] - 716.9261549999992
[19, 40, 42] - 723.9367199999998
[25, 3, 19] - 651.5263059999999
[3, 19, 9] - 674.5183850000011
[3, 5, 19] - 681.9190889999992
[3, 48, 19] - 689.3835950000007
[56, 3, 19] - 707.4592299999989
[34, 3, 19] - 703.6012719999993
[66, 3, 19] - 711.4447699999994
[3, 19, 62] - 704.3164209999994
[3, 7, 19] - 725.5228169999984
[36, 3, 19] - 710.8895650000009
[3, 19, 60] - 728.823093000001
[3, 19, 52] - 742.1643940000015
[3, 29, 19] - 744.5793180000003
[58, 3, 19] - 738.6822879999996
[3, 19, 40] - 742.5645250000022
[25, 19, 9] - 650.6971229999995
[25, 5, 19] - 665.6861809999998
[25, 48, 19] - 692.4401659999999
[56, 25, 19] - 688.5163950000004
[34, 25, 19] - 689.1290289999993
[66, 25, 19] - 695.5906240000007
[25, 19, 62] - 693.7428790000004
[25, 7, 19] - 703.400860000001
[36, 25, 19] - 708.6052859999998
[25, 19, 60] - 720.1744320000008
[25, 19, 52] - 730.3368389999987
[25, 29, 19] - 729.948596000001
[58, 25, 19] - 728.9749489999987
[25, 19, 40] - 730.6919370000004
[5, 19, 9] - 682.607210000001
[48, 19, 9] - 686.9425380000006
[56, 19, 9] - 716.9290729999991
[34, 19, 9] - 711.6448859999985
[66, 19, 9] - 702.5595869999999
[19, 9, 62] - 708.4637000000017
[7, 19, 9] - 716.0957669999987
[36, 19, 9] - 711.6543349999992
[19, 9, 60] - 729.9618350000002
[19, 9, 52] - 743.8354089999985
[29, 19, 9] - 743.2069110000009
[58, 19, 9] - 741.6638119999992
[19, 9, 40] - 745.4176029999991
[48, 5, 19] - 695.4037870000006
[56, 5, 19] - 710.3285440000006
[34, 5, 19] - 734.857954999998
[66, 5, 19] - 721.5101289999998
[5, 19, 62] - 712.7995749999993
[5, 7, 19] - 728.705113000001
[36, 5, 19] - 721.350178
[5, 19, 60] - 737.1831550000003
[5, 19, 52] - 752.6051929999996
[5, 29, 19] - 753.0161820000004
[58, 5, 19] - 750.2243860000001
[5, 19, 40] - 756.6003759999993
[56, 48, 19] - 721.069126999999
[34, 48, 19] - 725.1293929999994
[66, 48, 19] - 731.9429129999999
[48, 19, 62] - 721.2443000000004
[48, 7, 19] - 736.0869660000004
[36, 48, 19] - 759.1745080000001
[48, 19, 60] - 757.4807829999995
[48, 19, 52] - 766.4450499999997
[48, 29, 19] - 763.4785490000008
[58, 48, 19] - 763.4079159999995
[48, 19, 40] - 767.5207939999995
[34, 56, 19] - 743.9616379999986
[66, 56, 19] - 737.8604400000007
[56, 19, 62] - 745.5255409999987
[56, 7, 19] - 754.5724970000011
[56, 36, 19] - 746.9815510000001
[56, 19, 60] - 764.5986539999998
[56, 19, 52] - 781.2993779999996
[56, 29, 19] - 777.7211319999986
[56, 58, 19] - 777.2465309999976
[56, 19, 40] - 780.1735900000003
[66, 34, 19] - 744.3142100000007
[34, 19, 62] - 738.9471849999984
[34, 7, 19] - 756.3472639999999
[34, 36, 19] - 749.0886989999993
[34, 19, 60] - 765.5587889999996
[34, 19, 52] - 780.362858
[34, 29, 19] - 780.474612
[34, 58, 19] - 778.1108930000003
[34, 19, 40] - 784.8028760000002
[66, 19, 62] - 742.4946159999992
[66, 7, 19] - 756.5523080000012
[66, 36, 19] - 749.6662649999995
[66, 19, 60] - 778.4170970000007
[66, 19, 52] - 781.1486760000003
[66, 29, 19] - 781.8039430000009
[66, 58, 19] - 781.3897159999993
[66, 19, 40] - 785.7147909999986
[7, 19, 62] - 751.0278280000009
[36, 19, 62] - 748.7812069999987
[19, 60, 62] - 765.8113010000011
[19, 62, 52] - 778.6402650000005
[29, 19, 62] - 780.4991200000004
[58, 19, 62] - 780.8072139999996
[19, 40, 62] - 788.0709489999994
[36, 7, 19] - 762.8350590000006
[7, 19, 60] - 779.1777710000016
[7, 19, 52] - 793.5789889999992
[29, 7, 19] - 793.820073
[58, 7, 19] - 792.0628229999979
[7, 19, 40] - 797.9538219999991
[36, 19, 60] - 776.4771880000009
[36, 19, 52] - 789.1447720000008
[36, 29, 19] - 788.0924530000004
[58, 36, 19] - 791.3684039999985
[36, 19, 40] - 793.1668459999995
[19, 60, 52] - 807.1210320000007
[29, 19, 60] - 804.5105300000004
[58, 19, 60] - 805.0521839999997
[19, 60, 40] - 809.1860229999999
[29, 19, 52] - 818.7487049999996
[58, 19, 52] - 819.5713989999991
[19, 40, 52] - 823.5922499999999
[58, 29, 19] - 817.5622429999992
[29, 19, 40] - 822.099465999999
[58, 19, 40] - 823.6958430000005
[68, 50] - 669.084599999999
[70, 50] - 739.6300999999992
[15, 50] - 683.7175000000002
[11, 50] - 708.927099999999
[27, 50] - 757.5650999999997
[38, 50] - 810.1079000000002
[50, 54] - 767.8309000000004
[50, 21] - 733.4834000000006
[72, 50] - 801.5910999999979
[50, 74] - 830.2055999999992
[17, 50] - 838.9473999999998
[66, 50, 31] - 643.9816659999992
[50, 62, 31] - 647.1932320000006
[7, 50, 31] - 672.3091030000003
[60, 50, 31] - 659.2107159999997
[50, 52, 31] - 664.559904
[29, 50, 31] - 667.6519640000013
[58, 50, 31] - 668.2054750000001
[50, 40, 31] - 674.5541429999995
[46, 7, 50] - 644.8542569999997
[46, 29, 50] - 641.1435
[46, 58, 50] - 642.0047490000002
[46, 50, 40] - 649.097094
[44, 50, 62] - 656.9778780000003
[44, 7, 50] - 668.1930129999996
[44, 60, 50] - 649.2804849999991
[44, 50, 52] - 658.5319070000004
[44, 29, 50] - 666.3383150000001
[44, 58, 50] - 667.2158290000017
[44, 50, 40] - 668.9655629999999
[50, 42, 64] - 644.757077000001
[5, 50, 64] - 648.7495910000002
[56, 50, 64] - 660.3907499999991
[34, 50, 64] - 662.6676029999998
[66, 50, 64] - 661.4119139999998
[50, 62, 64] - 673.3081179999983
[7, 50, 64] - 690.7941060000004
[36, 50, 64] - 657.2621119999993
[60, 50, 64] - 675.1835599999994
[50, 52, 64] - 685.8310050000007
[29, 50, 64] - 687.8950429999982
[58, 50, 64] - 690.3335770000002
[50, 40, 64] - 695.6490579999992
[9, 50, 42] - 639.7099560000011
[5, 50, 42] - 655.585699
[48, 50, 42] - 641.6270869999985
[56, 50, 42] - 667.4352839999991
[34, 50, 42] - 670.370071000001
[66, 50, 42] - 675.6506850000006
[50, 62, 42] - 680.6233640000004
[7, 50, 42] - 696.8015490000003
[36, 50, 42] - 663.698859
[60, 50, 42] - 685.2310289999986
[50, 52, 42] - 692.6086590000007
[29, 50, 42] - 700.3282580000005
[58, 50, 42] - 697.7632860000001
[50, 40, 42] - 701.9631919999995
[25, 3, 50] - 657.7124050000004
[3, 9, 50] - 688.564891
[3, 5, 50] - 697.2030890000004
[3, 48, 50] - 692.1353979999996
[56, 3, 50] - 719.6257169999998
[34, 3, 50] - 714.581114000001
[66, 3, 50] - 720.4110559999987
[3, 50, 62] - 731.868914
[3, 7, 50] - 757.0050249999998
[36, 3, 50] - 718.4291430000002
[3, 60, 50] - 740.895673
[3, 50, 52] - 748.5549909999991
[3, 29, 50] - 756.8513369999994
[58, 3, 50] - 753.8070510000009
[3, 50, 40] - 758.098599
[25, 9, 50] - 662.1950520000003
[25, 5, 50] - 675.1186520000001
[25, 48, 50] - 691.0953089999987
[56, 25, 50] - 697.1474259999994
[34, 25, 50] - 694.2983570000002
[66, 25, 50] - 704.5762410000002
[25, 50, 62] - 714.4960330000024
[25, 7, 50] - 735.8562639999991
[36, 25, 50] - 707.981491
[25, 60, 50] - 723.1494720000003
[25, 50, 52] - 728.376014999999
[25, 29, 50] - 733.6891110000012
[58, 25, 50] - 734.7176559999997
[25, 50, 40] - 736.7391519999995
[5, 9, 50] - 702.7402559999991
[48, 9, 50] - 688.1817560000007
[56, 9, 50] - 730.5811279999997
[34, 9, 50] - 721.8103050000009
[66, 9, 50] - 715.9388630000009
[9, 50, 62] - 740.8602180000005
[7, 9, 50] - 757.2791800000006
[36, 9, 50] - 719.9208690000013
[9, 60, 50] - 741.1901569999993
[9, 50, 52] - 749.1559590000004
[29, 9, 50] - 760.1321919999991
[58, 9, 50] - 757.4883500000007
[9, 50, 40] - 761.5981000000018
[48, 5, 50] - 697.7681019999986
[56, 5, 50] - 730.6350460000002
[34, 5, 50] - 745.6812530000028
[66, 5, 50] - 736.417642000001
[5, 50, 62] - 750.6438350000001
[5, 7, 50] - 768.9310650000012
[36, 5, 50] - 730.657689
[5, 60, 50] - 751.7288820000022
[5, 50, 52] - 760.6247300000006
[5, 29, 50] - 768.8599610000001
[58, 5, 50] - 767.1830039999991
[5, 50, 40] - 774.0169480000005
[56, 48, 50] - 722.9081110000012
[34, 48, 50] - 719.6310510000014
[66, 48, 50] - 734.2714150000004
[48, 50, 62] - 738.7165150000005
[48, 7, 50] - 764.1088630000005
[36, 48, 50] - 749.0947669999995
[48, 60, 50] - 752.1880199999983
[48, 50, 52] - 756.2503280000006
[48, 29, 50] - 761.6623170000015
[58, 48, 50] - 762.3602
[48, 50, 40] - 767.8619109999983
[34, 56, 50] - 755.5516590000003
[66, 56, 50] - 750.7382259999999
[56, 50, 62] - 782.8916159999997
[56, 7, 50] - 792.2019290000003
[56, 36, 50] - 753.1859980000008
[56, 60, 50] - 773.9141399999996
[56, 50, 52] - 787.5389199999979
[56, 29, 50] - 792.7893609999985
[56, 58, 50] - 792.2179899999994
[56, 50, 40] - 797.9194430000002
[66, 34, 50] - 752.6918370000003
[34, 50, 62] - 769.8341390000002
[34, 7, 50] - 789.584327000001
[34, 36, 50] - 751.1426229999998
[34, 60, 50] - 771.2308439999996
[34, 50, 52] - 782.3830400000006
[34, 29, 50] - 790.7169040000001
[34, 58, 50] - 787.4055180000006
[34, 50, 40] - 794.5378419999989
[66, 50, 62] - 766.898986
[66, 7, 50] - 791.2287000000007
[66, 36, 50] - 752.4621379999986
[66, 60, 50] - 783.9385800000002
[66, 50, 52] - 783.110042999999
[66, 29, 50] - 790.7469050000008
[66, 58, 50] - 790.5829620000002
[66, 50, 40] - 795.2048339999996
[7, 50, 62] - 808.4824939999993
[36, 50, 62] - 770.32482
[60, 50, 62] - 791.9447700000007
[50, 62, 52] - 799.8867329999989
[29, 50, 62] - 811.0671430000003
[58, 50, 62] - 809.8251379999981
[50, 40, 62] - 814.575946000001
[36, 7, 50] - 793.8884189999997
[7, 60, 50] - 814.8431769999994
[7, 50, 52] - 825.3169180000002
[29, 7, 50] - 830.518135000001
[58, 7, 50] - 831.3017909999999
[7, 50, 40] - 837.3281219999993
[36, 60, 50] - 775.7625830000004
[36, 50, 52] - 783.7031599999999
[36, 29, 50] - 791.6520119999976
[58, 36, 50] - 793.8242980000011
[36, 50, 40] - 797.4876340000017
[60, 50, 52] - 805.6556800000014
[29, 60, 50] - 812.0507530000003
[58, 60, 50] - 812.3440009999983
[60, 50, 40] - 818.4748560000004
[29, 50, 52] - 823.739708000001
[58, 50, 52] - 821.8137479999988
[50, 40, 52] - 829.7938730000001
[58, 29, 50] - 831.458044000001
[29, 50, 40] - 836.9375729999989
[58, 50, 40] - 837.7443929999993
[68, 70] - 734.9050999999989
[68, 15] - 699.9966000000004
[11, 68] - 734.0982999999998
[68, 27] - 741.095999999998
[68, 38] - 799.6281999999998
[68, 54] - 819.1688999999988
[68, 21] - 821.0789999999993
[68, 72] - 819.5837999999992
[56, 68, 74] - 667.3046259999996
[34, 68, 74] - 653.2662790000011
[68, 62, 74] - 655.98925
[68, 7, 74] - 650.2952619999998
[68, 36, 74] - 647.7622110000002
[68, 60, 74] - 650.6834719999999
[68, 52, 74] - 673.3017020000016
[68, 29, 74] - 670.0810209999996
[68, 58, 74] - 671.9798750000014
[68, 40, 74] - 667.4027719999999
[56, 68, 17] - 656.4553410000013
[34, 68, 17] - 640.5733189999995
[68, 17, 60] - 641.3811610000006
[68, 17, 52] - 657.3832519999991
[68, 17, 29] - 657.9769909999995
[68, 58, 17] - 659.8736989999999
[68, 17, 40] - 656.1926440000005
[68, 31] - 818.4864999999994
[56, 68, 46] - 645.4238960000006
[68, 46, 52] - 651.4002450000002
[68, 46, 29] - 643.7236279999987
[68, 46, 58] - 647.689695999999
[68, 46, 40] - 644.6226950000005
[44, 68, 25] - 643.343587
[44, 68, 9] - 649.6973920000003
[44, 68, 5] - 669.7842099999995
[44, 68, 48] - 653.1636599999998
[44, 56, 68] - 705.9528860000005
[44, 34, 68] - 699.5139350000017
[66, 44, 68] - 657.9570970000007
[44, 68, 62] - 693.4316209999997
[44, 68, 7] - 681.8353870000007
[44, 68, 36] - 683.1326489999992
[44, 68, 60] - 690.5125349999989
[44, 68, 52] - 713.6098210000014
[44, 68, 29] - 711.489746000001
[44, 68, 58] - 713.769634
[44, 68, 40] - 706.6701800000001
[68, 42, 64] - 639.7034449999999
[68, 5, 64] - 655.7739860000001
[68, 48, 64] - 642.6500009999994
[56, 68, 64] - 687.4229469999998
[34, 68, 64] - 680.6022100000016
[66, 68, 64] - 646.8425789999999
[68, 62, 64] - 678.9749780000006
[68, 7, 64] - 662.3019519999988
[68, 36, 64] - 669.3803649999996
[68, 60, 64] - 672.5622939999996
[68, 52, 64] - 692.6257079999997
[68, 29, 64] - 690.2069740000005
[68, 58, 64] - 692.7771930000007
[68, 40, 64] - 696.6193230000007
[68, 9, 42] - 640.7084619999999
[68, 5, 42] - 666.950920999999
[68, 48, 42] - 652.7355830000006
[56, 68, 42] - 696.592277000001
[34, 68, 42] - 691.6492550000005
[66, 68, 42] - 666.4439880000018
[68, 62, 42] - 682.4097190000006
[68, 7, 42] - 669.3737690000003
[68, 36, 42] - 676.1432749999994
[68, 60, 42] - 686.3512810000003
[68, 52, 42] - 698.6933069999991
[68, 29, 42] - 704.2003539999996
[68, 58, 42] - 700.3052529999984
[68, 40, 42] - 701.544750000002
[68, 3, 9] - 650.5022110000011
[68, 3, 5] - 671.873410000001
[68, 3, 48] - 660.2117450000001
[56, 68, 3] - 711.2355470000002
[34, 68, 3] - 699.962289
[66, 68, 3] - 670.7870200000008
[68, 3, 62] - 700.6236999999993
[68, 3, 7] - 692.4105990000005
[68, 36, 3] - 689.5525549999999
[68, 3, 60] - 699.9999429999995
[68, 3, 52] - 715.3881229999995
[68, 3, 29] - 719.6219860000015
[68, 58, 3] - 716.4086780000011
[68, 3, 40] - 710.7348670000009
[68, 25, 9] - 672.7038580000012
[68, 25, 5] - 697.392969000002
[68, 25, 48] - 712.9303599999987
[56, 68, 25] - 740.9035359999993
[34, 68, 25] - 729.7986160000011
[66, 68, 25] - 700.5563050000001
[68, 25, 62] - 728.5089590000007
[68, 25, 7] - 719.4049510000004
[68, 36, 25] - 731.1063149999997
[68, 25, 60] - 735.1770539999995
[68, 25, 52] - 748.0945530000006
[68, 25, 29] - 747.4155800000009
[68, 58, 25] - 748.6675310000011
[68, 25, 40] - 744.0760480000006
[68, 5, 9] - 713.9247490000008
[68, 48, 9] - 696.1043900000005
[56, 68, 9] - 751.6145590000018
[34, 68, 9] - 740.5482640000002
[66, 68, 9] - 699.594252999999
[68, 9, 62] - 736.7407479999997
[68, 7, 9] - 723.0649390000013
[68, 36, 9] - 727.0898930000008
[68, 9, 60] - 737.9811920000002
[68, 9, 52] - 755.0059579999988
[68, 29, 9] - 757.2705639999991
[68, 58, 9] - 757.9434590000006
[68, 9, 40] - 754.4278510000006
[68, 48, 5] - 716.8931229999993
[56, 68, 5] - 771.3736610000008
[34, 68, 5] - 776.2654070000002
[66, 68, 5] - 730.9970699999998
[68, 5, 62] - 759.2228799999997
[68, 5, 7] - 750.4955570000003
[68, 36, 5] - 749.1280809999987
[68, 5, 60] - 757.7462420000002
[68, 5, 52] - 777.0399629999989
[68, 5, 29] - 778.7697180000007
[68, 58, 5] - 779.3633359999999
[68, 5, 40] - 776.6245009999998
[56, 68, 48] - 762.4746859999997
[34, 68, 48] - 751.7497399999992
[66, 68, 48] - 723.6597730000009
[68, 48, 62] - 747.4350309999999
[68, 48, 7] - 740.0396590000001
[68, 36, 48] - 764.8275219999974
[68, 48, 60] - 757.9232849999988
[68, 48, 52] - 771.2880969999992
[68, 48, 29] - 768.6508840000008
[68, 58, 48] - 771.5586899999994
[68, 48, 40] - 765.885465
[34, 56, 68] - 803.5752520000016
[66, 56, 68] - 764.7043990000004
[56, 68, 62] - 802.8524260000019
[56, 68, 7] - 792.0867029999997
[56, 68, 36] - 793.5485169999998
[56, 68, 60] - 801.7238460000003
[56, 68, 52] - 823.8990119999987
[56, 68, 29] - 822.8711919999998
[56, 68, 58] - 825.4487969999999
[56, 68, 40] - 820.4778000000017
[66, 34, 68] - 758.385411
[34, 68, 62] - 790.9131679999998
[34, 68, 7] - 783.8157449999991
[34, 68, 36] - 781.903681
[34, 68, 60] - 792.0888889999995
[34, 68, 52] - 810.3865000000004
[34, 68, 29] - 813.0121609999982
[34, 68, 58] - 812.9968210000021
[34, 68, 40] - 809.3649009999987
[66, 68, 62] - 753.3534109999997
[66, 68, 7] - 743.1131010000004
[66, 68, 36] - 740.9203579999994
[66, 68, 60] - 767.3324729999999
[66, 68, 52] - 770.8198170000012
[66, 68, 29] - 772.2906110000005
[66, 68, 58] - 773.7403040000015
[66, 68, 40] - 767.8285550000008
[68, 7, 62] - 778.466026000001
[68, 36, 62] - 780.8043590000008
[68, 60, 62] - 789.9168880000012
[68, 62, 52] - 808.5281629999987
[68, 29, 62] - 809.3885789999997
[68, 58, 62] - 811.3761130000009
[68, 40, 62] - 811.9640929999996
[68, 36, 7] - 769.4881579999984
[68, 7, 60] - 778.650323
[68, 7, 52] - 800.2273920000008
[68, 29, 7] - 798.540795999999
[68, 58, 7] - 799.1887789999995
[68, 7, 40] - 796.6059680000014
[68, 36, 60] - 780.7236620000004
[68, 36, 52] - 799.75828
[68, 36, 29] - 800.8329419999994
[68, 58, 36] - 805.1464229999999
[68, 36, 40] - 798.0959159999985
[68, 60, 52] - 808.8213919999996
[68, 29, 60] - 808.3039310000013
[68, 58, 60] - 809.4343670000007
[68, 60, 40] - 806.5589150000002
[68, 29, 52] - 828.0532859999993
[68, 58, 52] - 830.6886250000003
[68, 40, 52] - 826.8340559999988
[68, 58, 29] - 830.8097640000002
[68, 29, 40] - 826.0779419999999
[68, 58, 40] - 829.3827780000014
[15, 70] - 748.8815999999979
[11, 70] - 800.760099999999
[27, 70] - 668.2556
[44, 38, 70] - 642.2051900000004
[38, 70, 64] - 667.7419230000013
[38, 70, 42] - 685.0707160000005
[3, 38, 70] - 701.7186510000006
[25, 38, 70] - 660.7219760000008
[38, 9, 70] - 736.7060919999983
[5, 38, 70] - 755.7292230000005
[48, 38, 70] - 693.5908230000009
[56, 38, 70] - 736.6760579999997
[34, 38, 70] - 749.5676499999994
[66, 38, 70] - 719.793350000002
[38, 70, 62] - 747.5747820000006
[38, 7, 70] - 757.0106030000014
[36, 38, 70] - 726.2912740000012
[38, 70, 60] - 752.8314610000001
[38, 70, 52] - 758.2052809999997
[38, 29, 70] - 767.1828260000002
[58, 38, 70] - 767.2763870000002
[38, 70, 40] - 775.2136420000006
[70, 54] - 782.9301999999984
[70, 21] - 760.9429000000002
[70, 72] - 836.6241000000009
[9, 70, 74] - 641.5511130000003
[5, 70, 74] - 648.1533720000002
[56, 70, 74] - 655.902291000002
[34, 70, 74] - 646.733764999999
[70, 62, 74] - 649.9473859999994
[7, 70, 74] - 659.4968609999992
[70, 60, 74] - 648.4873820000007
[70, 52, 74] - 659.6289989999993
[29, 70, 74] - 667.6688700000007
[58, 70, 74] - 665.4622819999996
[70, 40, 74] - 671.9830999999986
[3, 17, 70] - 640.3456669999998
[17, 9, 70] - 671.6962439999996
[5, 17, 70] - 674.3295450000013
[56, 17, 70] - 672.0776999999998
[34, 17, 70] - 677.7930710000009
[66, 17, 70] - 653.1092859999986
[17, 70, 62] - 681.3217590000003
[17, 7, 70] - 692.723915
[36, 17, 70] - 662.3962249999996
[17, 70, 60] - 683.044856
[17, 70, 52] - 693.2823450000001
[17, 29, 70] - 702.6242070000004
[58, 17, 70] - 698.9656659999996
[17, 70, 40] - 707.294865
[3, 70, 31] - 645.7519579999991
[9, 70, 31] - 643.2145320000005
[5, 70, 31] - 661.9653460000011
[56, 70, 31] - 643.2116949999988
[34, 70, 31] - 662.7888030000001
[66, 70, 31] - 641.2571020000005
[70, 62, 31] - 662.0520080000001
[7, 70, 31] - 675.7123669999987
[36, 70, 31] - 647.3547730000003
[70, 60, 31] - 672.1229500000005
[70, 52, 31] - 674.7277079999992
[29, 70, 31] - 679.4506460000016
[58, 70, 31] - 678.9883490000009
[70, 40, 31] - 687.2779290000002
[46, 70, 40] - 643.4191630000008
[44, 9, 70] - 671.5086479999986
[44, 5, 70] - 680.4428119999998
[44, 56, 70] - 672.0589550000009
[44, 34, 70] - 681.2504829999996
[66, 44, 70] - 647.6543160000007
[44, 70, 62] - 683.9887050000004
[44, 7, 70] - 695.0893010000004
[44, 36, 70] - 662.1747079999994
[44, 70, 60] - 685.1866949999999
[44, 70, 52] - 693.9078489999999
[44, 29, 70] - 702.4750050000002
[44, 58, 70] - 700.734771
[44, 70, 40] - 706.2285629999989
[70, 42, 64] - 696.7595129999994
[3, 70, 64] - 682.0195179999997
[9, 70, 64] - 698.605723
[5, 70, 64] - 716.2239030000013
[48, 70, 64] - 663.7329009999994
[56, 70, 64] - 699.6627300000004
[34, 70, 64] - 713.3996280000006
[66, 70, 64] - 685.6566420000007
[70, 62, 64] - 712.0781830000008
[7, 70, 64] - 721.5809410000013
[36, 70, 64] - 693.6999220000001
[70, 60, 64] - 713.5382090000008
[70, 52, 64] - 722.8987200000008
[29, 70, 64] - 729.2477
[58, 70, 64] - 730.0259529999997
[70, 40, 64] - 737.8860270000007
[3, 70, 42] - 686.188645
[25, 70, 42] - 639.6644159999988
[9, 70, 42] - 714.0031699999997
[5, 70, 42] - 731.6755020000005
[48, 70, 42] - 679.518545
[56, 70, 42] - 717.6255100000004
[34, 70, 42] - 730.4681140000007
[66, 70, 42] - 710.3605619999995
[70, 62, 42] - 727.1464460000007
[7, 70, 42] - 737.8899800000002
[36, 70, 42] - 706.5206129999988
[70, 60, 42] - 735.6711479999999
[70, 52, 42] - 740.0797059999998
[29, 70, 42] - 749.3610510000008
[58, 70, 42] - 747.2551920000005
[70, 40, 42] - 754.7938100000015
[25, 3, 70] - 669.1806420000003
[3, 9, 70] - 747.024731999999
[3, 5, 70] - 757.7278749999982
[3, 48, 70] - 715.0046940000001
[56, 3, 70] - 750.9047749999994
[34, 3, 70] - 759.7991189999993
[66, 3, 70] - 736.4277989999994
[3, 70, 62] - 767.2650300000004
[3, 7, 70] - 777.5738749999999
[36, 3, 70] - 743.756665000001
[3, 70, 60] - 769.7318179999986
[3, 70, 52] - 777.4313649999993
[3, 29, 70] - 786.057270999999
[58, 3, 70] - 782.7427939999994
[3, 70, 40] - 790.9664850000013
[25, 9, 70] - 698.7959160000003
[25, 5, 70] - 711.2724360000011
[25, 48, 70] - 684.4580960000009
[56, 25, 70] - 700.6588080000013
[34, 25, 70] - 711.0888560000003
[66, 25, 70] - 687.1965890000015
[25, 70, 62] - 715.5727620000004
[25, 7, 70] - 726.5951259999996
[36, 25, 70] - 704.3167290000001
[25, 70, 60] - 721.4244760000014
[25, 70, 52] - 727.238216
[25, 29, 70] - 735.3858950000007
[58, 25, 70] - 733.759105
[25, 70, 40] - 737.9027510000012
[5, 70, 9] - 791.6716490000001
[48, 70, 9] - 739.6189160000004
[56, 70, 9] - 785.5460529999984
[34, 70, 9] - 794.6804500000007
[66, 70, 9] - 757.7226669999997
[70, 9, 62] - 796.404744999999
[7, 70, 9] - 807.6292540000002
[36, 70, 9] - 772.3943449999997
[70, 9, 60] - 796.1705509999998
[70, 9, 52] - 805.7706570000001
[29, 70, 9] - 815.8192909999988
[58, 70, 9] - 815.5912150000008
[70, 9, 40] - 821.0640089999996
[48, 5, 70] - 750.5402040000006
[56, 5, 70] - 790.8359890000007
[34, 5, 70] - 819.778723
[66, 5, 70] - 774.7812379999997
[5, 70, 62] - 806.8915610000004
[5, 7, 70] - 820.2054790000001
[36, 5, 70] - 783.4385579999994
[5, 70, 60] - 808.1717080000009
[5, 70, 52] - 819.5094349999996
[5, 29, 70] - 827.7413779999999
[58, 5, 70] - 824.8777389999992
[5, 70, 40] - 834.1332760000015
[56, 48, 70] - 739.7298550000011
[34, 48, 70] - 753.4868440000001
[66, 48, 70] - 734.0530119999995
[48, 70, 62] - 754.1674980000006
[48, 7, 70] - 768.1552219999983
[36, 48, 70] - 762.5928150000009
[48, 70, 60] - 766.0342360000012
[48, 70, 52] - 767.671531000001
[48, 29, 70] - 776.8507059999993
[58, 48, 70] - 776.6057949999994
[48, 70, 40] - 783.5335609999981
[34, 56, 70] - 794.728891
[66, 56, 70] - 760.5839690000005
[56, 70, 62] - 798.8763670000001
[56, 7, 70] - 807.0452390000005
[56, 36, 70] - 773.0205800000011
[56, 70, 60] - 798.7278290000006
[56, 70, 52] - 809.307691
[56, 29, 70] - 817.5830619999999
[56, 58, 70] - 816.049636999999
[56, 70, 40] - 823.2813469999983
[66, 34, 70] - 773.5458240000024
[34, 70, 62] - 807.9763100000007
[34, 7, 70] - 820.8382350000004
[34, 36, 70] - 785.8666380000001
[34, 70, 60] - 810.2941480000012
[34, 70, 52] - 820.1065080000018
[34, 29, 70] - 830.8388119999996
[34, 58, 70] - 829.0673989999992
[34, 70, 40] - 836.3868849999985
[66, 70, 62] - 776.1644330000004
[66, 7, 70] - 786.5886219999988
[66, 36, 70] - 751.7462129999997
[66, 70, 60] - 791.5498710000005
[66, 70, 52] - 787.9616569999997
[66, 29, 70] - 796.5184190000003
[66, 58, 70] - 795.5543919999999
[66, 70, 40] - 801.48959
[7, 70, 62] - 821.139105999999
[36, 70, 62] - 787.6134800000007
[70, 60, 62] - 811.6581299999993
[70, 62, 52] - 821.6616769999995
[29, 70, 62] - 833.4935829999988
[58, 70, 62] - 830.986447
[70, 40, 62] - 839.6343040000006
[36, 7, 70] - 798.8877800000004
[7, 70, 60] - 824.9961690000002
[7, 70, 52] - 834.4253339999977
[7, 29, 70, 40] - 639.9113166800015
[58, 7, 70] - 842.5295990000002
[36, 70, 60] - 791.4009810000002
[36, 70, 52] - 799.2050169999998
[36, 29, 70] - 809.9112039999999
[58, 36, 70] - 809.084093999998
[36, 70, 40] - 815.3748829999993
[70, 60, 52] - 825.4436940000015
[29, 70, 60] - 833.9436560000013
[58, 70, 60] - 832.0779439999992
[70, 60, 40] - 839.6051890000007
[29, 70, 40, 52] - 639.6915181400001
[58, 70, 52] - 840.2130269999994
[58, 29, 70, 40] - 645.8537190499987
[11, 15, 17] - 662.4289510000006
[11, 56, 15] - 656.3510090000008
[66, 11, 15] - 651.8067600000002
[11, 15, 62] - 641.4515839999997
[11, 15, 7] - 671.7472370000017
[11, 36, 15] - 644.9569139999994
[11, 15, 60] - 670.2289179999999
[11, 15, 52] - 679.0010840000011
[11, 15, 29] - 682.7810970000013
[11, 58, 15] - 681.6835820000002
[11, 15, 40] - 679.1086919999998
[15, 27] - 799.5259000000002
[15, 38] - 743.9638000000001
[15, 54] - 753.2826000000001
[15, 21] - 826.5531999999992
[66, 15, 72] - 642.2409859999995
[15, 29, 72] - 639.513986
[58, 15, 72] - 639.2096839999987
[15, 72, 40] - 640.7768290000002
[15, 74] - 835.4017999999992
[15, 17, 31] - 657.7772410000002
[15, 17, 42] - 694.4311369999991
[3, 15, 17] - 751.529039
[25, 15, 17] - 709.4771089999998
[15, 17, 9] - 725.4746810000005
[15, 5, 17] - 726.7698619999994
[48, 15, 17] - 764.9889319999999
[56, 15, 17] - 767.802046
[34, 15, 17] - 765.1782029999993
[66, 15, 17] - 778.4214379999984
[15, 17, 62] - 764.3623609999988
[15, 17, 7] - 804.1838799999991
[36, 15, 17] - 781.6258460000004
[15, 17, 60] - 807.7990700000014
[15, 17, 52] - 811.7731500000007
[15, 17, 29] - 816.9355850000009
[58, 15, 17] - 817.5436310000005
[15, 17, 40] - 815.4354009999993
[3, 15, 31] - 656.3164239999995
[34, 15, 31] - 641.787426
[66, 15, 31] - 661.952237
[15, 7, 31] - 674.7846029999994
[36, 15, 31] - 651.6880629999998
[15, 60, 31] - 677.8392439999997
[15, 52, 31] - 678.835022
[15, 29, 31] - 682.9578520000015
[58, 15, 31] - 681.4754659999996
[15, 40, 31] - 685.0837420000004
[66, 46, 15] - 644.946425
[46, 15, 7] - 659.3544109999995
[46, 15, 60] - 659.132751000001
[46, 15, 52] - 669.4333919999992
[46, 15, 29] - 668.5591889999992
[46, 58, 15] - 669.0180869999987
[46, 15, 40] - 668.1596460000013
[44, 15] - 835.4973999999985
[15, 7, 64] - 642.3168869999998
[15, 60, 64] - 644.4167140000006
[15, 52, 64] - 648.1349129999995
[15, 29, 64] - 649.6929850000005
[58, 15, 64] - 651.2052020000007
[15, 40, 64] - 657.8601229999999
[3, 15, 42] - 663.427555999999
[15, 9, 42] - 649.7586159999993
[15, 5, 42] - 666.9077840000008
[48, 15, 42] - 674.3338460000007
[56, 15, 42] - 681.4600510000012
[34, 15, 42] - 687.1506490000003
[66, 15, 42] - 703.1782549999996
[15, 62, 42] - 676.7431730000003
[15, 7, 42] - 709.3912320000005
[36, 15, 42] - 688.2244580000004
[15, 60, 42] - 717.0108820000007
[15, 52, 42] - 718.1308820000003
[15, 29, 42] - 724.2045090000005
[58, 15, 42] - 722.4033719999995
[15, 40, 42] - 720.9519319999986
[25, 3, 15] - 674.4798030000003
[3, 15, 9] - 705.8504479999989
[3, 15, 5] - 707.1385190000009
[3, 48, 15] - 736.1380930000004
[56, 3, 15] - 741.9090259999989
[34, 3, 15] - 735.9094780000007
[66, 3, 15] - 755.8975499999998
[3, 15, 62] - 738.652261
[3, 15, 7] - 778.6569520000006
[36, 3, 15] - 750.9384490000014
[3, 15, 60] - 773.6089430000006
[3, 15, 52] - 782.1064869999994
[3, 15, 29] - 792.9202020000005
[58, 3, 15] - 786.2131329999997
[3, 15, 40] - 781.9154520000009
[25, 15, 9] - 652.4399510000006
[25, 15, 5] - 658.5850600000008
[25, 48, 15] - 703.8320209999997
[56, 25, 15] - 693.219912999999
[34, 25, 15] - 691.969910999999
[66, 25, 15] - 705.8214769999998
[25, 15, 62] - 693.8273539999997
[25, 15, 7] - 728.2384029999992
[36, 25, 15] - 714.1606949999997
[25, 15, 60] - 731.1201109999992
[25, 15, 52] - 738.3767490000001
[25, 15, 29] - 742.3064050000017
[58, 25, 15] - 742.469647999999
[25, 15, 40] - 736.7575580000006
[15, 5, 9] - 685.5561879999996
[48, 15, 9] - 710.5941639999995
[56, 15, 9] - 728.046734999999
[34, 15, 9] - 721.7720749999992
[66, 15, 9] - 724.1416259999993
[15, 9, 62] - 715.6688810000005
[15, 7, 9] - 748.0066509999987
[36, 15, 9] - 723.8057889999995
[15, 9, 60] - 754.1627199999988
[15, 9, 52] - 758.5054969999994
[15, 29, 9] - 763.3176519999985
[58, 15, 9] - 761.0934510000009
[15, 9, 40] - 758.8798219999996
[48, 15, 5] - 709.7551100000002
[56, 15, 5] - 714.0490679999994
[34, 15, 5] - 743.854044999999
[66, 15, 5] - 735.4475899999996
[15, 5, 62] - 717.305554
[15, 5, 7] - 751.1764469999987
[36, 15, 5] - 725.1639840000009
[15, 5, 60] - 751.8506190000002
[15, 5, 52] - 755.8280189999989
[15, 5, 29] - 764.9806529999987
[58, 15, 5] - 761.8298689999999
[15, 5, 40] - 760.6725399999981
[56, 15, 48] - 746.633739
[34, 15, 48] - 747.7357960000004
[66, 15, 48] - 759.3945309999981
[15, 48, 62] - 744.5826709999991
[15, 48, 7] - 784.6255339999988
[36, 15, 48] - 787.7840979999988
[15, 48, 60] - 787.996152000001
[15, 48, 52] - 793.7454369999999
[15, 48, 29] - 798.7318119999992
[58, 15, 48] - 799.5211929999994
[15, 48, 40] - 795.9111729999998
[34, 56, 15] - 757.6283670000009
[66, 56, 15] - 761.433333000001
[56, 15, 62] - 757.9991869999991
[56, 15, 7] - 787.1298839999995
[56, 36, 15] - 762.1203090000013
[56, 15, 60] - 790.022599000001
[56, 15, 52] - 797.8054219999996
[56, 15, 29] - 801.4696249999986
[56, 58, 15] - 801.3384190000003
[56, 15, 40] - 796.8294160000014
[66, 34, 15] - 765.3699170000004
[34, 15, 62] - 749.6364580000005
[34, 15, 7] - 787.8238919999984
[34, 36, 15] - 762.4278939999992
[34, 15, 60] - 787.8134860000007
[34, 15, 52] - 793.3957669999986
[34, 15, 29] - 801.2893729999995
[34, 58, 15] - 799.1344999999999
[34, 15, 40] - 797.9239149999994
[66, 15, 62] - 761.0496709999998
[66, 15, 7] - 799.6508310000016
[66, 36, 15] - 774.7000110000006
[66, 15, 60] - 804.9661969999995
[66, 15, 52] - 807.2435679999993
[66, 15, 29] - 813.3570030000004
[66, 58, 15] - 813.9443469999995
[66, 15, 40] - 811.5277729999988
[15, 7, 62] - 781.7962920000001
[36, 15, 62] - 758.668552000001
[15, 60, 62] - 786.881288
[15, 62, 52] - 789.4918329999995
[15, 29, 62] - 799.5302579999992
[58, 15, 62] - 799.5686439999976
[15, 40, 62] - 798.7030289999994
[36, 15, 7] - 800.0063810000007
[15, 7, 60] - 827.1148669999988
[15, 7, 52] - 832.3984769999993
[15, 29, 7] - 838.2400469999999
[58, 15, 7] - 836.2208320000002
[15, 7, 40] - 835.6452849999988
[36, 15, 60] - 803.5466299999999
[36, 15, 52] - 807.7121459999987
[36, 15, 29] - 812.853125
[58, 36, 15] - 815.8473110000007
[36, 15, 40] - 810.8475149999991
[15, 60, 52] - 834.6412559999993
[15, 29, 60] - 838.9507849999999
[58, 15, 60] - 840.2615189999989
[15, 60, 40] - 838.6799410000008
[15, 29, 52] - 845.6286110000004
[58, 15, 52] - 844.5920659999995
[15, 40, 52] - 842.8006010000003
[58, 15, 29] - 852.1284759999995
[15, 29, 40] - 849.575602
[58, 15, 40] - 849.1837630000011
[11, 27] - 854.0138000000001
[11, 38] - 834.6422000000001
[11, 52, 54] - 650.9425319999989
[11, 29, 54] - 651.0200810000005
[11, 58, 54] - 654.3127609999992
[11, 40, 54] - 648.9978990000002
[11, 21] - 817.7877000000001
[11, 72] - 841.8865999999996
[11, 9, 74] - 652.3758519999982
[11, 56, 74] - 676.3911370000002
[11, 34, 74] - 652.5077409999998
[66, 11, 74] - 641.2127910000003
[11, 62, 74] - 677.3969730000007
[11, 7, 74] - 674.4241789999995
[11, 36, 74] - 656.3782370000001
[11, 60, 74] - 677.3537030000017
[11, 52, 74] - 697.1192340000007
[11, 29, 74] - 695.7303189999999
[11, 58, 74] - 697.0954790000004
[11, 40, 74] - 694.9781819999995
[11, 17, 42] - 643.2654399999984
[11, 3, 17] - 693.5614770000007
[11, 25, 17] - 640.8191510000004
[11, 17, 9] - 723.6965200000004
[11, 5, 17] - 685.3308390000007
[11, 48, 17] - 696.6392790000002
[11, 56, 17] - 737.032444000001
[11, 34, 17] - 720.1007229999997
[66, 11, 17] - 721.2052599999994
[11, 17, 62] - 730.0982569999996
[11, 17, 7] - 747.2751970000006
[11, 36, 17] - 728.3070609999986
[11, 17, 60] - 745.6335550000003
[11, 17, 52] - 764.5366689999997
[11, 17, 29] - 766.3405509999998
[11, 58, 17] - 767.4800469999999
[11, 17, 40] - 766.8039389999996
[11, 3, 31] - 648.4023770000006
[11, 9, 31] - 646.2475840000004
[11, 56, 31] - 663.3580000000003
[11, 34, 31] - 647.6293309999998
[66, 11, 31] - 656.9108110000019
[11, 62, 31] - 663.6518620000005
[11, 7, 31] - 675.0150039999999
[11, 36, 31] - 658.0493429999992
[11, 60, 31] - 683.078984
[11, 52, 31] - 690.5054610000005
[11, 29, 31] - 694.2322430000006
[11, 58, 31] - 692.1094460000002
[11, 40, 31] - 694.7990239999989
[11, 46, 9] - 665.5291759999994
[11, 46, 5] - 650.4801729999986
[11, 46, 48] - 652.975799000001
[11, 56, 46] - 691.0423689999999
[11, 34, 46] - 674.1287239999995
[66, 11, 46] - 670.5437599999996
[11, 46, 62] - 692.8403339999991
[11, 46, 7] - 690.8504960000005
[11, 46, 36] - 681.3579690000009
[11, 46, 60] - 698.0712429999995
[11, 46, 52] - 722.5348739999989
[11, 46, 29] - 717.1868800000002
[11, 46, 58] - 718.3729300000005
[11, 46, 40] - 719.1300980000002
[11, 44, 9] - 665.5527080000006
[11, 44, 5] - 653.1268510000004
[11, 44, 56] - 685.4303560000019
[11, 44, 34] - 666.5347769999981
[66, 11, 44] - 663.1247680000004
[11, 44, 62] - 692.1733529999997
[11, 44, 7] - 688.8172950000006
[11, 44, 36] - 674.1942759999995
[11, 44, 60] - 695.918452999999
[11, 44, 52] - 713.0599539999996
[11, 44, 29] - 712.0267000000005
[11, 44, 58] - 715.3499560000012
[11, 44, 40] - 710.8147500000009
[11, 42, 64] - 656.5840359999997
[11, 9, 64] - 660.8546140000008
[11, 5, 64] - 650.9653219999993
[11, 56, 64] - 679.1927970000002
[11, 34, 64] - 668.4923530000008
[66, 11, 64] - 657.8776840000002
[11, 62, 64] - 676.7134880000013
[11, 7, 64] - 677.1448170000003
[11, 36, 64] - 667.3710050000005
[11, 60, 64] - 684.3596029999997
[11, 52, 64] - 703.4222820000006
[11, 29, 64] - 699.1554710000004
[11, 58, 64] - 702.6890880000008
[11, 40, 64] - 707.4328729999995
[11, 3, 42] - 659.811378999999
[11, 9, 42] - 692.7197850000001
[11, 5, 42] - 683.9119020000005
[11, 48, 42] - 670.0329519999992
[11, 56, 42] - 710.187432000001
[11, 34, 42] - 699.2320479999992
[66, 11, 42] - 703.9209020000001
[11, 62, 42] - 706.2168540000002
[11, 7, 42] - 711.8249069999993
[11, 36, 42] - 696.8905600000004
[11, 60, 42] - 723.2743690000001
[11, 52, 42] - 736.5658940000017
[11, 29, 42] - 738.9000200000005
[11, 58, 42] - 738.529582
[11, 40, 42] - 736.5731199999998
[11, 25, 3] - 663.7304899999993
[11, 3, 9] - 753.9196590000003
[11, 3, 5] - 730.1025790000003
[11, 3, 48] - 727.4360670000011
[11, 56, 3] - 776.7053679999997
[11, 34, 3] - 752.3025130000007
[66, 11, 3] - 755.7236050000009
[11, 3, 62] - 769.0973540000006
[11, 3, 7] - 788.8923589999989
[11, 36, 3] - 758.6094370000001
[11, 3, 60] - 781.2166720000001
[11, 3, 52] - 799.2746099999995
[11, 3, 29] - 807.2674390000011
[11, 58, 3] - 800.4558470000011
[11, 3, 40] - 797.3638759999977
[11, 25, 9] - 697.3646259999992
[11, 25, 5] - 678.9881539999991
[11, 25, 48] - 703.1716489999985
[11, 56, 25] - 718.4652389999998
[11, 34, 25] - 702.0799879999994
[66, 11, 25] - 708.7353639999994
[11, 25, 62] - 724.0221039999992
[11, 25, 7] - 727.7934390000012
[11, 36, 25] - 722.899579999999
[11, 25, 60] - 738.5560190000002
[11, 25, 52] - 753.8334400000001
[11, 25, 29] - 755.1402129999985
[11, 58, 25] - 754.5503809999997
[11, 25, 40] - 750.0749679999996
[11, 5, 9] - 762.8681240000008
[11, 48, 9] - 753.9657570000003
[11, 56, 9] - 806.0967830000002
[11, 34, 9] - 785.870261
[66, 11, 9] - 780.168198999999
[11, 9, 62] - 802.9942660000008
[11, 7, 9] - 804.6425750000006
[11, 36, 9] - 788.5564479999991
[11, 9, 60] - 815.1390110000009
[11, 9, 52] - 832.1858129999991
[11, 29, 9] - 835.8890469999993
[11, 58, 9] - 834.5509620000026
[11, 9, 40] - 832.7116559999995
[11, 48, 5] - 729.160755000001
[11, 56, 5] - 775.2221790000006
[11, 34, 5] - 786.501772999999
[66, 11, 5] - 765.6177000000005
[11, 5, 62] - 782.6579219999985
[11, 5, 7] - 786.1272499999998
[11, 36, 5] - 766.787301
[11, 5, 60] - 790.6344449999999
[11, 5, 52] - 808.7049650000017
[11, 5, 29] - 811.9991170000001
[11, 58, 5] - 810.3620480000005
[11, 5, 40] - 809.6642939999998
[11, 56, 48] - 772.9814830000014
[11, 34, 48] - 756.8944950000003
[66, 11, 48] - 767.8031709999982
[11, 48, 62] - 773.7993339999991
[11, 48, 7] - 782.1455430000002
[11, 36, 48] - 797.5365879999998
[11, 48, 60] - 797.558298
[11, 48, 52] - 810.7264059999987
[11, 48, 29] - 809.2611249999997
[11, 58, 48] - 811.348571
[11, 48, 40] - 809.2274829999999
[11, 34, 56] - 807.3688969999982
[66, 11, 56] - 799.2465230000012
[11, 56, 62] - 826.597499
[11, 56, 7] - 833.7140910000003
[11, 56, 36] - 810.4354869999995
[11, 56, 60] - 833.7759040000007
[11, 56, 29, 52] - 641.1563567300007
[11, 56, 58, 52] - 639.3955083700001
[11, 56, 58, 29] - 640.3901853700011
[11, 56, 40] - 852.3694410000019
[66, 11, 34] - 785.6413460000012
[11, 34, 62] - 805.3727609999976
[11, 34, 7] - 814.4455649999992
[11, 34, 36] - 793.0060449999991
[11, 34, 60] - 817.1997729999997
[11, 34, 52] - 836.4607029999981
[11, 34, 29] - 839.2959360000008
[11, 34, 58] - 836.9891759999992
[11, 34, 40] - 837.7033639999992
[11, 66, 62] - 801.437143
[11, 66, 7] - 809.3702260000007
[11, 66, 36] - 791.5788729999999
[11, 66, 60] - 828.5654599999976
[11, 66, 52] - 834.3321330000001
[11, 66, 29] - 835.6182670000007
[11, 66, 58] - 836.8858729999997
[11, 66, 40] - 835.1479340000012
[11, 7, 62] - 826.0305439999994
[11, 36, 62] - 812.0566030000003
[11, 60, 62] - 836.8043739999994
[11, 40, 62, 52] - 640.6253166200011
[11, 58, 29, 62] - 644.0521939899999
[11, 29, 40, 62] - 645.2425715999996
[11, 58, 40, 62] - 644.3881686699996
[11, 36, 7] - 819.473195999999
[11, 7, 60] - 843.0369260000006
[11, 29, 7, 52] - 646.7555350499997
[11, 58, 7, 52] - 644.5426697399996
[11, 7, 40, 52] - 645.1216917399996
[11, 58, 7, 29] - 647.1400097700016
[11, 7, 29, 40] - 647.6575529099988
[11, 58, 7, 40] - 645.6765497399982
[11, 36, 60] - 827.3001639999993
[11, 36, 52] - 845.5749120000005
[11, 36, 29] - 845.9879409999999
[11, 58, 36] - 849.5881889999997
[11, 36, 40] - 846.002581
[11, 29, 60, 52] - 649.5055250299991
[11, 58, 60, 52] - 649.199526980001
[11, 60, 40, 52] - 649.9466763399996
[11, 58, 29, 60] - 651.4792248600004
[11, 29, 60, 40] - 650.8707668399994
[11, 58, 60, 40] - 650.9712839700005
[11, 58, 29, 52] - 664.7959290800006
[11, 29, 40, 52] - 665.4315530099998
[11, 58, 40, 52] - 664.0479253100006
[11, 58, 29, 40] - 667.6145795899992
[38, 27] - 692.0599999999998
[36, 27, 54] - 639.4352839999989
[27, 60, 54] - 639.4410789999996
[27, 52, 54] - 655.9908629999998
[27, 29, 54] - 659.0791969999991
[58, 27, 54] - 658.5203859999989
[27, 40, 54] - 652.6389720000005
[27, 7, 21] - 648.7703549999991
[36, 27, 21] - 650.8714430000009
[27, 60, 21] - 648.0778230000017
[27, 52, 21] - 658.2197340000007
[27, 29, 21] - 661.1958259999992
[58, 27, 21] - 664.1254010000023
[27, 40, 21] - 655.2839960000003
[27, 72] - 830.5484999999999
[27, 9, 74] - 640.5350000000001
[48, 27, 74] - 669.0594869999993
[56, 27, 74] - 677.9080779999993
[34, 27, 74] - 651.9939249999991
[66, 27, 74] - 646.1064780000007
[27, 62, 74] - 681.4682730000017
[27, 7, 74] - 682.3174290000011
[36, 27, 74] - 684.2154639999995
[27, 60, 74] - 685.6766470000008
[27, 52, 74] - 700.9132700000007
[27, 29, 74] - 703.7921260000004
[58, 27, 74] - 703.1733000000005
[27, 40, 74] - 696.9220930000001
[3, 27, 17] - 662.7256970000001
[25, 27, 17] - 644.631293
[27, 17, 9] - 667.9089760000007
[5, 27, 17] - 641.5861270000005
[48, 27, 17] - 701.2271649999998
[56, 27, 17] - 688.4001250000006
[34, 27, 17] - 679.5179319999987
[66, 27, 17] - 683.1308449999998
[27, 17, 62] - 681.1679540000002
[27, 17, 7] - 711.5412360000004
[36, 27, 17] - 712.8467779999997
[27, 17, 60] - 716.8559599999999
[27, 17, 52] - 727.9114859999996
[27, 17, 29] - 731.5910279999999
[58, 27, 17] - 729.9708360000003
[27, 17, 40] - 726.908785
[48, 27, 31] - 648.4850649999998
[66, 27, 31] - 650.7194249999999
[27, 62, 31] - 639.7125510000003
[27, 7, 31] - 665.4989500000003
[36, 27, 31] - 667.7989450000001
[27, 60, 31] - 676.0820310000007
[27, 52, 31] - 678.6480790000023
[27, 29, 31] - 681.1229459999998
[58, 27, 31] - 682.040579999999
[27, 40, 31] - 684.0835800000012
[46, 3, 27] - 643.6852859999996
[46, 25, 27] - 663.5050019999989
[46, 27, 9] - 653.5630540000009
[46, 5, 27] - 664.4094760000003
[46, 48, 27] - 700.4010669999996
[56, 46, 27] - 691.5716180000007
[34, 46, 27] - 685.8847190000008
[66, 46, 27] - 696.167872
[46, 27, 62] - 700.7569389999999
[46, 27, 7] - 707.6280059999992
[46, 36, 27] - 715.5230530000009
[46, 27, 60] - 720.8966919999997
[46, 27, 52] - 736.2202999999988
[46, 27, 29] - 733.1217719999993
[46, 58, 27] - 733.9083030000002
[46, 27, 40] - 733.0848269999996
[44, 25, 27] - 651.7964550000007
[44, 27, 9] - 653.9341220000011
[44, 5, 27] - 661.8058980000002
[44, 48, 27] - 684.2538500000009
[44, 56, 27] - 681.4251800000009
[44, 34, 27] - 671.8440170000009
[66, 44, 27] - 675.254622
[44, 27, 62] - 691.8791479999991
[44, 27, 7] - 699.019107000001
[44, 36, 27] - 701.1099679999996
[44, 27, 60] - 706.2726579999998
[44, 27, 52] - 721.6914519999993
[44, 27, 29] - 722.3646659999996
[44, 58, 27] - 723.2739139999993
[44, 27, 40] - 715.3692619999997
[48, 27, 64] - 662.8418560000009
[56, 27, 64] - 648.0927340000003
[34, 27, 64] - 650.0658850000007
[66, 27, 64] - 643.0943769999993
[27, 62, 64] - 651.5772699999989
[27, 7, 64] - 663.5522670000005
[36, 27, 64] - 671.910762000001
[27, 60, 64] - 672.2892949999992
[27, 52, 64] - 686.5028099999998
[27, 29, 64] - 684.1266070000008
[58, 27, 64] - 686.2570329999993
[27, 40, 64] - 692.5410670000016
[3, 27, 42] - 643.5549279999997
[25, 27, 42] - 644.4478600000003
[27, 9, 42] - 657.0598759999991
[5, 27, 42] - 667.5513939999994
[48, 27, 42] - 700.6533100000014
[56, 27, 42] - 686.1478149999995
[34, 27, 42] - 684.6838299999987
[66, 27, 42] - 694.710618
[27, 62, 42] - 685.6082380000008
[27, 7, 42] - 701.4818040000015
[36, 27, 42] - 708.0960090000005
[27, 60, 42] - 712.2258639999992
[27, 52, 42] - 724.4841520000012
[27, 29, 42] - 729.5336699999999
[58, 27, 42] - 724.9391259999983
[27, 40, 42] - 724.9674089999993
[25, 3, 27] - 721.6761100000023
[3, 27, 9] - 740.5234919999996
[3, 5, 27] - 730.4352340000014
[3, 48, 27] - 781.3823539999997
[56, 3, 27] - 775.8794790000011
[34, 3, 27] - 759.0360259999992
[66, 3, 27] - 769.5876589999988
[3, 27, 62] - 771.4739540000003
[3, 27, 7] - 800.4114750000001
[36, 3, 27] - 796.6239020000007
[3, 27, 60] - 801.7677779999993
[3, 27, 52] - 812.103874000001
[3, 27, 29] - 818.249856
[58, 3, 27] - 814.502883000001
[3, 27, 40] - 810.2654420000006
[25, 27, 9] - 737.2272529999996
[25, 5, 27] - 742.8756270000015
[25, 48, 27] - 807.745997
[56, 25, 27] - 776.0802079999996
[34, 25, 27] - 769.185488000001
[66, 25, 27] - 778.859988999999
[25, 27, 62] - 785.0268780000001
[25, 27, 7] - 800.744537999999
[36, 25, 27] - 815.1836550000005
[25, 27, 60] - 815.740949999999
[25, 27, 52] - 824.8251779999991
[25, 27, 29] - 829.3968530000001
[58, 25, 27] - 825.3601180000003
[25, 27, 40] - 821.6782230000002
[5, 27, 9] - 753.1509700000009
[48, 27, 9] - 793.9049059999991
[56, 27, 9] - 797.1288019999998
[34, 27, 9] - 780.3060889999985
[66, 27, 9] - 778.3836939999987
[27, 9, 62] - 791.4877219999995
[27, 7, 9] - 801.7919930000006
[36, 27, 9] - 807.6028199999993
[27, 9, 60] - 818.3538059999992
[27, 9, 52] - 829.0824300000007
[27, 29, 9] - 832.0147620000001
[58, 27, 9] - 830.4597529999999
[27, 9, 40] - 827.0459640000008
[48, 27, 5] - 790.9417569999993
[56, 27, 5] - 779.6476059999991
[34, 27, 5] - 800.6038109999984
[66, 27, 5] - 787.3731380000016
[27, 5, 62] - 790.420600000002
[27, 5, 7] - 805.3580910000007
[36, 27, 5] - 808.0523779999984
[27, 5, 60] - 811.7280950000008
[27, 5, 52] - 826.875439999999
[27, 5, 29] - 831.5491519999998
[58, 27, 5] - 828.4054600000005
[27, 5, 40] - 827.0172289999989
[56, 48, 27] - 828.3957809999997
[34, 48, 27] - 824.0305279999995
[66, 48, 27] - 835.3230060000013
[48, 27, 62] - 834.5329710000017
[48, 27, 7, 52] - 640.1553381600004
[48, 27, 29, 7] - 641.3551325800009
[58, 48, 27, 7] - 639.77358049
[36, 48, 27, 60] - 645.9366552999994
[36, 48, 27, 52] - 654.6936501700003
[36, 48, 27, 29] - 656.5778614800015
[58, 36, 48, 27] - 657.6087830999992
[36, 48, 27, 40] - 652.9229728699994
[48, 27, 60, 52] - 650.9588781900001
[48, 27, 29, 60] - 653.0780769100002
[58, 48, 27, 60] - 651.6120745299995
[48, 27, 60, 40] - 648.8962553099994
[48, 27, 29, 52] - 660.8553209299994
[58, 48, 27, 52] - 660.3546771100001
[48, 27, 40, 52] - 657.33337971
[58, 48, 27, 29] - 662.3538907500001
[48, 27, 29, 40] - 659.3099183599998
[58, 48, 27, 40] - 659.5561109699998
[34, 56, 27] - 815.8375540000003
[66, 56, 27] - 810.5504340000003
[56, 27, 62] - 834.7699829999999
[56, 27, 7] - 845.1030690000006
[56, 36, 27] - 843.5687549999996
[56, 27, 60] - 850.6805569999999
[56, 27, 29, 52] - 649.8080407600008
[56, 58, 27, 52] - 649.1772723100005
[56, 27, 40, 52] - 646.3022639299988
[56, 58, 27, 29] - 650.0479590100001
[56, 27, 29, 40] - 647.3262957800007
[56, 58, 27, 40] - 647.6780854100016
[66, 34, 27] - 810.9172959999992
[34, 27, 62] - 815.8157059999983
[34, 27, 7] - 835.8646949999988
[34, 36, 27] - 836.5805680000012
[34, 27, 60] - 843.284035
[34, 27, 29, 52] - 644.4558983300007
[34, 58, 27, 52] - 640.6235762399988
[34, 27, 40, 52] - 640.748172450001
[34, 58, 27, 29] - 644.4426133899995
[34, 27, 29, 40] - 644.7745976599999
[34, 58, 27, 40] - 642.0783594200004
[66, 27, 62] - 817.9316799999999
[66, 27, 7] - 841.3142040000015
[66, 36, 27] - 843.2273370000005
[66, 27, 60, 52] - 641.8770922899997
[66, 27, 29, 60] - 645.3235705799998
[66, 58, 27, 60] - 642.4685503899997
[66, 27, 60, 40] - 640.8366727700015
[66, 27, 29, 52] - 648.3528847700007
[66, 58, 27, 52] - 644.8395509100005
[66, 27, 40, 52] - 643.41696299
[66, 58, 27, 29] - 648.9943065499999
[66, 27, 29, 40] - 647.3113137600001
[66, 58, 27, 40] - 644.8412245399992
[27, 7, 62] - 844.518870000002
[36, 27, 62] - 851.132139999999
[27, 60, 62, 52] - 640.5493642899994
[27, 29, 60, 62] - 644.5974802099994
[58, 27, 60, 62] - 643.7123071900003
[27, 60, 40, 62] - 643.2415151699995
[27, 29, 62, 52] - 651.7432088599994
[58, 27, 62, 52] - 651.3979044000001
[27, 40, 62, 52] - 651.9263042200006
[58, 27, 29, 62] - 656.4493944299979
[27, 29, 40, 62] - 656.0048510799993
[58, 27, 40, 62] - 656.3441205199996
[36, 27, 7, 60] - 640.56137547
[36, 27, 7, 52] - 651.9325446899994
[36, 27, 29, 7] - 654.0012474000002
[58, 36, 27, 7] - 653.3954061999991
[36, 27, 7, 40] - 649.9669980699998
[27, 7, 60, 52] - 656.5288447700001
[27, 29, 7, 60] - 658.035276800001
[58, 27, 7, 60] - 655.774531300001
[27, 7, 60, 40] - 654.7709552999988
[27, 29, 7, 52] - 670.2308779999992
[58, 27, 7, 52] - 668.0320151999996
[27, 7, 40, 52] - 666.72658478
[58, 27, 7, 29] - 670.3203126800014
[27, 7, 29, 40] - 668.89358434
[58, 27, 7, 40] - 667.6768849199999
[36, 27, 60, 52] - 657.5953520899998
[36, 27, 29, 60] - 660.7472142599999
[58, 36, 27, 60] - 660.1318446300002
[36, 27, 60, 40] - 657.1346774299996
[36, 27, 29, 52] - 670.4958633700006
[58, 36, 27, 52] - 670.8652835599997
[36, 27, 40, 52] - 667.688209409999
[58, 36, 27, 29] - 673.8351568900001
[36, 27, 29, 40] - 670.4708914600001
[36, 58, 27, 40] - 671.7631897400016
[27, 29, 60, 52] - 676.0157254899995
[58, 27, 60, 52] - 674.0308365199999
[27, 60, 40, 52] - 673.2439157399989
[58, 27, 29, 60] - 677.2046812899998
[27, 29, 60, 40] - 675.4404985699995
[58, 27, 60, 40] - 674.9131909600019
[58, 27, 29, 52] - 687.8715342799991
[27, 29, 40, 52] - 686.1235504199992
[58, 27, 40, 52] - 685.8996537600001
[58, 27, 29, 40] - 689.1139477100004
[38, 52, 54] - 643.1126390000012
[38, 29, 54] - 643.4659789999981
[58, 38, 54] - 649.9311859999999
[38, 40, 54] - 654.7027450000003
[38, 21] - 817.447300000001
[38, 72, 64] - 652.5510570000002
[38, 72, 42] - 667.3071579999996
[3, 38, 72] - 639.4101320000005
[5, 38, 72] - 681.3237979999996
[48, 38, 72] - 647.2855230000006
[56, 38, 72] - 663.1168089999991
[34, 38, 72] - 672.9457429999998
[66, 38, 72] - 701.5938640000007
[38, 72, 62] - 683.5670149999992
[38, 7, 72] - 671.0730760000008
[36, 38, 72] - 661.6351209999995
[38, 60, 72] - 697.8104100000007
[38, 72, 52] - 694.4234019999991
[38, 29, 72] - 697.410800999999
[58, 38, 72] - 698.4098540000014
[38, 72, 40] - 703.2265610000011
[25, 38, 74] - 648.0766870000006
[38, 9, 74] - 673.3005779999987
[5, 38, 74] - 702.4537299999996
[48, 38, 74] - 657.103669000001
[56, 38, 74] - 709.3980219999999
[34, 38, 74] - 687.8033859999998
[66, 38, 74] - 672.7021360000001
[38, 62, 74] - 712.2375910000009
[38, 7, 74] - 699.4644940000004
[36, 38, 74] - 690.2781639999996
[38, 60, 74] - 710.1154349999998
[38, 52, 74] - 718.8249540000015
[38, 29, 74] - 719.2633749999991
[58, 38, 74] - 723.7610480000011
[38, 40, 74] - 732.6631819999999
[38, 17, 9] - 658.6034160000002
[5, 38, 17] - 680.3377200000001
[48, 38, 17] - 641.6299329999993
[56, 38, 17] - 674.9148769999997
[34, 38, 17] - 673.9362419999998
[66, 38, 17] - 662.0949760000003
[38, 17, 62] - 689.3611289999999
[38, 17, 7] - 679.6172999999984
[36, 38, 17] - 671.5348330000003
[38, 17, 60] - 692.4121800000006
[38, 17, 52] - 699.3822290000006
[38, 17, 29] - 702.0986730000003
[58, 38, 17] - 704.1589220000014
[38, 17, 40] - 713.4984830000005
[44, 38, 31] - 644.9697280000009
[38, 64, 31] - 673.128843000001
[38, 42, 31] - 683.8714049999996
[3, 38, 31] - 690.1606720000003
[25, 38, 31] - 656.1638649999993
[38, 9, 31] - 682.7712510000001
[5, 38, 31] - 727.7045019999994
[48, 38, 31] - 683.0863360000005
[56, 38, 31] - 709.240644999999
[34, 38, 31] - 709.403110999999
[66, 38, 31] - 713.8811940000002
[38, 62, 31] - 730.5297310000004
[38, 7, 31] - 726.925324999999
[36, 38, 31] - 716.2939829999998
[38, 60, 31] - 740.1351450000002
[38, 52, 31] - 741.5262020000018
[38, 29, 31] - 743.6760669999994
[58, 38, 31] - 745.746347000003
[38, 40, 31] - 754.9381540000018
[46, 38, 42] - 645.0651329999994
[46, 25, 38] - 645.3459059999988
[46, 38, 9] - 651.0503510000004
[46, 5, 38] - 687.86634
[46, 48, 38] - 653.8155819999988
[56, 46, 38] - 685.2448600000027
[34, 46, 38] - 676.5447560000001
[66, 46, 38] - 671.069232999999
[46, 38, 62] - 700.8278009999993
[46, 38, 7] - 687.7380420000003
[46, 36, 38] - 682.3507970000002
[46, 38, 60] - 700.8070470000011
[46, 38, 52] - 714.493166
[46, 38, 29] - 711.5538700000004
[46, 58, 38] - 713.318115
[46, 38, 40] - 726.4034990000005
[44, 38, 64] - 711.5774960000007
[44, 38, 42] - 713.1152130000007
[44, 3, 38] - 694.0979860000001
[44, 25, 38] - 725.6392050000002
[44, 38, 9] - 736.2349350000001
[44, 5, 38] - 779.2168590000005
[44, 48, 38] - 735.9697790000004
[44, 56, 38] - 769.8013400000002
[44, 34, 38] - 763.8656790000005
[66, 44, 38] - 756.1957509999992
[44, 38, 62] - 791.1246049999986
[44, 38, 7] - 778.723087
[44, 36, 38] - 768.1751869999994
[44, 38, 60] - 792.5320559999988
[44, 38, 52] - 800.2618769999996
[44, 38, 29] - 802.2540030000004
[44, 58, 38] - 805.6891899999985
[44, 38, 40] - 811.5705819999997
[38, 42, 64] - 768.5009789999993
[3, 38, 64] - 718.4947600000008
[25, 38, 64] - 714.8409300000002
[38, 9, 64] - 743.3444320000001
[5, 38, 64] - 786.5403219999994
[48, 38, 64] - 741.8442989999991
[56, 38, 64] - 776.8984979999997
[34, 38, 64] - 775.2228690000009
[66, 38, 64] - 763.5287610000006
[38, 62, 64] - 794.4684739999996
[38, 7, 64] - 779.7449239999999
[36, 38, 64] - 771.6570699999995
[38, 60, 64] - 793.5748960000006
[38, 52, 64] - 801.416652000001
[38, 29, 64] - 800.025958
[58, 38, 64] - 805.4327250000001
[38, 40, 64] - 815.5010620000002
[3, 38, 42] - 725.164076999999
[25, 38, 42] - 730.9363460000001
[38, 9, 42] - 758.059796000001
[5, 38, 42] - 803.2644670000017
[48, 38, 42] - 756.663884
[56, 38, 42] - 788.2622609999986
[34, 38, 42] - 791.4244580000001
[66, 38, 42] - 785.7779209999984
[38, 62, 42] - 806.8311669999998
[38, 7, 42] - 794.224638
[36, 38, 42] - 784.6451939999998
[38, 60, 42] - 812.2166919999995
[38, 52, 42] - 817.5404550000009
[38, 29, 42] - 821.1244439999999
[58, 38, 42] - 821.0215370000011
[38, 40, 42] - 830.4501309999996
[25, 3, 38] - 716.4512869999999
[3, 38, 9] - 754.0393440000007
[3, 5, 38] - 793.50781
[3, 48, 38] - 746.9128550000007
[56, 3, 38] - 783.2022670000001
[34, 3, 38] - 777.5989709999976
[66, 3, 38] - 774.5234480000007
[3, 38, 62] - 800.7126939999988
[3, 38, 7] - 795.0072119999986
[36, 3, 38] - 777.5353520000009
[3, 38, 60] - 804.5358789999996
[3, 38, 52] - 806.7005130000003
[3, 38, 29] - 817.6064570000015
[58, 3, 38] - 812.4858310000004
[3, 38, 40] - 820.6419700000002
[25, 38, 9] - 754.4059500000005
[25, 5, 38] - 799.134489
[25, 48, 38] - 779.7725130000018
[56, 25, 38] - 788.5218629999999
[34, 25, 38] - 783.2582610000003
[66, 25, 38] - 786.6345550000003
[25, 38, 62] - 812.4864280000012
[25, 38, 7] - 799.2786249999996
[36, 25, 38] - 800.7910029999986
[25, 38, 60] - 819.2085489999995
[25, 38, 52] - 821.7592669999995
[25, 38, 29] - 824.4500519999975
[58, 25, 38] - 826.6990089999986
[25, 38, 40] - 832.3391690000003
[5, 38, 9] - 835.3102979999979
[48, 38, 9] - 783.3615879999994
[56, 38, 9] - 826.1214349999985
[34, 38, 9] - 819.1327690000003
[66, 38, 9] - 802.0098050000003
[38, 9, 62] - 839.1481070000008
[38, 7, 9] - 823.9601599999991
[36, 38, 9] - 815.407968
[38, 9, 60] - 840.0582620000005
[38, 9, 40, 52] - 639.2940702999995
[58, 38, 29, 9] - 640.4668413000013
[38, 29, 9, 40] - 644.2290590299991
[58, 38, 9, 40] - 645.8356212500001
[48, 38, 5] - 826.7708060000025
[56, 38, 5, 29] - 642.4514082399993
[56, 58, 38, 5] - 641.6758701199997
[56, 38, 5, 40] - 649.1694297000015
[34, 38, 5, 62] - 642.4534505399992
[34, 38, 5, 60] - 643.748316449999
[34, 38, 5, 52] - 650.1235210300005
[34, 38, 5, 29] - 656.1848771300001
[34, 58, 38, 5] - 652.6394230899997
[34, 38, 5, 40] - 661.3115063499993
[66, 38, 5, 29] - 639.5871519499997
[66, 38, 5, 40] - 645.2017415199991
[38, 5, 7, 62] - 643.2102875199997
[38, 5, 60, 62] - 650.4173053499999
[38, 5, 62, 52] - 656.595824859999
[38, 5, 29, 62] - 662.08213578
[58, 38, 5, 62] - 660.7797964900002
[38, 5, 40, 62] - 669.4326894400001
[38, 5, 7, 60] - 645.9983299200009
[38, 5, 7, 52] - 651.1199199099999
[38, 5, 29, 7] - 655.5808595800005
[58, 38, 5, 7] - 653.9065950599995
[38, 5, 7, 40] - 662.6919683600005
[36, 38, 5, 29] - 643.6220830799995
[58, 36, 38, 5] - 643.9010675499998
[36, 38, 5, 40] - 650.3101326299994
[38, 5, 60, 52] - 658.8010548000004
[38, 5, 29, 60] - 661.2614189199994
[58, 38, 5, 60] - 660.5160297899993
[38, 5, 60, 40] - 668.6145965499991
[38, 5, 29, 52] - 668.9420498199992
[58, 38, 5, 52] - 665.7696400399998
[38, 5, 40, 52] - 675.4710249200003
[58, 38, 5, 29] - 671.88325533
[38, 5, 29, 40] - 679.7167516400002
[58, 38, 5, 40] - 679.2560956900012
[56, 48, 38] - 812.8314310000002
[34, 48, 38] - 812.9175710000014
[66, 48, 38] - 816.8889679999995
[48, 38, 62] - 836.137156000001
[48, 38, 7] - 824.8449339999995
[36, 48, 38] - 843.3223739999993
[48, 38, 60, 40] - 642.5818653500008
[48, 38, 40, 52] - 641.9953078300006
[48, 38, 29, 40] - 644.2023711000005
[58, 48, 38, 40] - 646.9351080000007
[56, 34, 38, 40] - 641.30470421
[66, 56, 38] - 834.1788740000017
[56, 38, 60, 62] - 643.2902959399992
[56, 38, 62, 52] - 649.43405647
[56, 38, 29, 62] - 651.5241893999996
[56, 58, 38, 62] - 653.4795852199998
[56, 38, 40, 62] - 660.89333539
[56, 38, 7, 52] - 640.7511623900004
[56, 38, 29, 7] - 642.3143247900011
[56, 58, 38, 7] - 643.63957969
[56, 38, 7, 40] - 650.9542152000005
[56, 36, 38, 40] - 640.8826902200009
[56, 38, 60, 52] - 650.5764301199987
[56, 38, 29, 60] - 650.66264278
[56, 58, 38, 60] - 652.5320364400004
[56, 38, 60, 40] - 659.5819984999997
[56, 38, 29, 52] - 657.91084381
[56, 58, 38, 52] - 658.1320632699994
[56, 38, 40, 52] - 666.1433113199995
[56, 58, 38, 29] - 661.0421724600006
[56, 38, 29, 40] - 667.2390111299984
[56, 58, 38, 40] - 670.2679128099993
[66, 34, 38] - 836.5043899999995
[34, 38, 60, 62] - 640.036203510001
[34, 38, 62, 52] - 644.9431804799996
[34, 38, 29, 62] - 652.9477288899996
[34, 58, 38, 62] - 649.8184170299994
[34, 38, 40, 62] - 657.7926454999991
[34, 38, 7, 52] - 639.719250320001
[34, 38, 29, 7] - 645.2902289900007
[34, 58, 38, 7] - 643.2052252500004
[34, 38, 7, 40] - 651.1758806199997
[34, 36, 38, 40] - 639.4756118800009
[34, 38, 60, 52] - 649.1748082999993
[34, 38, 29, 60] - 653.64387045
[34, 58, 38, 60] - 651.4633754600002
[34, 38, 60, 40] - 658.89713609
[34, 38, 29, 52] - 660.4616571700005
[34, 58, 38, 52] - 655.6431193300014
[34, 38, 40, 52] - 664.4649078400024
[34, 58, 38, 29] - 663.9217629799992
[34, 38, 29, 40] - 671.0821601200017
[34, 58, 38, 40] - 668.9865312100002
[66, 38, 60, 62] - 642.19289339
[66, 38, 62, 52] - 639.6907736600008
[66, 38, 29, 62] - 642.7141497600004
[66, 58, 38, 62] - 643.50636437
[66, 38, 40, 62] - 649.5528464399999
[66, 38, 7, 40] - 641.9301298200015
[66, 36, 38] - 836.9823000000027
[66, 38, 60, 52] - 651.7673411099993
[66, 38, 29, 60] - 652.71597801
[66, 58, 38, 60] - 654.4385677299985
[66, 38, 60, 40] - 660.4651447100001
[66, 38, 29, 52] - 650.8676359599997
[66, 58, 38, 52] - 650.3307416600001
[66, 38, 40, 52] - 657.8131251099996
[66, 58, 38, 29] - 654.4152177200003
[66, 38, 29, 40] - 659.6449690800001
[66, 58, 38, 40] - 661.770209980002
[38, 7, 60, 62] - 649.7550189199992
[38, 7, 62, 52] - 654.1647779200009
[38, 29, 7, 62] - 658.3710890400015
[58, 38, 7, 62] - 658.8156001600007
[38, 7, 40, 62] - 666.9638646999998
[36, 38, 60, 62] - 642.0083556299999
[36, 38, 62, 52] - 645.6367625199996
[36, 38, 29, 62] - 649.4063531099999
[58, 36, 38, 62] - 652.9760379800009
[36, 38, 40, 62] - 658.8296479
[38, 60, 62, 52] - 666.5390241499999
[38, 29, 60, 62] - 668.1574579099981
[58, 38, 60, 62] - 670.2970208499985
[38, 60, 40, 62] - 677.2577540399991
[38, 29, 62, 52] - 674.3521559899989
[58, 38, 62, 52] - 674.4924209600009
[38, 40, 62, 52] - 683.7129242500001
[58, 38, 29, 62] - 679.9927333900008
[38, 29, 40, 62] - 686.6821708199983
[58, 38, 40, 62] - 689.5234028800007
[36, 38, 29, 7] - 641.2458812500005
[58, 36, 38, 7] - 642.9838422900017
[36, 38, 7, 40] - 648.9988873099993
[38, 7, 60, 52] - 659.96120946
[38, 29, 7, 60] - 661.17232543
[58, 38, 7, 60] - 662.1812942000005
[38, 7, 60, 40] - 670.0240388300006
[38, 29, 7, 52] - 666.7484111999993
[58, 38, 7, 52] - 665.376052120002
[38, 7, 40, 52] - 674.81042988
[58, 38, 7, 29] - 670.3190956699993
[38, 7, 29, 40] - 677.965645159999
[58, 38, 7, 40] - 679.5654064100013
[36, 38, 60, 52] - 650.1276113600001
[36, 38, 29, 60] - 652.1036349899997
[58, 36, 38, 60] - 655.3340400899999
[36, 38, 60, 40] - 660.9751406799994
[36, 38, 29, 52] - 656.0004838299997
[58, 36, 38, 52] - 657.8504134400004
[36, 38, 40, 52] - 664.7032213500022
[58, 36, 38, 29] - 662.2830625100016
[36, 38, 29, 40] - 667.5326405800008
[36, 58, 38, 40] - 672.012511030001
[38, 29, 60, 52] - 676.8855718800003
[58, 38, 60, 52] - 677.090806160001
[38, 60, 40, 52] - 686.0588346300008
[58, 38, 29, 60] - 679.7365968600011
[38, 29, 60, 40] - 686.4200566300005
[58, 38, 60, 40] - 689.3017283000004
[58, 38, 29, 52] - 684.9916187300009
[38, 29, 40, 52] - 693.2587684700007
[58, 38, 40, 52] - 694.2949711300008
[58, 38, 29, 40] - 698.2028217000006
[58, 54, 21] - 645.5958589999999
[72, 54] - 764.4775999999998
[46, 74, 54] - 664.192196999999
[44, 74, 54] - 700.0559609999995
[3, 74, 54] - 670.990687
[25, 74, 54] - 750.705908
[9, 74, 54] - 747.9025030000014
[5, 74, 54] - 762.6507159999998
[48, 74, 54] - 759.9203829999991
[56, 74, 54] - 789.7152020000011
[34, 74, 54] - 776.5519300000002
[66, 74, 54] - 750.2328199999996
[62, 74, 54] - 801.6627290000009
[7, 74, 54] - 788.5228130000019
[36, 74, 54] - 789.2471019999998
[60, 74, 54] - 795.7347869999994
[52, 74, 54] - 815.8131380000003
[29, 74, 54] - 817.5368729999994
[58, 74, 54] - 822.9441700000013
[40, 74, 54] - 821.1322979999997
[25, 17, 54] - 639.4030260000005
[17, 9, 54] - 661.9539500000002
[5, 17, 54] - 654.0065489999998
[48, 17, 54] - 663.0953649999997
[56, 17, 54] - 682.8754150000005
[34, 17, 54] - 681.3431489999983
[66, 17, 54] - 653.8517630000002
[17, 62, 54] - 681.2580599999999
[17, 7, 54] - 687.8792769999988
[36, 17, 54] - 684.8092620000002
[17, 60, 54] - 690.1977719999994
[17, 52, 54] - 707.6550189999996
[17, 29, 54] - 714.109579999999
[58, 17, 54] - 718.2291180000009
[17, 40, 54] - 713.4988550000007
[52, 31, 54] - 641.5697970000016
[29, 31, 54] - 643.3092660000007
[58, 31, 54] - 646.9465259999992
[40, 31, 54] - 647.5111510000005
[44, 46, 54] - 651.0736939999996
[46, 25, 54] - 689.1171769999994
[46, 9, 54] - 679.7149159999982
[46, 5, 54] - 703.3628580000003
[46, 48, 54] - 703.0118000000004
[56, 46, 54] - 722.3068970000005
[34, 46, 54] - 723.2315709999999
[66, 46, 54] - 701.8516049999998
[46, 62, 54] - 731.449601999999
[46, 7, 54] - 722.5708209999995
[46, 36, 54] - 726.425432000001
[46, 60, 54] - 730.5884280000006
[46, 52, 54] - 753.8355159999978
[46, 29, 54] - 751.7555520000009
[46, 58, 54] - 757.0112979999984
[46, 40, 54] - 755.8335090000003
[44, 3, 54] - 641.955179
[44, 25, 54] - 715.9106280000002
[44, 9, 54] - 716.5266960000005
[44, 5, 54] - 737.4816889999984
[44, 48, 54] - 725.990897999998
[44, 56, 54] - 751.7079709999999
[44, 34, 54] - 746.3045620000004
[66, 44, 54] - 721.807452999999
[44, 62, 54] - 762.233144999999
[44, 7, 54] - 757.312390999999
[44, 36, 54] - 754.8951340000007
[44, 60, 54] - 759.3132269999999
[44, 52, 54] - 780.8876190000005
[44, 29, 54] - 783.100736000001
[44, 58, 54] - 789.1705079999997
[44, 40, 54] - 783.2224669999994
[5, 64, 54] - 662.3300519999993
[48, 64, 54] - 641.3858630000004
[56, 64, 54] - 663.6041250000014
[34, 64, 54] - 669.3601769999995
[62, 64, 54] - 669.3794500000008
[7, 64, 54] - 661.4107269999992
[36, 64, 54] - 664.4010469999996
[60, 64, 54] - 665.1271889999998
[52, 64, 54] - 689.5802339999995
[29, 64, 54] - 686.464825000001
[58, 64, 54] - 692.949042
[40, 64, 54] - 698.4009960000013
[25, 42, 54] - 658.7789929999997
[9, 42, 54] - 667.2431700000005
[5, 42, 54] - 699.3683039999993
[48, 42, 54] - 679.0290769999999
[56, 42, 54] - 699.2356270000002
[34, 42, 54] - 704.7209410000003
[66, 42, 54] - 687.7885040000006
[62, 42, 54] - 703.6577279999999
[7, 42, 54] - 699.1511710000004
[36, 42, 54] - 699.7113170000001
[60, 42, 54] - 709.8645030000005
[52, 42, 54] - 726.0705029999993
[29, 42, 54] - 732.0553729999998
[58, 42, 54] - 733.3894099999978
[40, 42, 54] - 730.1706990000013
[25, 3, 54] - 696.0459730000006
[3, 9, 54] - 716.9750099999995
[3, 5, 54] - 725.6768530000005
[3, 48, 54] - 720.6256729999997
[56, 3, 54] - 752.921988
[34, 3, 54] - 741.2414980000005
[66, 3, 54] - 720.3941630000003
[3, 62, 54] - 749.5066319999996
[3, 7, 54] - 764.2446800000005
[36, 3, 54] - 747.595422000001
[3, 60, 54] - 755.6304439999999
[3, 52, 54] - 773.797775999999
[3, 29, 54] - 781.4125960000008
[58, 3, 54] - 780.0498329999979
[3, 40, 54] - 774.3435450000001
[25, 9, 54] - 761.7454090000001
[25, 5, 54] - 781.6654279999993
[25, 48, 54] - 811.922389999999
[56, 25, 54] - 802.4842290000006
[34, 25, 54] - 799.6992949999993
[66, 25, 54] - 786.1940399999996
[25, 62, 54] - 816.1116719999997
[25, 7, 54] - 809.819555000002
[36, 25, 54] - 822.2859160000003
[25, 60, 54] - 825.0041130000014
[25, 52, 54] - 840.1561859999997
[25, 29, 54] - 841.8643050000007
[58, 25, 54] - 847.9752469999993
[25, 40, 54] - 841.4019949999991
[5, 9, 54] - 789.6722739999988
[48, 9, 54] - 783.0553229999998
[56, 9, 54] - 822.8654520000011
[34, 9, 54] - 811.0130339999998
[66, 9, 54] - 777.5231650000003
[9, 62, 54] - 816.595832000001
[7, 9, 54] - 809.816869000001
[36, 9, 54] - 810.9948100000001
[9, 60, 54] - 821.8803260000005
[9, 52, 54] - 840.7528190000007
[29, 9, 54] - 845.2148169999995
[58, 9, 54] - 848.760831
[9, 40, 54] - 843.4785100000029
[48, 5, 54] - 801.7860690000003
[56, 5, 54] - 825.6785800000002
[34, 5, 54] - 844.3972709999988
[66, 5, 54] - 807.9755499999998
[5, 62, 54] - 837.7865639999998
[5, 7, 54] - 833.7516489999995
[36, 5, 54] - 831.0526479999994
[5, 60, 54] - 838.2846710000005
[5, 29, 52, 54] - 643.6587550099989
[58, 5, 52, 54] - 644.53142931
[5, 40, 52, 54] - 644.4898327699998
[58, 5, 29, 54] - 648.6904455400006
[5, 29, 40, 54] - 649.1351254899986
[58, 5, 40, 54] - 650.7865176200005
[56, 48, 54] - 822.7580189999991
[34, 48, 54] - 821.8866949999983
[66, 48, 54] - 809.2757560000002
[48, 62, 54] - 831.2280419999997
[48, 7, 54] - 832.0386859999988
[36, 48, 29, 54] - 639.3864931500018
[58, 36, 48, 54] - 644.6203986300006
[36, 48, 40, 54] - 639.574182670001
[48, 60, 54] - 847.8103639999997
[48, 29, 52, 54] - 644.0041961700003
[58, 48, 52, 54] - 647.4344674800001
[48, 40, 52, 54] - 644.03795217
[58, 48, 29, 54] - 648.1284793699998
[48, 29, 40, 54] - 645.5938985199987
[58, 48, 40, 54] - 649.1731507199995
[34, 56, 54] - 848.0420510000004
[66, 56, 54] - 814.2150960000002
[56, 62, 52, 54] - 643.0225682499998
[56, 29, 62, 54] - 643.9894070900001
[56, 58, 62, 54] - 647.8671997499983
[56, 40, 62, 54] - 647.3256455700003
[56, 7, 52, 54] - 642.4927652800002
[56, 29, 7, 54] - 643.1994610500002
[56, 58, 7, 54] - 645.5790707000001
[56, 7, 40, 54] - 641.4647456799996
[56, 58, 36, 54] - 639.2232355599997
[56, 60, 52, 54] - 641.5983860299989
[56, 29, 60, 54] - 641.9566848200002
[56, 58, 60, 54] - 644.1624734599978
[56, 60, 40, 54] - 641.4146303600003
[56, 29, 52, 54] - 660.4495071099997
[56, 58, 52, 54] - 662.7035576899995
[56, 40, 52, 54] - 659.9518951899989
[56, 58, 29, 54] - 663.6831604899994
[56, 29, 40, 54] - 661.4704662300002
[56, 58, 40, 54] - 664.2548922600002
[66, 34, 54] - 819.6290360000011
[34, 29, 62, 54] - 640.87829543
[34, 58, 62, 54] - 641.3314104600009
[34, 40, 62, 54] - 641.8782153700015
[34, 29, 7, 54] - 642.6155310600014
[34, 58, 7, 54] - 643.0746087600008
[34, 7, 40, 54] - 640.6030721499999
[34, 36, 54] - 848.7607609999981
[34, 60, 52, 54] - 640.6302737800014
[34, 29, 60, 54] - 643.8904950300004
[34, 58, 60, 54] - 644.9220140000016
[34, 60, 40, 54] - 643.4854693800016
[34, 29, 52, 54] - 660.226942080001
[34, 58, 52, 54] - 659.953423389999
[34, 40, 52, 54] - 659.2737158400006
[34, 58, 29, 54] - 664.6238747000003
[34, 29, 40, 54] - 664.5660870400004
[34, 58, 40, 54] - 665.1417300500002
[66, 62, 54] - 827.482986
[66, 7, 54] - 826.5117300000013
[66, 36, 54] - 822.2176529999995
[66, 60, 54] - 847.0901539999995
[66, 58, 52, 54] - 641.7109952700013
[66, 58, 29, 54] - 644.8954997899992
[66, 29, 40, 54] - 641.251956279999
[66, 58, 40, 54] - 644.3280962600011
[7, 62, 52, 54] - 641.2872869000005
[29, 7, 62, 54] - 646.4453448300004
[58, 7, 62, 54] - 649.27944292
[7, 40, 62, 54] - 646.5662112200006
[36, 29, 62, 54] - 643.7273584900003
[58, 36, 62, 54] - 649.7851783100012
[36, 40, 62, 54] - 647.0479265600009
[60, 62, 52, 54] - 647.03407538
[29, 60, 62, 54] - 650.0644342500004
[58, 60, 62, 54] - 654.7392920100009
[60, 40, 62, 54] - 652.85734606
[29, 62, 52, 54] - 664.0547990000002
[58, 62, 52, 54] - 668.5010181799995
[40, 62, 52, 54] - 667.8438450500006
[58, 29, 62, 54] - 673.6003554000001
[29, 40, 62, 54] - 672.6070798100005
[58, 40, 62, 54] - 677.2833445199993
[36, 29, 7, 54] - 642.9891745300004
[58, 36, 7, 54] - 646.6142972799998
[36, 7, 40, 54] - 640.9125374100006
[7, 60, 52, 54] - 648.1207665299988
[29, 7, 60, 54] - 650.1562784600011
[58, 7, 60, 54] - 652.8632909600009
[7, 60, 40, 54] - 648.9158574299996
[29, 7, 52, 54] - 667.1824936000005
[58, 7, 52, 54] - 669.2285794399994
[7, 40, 52, 54] - 665.4977088200001
[58, 7, 29, 54] - 672.7694220899982
[7, 29, 40, 54] - 669.857085950001
[58, 7, 40, 54] - 672.358780780001
[36, 60, 52, 54] - 644.7928746600015
[36, 29, 60, 54] - 647.3450603899998
[58, 36, 60, 54] - 652.4791096000006
[36, 60, 40, 54] - 648.159827519998
[36, 29, 52, 54] - 660.7508077699996
[58, 36, 52, 54] - 666.2170734400017
[36, 40, 52, 54] - 662.036689069999
[58, 36, 29, 54] - 669.2815490200002
[36, 29, 40, 54] - 665.737350579999
[36, 58, 40, 54] - 671.2549203600007
[29, 60, 52, 54] - 669.4268198999991
[58, 60, 52, 54] - 673.1713288000003
[60, 40, 52, 54] - 670.937855440001
[58, 29, 60, 54] - 675.4139618099991
[29, 60, 40, 54] - 673.1954554700013
[58, 60, 40, 54] - 677.1763983900023
[58, 29, 52, 54] - 690.43125842
[29, 40, 52, 54] - 688.7918221400015
[58, 40, 52, 54] - 692.5532591699999
[58, 29, 40, 54] - 696.4312225499999
[66, 72, 21] - 660.9910899999992
[7, 72, 21] - 640.4126589999986
[36, 72, 21] - 639.6743090000002
[60, 72, 21] - 661.5246089999997
[72, 52, 21] - 657.4428849999983
[29, 72, 21] - 660.5219920000003
[58, 72, 21] - 662.1643380000004
[72, 40, 21] - 663.8705189999998
[25, 74, 21] - 645.1131309999998
[9, 74, 21] - 647.772357999999
[5, 74, 21] - 675.6834420000001
[48, 74, 21] - 665.6022119999991
[56, 74, 21] - 692.5012679999996
[34, 74, 21] - 676.1083449999987
[66, 74, 21] - 660.5135189999994
[62, 74, 21] - 692.5345580000002
[7, 74, 21] - 695.8303840000007
[36, 74, 21] - 694.4956600000008
[60, 74, 21] - 696.493219
[52, 74, 21] - 711.2855080000007
[29, 74, 21] - 711.8693950000007
[58, 74, 21] - 717.9142860000009
[40, 74, 21] - 711.0948429999994
[44, 17, 21] - 643.0474210000003
[17, 42, 21] - 674.2030369999993
[3, 17, 21] - 699.4776999999993
[25, 17, 21] - 708.0686299999999
[17, 9, 21] - 716.6145000000006
[5, 17, 21] - 737.3122670000015
[48, 17, 21] - 746.9143219999997
[56, 17, 21] - 742.9070179999999
[34, 17, 21] - 750.8067969999987
[66, 17, 21] - 747.0179060000012
[17, 62, 21] - 743.8024299999994
[17, 7, 21] - 768.4053149999996
[36, 17, 21] - 774.2523579999998
[17, 60, 21] - 776.9242510000001
[17, 52, 21] - 786.2586839999989
[17, 29, 21] - 793.7436229999995
[58, 17, 21] - 796.4741480000018
[17, 40, 21] - 793.4280250000004
[42, 31, 21] - 655.9158339999992
[3, 31, 21] - 686.732485000001
[25, 31, 21] - 654.4747790000011
[9, 31, 21] - 648.5690260000008
[5, 31, 21] - 699.0704320000002
[48, 31, 21] - 684.4971359999996
[56, 31, 21] - 681.0126869999998
[34, 31, 21] - 694.5653989999996
[66, 31, 21] - 705.2424259999996
[62, 31, 21] - 691.4442270000012
[7, 31, 21] - 719.236605999999
[36, 31, 21] - 718.8323089999993
[60, 31, 21] - 728.70611
[52, 31, 21] - 726.0699920000001
[29, 31, 21] - 734.3982299999986
[58, 31, 21] - 734.5895500000001
[40, 31, 21] - 736.0933480000012
[46, 5, 21] - 643.057834999999
[34, 46, 21] - 643.9597779999991
[66, 46, 21] - 643.1355670000011
[46, 62, 21] - 642.8689329999992
[46, 7, 21] - 655.6106690000003
[46, 36, 21] - 663.1770510000008
[46, 60, 21] - 662.4043200000003
[46, 52, 21] - 676.7461509999987
[46, 29, 21] - 675.0386300000004
[46, 58, 21] - 677.1233569999997
[46, 40, 21] - 677.1216290000009
[44, 64, 21] - 644.9420259999995
[44, 42, 21] - 677.5362849999998
[44, 3, 21] - 680.8448380000001
[44, 25, 21] - 713.4364330000006
[44, 9, 21] - 700.6643700000012
[44, 5, 21] - 753.0645700000031
[44, 48, 21] - 729.4912959999978
[44, 56, 21] - 737.7308220000008
[44, 34, 21] - 748.4499140000005
[66, 44, 21] - 739.0665829999992
[44, 62, 21] - 755.4044000000011
[44, 7, 21] - 765.8275779999993
[44, 36, 21] - 761.1521989999985
[44, 60, 21] - 769.4775810000024
[44, 52, 21] - 779.6237149999986
[44, 29, 21] - 784.1321079999993
[44, 58, 21] - 788.6813900000014
[44, 40, 21] - 780.1407199999993
[42, 64, 21] - 703.6734289999994
[3, 64, 21] - 656.6506440000007
[25, 64, 21] - 658.253402000001
[9, 64, 21] - 659.3281459999998
[5, 64, 21] - 707.1318639999998
[48, 64, 21] - 695.1402720000002
[56, 64, 21] - 693.7336920000004
[34, 64, 21] - 710.5955860000004
[66, 64, 21] - 699.7865610000002
[62, 64, 21] - 701.374957999999
[7, 64, 21] - 718.8110610000003
[36, 64, 21] - 722.7963119999988
[60, 64, 21] - 724.1520669999977
[52, 64, 21] - 733.6357259999994
[29, 64, 21] - 735.4476340000006
[58, 64, 21] - 739.6240599999998
[40, 64, 21] - 745.6015869999993
[3, 42, 21] - 694.3297120000002
[25, 42, 21] - 713.9411119999994
[9, 42, 21] - 711.6627860000007
[5, 42, 21] - 758.9521859999996
[48, 42, 21] - 749.0737420000003
[56, 42, 21] - 746.7872999999987
[34, 42, 21] - 759.5932079999994
[66, 42, 21] - 759.2817630000003
[62, 42, 21] - 751.6618430000003
[7, 42, 21] - 770.1850199999988
[36, 42, 21] - 774.4490139999999
[60, 42, 21] - 782.5310920000002
[52, 42, 21] - 789.0056129999999
[29, 42, 21] - 795.4609259999994
[58, 42, 21] - 795.3756289999986
[40, 42, 21] - 794.6351249999997
[25, 3, 21] - 732.942427000001
[3, 9, 21] - 738.8752470000001
[3, 5, 21] - 775.7582340000004
[3, 48, 21] - 771.8480119999987
[56, 3, 21] - 776.3573680000013
[34, 3, 21] - 777.6407679999994
[66, 3, 21] - 781.8870910000011
[3, 62, 21] - 779.384845999999
[3, 7, 21] - 811.7456420000009
[36, 3, 21] - 803.3881030000014
[3, 60, 21] - 810.4487700000012
[3, 52, 21] - 817.2820939999998
[3, 29, 21] - 826.4046289999998
[58, 3, 21] - 824.1111490000003
[3, 40, 21] - 817.596164
[25, 9, 21] - 742.7020440000001
[25, 5, 21] - 788.1233900000001
[25, 48, 21] - 808.0033140000002
[56, 25, 21] - 787.0344029999998
[34, 25, 21] - 796.4846079999988
[66, 25, 21] - 799.7381459999996
[25, 62, 21] - 799.1401869999994
[25, 7, 21] - 820.5647259999988
[36, 25, 21] - 827.1072569999988
[25, 60, 21] - 832.7321379999994
[25, 52, 21] - 836.8809179999987
[25, 29, 21] - 841.6046560000012
[58, 25, 21] - 844.1968299999985
[25, 40, 21] - 836.6744760000014
[5, 9, 21] - 789.7528630000016
[48, 9, 21] - 780.3653340000012
[56, 9, 21] - 796.2443269999986
[34, 9, 21] - 797.3014880000005
[66, 9, 21] - 783.2775709999993
[9, 62, 21] - 793.2791860000001
[7, 9, 21] - 808.9772839999998
[36, 9, 21] - 811.806855
[9, 60, 21] - 820.7538180000014
[9, 52, 21] - 827.4168330000003
[29, 9, 21] - 833.5229029999995
[58, 9, 21] - 835.1165950000003
[9, 40, 21] - 829.6588070000017
[48, 5, 21] - 823.530112999999
[56, 5, 21] - 822.2275080000005
[34, 5, 29, 21] - 641.4418629999997
[34, 58, 5, 21] - 640.0030854100016
[34, 5, 40, 21] - 640.4645116599987
[66, 5, 21] - 835.8224829999992
[5, 62, 21] - 839.2464619999985
[5, 29, 7, 21] - 644.10322291
[58, 5, 7, 21] - 642.62864886
[5, 7, 40, 21] - 641.8707982300007
[36, 5, 29, 21] - 641.8140377800006
[58, 36, 5, 21] - 643.87917342
[36, 5, 40, 21] - 640.5531517800003
[5, 29, 60, 21] - 646.4620386200013
[58, 5, 60, 21] - 646.5225151699992
[5, 60, 40, 21] - 644.5919501699997
[5, 29, 52, 21] - 652.7488200600003
[58, 5, 52, 21] - 651.0356702699993
[5, 40, 52, 21] - 650.4027308899999
[58, 5, 29, 21] - 660.1421047899997
[5, 29, 40, 21] - 659.8439252500003
[58, 5, 40, 21] - 658.5550632000011
[56, 48, 21] - 818.1110380000017
[34, 48, 21] - 832.8281799999994
[66, 48, 21] - 836.0033400000009
[48, 62, 21] - 827.6216200000007
[48, 29, 7, 21] - 641.3555531800009
[58, 48, 7, 21] - 642.4888542600005
[36, 48, 60, 21] - 646.0163526400002
[36, 48, 52, 21] - 648.0294460200007
[36, 48, 29, 21] - 651.3702783600022
[58, 36, 48, 21] - 657.2741124399998
[36, 48, 40, 21] - 650.6382404299989
[48, 60, 52, 21] - 646.0416712599982
[48, 29, 60, 21] - 649.5591268999995
[58, 48, 60, 21] - 652.5136951400002
[48, 60, 40, 21] - 648.1701815399996
[48, 29, 52, 21] - 651.4803446700012
[58, 48, 52, 21] - 653.8363754799999
[48, 40, 52, 21] - 649.7210826600015
[58, 48, 29, 21] - 657.9731926800006
[48, 29, 40, 21] - 654.696143830001
[58, 48, 40, 21] - 657.179527369999
[34, 56, 21] - 836.3898360000009
[66, 56, 21] - 820.4594720000007
[56, 62, 21] - 841.2211789999985
[56, 58, 7, 21] - 640.9890356900006
[56, 58, 36, 21] - 639.7864340600009
[56, 29, 60, 21] - 641.1392064
[56, 58, 60, 21] - 644.4617536000001
[56, 29, 52, 21] - 650.1428964400004
[56, 58, 52, 21] - 652.4308577200006
[56, 40, 52, 21] - 646.41836051
[56, 58, 29, 21] - 656.0389587999996
[56, 29, 40, 21] - 651.0681337799999
[56, 58, 40, 21] - 653.7213965299993
[66, 34, 21] - 838.9390599999997
[34, 62, 21] - 841.0293190000002
[34, 7, 52, 21] - 645.6184447599992
[34, 29, 7, 21] - 650.0666506600011
[34, 58, 7, 21] - 649.9401747799993
[34, 7, 40, 21] - 648.999343120002
[34, 36, 52, 21] - 641.3436344300005
[34, 36, 29, 21] - 647.8957206300006
[34, 58, 36, 21] - 650.3029784399994
[34, 36, 40, 21] - 646.4740047500006
[34, 60, 52, 21] - 645.9716051399993
[34, 29, 60, 21] - 652.1587099099995
[34, 58, 60, 21] - 653.1555673800001
[34, 60, 40, 21] - 650.2250045800015
[34, 29, 52, 21] - 660.51997519
[34, 58, 52, 21] - 659.2832783499997
[34, 40, 52, 21] - 657.7099231700003
[34, 58, 29, 21] - 666.85147091
[34, 29, 40, 21] - 665.9655723299998
[34, 58, 40, 21] - 665.5712631500019
[66, 62, 21] - 834.3295520000007
[66, 7, 60, 21] - 643.9719119300001
[66, 7, 52, 21] - 641.4024997799997
[66, 29, 7, 21] - 645.5036453899993
[66, 58, 7, 21] - 647.1591664699993
[66, 7, 40, 21] - 642.7088597499985
[66, 36, 60, 21] - 640.6226752599995
[66, 36, 29, 21] - 640.3060951400006
[66, 58, 36, 21] - 645.8253447699996
[66, 60, 52, 21] - 652.8155465299986
[66, 29, 60, 21] - 657.7073640900006
[66, 58, 60, 21] - 661.1751657699998
[66, 60, 40, 21] - 656.0543587100001
[66, 29, 52, 21] - 654.396446450001
[66, 58, 52, 21] - 656.3225963099984
[66, 40, 52, 21] - 651.5962842199998
[66, 58, 29, 21] - 662.1613247300014
[66, 29, 40, 21] - 657.8808029700019
[66, 58, 40, 21] - 660.15972683
[29, 7, 62, 21] - 645.1920675399996
[58, 7, 62, 21] - 645.2098699799989
[7, 40, 62, 21] - 644.5418227900012
[36, 29, 62, 21] - 644.269940970001
[58, 36, 62, 21] - 648.6262529300011
[36, 40, 62, 21] - 645.0203769399991
[60, 62, 52, 21] - 643.3245648600008
[29, 60, 62, 21] - 650.3648236900003
[58, 60, 62, 21] - 652.7670267000003
[60, 40, 62, 21] - 650.4121422100009
[29, 62, 52, 21] - 655.6880568900006
[58, 62, 52, 21] - 656.73618577
[40, 62, 52, 21] - 655.8475810300002
[58, 29, 62, 21] - 665.4393745399996
[29, 40, 62, 21] - 664.6390205900002
[58, 40, 62, 21] - 665.7206266500009
[36, 7, 60, 21] - 654.6770167700007
[36, 7, 52, 21] - 661.45146288
[36, 29, 7, 21] - 665.0632379000007
[58, 36, 7, 21] - 668.6752550699993
[36, 7, 40, 21] - 663.4499327899996
[7, 60, 52, 21] - 665.8301789400007
[29, 7, 60, 21] - 668.5910909200006
[58, 7, 60, 21] - 670.6940767099995
[7, 60, 40, 21] - 667.7325650599981
[29, 7, 52, 21] - 677.2572530199998
[58, 7, 52, 21] - 677.8729752700002
[7, 40, 52, 21] - 675.2425125299993
[58, 7, 29, 21] - 681.8670442300012
[7, 29, 40, 21] - 680.1005164600012
[58, 7, 40, 21] - 680.8157108099997
[36, 60, 52, 21] - 663.3701647199996
[36, 29, 60, 21] - 667.5055767200001
[58, 36, 60, 21] - 673.2515590699993
[36, 60, 40, 21] - 667.0139641799998
[36, 29, 52, 21] - 673.8544808999999
[58, 36, 52, 21] - 678.5087761499999
[36, 40, 52, 21] - 672.6479824500018
[58, 36, 29, 21] - 683.05708862
[36, 29, 40, 21] - 678.1183930800006
[36, 58, 40, 21] - 683.1249388500007
[29, 60, 52, 21] - 679.7217303099994
[58, 60, 52, 21] - 682.2765397999993
[60, 40, 52, 21] - 678.5746247999998
[58, 29, 60, 21] - 686.9262984999996
[29, 60, 40, 21] - 683.5597005599991
[58, 60, 40, 21] - 686.5034445999983
[58, 29, 52, 21] - 693.4362328699998
[29, 40, 52, 21] - 690.850672120001
[58, 40, 52, 21] - 692.2803950900002
[58, 29, 40, 21] - 698.6586516399999
[56, 72, 74] - 643.9853349999992
[66, 72, 74] - 664.2677009999991
[72, 62, 74] - 648.81308
[60, 72, 74] - 660.8022750000009
[72, 52, 74] - 661.7960339999998
[29, 72, 74] - 664.2397789999993
[58, 72, 74] - 663.7954570000004
[72, 40, 74] - 665.9724939999998
[17, 72, 31] - 661.0294320000007
[17, 72, 64] - 690.3779099999998
[17, 72, 42] - 722.8411360000007
[3, 17, 72] - 724.4994570000005
[25, 17, 72] - 672.3976889999993
[17, 9, 72] - 693.5631590000003
[5, 17, 72] - 711.2235570000009
[48, 17, 72] - 715.9883169999987
[56, 17, 72] - 720.4712879999995
[34, 17, 72] - 732.3088860000017
[66, 17, 72] - 772.3146690000015
[17, 72, 62] - 725.9876239999992
[17, 7, 72] - 742.702102999999
[36, 17, 72] - 731.8053649999995
[17, 60, 72] - 766.4802060000001
[17, 72, 52] - 768.6099460000019
[17, 29, 72] - 769.4126960000011
[58, 17, 72] - 769.639767
[17, 72, 40] - 775.875146
[46, 72, 31] - 669.2747750000003
[44, 72, 31] - 664.2193329999994
[72, 64, 31] - 802.3208860000001
[72, 42, 31] - 816.5601519999981
[3, 72, 31] - 812.135561999998
[25, 72, 31] - 746.0120340000005
[9, 72, 31] - 740.6846640000006
[5, 72, 31] - 787.9668169999998
[48, 72, 31] - 791.1282059999988
[56, 72, 31] - 784.0416090000004
[34, 72, 31] - 801.0062869999998
[66, 72, 31] - 838.7595280000003
[72, 62, 31] - 798.6367220000006
[7, 72, 31] - 808.6683549999992
[36, 72, 31] - 806.0649340000004
[60, 72, 31] - 834.9303600000007
[72, 52, 31] - 836.651344000001
[29, 72, 31] - 838.1210840000008
[58, 72, 31] - 837.0166169999997
[72, 40, 31] - 847.6889030000004
[46, 72, 64] - 727.1412369999987
[46, 72, 42] - 750.473507
[46, 3, 72] - 721.5271619999992
[46, 25, 72] - 716.688281999999
[46, 9, 72] - 687.5430799999997
[46, 5, 72] - 742.6254320000004
[46, 48, 72] - 742.2200399999994
[56, 46, 72] - 734.4949340000002
[34, 46, 72] - 757.1621720000013
[66, 46, 72] - 789.8517080000018
[46, 72, 62] - 753.7241709999992
[46, 7, 72] - 747.2099700000009
[46, 36, 72] - 753.7659850000011
[46, 60, 72] - 780.3295470000006
[46, 72, 52] - 791.1844970000001
[46, 29, 72] - 786.0756899999999
[46, 58, 72] - 787.2714800000001
[46, 72, 40] - 794.6078739999991
[44, 72, 64] - 728.2455700000004
[44, 72, 42] - 745.0232780000006
[44, 3, 72] - 720.1674290000002
[44, 25, 72] - 724.0815980000021
[44, 9, 72] - 698.7730630000001
[44, 5, 72] - 749.2332670000006
[44, 48, 72] - 738.6840420000009
[44, 56, 72] - 739.4985950000005
[44, 34, 72] - 755.0594559999997
[66, 44, 72] - 793.424345999998
[44, 72, 62] - 764.5476390000003
[44, 7, 72] - 752.5065070000009
[44, 36, 72] - 752.4673800000006
[44, 60, 72] - 786.9180069999995
[44, 72, 52] - 789.4521360000003
[44, 29, 72] - 793.2028579999995
[44, 58, 72] - 792.2546950000009
[44, 72, 40] - 792.6654829999983
[66, 72, 64, 42] - 667.0603270000004
[7, 72, 64, 42] - 641.1462778599994
[36, 72, 64, 42] - 641.3168580900004
[60, 72, 64, 42] - 662.2168892699989
[72, 52, 64, 42] - 664.7545992800001
[29, 72, 64, 42] - 665.7943195499992
[58, 72, 64, 42] - 666.6708325899999
[72, 40, 64, 42] - 672.9559995
[3, 72, 40, 64] - 639.6180270799991
[25, 72, 64] - 808.7069990000005
[9, 72, 64] - 802.8634620000008
[5, 72, 40, 64] - 642.8947633199997
[66, 48, 72, 64] - 639.7930804100006
[48, 72, 40, 64] - 645.9858561400001
[56, 72, 64] - 841.7348589999987
[66, 34, 72, 64] - 648.01372457
[34, 60, 72, 64] - 643.8676359799999
[34, 72, 52, 64] - 646.3051479599999
[34, 29, 72, 64] - 645.8207067200012
[34, 58, 72, 64] - 647.126622870001
[34, 72, 40, 64] - 653.039482160002
[66, 72, 62, 64] - 646.121959550001
[66, 7, 72, 64] - 649.3381032600015
[66, 36, 72, 64] - 650.7123180799991
[66, 60, 72, 64] - 674.4938979199997
[66, 72, 52, 64] - 675.4058478199993
[66, 29, 72, 64] - 675.5211129300002
[66, 58, 72, 64] - 676.8238698499998
[66, 72, 40, 64] - 683.3534501699999
[60, 72, 62, 64] - 643.6139862700006
[72, 62, 52, 64] - 644.6171017599999
[29, 72, 62, 64] - 646.9617807800008
[58, 72, 62, 64] - 646.3242797999984
[72, 40, 62, 64] - 653.3882892299995
[7, 60, 72, 64] - 645.1313436000002
[7, 72, 52, 64] - 647.8306420200005
[29, 7, 72, 64] - 647.0175277499995
[58, 7, 72, 64] - 647.2722203500018
[7, 72, 40, 64] - 655.8688305499987
[36, 60, 72, 64] - 648.2350429200006
[36, 72, 52, 64] - 647.4200439000005
[36, 29, 72, 64] - 649.2092012499996
[58, 36, 72, 64] - 651.7406023999989
[36, 72, 40, 64] - 657.2017729400001
[60, 72, 52, 64] - 670.9111335199991
[29, 60, 72, 64] - 671.5533314499985
[58, 60, 72, 64] - 673.0044100400007
[60, 72, 40, 64] - 678.8903559200013
[29, 72, 52, 64] - 673.17258712
[58, 72, 52, 64] - 672.8142956499993
[72, 40, 52, 64] - 681.09850704
[58, 29, 72, 64] - 674.6168133999995
[29, 72, 40, 64] - 680.917155280001
[58, 72, 40, 64] - 683.1562865800003
[66, 3, 72, 42] - 643.3990436700003
[3, 60, 72, 42] - 641.0413939100021
[3, 72, 52, 42] - 643.8965597999996
[3, 29, 72, 42] - 646.3870832500007
[58, 3, 72, 42] - 643.7472979400002
[3, 72, 40, 42] - 651.1042981900011
[25, 72, 42] - 828.8879920000005
[9, 72, 42] - 825.5341619999982
[66, 5, 72, 42] - 655.5407518299988
[5, 60, 72, 42] - 651.5138302699986
[5, 72, 52, 42] - 655.447850820001
[5, 29, 72, 42] - 655.833675700001
[58, 5, 72, 42] - 655.4227542900014
[5, 72, 40, 42] - 660.1932621499986
[66, 48, 72, 42] - 655.3335254399994
[36, 48, 72, 42] - 646.839249480002
[48, 60, 72, 42] - 650.7712892999998
[48, 72, 52, 42] - 654.8182418100012
[48, 29, 72, 42] - 655.9835070600002
[58, 48, 72, 42] - 655.7759160000002
[48, 72, 40, 42] - 661.2232710100017
[66, 56, 72, 42] - 648.3614610800001
[56, 60, 72, 42] - 644.0698606699996
[56, 72, 52, 42] - 647.2661217399992
[56, 29, 72, 42] - 649.6803711200001
[56, 58, 72, 42] - 649.1242989699989
[56, 72, 40, 42] - 652.0922757700015
[66, 34, 72, 42] - 665.0954132000006
[34, 60, 72, 42] - 659.468417490001
[34, 72, 52, 42] - 663.7996351399996
[34, 29, 72, 42] - 665.6646956799984
[34, 58, 72, 42] - 664.9171236600013
[34, 72, 40, 42] - 669.6926572500007
[66, 72, 62, 42] - 661.7666838299992
[66, 7, 72, 42] - 666.9045255500012
[66, 36, 72, 42] - 666.2000847999999
[66, 60, 72, 42] - 690.507981929999
[66, 72, 52, 42] - 693.9069840900007
[66, 29, 72, 42] - 695.0651447299997
[66, 58, 72, 42] - 695.0782758399985
[66, 72, 40, 42] - 700.0230682899985
[60, 72, 62, 42] - 658.4601618600004
[72, 62, 52, 42] - 661.0590224800001
[29, 72, 62, 42] - 665.1310675199992
[58, 72, 62, 42] - 662.8687300299994
[72, 40, 62, 42] - 668.9608242700009
[36, 7, 72, 42] - 639.5362074399998
[7, 60, 72, 42] - 661.3144074099998
[7, 72, 52, 42] - 666.3783278500001
[29, 7, 72, 42] - 667.0846295199999
[58, 7, 72, 42] - 665.5158428600013
[7, 72, 40, 42] - 672.8943580499991
[36, 60, 72, 42] - 662.5653309100011
[36, 72, 52, 42] - 663.8711860199999
[36, 29, 72, 42] - 667.1599573700024
[58, 36, 72, 42] - 668.0976256899994
[36, 72, 40, 42] - 671.7459517799998
[60, 72, 52, 42] - 688.2237132000001
[29, 60, 72, 42] - 690.365853570001
[58, 60, 72, 42] - 689.9767670299975
[60, 72, 40, 42] - 695.2249873899996
[29, 72, 52, 42] - 694.6123304600005
[58, 72, 52, 42] - 692.2765410499999
[72, 40, 52, 42] - 699.8634106600011
[58, 29, 72, 42] - 695.4239367599997
[29, 72, 40, 42] - 700.5670219500007
[58, 72, 40, 42] - 700.948890310001
[25, 3, 72] - 813.8486939999995
[3, 9, 72] - 818.2489020000006
[66, 3, 5, 72] - 641.2006031999998
[3, 5, 60, 72] - 639.9409974600009
[3, 5, 72, 52] - 641.4914921899995
[3, 5, 29, 72] - 643.7135022399991
[58, 3, 5, 72] - 641.4053420900001
[3, 5, 72, 40] - 647.0574214799993
[66, 3, 48, 72] - 645.7113217999989
[3, 48, 60, 72] - 643.8991859800001
[3, 48, 72, 52] - 645.0917508600004
[3, 48, 29, 72] - 647.3564978400003
[58, 3, 48, 72] - 645.9958551799974
[3, 48, 72, 40] - 651.713063380001
[66, 56, 3, 72] - 650.6363593599986
[56, 3, 60, 72] - 649.1092238399996
[56, 3, 72, 52] - 649.9828051500003
[56, 3, 29, 72] - 654.1490457999998
[56, 58, 3, 72] - 651.8314259299995
[56, 3, 72, 40] - 656.071760600001
[66, 34, 3, 72] - 652.1177021600012
[34, 3, 60, 72] - 649.6540414000013
[34, 3, 72, 52] - 652.1788579799997
[34, 3, 29, 72] - 654.4191965899988
[34, 58, 3, 72] - 652.3980881300006
[34, 3, 72, 40] - 657.8307360800019
[66, 3, 72, 62] - 652.4776235600008
[66, 3, 7, 72] - 662.9226498000004
[66, 36, 3, 72] - 655.2295415999988
[66, 3, 60, 72] - 681.7113947399988
[66, 3, 72, 52] - 683.0710260999995
[66, 3, 29, 72] - 686.0279905000012
[66, 58, 3, 72] - 683.980595860001
[66, 3, 72, 40] - 689.9981208000015
[3, 60, 72, 62] - 651.6604662300003
[3, 72, 62, 52] - 652.62647692
[3, 29, 72, 62] - 656.8284559900005
[58, 3, 72, 62] - 653.430980509999
[3, 72, 40, 62] - 661.3293995599993
[3, 7, 60, 72] - 660.1906967200008
[3, 7, 72, 52] - 663.165910600001
[3, 29, 7, 72] - 664.212058279999
[58, 3, 7, 72] - 662.5626637200002
[3, 7, 72, 40] - 670.6034972200001
[3, 36, 60, 72] - 654.2310688099983
[3, 36, 72, 52] - 653.685022990002
[3, 36, 29, 72] - 657.5137869099997
[58, 3, 36, 72] - 656.9211174900009
[3, 36, 72, 40] - 661.51607718
[3, 60, 72, 52] - 680.5848149900006
[3, 29, 60, 72] - 684.0284353999997
[58, 3, 60, 72] - 682.3052155099996
[3, 60, 72, 40] - 688.2182132200024
[3, 29, 72, 52] - 685.8762793199999
[58, 3, 72, 52] - 682.23656301
[3, 72, 40, 52] - 690.1857118699997
[58, 3, 29, 72] - 686.281098860001
[3, 29, 72, 40] - 692.6437077399983
[3, 58, 72, 40] - 691.5812608499997
[25, 9, 72] - 779.769522
[25, 5, 72] - 837.1210980000012
[25, 48, 72] - 847.3810129999994
[56, 25, 72] - 828.8978460000006
[66, 34, 25, 72] - 640.8230256400001
[34, 25, 72, 40] - 639.7703476800018
[66, 25, 72, 62] - 641.4236445100004
[66, 25, 7, 72] - 640.5074600599999
[66, 36, 25, 72] - 651.2206489100009
[66, 25, 60, 72] - 668.74591371
[66, 25, 72, 52] - 671.3376546199994
[66, 25, 29, 72] - 671.4630122099998
[66, 58, 25, 72] - 670.6726854200009
[66, 25, 72, 40] - 672.7997940099999
[25, 72, 62, 52] - 639.7452704999998
[25, 29, 72, 62] - 641.8793128000008
[58, 25, 72, 62] - 639.7159506900008
[25, 72, 40, 62] - 643.1311029600004
[25, 7, 72, 52] - 639.4089630299991
[25, 7, 72, 40] - 640.8975197600001
[25, 36, 60, 72] - 647.0177826900015
[25, 36, 72, 52] - 647.5553503699986
[25, 36, 29, 72] - 649.275770900001
[58, 25, 36, 72] - 649.9711082000001
[25, 36, 72, 40] - 650.9133348900006
[25, 60, 72, 52] - 665.6303306700007
[25, 29, 60, 72] - 666.6002604500013
[58, 25, 60, 72] - 665.5695558399993
[25, 60, 72, 40] - 668.0146338499994
[25, 29, 72, 52] - 669.6224480800005
[58, 25, 72, 52] - 666.7583486399998
[25, 72, 40, 52] - 671.3345605599997
[58, 25, 29, 72] - 668.6989074599999
[25, 29, 72, 40] - 671.7237454100012
[25, 58, 72, 40] - 671.0125845899995
[5, 9, 72] - 825.5140289999989
[48, 9, 72] - 823.9174620000002
[56, 9, 72] - 832.9950950000008
[34, 9, 72] - 842.4259480000004
[66, 9, 60, 72] - 653.9148326100001
[66, 9, 72, 52] - 655.5356036700016
[66, 29, 9, 72] - 658.120553150001
[66, 58, 9, 72] - 657.8418251600007
[66, 9, 72, 40] - 660.3208523300011
[9, 72, 62] - 838.7370640000006
[7, 9, 72] - 833.7534920000003
[36, 9, 72] - 834.3590099999989
[9, 60, 72, 52] - 650.9624476399998
[29, 9, 60, 72] - 654.4199468100006
[58, 9, 60, 72] - 654.5916575700012
[9, 60, 72, 40] - 656.4273628300016
[29, 9, 72, 52] - 656.7069857599995
[58, 9, 72, 52] - 654.5785372700012
[9, 72, 40, 52] - 659.0530556299998
[58, 29, 9, 72] - 659.2516732099996
[29, 9, 72, 40] - 661.6795404300004
[58, 9, 72, 40] - 661.7275212200007
[66, 48, 5, 72] - 654.3285258300011
[36, 48, 5, 72] - 645.3890728199988
[48, 5, 60, 72] - 651.0559236499993
[48, 5, 72, 52] - 653.46394139
[48, 5, 29, 72] - 653.4533371800012
[58, 48, 5, 72] - 653.3497155800007
[48, 5, 72, 40] - 656.447111500001
[66, 56, 5, 72] - 648.2215325500001
[56, 5, 60, 72] - 645.4624904999996
[56, 5, 72, 52] - 647.2700189200006
[56, 5, 29, 72] - 649.0721657700002
[56, 58, 5, 72] - 648.2816759899993
[56, 5, 72, 40] - 649.4311861999995
[66, 34, 5, 72] - 676.2281779000002
[34, 5, 72, 62] - 647.3103716399991
[34, 5, 7, 72] - 648.3921520399995
[34, 36, 5, 72] - 645.4439964799985
[34, 5, 60, 72] - 672.8807006699996
[34, 5, 72, 52] - 676.117447169998
[34, 5, 29, 72] - 676.5702213200021
[34, 58, 5, 72] - 675.6634674599991
[34, 5, 72, 40] - 679.8786805199984
[66, 5, 72, 62] - 665.9945918400001
[66, 5, 7, 72] - 666.8470180500013
[66, 36, 5, 72] - 664.9019735199985
[66, 5, 60, 72] - 693.0337432500005
[66, 5, 72, 52] - 695.7919504100003
[66, 5, 29, 72] - 696.1176450700001
[66, 58, 5, 72] - 695.89045425
[66, 5, 72, 40] - 699.1320379800002
[5, 60, 72, 62] - 663.1560480799988
[5, 72, 62, 52] - 665.4089490899992
[5, 29, 72, 62] - 666.7481529299986
[58, 5, 72, 62] - 664.941759579999
[5, 72, 40, 62] - 670.4900382600002
[5, 7, 60, 72] - 663.3172638600009
[5, 7, 72, 52] - 667.7010709200009
[5, 29, 7, 72] - 667.1694835499998
[58, 5, 7, 72] - 665.2114427300024
[5, 7, 72, 40] - 671.0341591199992
[36, 5, 60, 72] - 662.0606657099994
[36, 5, 72, 52] - 662.1787938200013
[36, 5, 29, 72] - 664.1579761199998
[58, 36, 5, 72] - 665.4635975699987
[36, 5, 72, 40] - 667.1964155999988
[5, 60, 72, 52] - 691.3322650499997
[5, 29, 60, 72] - 691.9752540900007
[58, 5, 60, 72] - 692.0371285599998
[5, 60, 72, 40] - 695.40023343
[5, 29, 72, 52] - 695.2077006300016
[58, 5, 72, 52] - 693.16819717
[5, 72, 40, 52] - 698.5113551100021
[58, 5, 29, 72] - 694.9085513799997
[5, 29, 72, 40] - 698.7411364899996
[58, 5, 72, 40] - 698.775383660001
[66, 56, 48, 72] - 652.2789077699991
[56, 36, 48, 72] - 642.9375661199994
[56, 48, 60, 72] - 648.8647040700009
[56, 48, 72, 52] - 650.4860704900011
[56, 48, 29, 72] - 652.9536875300003
[56, 58, 48, 72] - 652.6671996499999
[56, 48, 72, 40] - 654.2515972799995
[66, 34, 48, 72] - 670.8056051899995
[34, 36, 48, 72] - 661.3636338699993
[34, 48, 60, 72] - 664.9727947999996
[34, 48, 72, 52] - 668.0131607199992
[34, 48, 29, 72] - 668.7296763700004
[34, 58, 48, 72] - 669.0440616499981
[34, 48, 72, 40] - 672.1614996100012
[66, 48, 72, 62] - 667.1111346900001
[66, 48, 7, 72] - 671.0233050800006
[66, 36, 48, 72] - 693.5099744899986
[66, 48, 60, 72] - 699.0562737799996
[66, 48, 72, 52] - 701.5531967500004
[66, 48, 29, 72] - 701.4865025800002
[66, 58, 48, 72] - 702.4703190699988
[66, 48, 72, 40] - 706.0737426399999
[36, 48, 72, 62] - 657.0237104799999
[48, 60, 72, 62] - 664.0744835600007
[48, 72, 62, 52] - 665.2906653199998
[48, 29, 72, 62] - 668.5077065100005
[58, 48, 72, 62] - 666.9829461499991
[48, 72, 40, 62] - 671.9933061399994
[36, 48, 7, 72] - 661.2416292300005
[48, 7, 60, 72] - 665.8598659800007
[48, 7, 72, 52] - 669.5718862900007
[48, 29, 7, 72] - 669.7183768100016
[58, 48, 7, 72] - 668.8099734399984
[48, 7, 72, 40] - 674.2825059699991
[36, 48, 60, 72] - 688.7038442899999
[36, 48, 72, 52] - 690.1734381900009
[36, 48, 29, 72] - 692.2689497199999
[58, 36, 48, 72] - 694.2570528499996
[36, 48, 72, 40] - 696.2197885600003
[48, 60, 72, 52] - 696.3007855699997
[48, 29, 60, 72] - 697.258015380001
[58, 48, 60, 72] - 697.6570537300006
[48, 60, 72, 40] - 701.3398251300006
[48, 29, 72, 52] - 699.8481062900001
[58, 48, 72, 52] - 699.2252510600002
[48, 72, 40, 52] - 704.0713187799995
[58, 48, 29, 72] - 701.1892459499999
[48, 29, 72, 40] - 704.9188118799991
[58, 48, 72, 40] - 706.1544432400017
[66, 56, 34, 72] - 664.9770831000002
[56, 34, 72, 62] - 642.6999134800002
[56, 34, 60, 72] - 660.4500930600007
[56, 34, 72, 52] - 663.1621732199989
[56, 34, 29, 72] - 665.3791508200014
[56, 34, 58, 72] - 664.8212961400004
[56, 34, 72, 40] - 665.78345085
[66, 56, 72, 62] - 668.9918810100008
[66, 56, 7, 72] - 667.4124215600006
[66, 56, 36, 72] - 662.1359760499992
[66, 56, 60, 72] - 690.7703227200006
[66, 56, 72, 52] - 692.6706306099998
[66, 56, 29, 72] - 695.0894396100005
[66, 56, 58, 72] - 694.8953051300012
[66, 56, 72, 40] - 696.4651661099998
[56, 7, 72, 62] - 642.7048335700009
[56, 60, 72, 62] - 666.1108765600007
[56, 72, 62, 52] - 667.2782693299993
[56, 29, 72, 62] - 671.4317844400008
[56, 58, 72, 62] - 669.5911219000008
[56, 72, 40, 62] - 673.8682621600018
[56, 7, 60, 72] - 663.064519230001
[56, 7, 72, 52] - 667.1691599700006
[56, 29, 7, 72] - 667.6363239900008
[56, 58, 7, 72] - 666.8631718
[56, 7, 72, 40] - 670.5252977200001
[56, 36, 60, 72] - 659.0378218900006
[56, 36, 72, 52] - 659.2542352200015
[56, 36, 29, 72] - 663.067482319998
[56, 58, 36, 72] - 664.1531673299995
[56, 36, 72, 40] - 663.6993271700011
[56, 60, 72, 52] - 688.0260527999998
[56, 29, 60, 72] - 691.0821410599981
[56, 58, 60, 72] - 691.0292976900001
[56, 60, 72, 40] - 692.3434720900018
[56, 29, 72, 52] - 693.7815749300023
[56, 58, 72, 52] - 692.0642751099989
[56, 72, 40, 52] - 694.7961766600014
[56, 58, 29, 72] - 695.9320436700007
[56, 29, 72, 40] - 697.4718373399988
[56, 58, 72, 40] - 697.5748851800007
[66, 34, 72, 62] - 678.9305128899998
[66, 34, 7, 72] - 680.6568299100015
[66, 34, 36, 72] - 680.028776630001
[66, 34, 60, 72] - 706.3723944799999
[66, 34, 72, 52] - 709.5761057999999
[66, 34, 29, 72] - 710.2498306600005
[66, 34, 58, 72] - 710.1722213000002
[66, 34, 72, 40] - 713.5923828099995
[34, 7, 72, 62] - 647.2717375799994
[34, 36, 72, 62] - 646.6705875400003
[34, 60, 72, 62] - 674.6682200200014
[34, 72, 62, 52] - 676.7425951099995
[34, 29, 72, 62] - 680.10306647
[34, 58, 72, 62] - 677.6819931800018
[34, 72, 40, 62] - 682.9922370199993
[34, 36, 7, 72] - 649.1053437300001
[34, 7, 60, 72] - 674.4710554099995
[34, 7, 72, 52] - 679.5078663800006
[34, 29, 7, 72] - 678.7891602399999
[34, 58, 7, 72] - 677.8592551399995
[34, 7, 72, 40] - 683.069561630001
[34, 36, 60, 72] - 675.3308903399999
[34, 36, 72, 52] - 675.8862266699997
[34, 36, 29, 72] - 678.4043473899998
[34, 58, 36, 72] - 680.299539160001
[34, 36, 72, 40] - 681.5529275200018
[34, 60, 72, 52] - 703.0579308799978
[34, 29, 60, 72] - 704.7067718699991
[34, 58, 60, 72] - 704.8292639899988
[34, 60, 72, 40] - 707.96886518
[34, 29, 72, 52] - 708.2055919800016
[34, 58, 72, 52] - 706.6059726699996
[34, 72, 40, 52] - 711.8343822700003
[34, 58, 29, 72] - 709.0589748599997
[34, 29, 72, 40] - 712.6282599900012
[34, 58, 72, 40] - 713.11200647
[66, 7, 72, 62] - 677.3375559399988
[66, 36, 72, 62] - 676.4468569999993
[66, 60, 72, 62] - 705.7802311999994
[66, 72, 62, 52] - 707.8157065899996
[66, 29, 72, 62] - 710.6629704899991
[66, 58, 72, 62] - 708.9774158999986
[66, 72, 40, 62] - 714.1963846999998
[66, 36, 7, 72] - 681.2584156
[66, 7, 60, 72] - 707.5898216500018
[66, 7, 72, 52] - 711.6920338399985
[66, 29, 7, 72] - 711.5553171599998
[66, 58, 7, 72] - 710.6131887500013
[66, 7, 72, 40] - 715.9862216099998
[66, 36, 60, 72] - 709.116999859997
[66, 36, 72, 52] - 709.2288157100011
[66, 36, 29, 72] - 711.2529547900002
[66, 58, 36, 72] - 713.2738646699995
[66, 36, 72, 40] - 715.1643229799988
[66, 60, 72, 52] - 737.3312893899999
[66, 29, 60, 72] - 738.8174704999996
[66, 58, 60, 72] - 739.0004949000011
[66, 60, 72, 40] - 742.8647912399997
[66, 29, 72, 52] - 741.9402368499998
[66, 58, 72, 52] - 740.6015686100001
[66, 72, 40, 52] - 746.1865682999991
[66, 58, 29, 72] - 743.100150410001
[66, 29, 72, 40] - 746.5766536399992
[66, 58, 72, 40] - 747.68823587
[36, 7, 72, 62] - 645.5362678900007
[7, 60, 72, 62] - 673.5552088000002
[7, 72, 62, 52] - 676.9147430099999
[29, 7, 72, 62] - 678.9555654199993
[58, 7, 72, 62] - 675.7930950599998
[7, 72, 40, 62] - 683.19098994
[36, 60, 72, 62] - 674.4281504700009
[36, 72, 62, 52] - 673.8133999899999
[36, 29, 72, 62] - 678.6035817400004
[58, 36, 72, 62] - 678.2326708699999
[36, 72, 40, 62] - 682.0779046700001
[60, 72, 62, 52] - 703.3721509800015
[29, 60, 72, 62] - 707.0950948200017
[58, 60, 72, 62] - 705.7023414700013
[60, 72, 40, 62] - 710.8878291700001
[29, 72, 62, 52] - 709.0185672699996
[58, 72, 62, 52] - 705.7525464900007
[72, 40, 62, 52] - 713.100766099999
[58, 29, 72, 62] - 710.8890302599997
[29, 72, 40, 62] - 716.2124190899989
[58, 72, 40, 62] - 714.7863302000002
[36, 7, 60, 72] - 676.9575902200015
[36, 7, 72, 52] - 678.3581403799996
[36, 29, 7, 72] - 679.8236654199992
[58, 36, 7, 72] - 680.5043447900016
[36, 7, 72, 40] - 684.719291740001
[7, 60, 72, 52] - 705.6672988500001
[29, 7, 60, 72] - 706.056255000001
[58, 7, 60, 72] - 705.3859026599999
[7, 60, 72, 40] - 711.2452299700005
[29, 7, 72, 52] - 710.6385956500001
[58, 7, 72, 52] - 708.00805532
[7, 72, 40, 52] - 715.7683360000005
[58, 7, 29, 72] - 709.3711793399991
[7, 29, 72, 40] - 715.5865267900001
[58, 7, 72, 40] - 715.3377021400004
[36, 60, 72, 52] - 703.9886513999991
[36, 29, 60, 72] - 707.6516761599994
[58, 36, 60, 72] - 709.3100002000006
[36, 60, 72, 40] - 711.6180255899998
[36, 29, 72, 52] - 708.0807992299997
[58, 36, 72, 52] - 708.4237456400002
[36, 72, 40, 52] - 711.9782507299999
[58, 36, 29, 72] - 712.3618421399997
[36, 29, 72, 40] - 714.7743252800001
[36, 58, 72, 40] - 717.0191130600008
[29, 60, 72, 52] - 736.0447483900009
[58, 60, 72, 52] - 734.7776846200001
[60, 72, 40, 52] - 740.6385076900003
[58, 29, 60, 72] - 738.16737901
[29, 60, 72, 40] - 741.9132656699996
[58, 60, 72, 40] - 742.9230841200003
[58, 29, 72, 52] - 739.7099235300002
[29, 72, 40, 52] - 745.5053255100013
[58, 72, 40, 52] - 744.5595246599985
[58, 29, 72, 40] - 747.3543768100004
[3, 17, 74] - 688.879539
[25, 17, 74] - 701.0050520000004
[17, 9, 74] - 725.67954
[5, 17, 74] - 719.0238549999989
[48, 17, 74] - 727.1034359999992
[56, 17, 74] - 767.8189529999986
[34, 17, 74] - 741.7605370000006
[66, 17, 74] - 725.8789289999991
[17, 62, 74] - 762.5148509999981
[17, 7, 74] - 762.2386399999996
[36, 17, 74] - 751.8481380000005
[17, 60, 74] - 767.5611110000007
[17, 52, 74] - 780.8485930000003
[17, 29, 74] - 786.4860800000004
[58, 17, 74] - 788.6336609999995
[17, 40, 74] - 787.249317000001
[3, 74, 31] - 670.5271319999988
[25, 74, 31] - 659.3658240000005
[9, 74, 31] - 672.1653039999998
[5, 74, 31] - 699.2243469999993
[48, 74, 31] - 676.4344770000007
[56, 74, 31] - 720.0135629999997
[34, 74, 31] - 693.5941879999984
[66, 74, 31] - 698.7773390000002
[62, 74, 31] - 723.197843000001
[7, 74, 31] - 720.8063009999988
[36, 74, 31] - 713.5743539999986
[60, 74, 31] - 731.9483809999995
[52, 74, 31] - 735.5972910000006
[29, 74, 31] - 738.9130769999985
[58, 74, 31] - 739.8728170000005
[40, 74, 31] - 743.5548260000003
[44, 46, 74] - 693.5325790000011
[46, 74, 42] - 675.1220329999998
[46, 3, 74] - 684.6612100000009
[46, 25, 74] - 741.44776
[46, 9, 74] - 731.5055400000023
[46, 5, 74] - 757.7903240000013
[46, 48, 74] - 751.5275080000009
[56, 46, 74] - 789.8121920000003
[34, 46, 74] - 765.8231959999994
[66, 46, 74] - 759.6115730000009
[46, 62, 74] - 796.5355179999999
[46, 7, 74] - 777.3267629999983
[46, 36, 74] - 780.5687480000014
[46, 60, 74] - 793.0243319999997
[46, 52, 74] - 810.4384320000001
[46, 29, 74] - 809.7705850000013
[46, 58, 74] - 811.3117589999998
[46, 40, 74] - 814.2298100000007
[44, 74, 64] - 687.8592399999997
[44, 74, 42] - 704.4056300000008
[44, 3, 74] - 712.8625799999996
[44, 25, 74] - 778.2905760000009
[44, 9, 74] - 782.53282
[44, 5, 74] - 805.1081430000004
[44, 48, 74] - 786.887773000001
[44, 56, 74] - 832.4489960000002
[44, 34, 74] - 806.2746989999998
[66, 44, 74] - 792.9415489999985
[44, 62, 74] - 838.8466260000014
[44, 7, 74] - 822.5448130000004
[44, 36, 74] - 821.0390269999999
[44, 60, 74] - 835.0896220000001
[44, 52, 74] - 851.1290949999999
[44, 58, 29, 74] - 641.1973638500012
[44, 58, 40, 74] - 641.0587039000009
[74, 42, 64] - 717.5165890000014
[3, 74, 64] - 665.375384
[25, 74, 64] - 696.9270679999997
[9, 74, 64] - 715.9359789999993
[5, 74, 64] - 745.4350759999986
[48, 74, 64] - 721.4593370000006
[56, 74, 64] - 767.8475930000012
[34, 74, 64] - 746.3792549999998
[66, 74, 64] - 726.1105240000007
[62, 74, 64] - 770.9056300000005
[7, 74, 64] - 749.828555999999
[36, 74, 64] - 751.1756369999991
[60, 74, 64] - 763.9172859999998
[52, 74, 64] - 778.4896639999992
[29, 74, 64] - 778.0116549999993
[58, 74, 64] - 781.0859770000009
[40, 74, 64] - 791.5329979999999
[3, 74, 42] - 690.6971009999992
[25, 74, 42] - 734.5334119999994
[9, 74, 42] - 749.3472489999998
[5, 74, 42] - 778.9761519999995
[48, 74, 42] - 756.7920810000007
[56, 74, 42] - 800.6455150000004
[34, 74, 42] - 779.6373550000003
[66, 74, 42] - 775.1643380000016
[62, 74, 42] - 801.0572060000009
[7, 74, 42] - 784.5148810000013
[36, 74, 42] - 783.5552430000005
[60, 74, 42] - 803.8022830000004
[52, 74, 42] - 813.4594049999994
[29, 74, 42] - 820.4284449999997
[58, 74, 42] - 820.1748350000006
[40, 74, 42] - 820.0170429999991
[25, 3, 74] - 774.0533930000007
[3, 9, 74] - 801.0134279999997
[3, 5, 74] - 808.3008950000011
[3, 48, 74] - 799.8166470000002
[56, 3, 52, 74] - 639.5208644500009
[56, 3, 29, 74] - 646.0830917400007
[56, 58, 3, 74] - 640.7914534500002
[56, 3, 40, 74] - 640.1589609900001
[34, 3, 74] - 818.2082389999982
[66, 3, 74] - 810.5336729999996
[3, 29, 62, 74] - 640.4670203999998
[3, 29, 7, 74] - 641.4554351299987
[36, 3, 74] - 831.9282510000003
[3, 29, 60, 74] - 641.9778092499988
[3, 29, 74, 52] - 649.8429768899996
[58, 3, 74, 52] - 645.3321436200006
[3, 40, 74, 52] - 644.8893538399994
[58, 3, 29, 74] - 653.3461957499997
[3, 29, 40, 74] - 652.5372680200006
[3, 58, 40, 74] - 648.877983620001
[25, 9, 74] - 833.0711790000006
[25, 5, 29, 74] - 641.2182701099994
[58, 25, 5, 74] - 640.3701342700001
[25, 5, 40, 74] - 639.6487100199996
[25, 48, 62, 74] - 641.238779520001
[36, 25, 48, 74] - 654.7465218400006
[25, 48, 60, 74] - 653.3456319099992
[25, 48, 52, 74] - 657.0754962800012
[25, 48, 29, 74] - 658.8217212999999
[58, 25, 48, 74] - 660.6850427000014
[25, 48, 40, 74] - 657.4500374000002
[56, 25, 62, 74] - 652.2534787100001
[56, 25, 7, 74] - 648.0686369200001
[56, 36, 25, 74] - 650.0090658400005
[56, 25, 60, 74] - 659.3018789900008
[56, 25, 52, 74] - 667.5251218699993
[56, 25, 29, 74] - 668.5573803399989
[56, 58, 25, 74] - 669.4446026099976
[56, 25, 40, 74] - 666.7735998800005
[34, 25, 60, 74] - 640.2678541000015
[34, 25, 52, 74] - 647.1180525199997
[34, 25, 29, 74] - 651.1830100299989
[34, 58, 25, 74] - 649.0852996999995
[34, 25, 40, 74] - 648.7952708800004
[66, 25, 60, 74] - 645.0652694500004
[66, 25, 52, 74] - 644.0873809099998
[66, 25, 29, 74] - 647.3308765600012
[66, 58, 25, 74] - 649.6754490300001
[66, 25, 40, 74] - 645.6744026300004
[25, 7, 62, 74] - 646.2210729099987
[36, 25, 62, 74] - 654.0068177900004
[25, 60, 62, 74] - 663.54771619
[25, 62, 52, 74] - 669.2506485799989
[25, 29, 62, 74] - 672.8131069600006
[58, 25, 62, 74] - 675.841045590002
[25, 40, 62, 74] - 675.1265495699993
[36, 25, 7, 74] - 645.1475594399994
[25, 7, 60, 74] - 655.1464338000014
[25, 7, 52, 74] - 661.0716484999995
[25, 29, 7, 74] - 664.7935329199989
[58, 25, 7, 74] - 665.1726280299994
[25, 7, 40, 74] - 662.6782773300013
[25, 36, 60, 74] - 662.6899928699991
[25, 36, 52, 74] - 667.7778634200001
[25, 36, 29, 74] - 669.7614338100004
[58, 25, 36, 74] - 674.8756557100003
[25, 36, 40, 74] - 669.6172284500003
[25, 60, 52, 74] - 678.8298754100009
[25, 29, 60, 74] - 680.2671227000003
[58, 25, 60, 74] - 682.6894087700001
[25, 60, 40, 74] - 679.9743265899995
[25, 29, 74, 52] - 686.2429223899998
[58, 25, 74, 52] - 687.8869652200002
[25, 40, 74, 52] - 686.0549893200001
[58, 25, 29, 74] - 691.5096982899997
[25, 29, 40, 74] - 689.163489610001
[25, 58, 40, 74] - 691.1865971899998
[56, 5, 9, 74] - 640.3476062799995
[5, 9, 52, 74] - 646.34477158
[5, 29, 9, 74] - 651.2563707800002
[58, 5, 9, 74] - 649.3668558599998
[5, 9, 40, 74] - 650.3521705100012
[48, 9, 52, 74] - 639.4704472899995
[48, 29, 9, 74] - 640.9854845099997
[58, 48, 9, 74] - 642.0309389899991
[48, 9, 40, 74] - 640.7501373599993
[34, 56, 9, 74] - 652.4686878500015
[56, 9, 62, 74] - 669.4480159200021
[56, 7, 9, 74] - 661.6301468600007
[56, 36, 9, 74] - 655.5068064499989
[56, 9, 60, 74] - 672.3602912199999
[56, 9, 52, 74] - 682.1448828600018
[56, 29, 9, 74] - 686.1580851400007
[56, 58, 9, 74] - 684.2577803799994
[56, 9, 40, 74] - 684.0204053900001
[34, 9, 62, 74] - 646.5802575400002
[34, 9, 60, 74] - 649.7144020000007
[34, 9, 52, 74] - 657.6051687000011
[34, 29, 9, 74] - 663.5793878699997
[34, 58, 9, 74] - 660.3963142900001
[34, 9, 40, 74] - 661.7298546899995
[66, 9, 60, 74] - 643.628356419999
[66, 9, 52, 74] - 642.3882210500011
[66, 29, 9, 74] - 645.759481989999
[66, 58, 9, 74] - 646.7260076
[66, 9, 40, 74] - 644.1350693399999
[7, 9, 62, 74] - 651.3014938399997
[36, 9, 62, 74] - 649.4670590000003
[9, 60, 62, 74] - 666.3349078399991
[9, 62, 52, 74] - 675.1755473600002
[29, 9, 62, 74] - 680.6946174200003
[58, 9, 62, 74] - 681.0868853300004
[9, 40, 62, 74] - 682.2174935000006
[7, 9, 60, 74] - 656.2545443499996
[7, 9, 52, 74] - 664.0082943899995
[29, 7, 9, 74] - 669.936459439999
[58, 7, 9, 74] - 667.5907794399994
[7, 9, 40, 74] - 666.62355374
[36, 9, 60, 74] - 655.11785944
[36, 9, 52, 74] - 661.6455067499996
[36, 29, 9, 74] - 665.2637189899996
[58, 36, 9, 74] - 667.9277319699988
[36, 9, 40, 74] - 664.84733335
[9, 60, 52, 74] - 680.7255634399999
[29, 9, 60, 74] - 683.28550404
[58, 9, 60, 74] - 684.1912884299993
[9, 60, 40, 74] - 682.6031916400009
[29, 9, 74, 52] - 691.9941678999996
[58, 9, 74, 52] - 691.1934355000005
[9, 40, 74, 52] - 691.247442369999
[58, 29, 9, 74] - 696.4389229199983
[29, 9, 40, 74] - 695.20392853
[58, 9, 40, 74] - 696.2228266799993
[48, 5, 62, 74] - 640.4653123999999
[36, 48, 5, 74] - 647.3054346899994
[48, 5, 60, 74] - 645.8641437999989
[48, 5, 52, 74] - 651.42262086
[48, 5, 29, 74] - 654.8908188900006
[58, 48, 5, 74] - 654.0628712100003
[48, 5, 40, 74] - 655.0585504299997
[34, 56, 5, 74] - 670.7561500500022
[66, 56, 5, 74] - 647.4038774700007
[56, 5, 62, 74] - 675.9595207999995
[56, 5, 7, 74] - 669.418669330001
[56, 36, 5, 74] - 660.6874784500021
[56, 5, 60, 74] - 674.4726024899991
[56, 5, 52, 74] - 687.379806490001
[56, 5, 29, 74] - 690.8331704000019
[56, 58, 5, 74] - 688.0946857499996
[56, 5, 40, 74] - 690.3420981399993
[66, 34, 5, 74] - 644.5582959900004
[34, 5, 62, 74] - 673.519685489998
[34, 5, 7, 74] - 665.3020331699985
[34, 36, 5, 74] - 658.0610179900013
[34, 5, 60, 74] - 672.4081212399996
[34, 5, 52, 74] - 684.4243782099991
[34, 5, 29, 74] - 689.2761148800017
[34, 58, 5, 74] - 685.3942981199993
[34, 5, 40, 74] - 689.4451568400005
[66, 5, 62, 74] - 655.5856209100009
[66, 5, 7, 74] - 644.2503707199992
[66, 5, 60, 74] - 665.1021245699994
[66, 5, 52, 74] - 664.28103465
[66, 5, 29, 74] - 668.4833332300004
[66, 58, 5, 74] - 667.1865115900009
[66, 5, 40, 74] - 667.2393686600004
[5, 7, 62, 74] - 670.6362242499993
[36, 5, 62, 74] - 666.3957540399991
[5, 60, 62, 74] - 680.5469583400002
[5, 62, 52, 74] - 691.2369834099999
[5, 29, 62, 74] - 697.5812982399997
[58, 5, 62, 74] - 695.3485821999994
[5, 40, 62, 74] - 699.3550023199992
[36, 5, 7, 74] - 654.5819418200016
[5, 7, 60, 74] - 669.9317773400012
[5, 7, 52, 74] - 680.7900481299991
[5, 29, 7, 74] - 686.3120607599996
[58, 5, 7, 74] - 683.6239939499997
[5, 7, 40, 74] - 685.4374384599998
[36, 5, 60, 74] - 665.539318500001
[36, 5, 52, 74] - 674.5890116199995
[36, 5, 29, 74] - 679.5427535299983
[58, 36, 5, 74] - 680.6620996599992
[36, 5, 40, 74] - 679.8864646999998
[5, 60, 52, 74] - 691.0097302399986
[5, 29, 60, 74] - 694.6734025799997
[58, 5, 60, 74] - 692.7283043399993
[5, 60, 40, 74] - 695.0955614299994
[5, 29, 74, 52] - 704.98254127
[58, 5, 74, 52] - 702.9902664699995
[5, 40, 74, 52] - 705.7814465600013
[58, 5, 29, 74] - 708.7805776199988
[5, 29, 40, 74] - 711.1429808000006
[58, 5, 40, 74] - 710.0013045900001
[34, 56, 48, 74] - 648.5356665699994
[66, 56, 48, 74] - 642.7154375999988
[56, 48, 62, 74] - 668.6006164800009
[56, 48, 7, 74] - 663.99621909
[56, 36, 48, 74] - 678.6850432299998
[56, 48, 60, 74] - 677.4256155899999
[56, 48, 52, 74] - 685.5724835300011
[56, 48, 29, 74] - 685.5798741400006
[56, 58, 48, 74] - 686.1389582600005
[56, 48, 40, 74] - 685.3882815199983
[34, 48, 62, 74] - 648.6140594400005
[34, 48, 7, 74] - 642.7698679000008
[34, 36, 48, 74] - 658.1674747800009
[34, 48, 60, 74] - 657.5274241099995
[34, 48, 52, 74] - 663.8555248400004
[34, 48, 29, 74] - 667.5765244199993
[34, 58, 48, 74] - 665.4595110299999
[34, 48, 40, 74] - 666.1980122900002
[66, 48, 62, 74] - 648.8922029299997
[66, 48, 7, 74] - 639.6857226
[66, 36, 48, 74] - 657.7267218300005
[66, 48, 60, 74] - 664.0160846700005
[66, 48, 52, 74] - 662.7070879900008
[66, 48, 29, 74] - 665.4557028699984
[66, 58, 48, 74] - 667.2382950400004
[66, 48, 40, 74] - 664.4169450300005
[48, 7, 62, 74] - 660.8370837099995
[36, 48, 62, 74] - 680.8003327900002
[48, 60, 62, 74] - 679.76523148
[48, 62, 52, 74] - 685.2749229700011
[48, 29, 62, 74] - 688.000390790001
[58, 48, 62, 74] - 690.8244678900013
[48, 40, 62, 74] - 691.7428547000001
[36, 48, 7, 74] - 672.8171756499993
[48, 7, 60, 74] - 672.694840050001
[48, 7, 52, 74] - 678.5991217199985
[48, 29, 7, 74] - 681.7849805700012
[58, 48, 7, 74] - 681.4414295000001
[48, 7, 40, 74] - 679.8402459600003
[36, 48, 60, 74] - 691.4477102399999
[36, 48, 52, 74] - 697.4423763699987
[36, 48, 29, 74] - 698.4233004300004
[58, 36, 48, 74] - 703.1814200199997
[36, 48, 40, 74] - 699.5041090100001
[48, 60, 52, 74] - 697.1986483900007
[48, 29, 60, 74] - 698.0886487799987
[58, 48, 60, 74] - 699.4688105899994
[48, 60, 40, 74] - 698.669777050001
[48, 29, 74, 52] - 703.3555411499992
[58, 48, 74, 52] - 705.2126142600026
[48, 40, 74, 52] - 703.9821515199988
[58, 48, 29, 74] - 707.5623005099994
[48, 29, 40, 74] - 706.2977552200009
[58, 48, 40, 74] - 708.8170053600019
[66, 56, 34, 74] - 654.1869060500003
[56, 34, 62, 74] - 687.86430768
[56, 34, 7, 74] - 684.4908452500003
[56, 34, 36, 74] - 672.8752739500002
[56, 34, 60, 74] - 688.2582671200006
[56, 34, 52, 74] - 700.9068243999996
[56, 34, 29, 74] - 705.9205829399989
[56, 34, 58, 74] - 701.7923761700016
[56, 34, 40, 74] - 703.0245311200018
[66, 56, 62, 74] - 673.0280610899983
[66, 56, 7, 74] - 667.690117540001
[66, 56, 36, 74] - 657.5699426899986
[66, 56, 60, 74] - 684.4586677700007
[66, 56, 52, 74] - 685.5749052399983
[66, 56, 29, 74] - 687.98743546
[66, 56, 58, 74] - 687.7442791599995
[66, 56, 40, 74] - 686.4965237899987
[56, 7, 62, 74] - 703.1132707800016
[56, 36, 62, 74] - 695.6167821900011
[56, 60, 62, 74] - 709.017064399999
[56, 62, 52, 74] - 721.874804919999
[56, 29, 62, 74] - 724.4538583699997
[56, 58, 62, 74] - 725.0301801199989
[56, 40, 62, 74] - 728.2439822900002
[56, 36, 7, 74] - 688.8073278899997
[56, 7, 60, 74] - 704.71104068
[56, 7, 52, 74] - 717.6306919499996
[56, 29, 7, 74] - 719.9272436199993
[56, 58, 7, 74] - 719.17028331
[56, 7, 40, 74] - 719.0385494
[56, 36, 60, 74] - 696.6354783500007
[56, 36, 52, 74] - 708.7655574500004
[56, 36, 29, 74] - 709.9024461599996
[56, 58, 36, 74] - 712.5679427100005
[56, 36, 40, 74] - 710.1762212100002
[56, 60, 52, 74] - 724.0505995100023
[56, 29, 60, 74] - 725.0836005700006
[56, 58, 60, 74] - 724.6620732099993
[56, 60, 40, 74] - 724.9933282799984
[56, 29, 74, 52] - 738.1410339600016
[56, 58, 74, 52] - 737.8291119800007
[56, 40, 74, 52] - 738.2712220999995
[56, 58, 29, 74] - 740.5017651600003
[56, 29, 40, 74] - 740.4158637700012
[56, 58, 40, 74] - 741.063625400002
[66, 34, 62, 74] - 657.58722197
[66, 34, 7, 74] - 650.7677499800014
[66, 34, 36, 74] - 642.1796196700011
[66, 34, 60, 74] - 668.8192442700002
[66, 34, 52, 74] - 668.9843428500033
[66, 34, 29, 74] - 672.7750064400003
[66, 34, 58, 74] - 671.5065209899992
[66, 34, 40, 74] - 671.7344614899982
[34, 7, 62, 74] - 679.9405587300025
[34, 36, 62, 74] - 673.3384264600013
[34, 60, 62, 74] - 688.8444247499991
[34, 62, 52, 74] - 699.8794578599988
[34, 29, 62, 74] - 707.1281971199991
[34, 58, 62, 74] - 704.0282133199996
[34, 40, 62, 74] - 708.02919335
[34, 36, 7, 74] - 666.5306125899992
[34, 7, 60, 74] - 682.5352384600002
[34, 7, 52, 74] - 694.38200412
[34, 29, 7, 74] - 699.0745921600013
[34, 58, 7, 74] - 696.3262762499988
[34, 7, 40, 74] - 697.6341497400006
[34, 36, 60, 74] - 676.2589593800011
[34, 36, 52, 74] - 686.1792066200007
[34, 36, 29, 74] - 691.4337277900015
[34, 58, 36, 74] - 691.0333164800002
[34, 36, 40, 74] - 690.2105215700007
[34, 60, 52, 74] - 702.9559293499999
[34, 29, 60, 74] - 706.7960852500003
[34, 58, 60, 74] - 704.5792049499997
[34, 60, 40, 74] - 705.9680401699991
[34, 29, 74, 52] - 718.457372990001
[34, 58, 74, 52] - 715.0170637700013
[34, 40, 74, 52] - 717.3047958900002
[34, 58, 29, 74] - 721.2230166500007
[34, 29, 40, 74] - 723.0648001799991
[34, 58, 40, 74] - 720.9731640600007
[66, 7, 62, 74] - 668.3523759099986
[66, 36, 62, 74] - 662.9620613500008
[66, 60, 62, 74] - 689.6507710499999
[66, 62, 52, 74] - 689.3417241699992
[66, 29, 62, 74] - 694.2566900800012
[66, 58, 62, 74] - 695.5543955799994
[66, 40, 62, 74] - 694.8511440799996
[66, 36, 7, 74] - 654.6068559800003
[66, 7, 60, 74] - 682.2484966100006
[66, 7, 52, 74] - 682.0099056199979
[66, 29, 7, 74] - 685.8000414500015
[66, 58, 7, 74] - 685.8395131000009
[66, 7, 40, 74] - 683.7966020999986
[66, 36, 60, 74] - 678.4248418099997
[66, 36, 52, 74] - 675.4973422099997
[66, 36, 29, 74] - 678.5315888800008
[66, 58, 36, 74] - 682.8506744900001
[66, 36, 40, 74] - 678.6376543900001
[66, 60, 52, 74] - 704.5689215800008
[66, 29, 60, 74] - 706.114303159999
[66, 58, 60, 74] - 708.1855273100003
[66, 60, 40, 74] - 706.8144731499976
[66, 29, 74, 52] - 705.31045245
[66, 58, 74, 52] - 706.5923293500013
[66, 40, 74, 52] - 705.4752147999992
[66, 58, 29, 74] - 710.7587639700025
[66, 29, 40, 74] - 708.9516961999999
[66, 58, 40, 74] - 710.9389560099997
[36, 7, 62, 74] - 686.2826101699997
[7, 60, 62, 74] - 702.05957891
[7, 62, 52, 74] - 712.6579470200019
[29, 7, 62, 74] - 718.52267351
[58, 7, 62, 74] - 718.1669149099997
[7, 40, 62, 74] - 719.8338813199989
[36, 60, 62, 74] - 699.4248237499996
[36, 62, 52, 74] - 708.8579667
[36, 29, 62, 74] - 713.16774789
[58, 36, 62, 74] - 717.7167532799989
[36, 40, 62, 74] - 717.3458530300014
[60, 62, 52, 74] - 724.8144273300002
[29, 60, 62, 74] - 728.1729737300003
[58, 60, 62, 74] - 730.0046716999994
[60, 40, 62, 74] - 731.4561983099998
[29, 62, 74, 52] - 737.9538487800007
[58, 62, 74, 52] - 739.5630257700001
[40, 62, 74, 52] - 742.6562777799998
[58, 29, 62, 74] - 745.8352169200004
[29, 40, 62, 74] - 747.4218262000005
[58, 40, 62, 74] - 749.6866462700012
[36, 7, 60, 74] - 692.2037595100007
[36, 7, 52, 74] - 701.3245904999991
[36, 29, 7, 74] - 705.7953347199976
[58, 36, 7, 74] - 707.4077802600021
[36, 7, 40, 74] - 704.4187386500001
[7, 60, 52, 74] - 718.8275429599997
[29, 7, 60, 74] - 721.4388316900004
[58, 7, 60, 74] - 721.3059848799998
[7, 60, 40, 74] - 721.2019257400001
[29, 7, 74, 52] - 732.1913006099995
[58, 7, 74, 52] - 731.3981389999994
[7, 40, 74, 52] - 731.7732201300006
[58, 7, 29, 74] - 736.4974168399998
[7, 29, 40, 74] - 736.6957121900001
[58, 7, 40, 74] - 736.579707240001
[36, 60, 52, 74] - 714.4399393899988
[36, 29, 60, 74] - 716.5851918500014
[58, 36, 60, 74] - 720.2162205799997
[36, 60, 40, 74] - 718.0704208899995
[36, 29, 74, 52] - 725.35036384
[58, 36, 74, 52] - 729.5724021400001
[36, 40, 74, 52] - 727.2338185200011
[58, 36, 29, 74] - 732.9167485299996
[36, 29, 40, 74] - 730.3354267800011
[36, 58, 40, 74] - 735.1361528100005
[29, 60, 74, 52] - 742.0868042700008
[58, 60, 74, 52] - 743.2900674400007
[60, 40, 74, 52] - 744.2764548900008
[58, 29, 60, 74] - 746.2990509400017
[29, 60, 40, 74] - 746.1645727199997
[58, 60, 40, 74] - 748.2129902899987
[58, 29, 74, 52] - 756.02601002
[29, 40, 74, 52] - 756.5442804000004
[58, 40, 74, 52] - 758.3202653699999
[58, 29, 40, 74] - 762.8811275899998
[46, 17, 31] - 662.1024910000002
[44, 17, 31] - 649.9174599999999
[17, 64, 31] - 714.5179019999999
[17, 42, 31] - 750.6360079999994
[3, 17, 31] - 790.6005060000003
[25, 17, 31] - 721.878868999999
[17, 9, 31] - 756.5255870000004
[5, 17, 31] - 768.287928000001
[48, 17, 31] - 774.3978440000001
[56, 17, 31] - 783.1588239999993
[34, 17, 31] - 788.348360999999
[66, 17, 31] - 800.4205830000001
[17, 62, 31] - 789.0514899999995
[17, 7, 31] - 816.0869869999979
[36, 17, 31] - 803.1819209999996
[17, 60, 31] - 826.0167930000018
[17, 52, 31] - 830.2589920000013
[17, 29, 31] - 834.5085150000002
[58, 17, 31] - 834.7993620000007
[17, 40, 31] - 841.2445669999989
[44, 46, 17] - 657.0415289999991
[46, 17, 64] - 668.4395589999995
[46, 17, 42] - 727.5715460000004
[46, 3, 17] - 747.8173759999988
[46, 25, 17] - 738.262224
[46, 17, 9] - 753.4166479999993
[46, 5, 17] - 759.4030940000006
[46, 48, 17] - 774.434860999999
[56, 46, 17] - 788.0212180000001
[34, 46, 17] - 787.7381939999996
[66, 46, 17] - 788.5754970000002
[46, 17, 62] - 790.2133950000001
[46, 17, 7] - 804.154404000001
[46, 36, 17] - 799.1925899999995
[46, 17, 60] - 814.6419289999995
[46, 17, 52] - 831.6488979999981
[46, 17, 29] - 830.1535640000004
[46, 58, 17] - 830.4482130000006
[46, 17, 40] - 835.7367289999993
[44, 17, 64] - 665.4455169999999
[44, 17, 42] - 703.7391910000006
[44, 3, 17] - 721.6984570000001
[44, 25, 17] - 719.5608110000004
[44, 17, 9] - 743.4053280000011
[44, 5, 17] - 749.6111709999993
[44, 48, 17] - 747.9223029999994
[44, 56, 17] - 769.9931440000009
[44, 34, 17] - 765.5683450000015
[66, 44, 17] - 758.4301309999988
[44, 17, 62] - 779.1327790000015
[44, 17, 7] - 784.5449160000002
[44, 36, 17] - 777.5832229999987
[44, 17, 60] - 793.3986470000003
[44, 17, 52] - 806.5089530000012
[44, 17, 29] - 811.2425330000008
[44, 58, 17] - 814.3190029999996
[44, 17, 40] - 810.1024589999979
[17, 42, 64] - 797.7575389999998
[3, 17, 64] - 765.7226290000009
[25, 17, 64] - 719.5063140000009
[17, 9, 64] - 764.5891859999994
[5, 17, 64] - 775.8052629999991
[48, 17, 64] - 774.353122
[56, 17, 64] - 788.4965960000002
[34, 17, 64] - 795.2527219999985
[66, 17, 64] - 787.9681630000013
[17, 62, 64] - 790.9834469999972
[17, 7, 64] - 807.1205600000021
[36, 17, 64] - 801.8221909999994
[17, 60, 64] - 816.5445600000018
[17, 52, 64] - 830.723908999999
[17, 29, 64] - 829.144178
[58, 17, 64] - 832.178699
[17, 40, 64] - 843.7995419999991
[3, 17, 42] - 806.6741930000012
[25, 17, 42] - 779.7186659999998
[17, 9, 42] - 820.9512730000001
[5, 17, 42] - 834.9289850000004
[48, 17, 42] - 834.0845969999996
[56, 17, 42] - 846.3258310000002
[34, 17, 40, 42] - 640.3003090400009
[66, 17, 60, 42] - 641.1757499699987
[66, 17, 52, 42] - 640.0338714400004
[66, 17, 29, 42] - 644.8588604299995
[66, 58, 17, 42] - 644.2633419200008
[66, 17, 40, 42] - 646.1582252400002
[17, 62, 42] - 847.521959999999
[17, 7, 60, 42] - 640.4123821599991
[17, 7, 52, 42] - 645.2355740599995
[17, 29, 7, 42] - 649.3682413199995
[58, 17, 7, 42] - 647.1869845200011
[17, 7, 40, 42] - 651.2538087399993
[36, 17, 29, 42] - 642.9851095999999
[58, 36, 17, 42] - 644.0921101099996
[36, 17, 40, 42] - 645.0600140099996
[17, 60, 52, 42] - 657.8814966500016
[17, 29, 60, 42] - 661.882518500001
[58, 17, 60, 42] - 660.6829083900008
[17, 60, 40, 42] - 662.8723466399998
[17, 29, 52, 42] - 666.9361474099999
[58, 17, 52, 42] - 664.6587770499999
[17, 40, 52, 42] - 668.3454120300007
[58, 17, 29, 42] - 669.4674649100004
[17, 29, 40, 42] - 672.548541079999
[58, 17, 40, 42] - 672.0990985300015
[25, 3, 17] - 831.9557879999998
[3, 17, 7, 9] - 641.1611512500002
[3, 17, 9, 60] - 644.1038377100007
[3, 17, 9, 52] - 651.6209102699984
[3, 17, 29, 9] - 656.7868908299995
[58, 3, 17, 9] - 653.6051474099994
[3, 17, 9, 40] - 653.3145655699991
[3, 5, 17, 60] - 639.6470992699984
[3, 5, 17, 52] - 647.4332046199999
[3, 5, 17, 29] - 654.080285620001
[58, 3, 5, 17] - 650.0739904599998
[3, 5, 17, 40] - 650.873627469999
[3, 48, 17, 7] - 652.4565073599997
[36, 3, 48, 17] - 659.3639792400007
[3, 48, 17, 60] - 659.8686691099995
[3, 48, 17, 52] - 663.8725285099994
[3, 48, 17, 29] - 668.8428479800007
[58, 3, 48, 17] - 666.2063501100001
[3, 48, 17, 40] - 665.9166990699993
[34, 56, 3, 17] - 643.3759457500004
[66, 56, 3, 17] - 641.7241457900019
[56, 3, 17, 62] - 651.27481768
[56, 3, 17, 7] - 662.9512240500006
[56, 36, 3, 17] - 648.7079444599992
[56, 3, 17, 60] - 667.68291015
[56, 3, 17, 52] - 676.3809535800012
[56, 3, 17, 29] - 681.4021115999999
[56, 58, 3, 17] - 677.8861065500012
[56, 3, 17, 40] - 676.9017608599978
[66, 34, 3, 17] - 640.0964957999989
[34, 3, 17, 7] - 658.8710083499986
[34, 36, 3, 17] - 645.1060832100002
[34, 3, 17, 60] - 660.9644364100014
[34, 3, 17, 52] - 669.6159164300004
[34, 3, 17, 29] - 674.8072833400003
[34, 58, 3, 17] - 671.3019091700004
[34, 3, 17, 40] - 673.0931672799993
[66, 3, 17, 62] - 641.3297637000006
[66, 3, 17, 7] - 664.1721090500013
[66, 36, 3, 17] - 648.9607681400003
[66, 3, 17, 60] - 675.2089589299989
[66, 3, 17, 52] - 674.3293424899998
[66, 3, 17, 29] - 680.4761019999997
[66, 58, 3, 17] - 677.7875984900013
[66, 3, 17, 40] - 678.108061219999
[3, 17, 7, 62] - 661.9138731299992
[36, 3, 17, 62] - 648.2879764100013
[3, 17, 60, 62] - 665.511922370001
[3, 17, 62, 52] - 672.178029860001
[3, 17, 29, 62] - 681.2469074900001
[58, 3, 17, 62] - 676.986235549999
[3, 17, 40, 62] - 678.7375125200005
[36, 3, 17, 7] - 672.8197181800008
[3, 17, 7, 60] - 688.2484530600001
[3, 17, 7, 52] - 697.2601176999992
[3, 17, 29, 7] - 701.7466291299997
[58, 3, 17, 7] - 699.1047637699994
[3, 17, 7, 40] - 700.4329918099994
[3, 36, 17, 60] - 675.59764283
[3, 36, 17, 52] - 682.3935277100024
[3, 36, 17, 29] - 688.6314702799989
[58, 3, 36, 17] - 686.8651026300016
[3, 36, 17, 40] - 685.472514510001
[3, 17, 60, 52] - 699.72014008
[3, 17, 29, 60] - 704.5830242399994
[58, 3, 17, 60] - 701.6269642400005
[3, 17, 60, 40] - 702.4040302100009
[3, 17, 29, 52] - 713.4347750400003
[58, 3, 17, 52] - 708.7964882700002
[3, 17, 40, 52] - 709.82123977
[58, 3, 17, 29] - 716.1056939299986
[3, 17, 29, 40] - 716.8635423699993
[3, 58, 17, 40] - 713.4102073899995
[25, 17, 9] - 835.5642620000008
[25, 5, 17] - 837.800434
[36, 25, 48, 17] - 654.5023594099994
[25, 48, 17, 60] - 653.6484711899988
[25, 48, 17, 52] - 656.9056971099994
[25, 48, 17, 29] - 659.4121782500008
[58, 25, 48, 17] - 659.3115086699988
[25, 48, 17, 40] - 657.9425757699997
[56, 25, 17, 60] - 643.6288051099993
[56, 25, 17, 52] - 650.024910599999
[56, 25, 17, 29] - 653.7522152000001
[56, 58, 25, 17] - 652.4816336099996
[56, 25, 17, 40] - 648.9666241799988
[34, 25, 17, 60] - 643.5127357099984
[34, 25, 17, 52] - 649.2406388000004
[34, 25, 17, 29] - 654.58562277
[34, 58, 25, 17] - 651.5167502699994
[34, 25, 17, 40] - 652.1635054999999
[66, 25, 17, 60] - 652.5498010899989
[66, 25, 17, 52] - 650.3417767200001
[66, 25, 17, 29] - 655.9237451399996
[66, 58, 25, 17] - 654.9205017599988
[66, 25, 17, 40] - 653.4299776
[25, 17, 60, 62] - 647.9947125299998
[25, 17, 62, 52] - 652.3081434700005
[25, 17, 29, 62] - 659.2582384900004
[58, 25, 17, 62] - 658.7400015099992
[25, 17, 40, 62] - 657.90203776
[36, 25, 17, 7] - 653.1579081700005
[25, 17, 7, 60] - 662.5057276999997
[25, 17, 7, 52] - 668.3276673199999
[25, 17, 29, 7] - 672.3658388899998
[58, 25, 17, 7] - 670.9959015200001
[25, 17, 7, 40] - 670.7821042300004
[25, 36, 17, 60] - 665.2001162900012
[25, 36, 17, 52] - 670.1244912200008
[25, 36, 17, 29] - 674.2985775700002
[58, 25, 36, 17] - 675.9994900900007
[25, 36, 17, 40] - 672.6977257400005
[25, 17, 60, 52] - 681.0922455499987
[25, 17, 29, 60] - 684.1159236999991
[58, 25, 17, 60] - 684.0373987399987
[25, 17, 60, 40] - 682.6991166899986
[25, 17, 29, 52] - 690.8748245799993
[58, 25, 17, 52] - 688.9026458100001
[25, 17, 40, 52] - 688.1248134200007
[58, 25, 17, 29] - 693.9291434899993
[25, 17, 29, 40] - 693.7407059500003
[25, 58, 17, 40] - 692.72352428
[34, 5, 17, 9] - 645.9520515900003
[5, 17, 7, 9] - 641.036363009999
[5, 17, 9, 60] - 647.0787819500002
[5, 17, 9, 52] - 656.7219066400013
[5, 17, 29, 9] - 661.225822319999
[58, 5, 17, 9] - 658.8205823400009
[5, 17, 9, 40] - 661.2209846799997
[48, 17, 7, 9] - 646.0116651000008
[36, 48, 17, 9] - 661.4387034799995
[48, 17, 9, 60] - 663.9241417300001
[48, 17, 9, 52] - 666.1891972400002
[48, 17, 29, 9] - 669.2278614599988
[58, 48, 17, 9] - 668.7351349599983
[48, 17, 9, 40] - 669.4931928700014
[34, 56, 17, 9] - 659.2577467900004
[66, 56, 17, 9] - 646.1564824600008
[56, 17, 9, 62] - 663.6235376300006
[56, 17, 7, 9] - 668.4707892400007
[56, 36, 17, 9] - 659.4710377199999
[56, 17, 9, 60] - 677.5660579900016
[56, 17, 9, 52] - 687.9386085900011
[56, 17, 29, 9] - 691.5304283600004
[56, 58, 17, 9] - 689.5698318400019
[56, 17, 9, 40] - 689.2303510600013
[66, 34, 17, 9] - 645.0444300599995
[34, 17, 9, 62] - 653.354914519999
[34, 17, 7, 9] - 664.756473219999
[34, 36, 17, 9] - 656.2313817000004
[34, 17, 9, 60] - 673.16960034
[34, 17, 9, 52] - 681.9146396299996
[34, 17, 29, 9] - 687.1985354100001
[34, 58, 17, 9] - 684.1606927500004
[34, 17, 9, 40] - 687.0999237100017
[66, 17, 9, 62] - 641.7595000799997
[66, 17, 7, 9] - 654.6690363799997
[66, 36, 17, 9] - 644.1976848600005
[66, 17, 9, 60] - 672.6822845400005
[66, 17, 9, 52] - 671.4645744200001
[66, 17, 29, 9] - 676.519549649999
[66, 58, 17, 9] - 675.4848515800011
[66, 17, 9, 40] - 675.5044145400002
[17, 7, 9, 62] - 661.0447825700008
[36, 17, 9, 62] - 654.2164581499994
[17, 9, 60, 62] - 672.3862137300008
[17, 9, 62, 52] - 680.5041151899995
[17, 29, 9, 62] - 687.742185339999
[58, 17, 9, 62] - 686.4241454799989
[17, 9, 40, 62] - 688.6742273500018
[36, 17, 7, 9] - 667.3753536500005
[17, 7, 9, 60] - 684.5961164699983
[17, 7, 9, 52] - 693.273351940001
[17, 29, 7, 9] - 698.3088776799999
[58, 17, 7, 9] - 695.6761012800018
[17, 7, 9, 40] - 697.752012400002
[36, 17, 9, 60] - 678.0272550600005
[36, 17, 9, 52] - 684.8196167400001
[36, 17, 29, 9] - 689.2555171700008
[58, 36, 17, 9] - 690.6550213699988
[36, 17, 9, 40] - 689.8534750000001
[17, 9, 60, 52] - 703.5300303600003
[17, 29, 9, 60] - 706.7091797099988
[58, 17, 9, 60] - 706.1745045799993
[17, 9, 60, 40] - 706.5183363599986
[17, 29, 9, 52] - 716.5905427099997
[58, 17, 9, 52] - 714.2707791800002
[17, 9, 40, 52] - 715.6598621500003
[58, 17, 29, 9] - 719.8626168900001
[17, 29, 9, 40] - 720.72617129
[58, 17, 9, 40] - 720.4253084999992
[34, 48, 5, 17] - 647.4742920100024
[48, 5, 17, 7] - 644.4583859199995
[36, 48, 5, 17] - 658.2449429699997
[48, 5, 17, 60] - 656.7960709599996
[48, 5, 17, 52] - 660.7279008900016
[48, 5, 17, 29] - 665.4876375299991
[58, 48, 5, 17] - 664.8384952699996
[48, 5, 17, 40] - 666.1339063799999
[34, 56, 5, 17] - 662.8112263699999
[66, 56, 5, 17] - 640.3279377800001
[56, 5, 17, 62] - 650.4448135199997
[56, 5, 17, 7] - 657.3006230899987
[56, 36, 5, 17] - 646.1883435400011
[56, 5, 17, 60] - 662.84405221
[56, 5, 17, 52] - 672.9420979200016
[56, 5, 17, 29] - 677.4928632300004
[56, 58, 5, 17] - 675.522428300001
[56, 5, 17, 40] - 675.7587057399996
[66, 34, 5, 17] - 662.56781674
[34, 5, 17, 62] - 664.2714391099987
[34, 5, 17, 7] - 679.4031159899987
[34, 36, 5, 17] - 670.0030404899998
[34, 5, 17, 60] - 683.9864487999997
[34, 5, 17, 52] - 693.5645692699995
[34, 5, 17, 29] - 700.0200638200002
[34, 58, 5, 17] - 697.6651466899995
[34, 5, 17, 40] - 701.3024449500004
[66, 5, 17, 62] - 648.6631225700015
[66, 5, 17, 7] - 662.1144465599983
[66, 36, 5, 17] - 651.2822350699989
[66, 5, 17, 60] - 678.7886178000006
[66, 5, 17, 52] - 676.3056449099994
[66, 5, 17, 29] - 683.329452860001
[66, 58, 5, 17] - 681.6793673400011
[66, 5, 17, 40] - 682.4186181999997
[5, 17, 7, 62] - 661.14356682
[36, 5, 17, 62] - 652.6500063800003
[5, 17, 60, 62] - 668.4689889799993
[5, 17, 62, 52] - 676.6139967700009
[5, 17, 29, 62] - 685.5425486899984
[58, 5, 17, 62] - 683.00442569
[5, 17, 40, 62] - 686.0570033900018
[36, 5, 17, 7] - 667.7148868399995
[5, 17, 7, 60] - 682.1937486999996
[5, 17, 7, 52] - 691.4661399899987
[5, 17, 29, 7] - 697.3549625799996
[58, 5, 17, 7] - 695.3739295000007
[5, 17, 7, 40] - 698.1801858699988
[36, 5, 17, 60] - 673.6220893400001
[36, 5, 17, 52] - 681.1269985000004
[36, 5, 17, 29] - 687.7972478500013
[58, 36, 5, 17] - 688.6428800199998
[36, 5, 17, 40] - 688.5856753399995
[5, 17, 60, 52] - 697.2983609100022
[5, 17, 29, 60] - 702.5304954600005
[58, 5, 17, 60] - 701.0357197799991
[5, 17, 60, 40] - 703.0297020999994
[5, 17, 29, 52] - 712.5078731100004
[58, 5, 17, 52] - 709.5695932500016
[5, 17, 40, 52] - 712.0600153899994
[58, 5, 17, 29] - 716.9692864700002
[5, 17, 29, 40] - 719.7953426799993
[58, 5, 17, 40] - 718.1982104399997
[34, 56, 48, 17] - 655.3662523499994
[66, 56, 48, 17] - 651.1348839699997
[56, 48, 17, 62] - 659.6911053200004
[56, 48, 17, 7] - 670.2974685300003
[56, 36, 48, 17] - 683.2843237300011
[56, 48, 17, 60] - 684.4171565900011
[56, 48, 17, 52] - 689.8008505499995
[56, 48, 17, 29] - 690.6869595599997
[56, 58, 48, 17] - 691.6427266700003
[56, 48, 17, 40] - 690.7719144499983
[66, 34, 48, 17] - 659.2053236199995
[34, 48, 17, 62] - 653.12812269
[34, 48, 17, 7] - 672.1714348899986
[34, 36, 48, 17] - 686.0616944600015
[34, 48, 17, 60] - 685.3523762100017
[34, 48, 17, 52] - 688.9646833500004
[34, 48, 17, 29] - 693.2983612899993
[34, 58, 48, 17] - 692.6070422100009
[34, 48, 17, 40] - 694.7686461900007
[66, 48, 17, 62] - 655.5455164099991
[66, 48, 17, 7] - 675.2656920499993
[66, 36, 48, 17] - 687.4168672600001
[66, 48, 17, 60] - 694.6370137299986
[66, 48, 17, 52] - 691.7632549800003
[66, 48, 17, 29] - 696.2646991999985
[66, 58, 48, 17] - 697.838619910001
[66, 48, 17, 40] - 697.7187234899999
[48, 17, 7, 62] - 667.93527426
[36, 48, 17, 62] - 684.5546107700001
[48, 17, 60, 62] - 685.5749175400002
[48, 17, 62, 52] - 687.6442495799998
[48, 17, 29, 62] - 693.6290769800007
[58, 48, 17, 62] - 695.0954043500001
[48, 17, 40, 62] - 696.8661129999996
[36, 48, 17, 7] - 705.0708858199998
[48, 17, 7, 60] - 704.9067613999994
[48, 17, 7, 52] - 708.7271704199993
[48, 17, 29, 7] - 711.9328655699981
[58, 48, 17, 7] - 712.1853544300013
[48, 17, 7, 40] - 713.5068338200022
[36, 48, 17, 60] - 719.9101141800008
[36, 48, 17, 52] - 723.8784504700003
[36, 48, 17, 29] - 726.299222790001
[58, 36, 48, 17] - 730.5365762600005
[36, 48, 17, 40] - 729.2458121599986
[48, 17, 60, 52] - 724.2196441100017
[48, 17, 29, 60] - 726.2250297100002
[58, 48, 17, 60] - 727.5667220199997
[48, 17, 60, 40] - 728.3372082400002
[48, 17, 29, 52] - 730.0334164699999
[58, 48, 17, 52] - 731.1861939000007
[48, 17, 40, 52] - 731.5048717799991
[58, 48, 17, 29] - 734.4229439600007
[48, 17, 29, 40] - 735.6650844600001
[58, 48, 17, 40] - 737.5089142699998
[66, 56, 34, 17] - 666.2336127600014
[56, 34, 17, 62] - 678.4032979500014
[56, 34, 17, 7] - 687.4260738200006
[56, 34, 36, 17] - 676.2870080299999
[56, 34, 17, 60] - 693.5157359799991
[56, 34, 17, 52] - 703.4130913599985
[56, 34, 17, 29] - 708.1259550499984
[56, 34, 58, 17] - 706.2090980599995
[56, 34, 17, 40] - 706.5675507399994
[66, 56, 17, 62] - 668.4342371900008
[66, 56, 17, 7] - 679.0071784199994
[66, 56, 36, 17] - 665.8000281299999
[66, 56, 17, 60] - 695.9020549600019
[66, 56, 17, 52] - 694.2882340300002
[66, 56, 17, 29] - 698.5786106999999
[66, 56, 58, 17] - 698.3997169699998
[66, 56, 17, 40] - 697.5522624900019
[56, 17, 7, 62] - 690.7768299599985
[56, 36, 17, 62] - 682.0427722700002
[56, 17, 60, 62] - 699.9187966999999
[56, 17, 62, 52] - 709.08587058
[56, 17, 29, 62] - 713.8156678900018
[56, 58, 17, 62] - 714.3148032700022
[56, 17, 40, 62] - 716.3810064700006
[56, 36, 17, 7] - 691.8376795600016
[56, 17, 7, 60] - 709.3115127600021
[56, 17, 7, 52] - 720.3390740700006
[56, 17, 29, 7] - 722.1322609899985
[56, 58, 17, 7] - 722.2835985900001
[56, 17, 7, 40] - 722.5846289200015
[56, 36, 17, 60] - 699.8109880799997
[56, 36, 17, 52] - 709.2451393600015
[56, 36, 17, 29] - 711.5127651000003
[56, 58, 36, 17] - 714.492427030001
[56, 36, 17, 40] - 711.6223705800006
[56, 17, 60, 52] - 727.5062580999996
[56, 17, 29, 60] - 728.9540689699987
[56, 58, 17, 60] - 729.4625949900004
[56, 17, 60, 40] - 729.0390760499996
[56, 17, 29, 52] - 740.4213430899999
[56, 58, 17, 52] - 740.0325304900005
[56, 17, 40, 52] - 739.3128154600003
[56, 58, 17, 29] - 743.1490874699991
[56, 17, 29, 40] - 743.0001184399998
[56, 58, 17, 40] - 744.0580144300017
[66, 34, 17, 62] - 666.9992908700003
[66, 34, 17, 7] - 684.4570647700012
[66, 34, 36, 17] - 673.5468118399991
[66, 34, 17, 60] - 700.411791490002
[66, 34, 17, 52] - 698.4002122000002
[66, 34, 17, 29] - 704.191940360001
[66, 34, 58, 17] - 703.5325773900012
[66, 34, 17, 40] - 705.4427560500014
[34, 17, 7, 62] - 681.7977955599997
[34, 36, 17, 62] - 674.5267687600008
[34, 17, 60, 62] - 691.0889799100005
[34, 17, 62, 52] - 698.960354120002
[34, 17, 29, 62] - 708.5638388299974
[34, 58, 17, 62] - 705.6290168000003
[34, 17, 40, 62] - 709.9067187400011
[34, 36, 17, 7] - 693.2477077899988
[34, 17, 7, 60] - 708.3152408100017
[34, 17, 7, 52] - 718.2373789700007
[34, 17, 29, 7] - 722.5337909400009
[34, 58, 17, 7] - 721.4275052999988
[34, 17, 7, 40] - 724.8152841300008
[34, 36, 17, 60] - 700.6610705499992
[34, 36, 17, 52] - 708.2386595299989
[34, 36, 17, 29] - 714.2339224099995
[34, 58, 36, 17] - 715.2657450200004
[34, 36, 17, 40] - 715.5372738400004
[34, 17, 60, 52] - 724.7680750299994
[34, 17, 29, 60] - 729.1400386099995
[34, 58, 17, 60] - 728.15670365
[34, 17, 60, 40] - 730.25497954
[34, 17, 29, 52] - 739.5309731700005
[34, 58, 17, 52] - 736.8651425499984
[34, 17, 40, 52] - 739.5062709500004
[34, 58, 17, 29] - 743.5543143699991
[34, 17, 29, 40] - 746.7639722200017
[34, 58, 17, 40] - 745.69721088
[66, 17, 7, 62] - 679.7628310100007
[66, 36, 17, 62] - 670.03040418
[66, 17, 60, 62] - 699.3837977000013
[66, 17, 62, 52] - 696.1310718099994
[66, 17, 29, 62] - 704.83303737
[66, 58, 17, 62] - 704.2865495699994
[66, 17, 40, 62] - 704.9874739699995
[66, 36, 17, 7] - 690.4591161100001
[66, 17, 7, 60] - 718.0864040499995
[66, 17, 7, 52] - 716.2599565099976
[66, 17, 29, 7] - 721.1586792300009
[66, 58, 17, 7] - 721.1117284700001
[66, 17, 7, 40] - 722.4248329000008
[66, 36, 17, 60] - 709.6113234799989
[66, 36, 17, 52] - 705.3190925100004
[66, 36, 17, 29] - 710.4960778
[66, 58, 36, 17] - 713.6630615899998
[66, 36, 17, 40] - 712.3785748700013
[66, 17, 60, 52] - 734.1886619799981
[66, 17, 29, 60] - 738.7269536200004
[66, 58, 17, 60] - 739.6152398400001
[66, 17, 60, 40] - 740.7065764299991
[66, 17, 29, 52] - 736.9920726999997
[66, 58, 17, 52] - 736.6396256299976
[66, 17, 40, 52] - 737.7406246499995
[66, 58, 17, 29] - 743.0111059200015
[66, 17, 29, 40] - 744.0127378199992
[66, 58, 17, 40] - 745.0179950399998
[36, 17, 7, 62] - 690.6035881200007
[17, 7, 60, 62] - 707.4454071300011
[17, 7, 62, 52] - 715.3655332400003
[17, 29, 7, 62] - 722.9173127799994
[58, 17, 7, 62] - 721.9337454900011
[17, 7, 40, 62] - 725.0741648699992
[36, 17, 60, 62] - 701.654113649999
[36, 17, 62, 52] - 708.386043780002
[36, 17, 29, 62] - 715.7424953599999
[58, 36, 17, 62] - 718.6561929000005
[36, 17, 40, 62] - 718.8841887900022
[17, 60, 62, 52] - 726.1040543299985
[17, 29, 60, 62] - 732.2355601499995
[58, 17, 60, 62] - 732.9087964700005
[17, 60, 40, 62] - 734.743181079999
[17, 29, 62, 52] - 740.3056656500008
[58, 17, 62, 52] - 739.6674062700006
[17, 40, 62, 52] - 742.5527860799998
[58, 17, 29, 62] - 748.7032253599996
[17, 29, 40, 62] - 751.2275097500005
[58, 17, 40, 62] - 751.7699289599997
[36, 17, 7, 60] - 721.5867145100016
[36, 17, 7, 52] - 729.0198715999994
[36, 17, 29, 7] - 733.3209977900019
[58, 36, 17, 7] - 735.5104897700002
[36, 17, 7, 40] - 735.4353742900003
[17, 7, 60, 52] - 745.9548328299995
[17, 29, 7, 60] - 748.5360360499998
[58, 17, 7, 60] - 748.8223702799997
[17, 7, 60, 40] - 751.3476408500037
[17, 29, 7, 52] - 758.5492821800001
[58, 17, 7, 52] - 757.5697062199998
[17, 7, 40, 52] - 760.0210126300027
[58, 17, 7, 29] - 762.5028973199992
[17, 7, 29, 40] - 765.5795226999998
[58, 17, 7, 40] - 765.54094129
[36, 17, 60, 52] - 738.05991531
[36, 17, 29, 60] - 741.4648349899993
[58, 36, 17, 60] - 744.8045922600015
[36, 17, 60, 40] - 744.2541865599991
[36, 17, 29, 52] - 749.5279589200001
[58, 36, 17, 52] - 752.2834493200015
[36, 17, 40, 52] - 751.5477880799997
[58, 36, 17, 29] - 757.012878530001
[36, 17, 29, 40] - 756.9376655199986
[36, 58, 17, 40] - 760.5930792300013
[17, 29, 60, 52] - 766.3612877500005
[58, 17, 60, 52] - 766.2808477799994
[17, 60, 40, 52] - 768.3761705599995
[58, 17, 29, 60] - 770.4829531899994
[17, 29, 60, 40] - 772.1672036299993
[58, 17, 60, 40] - 773.5945091099991
[58, 17, 29, 52] - 779.4812019899995
[17, 29, 40, 52] - 781.5967901500012
[58, 17, 40, 52] - 781.7927017500012
[58, 17, 29, 40] - 788.199027350002
[44, 46, 31] - 698.6586359999997
[46, 64, 31] - 745.1893080000008
[46, 42, 31] - 774.8460200000001
[46, 3, 31] - 784.5062020000004
[46, 25, 31] - 756.3397549999999
[46, 9, 31] - 747.5079719999991
[46, 5, 31] - 789.8295629999999
[46, 48, 31] - 788.9698689999988
[56, 46, 31] - 793.7788050000003
[34, 46, 31] - 794.4113889999995
[66, 46, 31] - 813.4189580000003
[46, 62, 31] - 810.6190069999993
[46, 7, 31] - 816.287256000001
[46, 36, 31] - 817.2392489999987
[46, 60, 31] - 834.507642000001
[46, 52, 31] - 845.4289799999996
[46, 29, 31] - 843.2492109999995
[46, 58, 31] - 844.8220149999997
[46, 40, 31] - 853.1636250000012
[44, 64, 31] - 759.3435419999985
[44, 42, 31] - 781.4241389999996
[44, 3, 31] - 804.7452700000011
[44, 25, 31] - 783.5856820000006
[44, 9, 31] - 778.8379960000004
[44, 5, 31] - 823.2579119999998
[44, 48, 31] - 804.2546759999992
[44, 56, 31] - 820.4035020000003
[44, 34, 31] - 817.3914120000014
[66, 44, 31] - 830.589210999998
[44, 62, 31] - 845.4254820000004
[44, 7, 31] - 842.8970759999997
[44, 36, 31] - 841.3591600000001
[44, 60, 52, 31] - 644.1493752000002
[44, 29, 60, 31] - 647.1003947999999
[44, 58, 60, 31] - 648.7317946
[44, 60, 40, 31] - 648.8385121499998
[44, 29, 52, 31] - 649.5934338799999
[44, 58, 52, 31] - 649.6280895500009
[44, 40, 52, 31] - 651.57244367
[44, 58, 29, 31] - 654.6520465099996
[44, 29, 40, 31] - 655.3133133399998
[44, 58, 40, 31] - 657.2327033900021
[34, 31, 64, 42] - 639.3678643800005
[66, 31, 64, 42] - 655.3330921600011
[62, 31, 64, 42] - 640.4238345399987
[7, 31, 64, 42] - 649.3524609899987
[36, 31, 64, 42] - 649.3318539899996
[60, 31, 64, 42] - 664.5902211400008
[52, 31, 64, 42] - 667.6378700600017
[29, 31, 64, 42] - 669.4876778899992
[58, 31, 64, 42] - 669.9310361599989
[40, 31, 64, 42] - 676.5620585699992
[3, 7, 31, 64] - 640.4555009000005
[3, 60, 31, 64] - 652.3806732999998
[3, 52, 31, 64] - 654.1281902800007
[3, 29, 31, 64] - 656.9078737800002
[58, 3, 31, 64] - 655.2705094299993
[3, 40, 31, 64] - 662.2228503900004
[25, 31, 64] - 824.521951
[9, 31, 64] - 831.7580259999986
[5, 60, 31, 64] - 651.4690620800009
[5, 52, 31, 64] - 656.0785401400015
[5, 29, 31, 64] - 655.3769387500001
[58, 5, 31, 64] - 655.7874247499994
[5, 40, 31, 64] - 662.5988252599984
[36, 48, 31, 64] - 647.9101551700004
[48, 60, 31, 64] - 651.5273665700012
[48, 52, 31, 64] - 651.0046150900005
[48, 29, 31, 64] - 649.4728154500009
[58, 48, 31, 64] - 652.19808119
[48, 40, 31, 64] - 660.3852717100008
[56, 60, 31, 64] - 652.9755489000008
[56, 52, 31, 64] - 655.6120044799997
[56, 29, 31, 64] - 654.8682069000005
[56, 58, 31, 64] - 657.3945120999987
[56, 40, 31, 64] - 662.5707837200009
[66, 34, 31, 64] - 640.3101971000002
[34, 7, 31, 64] - 643.1269054800011
[34, 36, 31, 64] - 643.0824703799979
[34, 60, 31, 64] - 657.93317104
[34, 52, 31, 64] - 661.8320808599995
[34, 29, 31, 64] - 663.0118694900003
[34, 58, 31, 64] - 662.7578740200004
[34, 40, 31, 64] - 670.5773816400018
[66, 62, 31, 64] - 643.0469106999994
[66, 7, 31, 64] - 650.9267806100012
[66, 36, 31, 64] - 650.5085806500016
[66, 60, 31, 64] - 671.4108640900009
[66, 52, 31, 64] - 670.1342232300004
[66, 29, 31, 64] - 670.2938823500006
[66, 58, 31, 64] - 672.7056594300002
[66, 40, 31, 64] - 679.4961600100007
[7, 62, 31, 64] - 645.6152904800012
[36, 62, 31, 64] - 645.6922870399991
[60, 62, 31, 64] - 662.4949893200009
[62, 52, 31, 64] - 665.4776557800003
[29, 62, 31, 64] - 666.6419460900015
[58, 62, 31, 64] - 666.7535938799992
[40, 62, 31, 64] - 675.1047164800002
[36, 7, 31, 64] - 653.6174684200009
[7, 60, 31, 64] - 668.6838687200016
[7, 52, 31, 64] - 673.0218902599995
[29, 7, 31, 64] - 671.8997670199996
[58, 7, 31, 64] - 673.5424505899994
[7, 40, 31, 64] - 681.4028548099993
[36, 60, 31, 64] - 670.5988368399987
[36, 52, 31, 64] - 671.7654940800014
[36, 29, 31, 64] - 671.8116730300005
[58, 36, 31, 64] - 675.6517597000008
[36, 40, 31, 64] - 682.4950006599988
[60, 52, 31, 64] - 689.2944343299996
[29, 60, 31, 64] - 688.0766985200004
[58, 60, 31, 64] - 689.9014663799994
[60, 40, 31, 64] - 697.2397566800014
[29, 52, 31, 64] - 691.4549703900001
[58, 52, 31, 64] - 692.3960912700004
[40, 52, 31, 64] - 701.5764175700009
[58, 29, 31, 64] - 691.9818413499991
[29, 40, 31, 64] - 700.0148589500014
[58, 40, 31, 64] - 703.1866586899994
[34, 3, 31, 42] - 639.7156960600007
[66, 3, 31, 42] - 655.7388487399996
[3, 62, 31, 42] - 642.8208164999987
[3, 7, 31, 42] - 656.1315576900013
[36, 3, 31, 42] - 651.988790370001
[3, 60, 31, 42] - 668.0542623600013
[3, 52, 31, 42] - 670.4394006099985
[3, 29, 31, 42] - 676.1280551799995
[58, 3, 31, 42] - 672.3559098800005
[3, 40, 31, 42] - 674.83204822
[25, 31, 42] - 851.4604689999996
[29, 9, 31, 42] - 640.9812509299992
[58, 9, 31, 42] - 641.0530692599996
[9, 40, 31, 42] - 640.8204617600001
[34, 5, 31, 42] - 649.8724634000012
[66, 5, 31, 42] - 658.5298654099993
[5, 62, 31, 42] - 646.7513021200007
[5, 7, 31, 42] - 654.8270813099997
[36, 5, 31, 42] - 652.9099486700006
[5, 60, 31, 42] - 667.8850582900011
[5, 52, 31, 42] - 672.6502006000004
[5, 29, 31, 42] - 675.9827667600009
[58, 5, 31, 42] - 674.60057803
[5, 40, 31, 42] - 677.3231982099994
[66, 48, 31, 42] - 659.3186055599992
[48, 7, 31, 42] - 650.2376369599988
[36, 48, 31, 42] - 668.0050098300002
[48, 60, 31, 42] - 667.7681454400005
[48, 52, 31, 42] - 669.561090480001
[48, 29, 31, 42] - 672.8273187600003
[58, 48, 31, 42] - 674.2002806300001
[48, 40, 31, 42] - 675.8810989899993
[34, 56, 31, 42] - 642.9809728299999
[66, 56, 31, 42] - 656.85235728
[56, 62, 31, 42] - 651.5440872300015
[56, 7, 31, 42] - 654.3681524299999
[56, 36, 31, 42] - 652.7716024199997
[56, 60, 31, 42] - 668.5676212099996
[56, 52, 31, 42] - 672.5376820699989
[56, 29, 31, 42] - 676.2190889399993
[56, 58, 31, 42] - 676.2180108599983
[56, 40, 31, 42] - 676.6030674099987
[66, 34, 31, 42] - 661.0800560200004
[34, 62, 31, 42] - 648.46969319
[34, 7, 31, 42] - 658.3571448299996
[34, 36, 31, 42] - 657.5233453500015
[34, 60, 31, 42] - 671.80398217
[34, 52, 31, 42] - 676.0011650300015
[34, 29, 31, 42] - 681.3529210499988
[34, 58, 31, 42] - 678.8845095699995
[34, 40, 31, 42] - 682.7186573399995
[66, 62, 31, 42] - 664.9358694400004
[66, 7, 31, 42] - 675.09087541
[66, 36, 31, 42] - 674.6542965999996
[66, 60, 31, 42] - 693.1635411199989
[66, 52, 31, 42] - 693.8983379400009
[66, 29, 31, 42] - 698.0802473399989
[66, 58, 31, 42] - 698.466649529998
[66, 40, 31, 42] - 701.2988060900009
[7, 62, 31, 42] - 660.9907146499999
[36, 62, 31, 42] - 661.2089625799996
[60, 62, 31, 42] - 677.7855780799998
[62, 52, 31, 42] - 680.7885442600003
[29, 62, 31, 42] - 687.7384512
[58, 62, 31, 42] - 684.9869782099986
[40, 62, 31, 42] - 688.9489705599989
[36, 7, 31, 42] - 671.09051658
[7, 60, 31, 42] - 686.0477747499988
[7, 52, 31, 42] - 690.765072559998
[29, 7, 31, 42] - 693.9052767700001
[58, 7, 31, 42] - 693.2743386
[7, 40, 31, 42] - 696.6093759299996
[36, 60, 31, 42] - 687.35663868
[36, 52, 31, 42] - 689.1567800899999
[36, 29, 31, 42] - 694.0437678
[58, 36, 31, 42] - 695.7886105299988
[36, 40, 31, 42] - 696.9771555700013
[60, 52, 31, 42] - 706.0545944499986
[29, 60, 31, 42] - 710.0613816900004
[58, 60, 31, 42] - 709.6111891400004
[60, 40, 31, 42] - 711.957242659999
[29, 52, 31, 42] - 714.2741870300003
[58, 52, 31, 42] - 712.2674508999996
[40, 52, 31, 42] - 716.8129728700007
[58, 29, 31, 42] - 716.8584002999977
[29, 40, 31, 42] - 720.2149873300006
[58, 40, 31, 42] - 719.9963198899995
[3, 25, 7, 31] - 641.0594087400004
[36, 3, 25, 31] - 640.3606436700004
[3, 25, 60, 31] - 651.4712829799996
[3, 25, 52, 31] - 653.2972978799996
[3, 25, 29, 31] - 657.1578127600003
[58, 3, 25, 31] - 653.8918150500011
[3, 25, 40, 31] - 657.3111072000006
[3, 7, 9, 31] - 651.4980614499998
[36, 3, 9, 31] - 643.5234000400009
[3, 9, 60, 31] - 660.2402226700002
[3, 9, 52, 31] - 663.6820161100004
[3, 29, 9, 31] - 669.1585968200004
[58, 3, 9, 31] - 667.4013413500013
[3, 9, 40, 31] - 668.3130383899992
[3, 48, 5, 31] - 644.3908279300001
[56, 3, 5, 31] - 656.0520142800003
[34, 3, 5, 31] - 672.4646120200002
[66, 3, 5, 31] - 671.41521903
[3, 5, 62, 31] - 668.3734724799996
[3, 5, 7, 31] - 682.469137849999
[36, 3, 5, 31] - 672.2468218400011
[3, 5, 60, 31] - 688.7773616700005
[3, 5, 52, 31] - 693.0472650100002
[3, 5, 29, 31] - 698.9374215200002
[58, 3, 5, 31] - 694.5350350100008
[3, 5, 40, 31] - 699.1153363300018
[56, 3, 48, 31] - 648.2797948099981
[34, 3, 48, 31] - 652.6445600900006
[66, 3, 48, 31] - 672.7530206100014
[3, 48, 62, 31] - 657.0169500299996
[3, 48, 7, 31] - 676.3197640300001
[36, 3, 48, 31] - 687.4731501000007
[3, 48, 60, 31] - 690.0932300599986
[3, 48, 52, 31] - 689.2629487699994
[3, 48, 29, 31] - 693.6162350300007
[58, 3, 48, 31] - 691.61333112
[3, 48, 40, 31] - 696.1070686799997
[34, 56, 3, 31] - 667.1135153799988
[66, 56, 3, 31] - 671.5233585699997
[56, 3, 62, 31] - 677.0273989100007
[56, 3, 7, 31] - 683.9699983700015
[56, 36, 3, 31] - 674.7927194399991
[56, 3, 60, 31] - 693.9385104300017
[56, 3, 52, 31] - 698.4944345299997
[56, 3, 29, 31] - 702.89494477
[56, 58, 3, 31] - 699.9422301500016
[56, 3, 40, 31] - 702.7338720400007
[66, 34, 3, 31] - 674.5211485199998
[34, 3, 62, 31] - 672.1219412300002
[34, 3, 7, 31] - 688.1489492800005
[34, 36, 3, 31] - 679.6435278300002
[34, 3, 60, 31] - 695.92272019
[34, 3, 52, 31] - 700.0867674300009
[34, 3, 29, 31] - 705.3767776000008
[34, 58, 3, 31] - 701.1721519800001
[34, 3, 40, 31] - 707.2305222100009
[66, 3, 62, 31] - 679.6667235800016
[66, 3, 7, 31] - 698.289908410001
[66, 36, 3, 31] - 689.7074828400006
[66, 3, 60, 31] - 710.5863496099996
[66, 3, 52, 31] - 710.54787942
[66, 3, 29, 31] - 715.3048100699997
[66, 58, 3, 31] - 712.806644880002
[66, 3, 40, 31] - 717.1442833100003
[3, 7, 62, 31] - 693.0087343999995
[36, 3, 62, 31] - 684.1418170400002
[3, 60, 62, 31] - 701.7577182700005
[3, 62, 52, 31] - 704.7117350699997
[3, 29, 62, 31] - 712.6339874500012
[58, 3, 62, 31] - 708.0466275699994
[3, 40, 62, 31] - 713.3533454600005
[36, 3, 7, 31] - 703.3466858999998
[3, 7, 60, 31] - 719.1357451600012
[3, 7, 52, 31] - 724.0863386799998
[3, 29, 7, 31] - 727.9917396100003
[58, 3, 7, 31] - 725.1686488400017
[3, 7, 40, 31] - 730.9787810100001
[3, 36, 60, 31] - 712.8179910700002
[3, 36, 52, 31] - 713.8566203299988
[3, 36, 29, 31] - 720.2696698399989
[58, 3, 36, 31] - 718.3277796399988
[3, 36, 40, 31] - 721.8135429700003
[3, 60, 52, 31] - 733.3165707000003
[3, 29, 60, 31] - 737.5609017799995
[58, 3, 60, 31] - 734.3887113000002
[3, 60, 40, 31] - 739.4543586200008
[3, 29, 52, 31] - 741.8663757200015
[58, 3, 52, 31] - 736.5731631900013
[3, 40, 52, 31] - 743.2871471800023
[58, 3, 29, 31] - 742.933400319999
[3, 29, 40, 31] - 748.4724579199998
[3, 58, 40, 31] - 745.4061182799991
[25, 9, 31] - 833.4196630000006
[66, 25, 5, 31] - 642.5765192599995
[25, 5, 7, 31] - 642.2039017899997
[36, 25, 5, 31] - 645.58467737
[25, 5, 60, 31] - 656.2459314800002
[25, 5, 52, 31] - 658.6497389500014
[25, 5, 29, 31] - 661.2248688799995
[58, 25, 5, 31] - 660.152583239999
[25, 5, 40, 31] - 663.8024874900001
[66, 25, 48, 31] - 657.6233369200014
[25, 48, 62, 31] - 644.9990941799998
[25, 48, 7, 31] - 654.7494418100008
[36, 25, 48, 31] - 672.5808880200009
[25, 48, 60, 31] - 674.4136802300005
[25, 48, 52, 31] - 673.6699190500004
[25, 48, 29, 31] - 673.9356505000006
[58, 25, 48, 31] - 675.5547861100009
[25, 48, 40, 31] - 679.4204264999996
[56, 25, 62, 31] - 641.3889548599997
[56, 25, 7, 31] - 642.5905012000003
[56, 36, 25, 31] - 644.4992619300012
[56, 25, 60, 31] - 657.5572124500001
[56, 25, 52, 31] - 660.4936278700011
[56, 25, 29, 31] - 659.9472087400007
[56, 58, 25, 31] - 661.1832341099994
[56, 25, 40, 31] - 662.5886482700007
[66, 34, 25, 31] - 641.5401933300002
[34, 25, 7, 31] - 645.2220017899997
[34, 36, 25, 31] - 648.2365527300014
[34, 25, 60, 31] - 659.7256911699998
[34, 25, 52, 31] - 662.0075013400005
[34, 25, 29, 31] - 664.38141767
[34, 58, 25, 31] - 661.6445873800005
[34, 25, 40, 31] - 667.059503500001
[66, 25, 62, 31] - 654.2880712199992
[66, 25, 7, 31] - 661.7182326800008
[66, 36, 25, 31] - 667.6748451700006
[66, 25, 60, 31] - 681.9376911299988
[66, 25, 52, 31] - 680.6123075800007
[66, 25, 29, 31] - 682.9367611500013
[66, 58, 25, 31] - 683.2456957900006
[66, 25, 40, 31] - 687.2410646900008
[25, 7, 62, 31] - 656.2752591999998
[36, 25, 62, 31] - 660.203557220001
[25, 60, 62, 31] - 673.5881347400012
[25, 62, 52, 31] - 674.4405598900009
[25, 29, 62, 31] - 677.8454246800014
[58, 25, 62, 31] - 677.3593566599997
[25, 40, 62, 31] - 681.7812163300016
[36, 25, 7, 31] - 670.8511166800005
[25, 7, 60, 31] - 681.4860215500007
[25, 7, 52, 31] - 683.8055239700013
[25, 29, 7, 31] - 684.5255825800006
[58, 25, 7, 31] - 684.5564726599996
[25, 7, 40, 31] - 688.6548811600006
[25, 36, 60, 31] - 687.7646523899988
[25, 36, 52, 31] - 687.2278689400001
[25, 36, 29, 31] - 688.7945953399999
[58, 25, 36, 31] - 691.8843662499999
[25, 36, 40, 31] - 694.13536507
[25, 60, 52, 31] - 701.2274300000006
[25, 29, 60, 31] - 701.2547322899993
[58, 25, 60, 31] - 701.9775299399987
[25, 60, 40, 31] - 705.6227745300002
[25, 29, 52, 31] - 703.5225426900006
[58, 25, 52, 31] - 702.4484640300013
[25, 40, 52, 31] - 708.3202105299996
[58, 25, 29, 31] - 704.3988999999991
[25, 29, 40, 31] - 709.1906742399995
[25, 58, 40, 31] - 709.6851618999981
[34, 5, 9, 31] - 646.2440314399993
[66, 5, 9, 31] - 642.1058986899993
[5, 9, 62, 31] - 642.084613509999
[5, 7, 9, 31] - 649.3870165899995
[36, 5, 9, 31] - 643.962584449999
[5, 9, 60, 31] - 660.5129953500001
[5, 9, 52, 31] - 666.0739662099991
[5, 29, 9, 31] - 669.317686019999
[58, 5, 9, 31] - 668.6711221799999
[5, 9, 40, 31] - 671.1752673300006
[66, 48, 9, 31] - 639.4769600000012
[36, 48, 9, 31] - 655.96670321
[48, 9, 60, 31] - 658.8342508100009
[48, 9, 52, 31] - 657.4177302300009
[48, 29, 9, 31] - 659.4496963000005
[58, 48, 9, 31] - 661.7207566700009
[48, 9, 40, 31] - 663.9785786199998
[34, 56, 9, 31] - 645.7834545299987
[66, 56, 9, 31] - 648.159899800001
[56, 9, 62, 31] - 655.521694449999
[56, 7, 9, 31] - 656.8535606700007
[56, 36, 9, 31] - 653.5613231399997
[56, 9, 60, 31] - 671.1855232899992
[56, 9, 52, 31] - 677.2301918999998
[56, 29, 9, 31] - 679.7364578499997
[56, 58, 9, 31] - 679.3765491499992
[56, 9, 40, 31] - 680.2373518400003
[66, 34, 9, 31] - 645.1314186800008
[34, 9, 62, 31] - 647.0969031899987
[34, 7, 9, 31] - 655.437338099998
[34, 36, 9, 31] - 651.5754791700001
[34, 9, 60, 31] - 668.5637600499994
[34, 9, 52, 31] - 672.7182792799981
[34, 29, 9, 31] - 677.6144035200001
[34, 58, 9, 31] - 675.368072329999
[34, 9, 40, 31] - 679.2354917399995
[66, 9, 62, 31] - 648.3361399300019
[66, 7, 9, 31] - 658.1272822300002
[66, 36, 9, 31] - 655.2347012499995
[66, 9, 60, 31] - 677.8793589600001
[66, 9, 52, 31] - 677.0614705999991
[66, 29, 9, 31] - 680.2941709399998
[66, 58, 9, 31] - 681.5197979100002
[66, 9, 40, 31] - 682.9625232800005
[7, 9, 62, 31] - 656.8467846099996
[36, 9, 62, 31] - 654.2625745499989
[9, 60, 62, 31] - 672.8267096299988
[9, 62, 52, 31] - 676.0705759000004
[29, 9, 62, 31] - 681.8010410699999
[58, 9, 62, 31] - 680.7324841299982
[9, 40, 62, 31] - 684.1126957800011
[36, 7, 9, 31] - 664.4758026599989
[7, 9, 60, 31] - 681.1376053000001
[7, 9, 52, 31] - 685.8298717199993
[29, 7, 9, 31] - 689.1523422300002
[58, 7, 9, 31] - 689.1102807499989
[7, 9, 40, 31] - 691.981385659999
[36, 9, 60, 31] - 680.7834935800007
[36, 9, 52, 31] - 681.9612422600014
[36, 29, 9, 31] - 685.6934750599988
[58, 36, 9, 31] - 688.6545622100009
[36, 9, 40, 31] - 689.0881332799981
[9, 60, 52, 31] - 701.3759239899996
[29, 9, 60, 31] - 703.986986010001
[58, 9, 60, 31] - 704.9106408799998
[9, 60, 40, 31] - 706.3916188999995
[29, 9, 52, 31] - 708.9292365900005
[58, 9, 52, 31] - 707.8043872599997
[9, 40, 52, 31] - 711.3904792300008
[58, 29, 9, 31] - 712.4102682000001
[29, 9, 40, 31] - 714.8011060799998
[58, 9, 40, 31] - 715.5370994300006
[56, 48, 5, 31] - 643.4386531099994
[34, 48, 5, 31] - 663.9558566400015
[66, 48, 5, 31] - 674.7138816800004
[48, 5, 62, 31] - 661.1250141700012
[48, 5, 7, 31] - 671.5247495700004
[36, 48, 5, 31] - 687.0534762399992
[48, 5, 60, 31] - 687.8769281599981
[48, 5, 52, 31] - 688.4852242300012
[48, 5, 29, 31] - 691.1359101800001
[58, 48, 5, 31] - 691.0119791100007
[48, 5, 40, 31] - 696.1020340899989
[34, 56, 5, 31] - 674.3291310799991
[66, 56, 5, 31] - 671.5136083699994
[56, 5, 62, 31] - 678.2456007699994
[56, 5, 7, 31] - 679.0733190500008
[56, 36, 5, 31] - 672.5478895099997
[56, 5, 60, 31] - 690.2456896599992
[56, 5, 52, 31] - 696.5715669400003
[56, 5, 29, 31] - 698.2485821099995
[56, 58, 5, 31] - 697.3048335200018
[56, 5, 40, 31] - 699.9606041300007
[66, 34, 5, 31] - 689.4216858199992
[34, 5, 62, 31] - 688.3219530800001
[34, 5, 7, 31] - 698.4103864000018
[34, 36, 5, 31] - 692.7651622099999
[34, 5, 60, 31] - 708.1782698399999
[34, 5, 52, 31] - 714.2916378899995
[34, 5, 29, 31] - 718.7709146900002
[34, 58, 5, 31] - 715.0221327900014
[34, 5, 40, 31] - 722.1469701799997
[66, 5, 62, 31] - 689.1613038000004
[66, 5, 7, 31] - 698.2139269699991
[66, 36, 5, 31] - 693.2571468199985
[66, 5, 60, 31] - 714.4902484099996
[66, 5, 52, 31] - 714.7893515600002
[66, 5, 29, 31] - 719.1675082700015
[66, 58, 5, 31] - 718.1110922199999
[66, 5, 40, 31] - 722.4590690699998
[5, 7, 62, 31] - 695.5869892300008
[36, 5, 62, 31] - 690.2629974500004
[5, 60, 62, 31] - 707.5392945099987
[5, 62, 52, 31] - 711.8911646000018
[5, 29, 62, 31] - 718.1416972100014
[58, 5, 62, 31] - 714.6578695000019
[5, 40, 62, 31] - 721.1159797600022
[36, 5, 7, 31] - 700.7794571800002
[5, 7, 60, 31] - 716.0988168299991
[5, 7, 52, 31] - 722.3214315599981
[5, 29, 7, 31] - 725.2941244499997
[58, 5, 7, 31] - 723.594649480002
[5, 7, 40, 31] - 729.3456404199997
[36, 5, 60, 31] - 712.3412999000004
[36, 5, 52, 31] - 714.5492011200015
[36, 5, 29, 31] - 719.6014740199995
[58, 36, 5, 31] - 720.37166996
[36, 5, 40, 31] - 723.9963015799987
[5, 60, 52, 31] - 733.537792889999
[5, 29, 60, 31] - 736.3336238099989
[58, 5, 60, 31] - 734.9724870000002
[5, 60, 40, 31] - 740.0761859299996
[5, 29, 52, 31] - 742.2100364499993
[58, 5, 52, 31] - 738.7640921800006
[5, 40, 52, 31] - 745.8540570700003
[58, 5, 29, 31] - 744.0700361800009
[5, 29, 40, 31] - 750.0713646800001
[58, 5, 40, 31] - 748.3684061800018
[34, 56, 48, 31] - 654.0248749799987
[66, 56, 48, 31] - 669.7824600100004
[56, 48, 62, 31] - 667.47193341
[56, 48, 7, 31] - 671.2927076299999
[56, 36, 48, 31] - 687.3436342199993
[56, 48, 60, 31] - 690.5701132800003
[56, 48, 52, 31] - 690.8137933200004
[56, 48, 29, 31] - 690.6158687999995
[56, 58, 48, 31] - 693.1322723699989
[56, 48, 40, 31] - 696.2479741000006
[66, 34, 48, 31] - 677.7567973099992
[34, 48, 62, 31] - 664.3124480500004
[34, 48, 7, 31] - 678.2819336000007
[34, 36, 48, 31] - 693.8390425300009
[34, 48, 60, 31] - 694.9768159500007
[34, 48, 52, 31] - 694.15414861
[34, 48, 29, 31] - 697.9844368399996
[34, 58, 48, 31] - 696.9076225600004
[34, 48, 40, 31] - 703.4744069499994
[66, 48, 62, 31] - 683.83376535
[66, 48, 7, 31] - 698.1859275100009
[66, 36, 48, 31] - 715.7156378400014
[66, 48, 60, 31] - 719.3761199800001
[66, 48, 52, 31] - 716.6486551600002
[66, 48, 29, 31] - 719.9816598699995
[66, 58, 48, 31] - 721.5196163900019
[66, 48, 40, 31] - 726.3811517999991
[48, 7, 62, 31] - 682.3120028000003
[36, 48, 62, 31] - 700.1978608100002
[48, 60, 62, 31] - 703.4323123399984
[48, 62, 52, 31] - 701.4139091300002
[48, 29, 62, 31] - 706.2613691800001
[58, 48, 62, 31] - 706.6927376900019
[48, 40, 62, 31] - 712.1955775299998
[36, 48, 7, 31] - 715.6289836399998
[48, 7, 60, 31] - 717.0661512299995
[48, 7, 52, 31] - 717.0597817500011
[48, 29, 7, 31] - 718.5922836099994
[58, 48, 7, 31] - 719.62857674
[48, 7, 40, 31] - 725.4675578800008
[36, 48, 60, 31] - 735.1606646600009
[36, 48, 52, 31] - 733.2092459599991
[36, 48, 29, 31] - 735.3377766299998
[58, 36, 48, 31] - 739.8601540299993
[36, 48, 40, 31] - 743.5166336400011
[48, 60, 52, 31] - 737.7532363799997
[48, 29, 60, 31] - 738.0620339000002
[58, 48, 60, 31] - 739.9183683900002
[48, 60, 40, 31] - 745.0412689700015
[48, 29, 52, 31] - 737.1668849599985
[58, 48, 52, 31] - 738.4013498299987
[48, 40, 52, 31] - 744.5222989200003
[58, 48, 29, 31] - 740.8625110500017
[48, 29, 40, 31] - 746.5573674699986
[58, 48, 40, 31] - 749.0334314100006
[66, 56, 34, 31] - 677.2680164899989
[56, 34, 62, 31] - 685.8628826699999
[56, 34, 7, 31] - 688.2245139899998
[56, 34, 36, 31] - 682.4079525699997
[56, 34, 60, 31] - 699.8979765500004
[56, 34, 52, 31] - 704.9685388499998
[56, 34, 29, 31] - 708.392946520001
[56, 34, 58, 31] - 706.3007600600002
[56, 34, 40, 31] - 710.0525763000002
[66, 56, 62, 31] - 689.8608466800001
[66, 56, 7, 31] - 693.5334206200026
[66, 56, 36, 31] - 688.15179081
[66, 56, 60, 31] - 711.3781321600004
[66, 56, 52, 31] - 711.89889159
[66, 56, 29, 31] - 713.5363146199984
[66, 56, 58, 31] - 714.7309441199999
[66, 56, 40, 31] - 717.6911470700006
[56, 7, 62, 31] - 700.5519101899994
[56, 36, 62, 31] - 695.8729174999997
[56, 60, 62, 31] - 715.0957688499982
[56, 62, 52, 31] - 719.6625265800005
[56, 29, 62, 31] - 721.6614277500013
[56, 58, 62, 31] - 721.54126911
[56, 40, 62, 31] - 726.921304999999
[56, 36, 7, 31] - 699.2571364799994
[56, 7, 60, 31] - 717.3650260899985
[56, 7, 52, 31] - 723.9510071699999
[56, 29, 7, 31] - 723.5859071199988
[56, 58, 7, 31] - 724.6287285799997
[56, 7, 40, 31] - 727.7464159999995
[56, 36, 60, 31] - 713.6314428899989
[56, 36, 52, 31] - 716.8782644900015
[56, 36, 29, 31] - 717.8559472900007
[56, 58, 36, 31] - 721.4533648600004
[56, 36, 40, 31] - 722.5461846100011
[56, 60, 52, 31] - 737.40303351
[56, 29, 60, 31] - 737.0317198700004
[56, 58, 60, 31] - 738.3824890100011
[56, 60, 40, 31] - 741.4948024900011
[56, 29, 52, 31] - 743.2522402999999
[56, 58, 52, 31] - 743.09410752
[56, 40, 52, 31] - 747.3173215900005
[56, 58, 29, 31] - 744.4319436699981
[56, 29, 40, 31] - 748.0322684399995
[56, 58, 40, 31] - 749.5985004900008
[66, 34, 62, 31] - 687.6056213400002
[66, 34, 7, 31] - 700.2971932500001
[66, 34, 36, 31] - 695.3304507000001
[66, 34, 60, 31] - 715.9380834500004
[66, 34, 52, 31] - 716.0830990900006
[66, 34, 29, 31] - 720.2289177800002
[66, 34, 58, 31] - 718.4931408700013
[66, 34, 40, 31] - 725.2302021099995
[34, 7, 62, 31] - 696.457388519999
[34, 36, 62, 31] - 692.3556912099988
[34, 60, 62, 31] - 709.8585513400009
[34, 62, 52, 31] - 713.3337873
[34, 29, 62, 31] - 721.0455792599979
[34, 58, 62, 31] - 716.2343431699995
[34, 40, 62, 31] - 724.4162547000012
[34, 36, 7, 31] - 706.0549703199999
[34, 7, 60, 31] - 721.8372570899992
[34, 7, 52, 31] - 727.0776125199998
[34, 29, 7, 31] - 730.3462377200001
[34, 58, 7, 31] - 728.3291399300017
[34, 7, 40, 31] - 735.3004288399997
[34, 36, 60, 31] - 718.74698864
[34, 36, 52, 31] - 720.4761806499996
[34, 36, 29, 31] - 726.01880816
[34, 58, 36, 31] - 725.6777395500006
[34, 36, 40, 31] - 730.210527629999
[34, 60, 52, 31] - 739.0656871500013
[34, 29, 60, 31] - 742.6997145200006
[34, 58, 60, 31] - 740.4179477200001
[34, 60, 40, 31] - 746.6317600899987
[34, 29, 52, 31] - 747.8222854199994
[34, 58, 52, 31] - 743.40776005
[34, 40, 52, 31] - 751.589895059998
[34, 58, 29, 31] - 749.36096881
[34, 29, 40, 31] - 756.7434887100013
[34, 58, 40, 31] - 754.0581374100002
[66, 7, 62, 31] - 705.0953727700006
[66, 36, 62, 31] - 701.2121379399997
[66, 60, 62, 31] - 724.8093656500013
[66, 62, 52, 31] - 722.9288094600017
[66, 29, 62, 31] - 729.560631809999
[66, 58, 62, 31] - 728.0601694599985
[66, 40, 62, 31] - 733.5596747999997
[66, 36, 7, 31] - 716.4579586499998
[66, 7, 60, 31] - 737.7429385599994
[66, 7, 52, 31] - 738.0261004100001
[66, 29, 7, 31] - 740.4634498399981
[66, 58, 7, 31] - 740.8637901200011
[66, 7, 40, 31] - 746.1676622300022
[66, 36, 60, 31] - 736.1437613199994
[66, 36, 52, 31] - 732.7257810100011
[66, 36, 29, 31] - 736.4546938600014
[66, 58, 36, 31] - 739.5502458499979
[66, 36, 40, 31] - 743.2133554600011
[66, 60, 52, 31] - 756.7826083599992
[66, 29, 60, 31] - 759.4442156500004
[66, 58, 60, 31] - 760.0224298099986
[66, 60, 40, 31] - 765.3834510500008
[66, 29, 52, 31] - 758.8459017000009
[66, 58, 52, 31] - 758.028368629998
[66, 40, 52, 31] - 765.0968193399997
[66, 58, 29, 31] - 762.9666035099989
[66, 29, 40, 31] - 768.5329109500019
[66, 58, 40, 31] - 769.5080157299986
[36, 7, 62, 31] - 710.7221359700002
[7, 60, 62, 31] - 728.2677146900002
[7, 62, 52, 31] - 732.4634015300007
[29, 7, 62, 31] - 737.7140455599988
[58, 7, 62, 31] - 735.8308420900006
[7, 40, 62, 31] - 742.4627567799992
[36, 60, 62, 31] - 727.0680488600002
[36, 62, 52, 31] - 727.6185302299996
[36, 29, 62, 31] - 733.9801793099992
[58, 36, 62, 31] - 735.1150622899995
[36, 40, 62, 31] - 739.8838236799982
[60, 62, 52, 31] - 748.0145831499993
[29, 60, 62, 31] - 752.7045582299992
[58, 60, 62, 31] - 751.5990303499998
[60, 40, 62, 31] - 757.7271919199998
[29, 62, 52, 31] - 755.65099163
[58, 62, 52, 31] - 752.8382962000006
[40, 62, 52, 31] - 761.1055144100006
[58, 29, 62, 31] - 760.1340855600008
[29, 40, 62, 31] - 766.9990933200004
[58, 40, 62, 31] - 765.8719230000006
[36, 7, 60, 31] - 740.8942698500006
[36, 7, 52, 31] - 742.7302007599993
[36, 29, 7, 31] - 745.7220228600005
[58, 36, 7, 31] - 748.1341929800017
[36, 7, 40, 31] - 752.2613911299999
[7, 60, 52, 31] - 762.1656267299992
[29, 7, 60, 31] - 762.9853636299993
[58, 7, 60, 31] - 763.4394255700018
[7, 60, 40, 31] - 769.4697839399996
[29, 7, 52, 31] - 768.0564480699998
[58, 7, 52, 31] - 766.8345962299999
[7, 40, 52, 31] - 774.6329162300016
[58, 7, 29, 31] - 769.9122683099989
[7, 29, 40, 31] - 776.8213792699997
[58, 7, 40, 31] - 777.2580656099991
[36, 60, 52, 31] - 758.1568687300003
[36, 29, 60, 31] - 760.960801240002
[58, 36, 60, 31] - 763.8880145799998
[36, 60, 40, 31] - 767.8219798300016
[36, 29, 52, 31] - 762.40577947
[58, 36, 52, 31] - 764.2475672500004
[36, 40, 52, 31] - 769.6961811800002
[58, 36, 29, 31] - 768.3184419199993
[36, 29, 40, 31] - 772.9296874799987
[36, 58, 40, 31] - 776.2977479299997
[29, 60, 52, 31] - 782.6410899999988
[58, 60, 52, 31] - 782.10888618
[60, 40, 52, 31] - 789.6872405399996
[58, 29, 60, 31] - 784.9696211899991
[29, 60, 40, 31] - 791.0100656199988
[58, 60, 40, 31] - 792.1111406900009
[58, 29, 52, 31] - 787.7904813199993
[29, 40, 52, 31] - 795.7485160300014
[58, 40, 52, 31] - 795.2279258200008
[58, 29, 40, 31] - 798.9407562300006
[44, 46, 64] - 751.3488939999999
[44, 46, 42] - 777.8686069999989
[44, 46, 3] - 764.8781339999992
[44, 46, 25] - 813.0652909999984
[44, 46, 9] - 786.8493790000002
[44, 46, 5] - 820.167062000001
[44, 46, 48] - 823.6718759999991
[44, 56, 46] - 840.297939999999
[44, 34, 46] - 832.7847059999972
[66, 44, 46] - 835.0858459999984
[44, 46, 62, 52] - 644.6056359399994
[44, 46, 29, 62] - 644.3343444400003
[44, 46, 58, 62] - 647.5064830999995
[44, 46, 40, 62] - 651.23487925
[44, 46, 7] - 843.4722749999999
[44, 46, 58, 36] - 641.147186240002
[44, 46, 36, 40] - 640.2013370000012
[44, 46, 60, 52] - 649.9369546700002
[44, 46, 29, 60] - 648.4856553400006
[44, 46, 58, 60] - 650.94531973
[44, 46, 60, 40] - 650.7034325900007
[44, 46, 29, 52] - 663.1605247400007
[44, 46, 58, 52] - 664.2883870900007
[44, 46, 40, 52] - 665.0124700000013
[44, 46, 58, 29] - 664.2676905300009
[44, 46, 29, 40] - 664.09608729
[44, 46, 58, 40] - 667.3745302099992
[46, 40, 64, 42] - 644.0579637399991
[46, 3, 64] - 796.8695029999986
[46, 25, 64] - 805.097338999999
[46, 9, 64] - 796.6877479999997
[46, 5, 64] - 844.3023260000011
[46, 48, 64] - 837.6445900000015
[56, 46, 40, 64] - 641.9242187600007
[34, 46, 52, 64] - 643.4356116199992
[34, 46, 29, 64] - 640.9407237199982
[34, 46, 58, 64] - 640.7668896399985
[34, 46, 40, 64] - 649.4178694800004
[66, 46, 40, 64] - 645.39751263
[46, 62, 52, 64] - 647.2436846100002
[46, 29, 62, 64] - 643.7041432299987
[46, 58, 62, 64] - 645.3571048000006
[46, 40, 62, 64] - 655.1249798899996
[46, 7, 52, 64] - 641.7705092900014
[46, 7, 40, 64] - 647.3803664399998
[46, 36, 52, 64] - 645.9675801100005
[46, 36, 29, 64] - 642.6093623399992
[46, 58, 36, 64] - 646.4070788299999
[46, 36, 40, 64] - 654.7186542800008
[46, 60, 52, 64] - 658.0835451800014
[46, 29, 60, 64] - 653.7181993200003
[46, 58, 60, 64] - 654.9776857699992
[46, 60, 40, 64] - 663.9775455299986
[46, 29, 52, 64] - 668.7490249100005
[46, 58, 52, 64] - 670.6661554400008
[46, 40, 52, 64] - 680.2433753199981
[46, 58, 29, 64] - 666.12529145
[46, 29, 40, 64] - 675.0574394099986
[46, 58, 40, 64] - 679.2510926800013
[46, 3, 42] - 825.8681369999994
[46, 25, 42] - 842.8644559999992
[46, 9, 42] - 832.7101850000003
[46, 5, 60, 42] - 648.8996650200005
[46, 5, 52, 42] - 658.8064747800001
[46, 5, 29, 42] - 660.5239621800007
[46, 58, 5, 42] - 658.5880441500017
[46, 5, 40, 42] - 663.5841527400014
[46, 36, 48, 42] - 648.5544368700025
[46, 48, 60, 42] - 650.2686887600014
[46, 48, 52, 42] - 656.6728421499987
[46, 48, 29, 42] - 656.9471494200011
[46, 58, 48, 42] - 656.816648920001
[46, 48, 40, 42] - 660.51152432
[56, 46, 62, 42] - 639.43151043
[56, 46, 60, 42] - 651.3823001100006
[56, 46, 52, 42] - 662.3199020399987
[56, 46, 29, 42] - 663.4162142399992
[56, 46, 58, 42] - 662.3204507799995
[56, 46, 40, 42] - 665.7068331300005
[66, 34, 46, 42] - 641.6154793399992
[34, 46, 36, 42] - 639.4732883899999
[34, 46, 60, 42] - 655.3171431399987
[34, 46, 52, 42] - 665.8691885600014
[34, 46, 29, 42] - 668.2812316399989
[34, 46, 58, 42] - 665.0958923499994
[34, 46, 40, 42] - 671.2048283100007
[66, 46, 62, 42] - 645.3970211299999
[66, 46, 7, 42] - 645.5719560799998
[66, 46, 36, 42] - 647.5306185100006
[66, 46, 60, 42] - 667.9462241099991
[66, 46, 52, 42] - 673.8626256599988
[66, 46, 29, 42] - 674.7644654200003
[66, 46, 58, 42] - 673.9646497699999
[66, 46, 40, 42] - 678.3278470399998
[46, 7, 62, 42] - 639.7204302500005
[46, 36, 62, 42] - 644.4325918299996
[46, 60, 62, 42] - 660.5167950399978
[46, 62, 52, 42] - 670.1147568300009
[46, 29, 62, 42] - 673.2257117800003
[46, 58, 62, 42] - 671.5258847099993
[46, 40, 62, 42] - 678.1079874999988
[46, 36, 7, 42] - 643.5794798200005
[46, 7, 60, 42] - 659.3020111000005
[46, 7, 52, 42] - 669.5603507400003
[46, 29, 7, 42] - 671.6061359799999
[46, 58, 7, 42] - 667.7730535400009
[46, 7, 40, 42] - 674.0280314600003
[46, 36, 60, 42] - 662.7682497600002
[46, 36, 52, 42] - 671.4987163000003
[46, 36, 29, 42] - 673.4884852800013
[46, 58, 36, 42] - 674.572378460001
[46, 36, 40, 42] - 678.008689410002
[46, 60, 52, 42] - 688.6160641499995
[46, 29, 60, 42] - 690.1269809500006
[46, 58, 60, 42] - 688.6894592999979
[46, 60, 40, 42] - 692.8943187300004
[46, 29, 52, 42] - 699.8318422299992
[46, 58, 52, 42] - 697.7699723500014
[46, 40, 52, 42] - 703.9213434499984
[46, 58, 29, 42] - 699.3733941700006
[46, 29, 40, 42] - 704.2981812200014
[46, 58, 40, 42] - 704.4499103600001
[46, 25, 3] - 842.8253129999983
[46, 3, 9] - 847.9633100000007
[46, 3, 5, 7] - 640.0706806799999
[46, 3, 5, 60] - 644.64181457
[46, 3, 5, 52] - 656.92656331
[46, 3, 5, 29] - 660.0480555799998
[46, 58, 3, 5] - 654.094116349999
[46, 3, 5, 40] - 658.8588867100019
[46, 3, 48, 7] - 640.7257320900002
[46, 36, 3, 48] - 651.5355373900022
[46, 3, 48, 60] - 651.0576256299995
[46, 3, 48, 52] - 660.8517715399998
[46, 3, 48, 29] - 663.64935689
[46, 58, 3, 48] - 658.6948261999999
[46, 3, 48, 40] - 661.1176490399997
[34, 56, 46, 3] - 642.6137283000005
[66, 56, 46, 3] - 643.7434526200001
[56, 46, 3, 62] - 652.9641821800001
[56, 46, 3, 7] - 655.7121610800002
[56, 46, 36, 3] - 647.0362291800001
[56, 46, 3, 60] - 661.8672358499997
[56, 46, 3, 52] - 676.7495240500002
[56, 46, 3, 29] - 678.4169356499999
[56, 46, 58, 3] - 672.8966935599976
[56, 46, 3, 40] - 675.0698159199993
[66, 34, 46, 3] - 639.8416191500004
[34, 46, 3, 62] - 641.3979036299988
[34, 46, 3, 7] - 651.2693109300002
[34, 46, 36, 3] - 641.6164767900001
[34, 46, 3, 60] - 656.0267059500003
[34, 46, 3, 52] - 670.2071669400011
[34, 46, 3, 29] - 671.5302302899985
[34, 46, 58, 3] - 666.4081934200026
[34, 46, 3, 40] - 671.01687376
[66, 46, 3, 62] - 647.4408344499994
[66, 46, 3, 7] - 655.6906593900009
[66, 46, 36, 3] - 647.0650710499995
[66, 46, 3, 60] - 668.4192607800017
[66, 46, 3, 52] - 674.4434362400003
[66, 46, 3, 29] - 676.6133265500005
[66, 46, 58, 3] - 672.8063509900006
[66, 46, 3, 40] - 676.1295556299993
[46, 3, 7, 62] - 659.7844035099993
[46, 36, 3, 62] - 650.1697866099997
[46, 3, 60, 62] - 665.4239410799989
[46, 3, 62, 52] - 677.2685715699988
[46, 3, 29, 62] - 682.3125556800005
[46, 58, 3, 62] - 676.2428483500014
[46, 3, 40, 62] - 682.4692611800007
[46, 36, 3, 7] - 660.2375333100005
[46, 3, 7, 60] - 673.1628070599991
[46, 3, 7, 52] - 687.5867071699989
[46, 3, 29, 7] - 689.5283101899989
[46, 58, 3, 7] - 684.6059085200006
[46, 3, 7, 40] - 689.0486492800003
[46, 3, 36, 60] - 665.3263059400002
[46, 3, 36, 52] - 676.8821155999995
[46, 3, 36, 29] - 681.3949724400004
[46, 58, 3, 36] - 677.5831509800007
[46, 3, 36, 40] - 679.2583382800001
[46, 3, 60, 52] - 692.1131272399994
[46, 3, 29, 60] - 695.6225921399993
[46, 58, 3, 60] - 690.425553180002
[46, 3, 60, 40] - 693.9669927700007
[46, 3, 29, 52] - 708.9224365300005
[46, 58, 3, 52] - 702.7909334599989
[46, 3, 40, 52] - 706.3828798999994
[46, 58, 3, 29] - 706.4314096199984
[46, 3, 29, 40] - 709.975853110001
[46, 3, 58, 40] - 705.5994202099995
[46, 25, 29, 9] - 639.3601237399997
[46, 25, 9, 40] - 639.8227556600009
[46, 25, 48, 5] - 643.2772231799996
[34, 46, 25, 5] - 650.2356249900002
[66, 46, 25, 5] - 647.7092294099992
[46, 25, 5, 62] - 648.5475609099991
[46, 25, 5, 7] - 643.4643349800009
[46, 36, 25, 5] - 653.7059630400001
[46, 25, 5, 60] - 662.966096389999
[46, 25, 5, 52] - 673.1759814000009
[46, 25, 5, 29] - 675.0330442399996
[46, 58, 25, 5] - 672.6135367900004
[46, 25, 5, 40] - 675.8462890100003
[56, 46, 25, 48] - 653.8789827400012
[34, 46, 25, 48] - 656.9529103500001
[66, 46, 25, 48] - 668.9728827200013
[46, 25, 48, 62] - 669.0490305399996
[46, 25, 48, 7] - 662.7060490700004
[46, 36, 25, 48] - 689.8379938600008
[46, 25, 48, 60] - 688.6292174199997
[46, 25, 48, 52] - 696.6376504099991
[46, 25, 48, 29] - 695.6213172299997
[46, 58, 25, 48] - 695.8861457699977
[46, 25, 48, 40] - 697.21056232
[34, 56, 46, 25] - 648.7274282500022
[66, 56, 46, 25] - 651.4180979399999
[56, 46, 25, 62] - 664.5496917600001
[56, 46, 25, 7] - 657.9409030000012
[56, 46, 36, 25] - 664.5578317300009
[56, 46, 25, 60] - 674.2252543199985
[56, 46, 25, 52] - 686.4829837300001
[56, 46, 25, 29] - 684.7956125300003
[56, 46, 58, 25] - 685.1311383599998
[56, 46, 25, 40] - 685.129914000001
[66, 34, 46, 25] - 656.5296256400003
[34, 46, 25, 62] - 661.7378258000007
[34, 46, 25, 7] - 656.7414988699994
[34, 46, 36, 25] - 665.7621842700028
[34, 46, 25, 60] - 675.8895727499979
[34, 46, 25, 52] - 686.8933790900006
[34, 46, 25, 29] - 687.6304168900001
[34, 46, 58, 25] - 684.5483162299995
[34, 46, 25, 40] - 688.7556544899998
[66, 46, 25, 62] - 669.7747803599991
[66, 46, 25, 7] - 661.7762141800008
[66, 46, 36, 25] - 674.6615527999998
[66, 46, 25, 60] - 689.4039341399996
[66, 46, 25, 52] - 693.831265450001
[66, 46, 25, 29] - 694.0739244300004
[66, 46, 58, 25] - 694.4691036399992
[66, 46, 25, 40] - 696.2420873599991
[46, 25, 7, 62] - 668.4349242799997
[46, 36, 25, 62] - 681.198376819999
[46, 25, 60, 62] - 691.6222129000002
[46, 25, 62, 52] - 700.950817119999
[46, 25, 29, 62] - 702.0522936499991
[46, 58, 25, 62] - 702.6692877499996
[46, 25, 40, 62] - 707.1306415600002
[46, 36, 25, 7] - 674.8976045299999
[46, 25, 7, 60] - 682.5195291500004
[46, 25, 7, 52] - 693.9565444200002
[46, 25, 29, 7] - 694.465453810001
[46, 58, 25, 7] - 692.9407584999988
[46, 25, 7, 40] - 695.2401162500007
[46, 25, 36, 60] - 696.0624948599989
[46, 25, 36, 52] - 705.1404120400001
[46, 25, 36, 29] - 705.3485577299996
[46, 58, 25, 36] - 708.3919556899988
[46, 25, 36, 40] - 708.65777632
[46, 25, 60, 52] - 715.6980104500004
[46, 25, 29, 60] - 715.140186040001
[46, 58, 25, 60] - 715.9878431900016
[46, 25, 60, 40] - 717.5233262599999
[46, 25, 29, 52] - 725.6164498200003
[46, 58, 25, 52] - 725.367676859999
[46, 25, 40, 52] - 727.7533541699995
[46, 58, 25, 29] - 725.5010335799997
[46, 25, 29, 40] - 728.0374575100013
[46, 25, 58, 40] - 728.9776745199998
[34, 46, 5, 9] - 644.4519375900003
[46, 5, 9, 60] - 649.1384140600004
[46, 5, 9, 52] - 661.8614858599999
[46, 5, 29, 9] - 662.5727883800008
[46, 58, 5, 9] - 660.86980059
[46, 5, 9, 40] - 664.9473514900009
[46, 36, 48, 9] - 654.809698190001
[46, 48, 9, 60] - 657.0710375599999
[46, 48, 9, 52] - 663.3769097799989
[46, 48, 29, 9] - 662.3476660400001
[46, 58, 48, 9] - 663.31546298
[46, 48, 9, 40] - 665.1123905400011
[34, 56, 46, 9] - 655.1948982099998
[66, 56, 46, 9] - 649.0551204899987
[56, 46, 9, 62] - 664.8308547499993
[56, 46, 7, 9] - 656.3293677899999
[56, 46, 36, 9] - 658.4487019300011
[56, 46, 9, 60] - 672.4810501400008
[56, 46, 9, 52] - 687.4481501800011
[56, 46, 29, 9] - 686.8874954700004
[56, 46, 58, 9] - 685.8761475800021
[56, 46, 9, 40] - 687.4913205399992
[66, 34, 46, 9] - 644.0687551599997
[34, 46, 9, 62] - 655.0121091300001
[34, 46, 7, 9] - 649.2076445100014
[34, 46, 36, 9] - 651.4207981999994
[34, 46, 9, 60] - 667.1628589699997
[34, 46, 9, 52] - 679.614329269999
[34, 46, 29, 9] - 681.3825880499975
[34, 46, 58, 9] - 679.0732709399997
[34, 46, 9, 40] - 683.0791567299985
[66, 46, 9, 62] - 648.8430398200007
[66, 46, 7, 9] - 641.9167510499993
[66, 46, 36, 9] - 645.4148394600003
[66, 46, 9, 60] - 669.2541134999992
[66, 46, 9, 52] - 673.8592338999993
[66, 46, 29, 9] - 673.7836509999987
[66, 46, 58, 9] - 674.624837360001
[66, 46, 9, 40] - 676.4931441900022
[46, 7, 9, 62] - 652.3709095099987
[46, 36, 9, 62] - 657.6932172199992
[46, 9, 60, 62] - 673.0712733499997
[46, 9, 62, 52] - 685.8592922800012
[46, 29, 9, 62] - 687.3505172999996
[46, 58, 9, 62] - 688.1354877899981
[46, 9, 40, 62] - 693.076392499999
[46, 36, 7, 9] - 650.1902667999994
[46, 7, 9, 60] - 665.0560631699999
[46, 7, 9, 52] - 677.8453439499996
[46, 29, 7, 9] - 679.8616062199994
[46, 58, 7, 9] - 677.5729165400018
[46, 7, 9, 40] - 680.9877479999982
[46, 36, 9, 60] - 670.8640806999996
[46, 36, 9, 52] - 681.4069449399996
[46, 36, 29, 9] - 682.5740379800005
[46, 58, 36, 9] - 685.0104886600004
[46, 36, 9, 40] - 686.2012276300004
[46, 9, 60, 52] - 698.1135968900003
[46, 29, 9, 60] - 698.3423798500002
[46, 58, 9, 60] - 699.5311862300001
[46, 9, 60, 40] - 700.3166108300001
[46, 29, 9, 52] - 711.0477260400002
[46, 58, 9, 52] - 710.90162232
[46, 9, 40, 52] - 713.7804017199976
[46, 58, 29, 9] - 711.8933912900001
[46, 29, 9, 40] - 713.77236558
[46, 58, 9, 40] - 715.674103610002
[56, 46, 48, 5] - 648.7025413999995
[34, 46, 48, 5] - 671.1571376699995
[66, 46, 48, 5] - 671.2926845000002
[46, 48, 5, 62] - 663.2869383600001
[46, 48, 5, 7] - 662.5304854899994
[46, 36, 48, 5] - 686.1354674900002
[46, 48, 5, 60] - 685.6555459700012
[46, 48, 5, 52] - 693.8045250700002
[46, 48, 5, 29] - 693.5854034599986
[46, 58, 48, 5] - 692.4647632899997
[46, 48, 5, 40] - 696.896070150002
[34, 56, 46, 5] - 681.348423510002
[66, 56, 46, 5] - 667.4607488400001
[56, 46, 5, 62] - 677.7037798700003
[56, 46, 5, 7] - 674.0520371899997
[56, 46, 36, 5] - 672.4263469000011
[56, 46, 5, 60] - 685.912972630001
[56, 46, 5, 52] - 702.5785281500002
[56, 46, 5, 29] - 700.6176256200002
[56, 46, 58, 5] - 699.0623137
[56, 46, 5, 40] - 702.4854383100012
[66, 34, 46, 5] - 688.3187344099993
[34, 46, 5, 62] - 693.0396633499993
[34, 46, 5, 7] - 693.5743597200001
[34, 46, 36, 5] - 693.2609422099985
[34, 46, 5, 60] - 707.4637092200014
[34, 46, 5, 52] - 722.2500786000007
[34, 46, 5, 29] - 722.4091122400015
[34, 46, 58, 5] - 719.4300702900001
[34, 46, 5, 40] - 726.373731960002
[66, 46, 5, 62] - 683.6646244199983
[66, 46, 5, 7] - 681.5887500500016
[66, 46, 36, 5] - 683.017409379998
[66, 46, 5, 60] - 707.0867321799988
[66, 46, 5, 52] - 711.9547627799996
[66, 46, 5, 29] - 711.9433331299996
[66, 46, 58, 5] - 711.1044407499992
[66, 46, 5, 40] - 715.3756152600012
[46, 5, 7, 62] - 685.2832663799998
[46, 36, 5, 62] - 687.38668649
[46, 5, 60, 62] - 702.1832937600003
[46, 5, 62, 52] - 715.4007366600017
[46, 5, 29, 62] - 717.1967095499982
[46, 58, 5, 62] - 715.121551089999
[46, 5, 40, 62] - 722.8182292699992
[46, 36, 5, 7] - 686.2610155299998
[46, 5, 7, 60] - 699.5069600800008
[46, 5, 7, 52] - 714.3902001400007
[46, 5, 29, 7] - 715.0153295100004
[46, 58, 5, 7] - 712.1213330499987
[46, 5, 7, 40] - 718.4087067700013
[46, 36, 5, 60] - 701.9611154900003
[46, 36, 5, 52] - 713.8723267700003
[46, 36, 5, 29] - 715.6505085599991
[46, 58, 36, 5] - 716.5374578500008
[46, 36, 5, 40] - 720.2170746500015
[46, 5, 60, 52] - 729.865604029999
[46, 5, 29, 60] - 729.8664053299993
[46, 58, 5, 60] - 728.7207071300006
[46, 5, 60, 40] - 733.863414479998
[46, 5, 29, 52] - 743.8927251799988
[46, 58, 5, 52] - 741.803681529999
[46, 5, 40, 52] - 747.8167027900009
[46, 58, 5, 29] - 742.6859149399992
[46, 5, 29, 40] - 748.491734790001
[46, 58, 5, 40] - 748.2030548100016
[34, 56, 46, 48] - 669.8364431199998
[66, 56, 46, 48] - 675.8035149999993
[56, 46, 48, 62] - 681.2120582700009
[56, 46, 48, 7] - 676.6759785100005
[56, 46, 36, 48] - 698.6380737800005
[56, 46, 48, 60] - 697.8275697600001
[56, 46, 48, 52] - 708.9383328400023
[56, 46, 48, 29] - 704.6913977500017
[56, 46, 58, 48] - 705.9052005299999
[56, 46, 48, 40] - 707.8966962399994
[66, 34, 46, 48] - 684.7941799899995
[34, 46, 48, 62] - 679.9144004999991
[34, 46, 48, 7] - 680.7480435399997
[34, 46, 36, 48] - 702.6672423100009
[34, 46, 48, 60] - 702.5598754400007
[34, 46, 48, 52] - 711.2864218399975
[34, 46, 48, 29] - 710.9948081599989
[34, 46, 58, 48] - 709.5069077600015
[34, 46, 48, 40] - 714.3057738899992
[66, 46, 48, 62] - 692.0211217600007
[66, 46, 48, 7] - 689.0854412099995
[66, 46, 36, 48] - 713.6116892200002
[66, 46, 48, 60] - 717.0450896199993
[66, 46, 48, 52] - 721.9921189400002
[66, 46, 48, 29] - 721.3118147999985
[66, 46, 58, 48] - 722.6007550600006
[66, 46, 48, 40] - 725.4037439400001
[46, 48, 7, 62] - 685.2358248399997
[46, 36, 48, 62] - 711.893257289999
[46, 48, 60, 62] - 712.4215026300008
[46, 48, 62, 52] - 719.76527585
[46, 48, 29, 62] - 719.4514826900001
[46, 58, 48, 62] - 720.9437060800005
[46, 48, 40, 62] - 726.7958287000002
[46, 36, 48, 7] - 709.5067469100001
[46, 48, 7, 60] - 708.6614793899994
[46, 48, 7, 52] - 718.36559
[46, 48, 29, 7] - 717.4903061699997
[46, 58, 48, 7] - 716.5078230799987
[46, 48, 7, 40] - 720.1864954400004
[46, 36, 48, 60] - 733.7686357000005
[46, 36, 48, 52] - 742.4006911499995
[46, 36, 48, 29] - 740.6475867500002
[46, 58, 36, 48] - 744.9650814800001
[46, 36, 48, 40] - 746.5647818900001
[46, 48, 60, 52] - 743.02489353
[46, 48, 29, 60] - 741.2234000099996
[46, 58, 48, 60] - 742.6393532399994
[46, 48, 60, 40] - 745.5125793000009
[46, 48, 29, 52] - 749.0366043399991
[46, 58, 48, 52] - 750.9864534500003
[46, 48, 40, 52] - 753.7581826900002
[46, 58, 48, 29] - 748.9319231500006
[46, 48, 29, 40] - 752.1079574899985
[46, 58, 48, 40] - 754.9580353499997
[66, 56, 34, 46] - 683.4237515699986
[56, 34, 46, 62] - 697.8086392400003
[56, 34, 46, 7] - 694.2285512599997
[56, 34, 46, 36] - 691.8344663299998
[56, 34, 46, 60] - 704.92334967
[56, 34, 46, 52] - 721.6520054200001
[56, 34, 46, 29] - 720.7499937000007
[56, 34, 46, 58] - 718.5229236400011
[56, 34, 46, 40] - 721.6820166800006
[66, 56, 46, 62] - 694.5884425999981
[66, 56, 46, 7] - 689.4661336099996
[66, 56, 46, 36] - 688.8531578699987
[66, 56, 46, 60] - 711.4655441599986
[66, 56, 46, 52] - 718.9856183900014
[66, 56, 46, 29] - 716.0068326400002
[66, 56, 46, 58] - 716.7344957299997
[66, 56, 46, 40] - 719.1947191200012
[56, 46, 7, 62] - 705.022833129998
[56, 46, 36, 62] - 705.4188726700002
[56, 46, 60, 62] - 718.9152070399997
[56, 46, 62, 52] - 735.2155406699985
[56, 46, 29, 62] - 732.2460572099992
[56, 46, 58, 62] - 733.8762032199986
[56, 46, 40, 62] - 740.2944762800012
[56, 46, 36, 7] - 699.9981828799996
[56, 46, 7, 60] - 713.0059806600004
[56, 46, 7, 52] - 730.9908621999997
[56, 46, 29, 7] - 727.4601180099995
[56, 46, 58, 7] - 727.3125113899996
[56, 46, 7, 40] - 730.4999203800011
[56, 46, 36, 60] - 713.4085627599986
[56, 46, 36, 52] - 729.2878885899995
[56, 46, 36, 29] - 726.2509671999993
[56, 46, 58, 36] - 730.0021992100006
[56, 46, 36, 40] - 730.5759961400008
[56, 46, 60, 52] - 743.5967243799992
[56, 46, 29, 60] - 740.0223802399989
[56, 46, 58, 60] - 741.0934149700018
[56, 46, 60, 40] - 743.1516230900019
[56, 46, 29, 52] - 756.8417483199995
[56, 46, 58, 52] - 757.9045313300016
[56, 46, 40, 52] - 760.3390776100017
[56, 46, 58, 29] - 754.1488594499996
[56, 46, 29, 40] - 756.8079238799991
[56, 46, 58, 40] - 759.5389737899976
[66, 34, 46, 62] - 695.3490162900002
[66, 34, 46, 7] - 694.7435646299992
[66, 34, 46, 36] - 695.1266912600004
[66, 34, 46, 60] - 717.4882975399985
[66, 34, 46, 52] - 723.9695555499995
[66, 34, 46, 29] - 722.8037501100006
[66, 34, 46, 58] - 722.2233389999983
[66, 34, 46, 40] - 727.5993327700013
[34, 46, 7, 62] - 700.4081708099986
[34, 46, 36, 62] - 701.83039493
[34, 46, 60, 62] - 716.9653285900002
[34, 46, 62, 52] - 730.6426851400021
[34, 46, 29, 62] - 732.8692829100011
[34, 46, 58, 62] - 730.1250681599996
[34, 46, 40, 62] - 738.8788840299986
[34, 46, 36, 7] - 701.5484765699993
[34, 46, 7, 60] - 714.6768328699989
[34, 46, 7, 52] - 730.5467905699999
[34, 46, 29, 7] - 730.1881743600005
[34, 46, 58, 7] - 728.0078393199993
[34, 46, 7, 40] - 733.7609272499997
[34, 46, 36, 60] - 716.7782604299996
[34, 46, 36, 52] - 729.3756535599995
[34, 46, 36, 29] - 730.8708673500009
[34, 46, 58, 36] - 731.3907534699982
[34, 46, 36, 40] - 735.2256364900013
[34, 46, 60, 52] - 745.0798124100011
[34, 46, 29, 60] - 744.82545684
[34, 46, 58, 60] - 743.9981127900007
[34, 46, 60, 40] - 748.5933081300009
[34, 46, 29, 52] - 760.1429680899993
[34, 46, 58, 52] - 757.599213839999
[34, 46, 40, 52] - 763.2245239299988
[34, 46, 58, 29] - 758.1665013700008
[34, 46, 29, 40] - 764.0779036799993
[34, 46, 58, 40] - 763.4292221399986
[66, 46, 7, 62] - 700.8729872699986
[66, 46, 36, 62] - 703.840309439999
[66, 46, 60, 62] - 727.9885753100008
[66, 46, 62, 52] - 732.5436536799986
[66, 46, 29, 62] - 733.242538469999
[66, 46, 58, 62] - 733.7410307499995
[66, 46, 40, 62] - 738.828616140001
[66, 46, 36, 7] - 701.4218289100011
[66, 46, 7, 60] - 723.5548208299989
[66, 46, 7, 52] - 730.079062800002
[66, 46, 29, 7] - 728.9505792999995
[66, 46, 58, 7] - 728.6958636199993
[66, 46, 7, 40] - 732.7655413600007
[66, 46, 36, 60] - 727.8503256499989
[66, 46, 36, 52] - 731.1607923500002
[66, 46, 36, 29] - 730.9634190299998
[66, 46, 58, 36] - 734.6891180199992
[66, 46, 36, 40] - 736.6685855099988
[66, 46, 60, 52] - 755.635411409999
[66, 46, 29, 60] - 754.4820615500003
[66, 46, 58, 60] - 755.8946815599988
[66, 46, 60, 40] - 759.3873362700002
[66, 46, 29, 52] - 759.3237539100003
[66, 46, 58, 52] - 760.2777977399987
[66, 46, 40, 52] - 764.4723433399993
[66, 46, 58, 29] - 760.0492971399982
[66, 46, 29, 40] - 763.5748000199999
[66, 46, 58, 40] - 765.9302667199989
[46, 36, 7, 62] - 709.3186207400004
[46, 7, 60, 62] - 723.634388029999
[46, 7, 62, 52] - 737.6197239099985
[46, 29, 7, 62] - 739.1103158100002
[46, 58, 7, 62] - 737.5067162800005
[46, 7, 40, 62] - 745.0584786600004
[46, 36, 60, 62] - 728.6848434000003
[46, 36, 62, 52] - 740.5424757200012
[46, 36, 29, 62] - 741.6372600700003
[46, 58, 36, 62] - 745.338391670001
[46, 36, 40, 62] - 750.5441065100018
[46, 60, 62, 52] - 756.8936767900005
[46, 29, 60, 62] - 756.8112745199991
[46, 58, 60, 62] - 758.1136444299989
[46, 60, 40, 62] - 763.9537086000012
[46, 29, 62, 52] - 769.1886268600003
[46, 58, 62, 52] - 770.0679033100008
[46, 40, 62, 52] - 777.6889553499993
[46, 58, 29, 62] - 771.3299084000001
[46, 29, 40, 62] - 778.0147104599978
[46, 58, 40, 62] - 780.4192885600005
[46, 36, 7, 60] - 724.8629570099995
[46, 36, 7, 52] - 737.8345242000006
[46, 36, 29, 7] - 738.658147650001
[46, 58, 36, 7] - 739.8466058800002
[46, 36, 7, 40] - 742.9218142499999
[46, 7, 60, 52] - 752.81241476
[46, 29, 7, 60] - 751.7898484499998
[46, 58, 7, 60] - 751.3347274799996
[46, 7, 60, 40] - 756.0621265000009
[46, 29, 7, 52] - 766.8166401700004
[46, 58, 7, 52] - 765.6914308099997
[46, 7, 40, 52] - 770.7706825599988
[46, 58, 7, 29] - 765.473579439998
[46, 7, 29, 40] - 770.9201066999997
[46, 58, 7, 40] - 770.9737804900005
[46, 36, 60, 52] - 755.1008928399984
[46, 36, 29, 60] - 755.3116903599996
[46, 58, 36, 60] - 758.842571290001
[46, 36, 60, 40] - 761.1068982399992
[46, 36, 29, 52] - 767.0572194300001
[46, 58, 36, 52] - 770.9227476800005
[46, 36, 40, 52] - 773.5247731899993
[46, 58, 36, 29] - 770.5156091199987
[46, 36, 29, 40] - 773.2540579200004
[46, 36, 58, 40] - 778.3747667199993
[46, 29, 60, 52] - 782.7968265400015
[46, 58, 60, 52] - 784.0747135900012
[46, 60, 40, 52] - 788.7864129999991
[46, 58, 29, 60] - 783.2925351000001
[46, 29, 60, 40] - 786.8515689099991
[46, 58, 60, 40] - 789.8086181399963
[46, 58, 29, 52] - 796.10999505
[46, 29, 40, 52] - 800.6644313100018
[46, 58, 40, 52] - 802.9994167000007
[46, 58, 29, 40] - 802.2663924199985
[44, 60, 64, 42] - 644.6299772499995
[44, 52, 64, 42] - 654.1670886700003
[44, 29, 64, 42] - 658.2052280499997
[44, 58, 64, 42] - 658.1839732499997
[44, 40, 64, 42] - 663.1367949699985
[44, 3, 64] - 819.3279960000007
[44, 25, 64] - 844.6886459999997
[44, 9, 64] - 841.6828640000012
[44, 34, 5, 64] - 643.4274436899989
[44, 5, 62, 64] - 648.793487579999
[44, 5, 7, 64] - 639.5169914599996
[44, 36, 5, 64] - 640.9269387700017
[44, 5, 60, 64] - 649.41684048
[44, 5, 52, 64] - 661.9396327499994
[44, 5, 29, 64] - 664.5538954399991
[44, 58, 5, 64] - 665.6153387000016
[44, 5, 40, 64] - 669.297884599999
[44, 36, 48, 64] - 644.8295486599997
[44, 48, 60, 64] - 643.184172859999
[44, 48, 52, 64] - 651.1028155200006
[44, 48, 29, 64] - 651.0580862699993
[44, 58, 48, 64] - 653.6520847100003
[44, 48, 40, 64] - 658.5046520199995
[44, 56, 62, 64] - 651.1511958499996
[44, 56, 60, 64] - 648.614608640001
[44, 56, 52, 64] - 660.9054285300014
[44, 56, 29, 64] - 662.0603260799993
[44, 56, 58, 64] - 665.7817377600007
[44, 56, 40, 64] - 668.1137412700011
[44, 34, 62, 64] - 650.1594424000003
[44, 34, 7, 64] - 640.2378034199995
[44, 34, 36, 64] - 643.1943351100002
[44, 34, 60, 64] - 653.1131162300017
[44, 34, 52, 64] - 665.9671478000008
[44, 34, 29, 64] - 669.2779406499991
[44, 34, 58, 64] - 669.3256590600015
[44, 34, 40, 64] - 673.0928814099998
[44, 66, 62, 64] - 645.1439252200001
[44, 66, 60, 64] - 659.5726951300004
[44, 66, 52, 64] - 659.8067997300012
[44, 66, 29, 64] - 662.4469444600002
[44, 66, 58, 64] - 664.3125942100011
[44, 66, 40, 64] - 667.0016086900002
[44, 7, 62, 64] - 653.0198155900023
[44, 36, 62, 64] - 656.8284319899985
[44, 60, 62, 64] - 667.6150527199999
[44, 62, 52, 64] - 679.9911147400001
[44, 29, 62, 64] - 681.76696267
[44, 58, 62, 64] - 684.6905314100006
[44, 40, 62, 64] - 690.2255250799984
[44, 36, 7, 64] - 647.0274995500015
[44, 7, 60, 64] - 656.4201511200009
[44, 7, 52, 64] - 669.1434808100025
[44, 29, 7, 64] - 671.3175885700011
[44, 58, 7, 64] - 672.6236666100015
[44, 7, 40, 64] - 675.7812207999998
[44, 36, 60, 64] - 661.44224777
[44, 36, 52, 64] - 671.7123300900001
[44, 36, 29, 64] - 673.5965489599992
[44, 58, 36, 64] - 678.0018977800011
[44, 36, 40, 64] - 681.5598921700002
[44, 60, 52, 64] - 683.3268004700016
[44, 29, 60, 64] - 684.173013530001
[44, 58, 60, 64] - 686.5596468400001
[44, 60, 40, 64] - 690.1610294200002
[44, 29, 52, 64] - 696.7712676799997
[44, 58, 52, 64] - 697.8439008000005
[44, 40, 52, 64] - 703.3148546700003
[44, 58, 29, 64] - 700.1450288500007
[44, 29, 40, 64] - 704.5029388999992
[44, 58, 40, 64] - 708.0918854600017
[44, 3, 42] - 831.1049000000016
[44, 25, 52, 42] - 643.3673497099999
[44, 25, 29, 42] - 648.558859809999
[44, 58, 25, 42] - 647.1293480400013
[44, 25, 40, 42] - 644.6413988700003
[44, 29, 9, 42] - 644.7838054700005
[44, 58, 9, 42] - 643.1365270599991
[44, 9, 40, 42] - 641.6626458999996
[44, 34, 5, 42] - 650.3088043600007
[66, 44, 5, 42] - 648.6206334500002
[44, 5, 62, 42] - 653.803171280001
[44, 5, 7, 42] - 649.2169793899993
[44, 36, 5, 42] - 647.4700921700021
[44, 5, 60, 42] - 661.8780135900009
[44, 5, 52, 42] - 670.8366130400002
[44, 5, 29, 42] - 677.9520085700011
[44, 58, 5, 42] - 675.3045765600019
[44, 5, 40, 42] - 675.463486969999
[66, 44, 48, 42] - 640.1317834099987
[44, 36, 48, 42] - 655.3772729599991
[44, 48, 60, 42] - 656.4013663899997
[44, 48, 52, 42] - 662.1060315499998
[44, 48, 29, 42] - 666.7873417499993
[44, 58, 48, 42] - 666.3479712999998
[44, 48, 40, 42] - 664.8815579700006
[44, 34, 56, 42] - 642.0426244200019
[66, 44, 56, 42] - 643.0042859300014
[44, 56, 62, 42] - 656.1945996599982
[44, 56, 7, 42] - 648.1429482399988
[44, 56, 36, 42] - 645.6840860800005
[44, 56, 60, 42] - 662.0164486799999
[44, 56, 52, 42] - 670.9531271700007
[44, 56, 29, 42] - 677.318045520001
[44, 56, 58, 42] - 676.3519347000004
[44, 56, 40, 42] - 674.4494605599997
[66, 44, 34, 42] - 646.4750308900013
[44, 34, 62, 42] - 653.0832546099997
[44, 34, 7, 42] - 649.7898183000018
[44, 34, 36, 42] - 648.1153287999996
[44, 34, 60, 42] - 663.7225239900009
[44, 34, 52, 42] - 672.5852433099997
[44, 34, 29, 42] - 680.4333952700007
[44, 34, 58, 42] - 676.5280320499988
[44, 34, 40, 42] - 677.3621516199993
[44, 66, 62, 42] - 659.8245564199988
[44, 66, 7, 42] - 655.7058080099995
[44, 66, 36, 42] - 654.3563262899995
[44, 66, 60, 42] - 675.7982076900005
[44, 66, 52, 42] - 678.8053354199998
[44, 66, 29, 42] - 685.0809456800016
[44, 66, 58, 42] - 683.6154123299984
[44, 66, 40, 42] - 682.9935203600006
[44, 7, 62, 42] - 660.2908997100005
[44, 36, 62, 42] - 660.7561585600026
[44, 60, 62, 42] - 677.069647270001
[44, 62, 52, 42] - 685.642011110001
[44, 29, 62, 42] - 693.0498833699985
[44, 58, 62, 42] - 691.5618872299988
[44, 40, 62, 42] - 693.5794910399995
[44, 36, 7, 42] - 656.3597334000016
[44, 7, 60, 42] - 671.8964450799998
[44, 7, 52, 42] - 680.8433855100006
[44, 29, 7, 42] - 687.4618279399987
[44, 58, 7, 42] - 684.4185579900009
[44, 7, 40, 42] - 684.2006818600008
[44, 36, 60, 42] - 672.8943150100009
[44, 36, 52, 42] - 679.9452889400001
[44, 36, 29, 42] - 687.0880366699997
[44, 58, 36, 42] - 687.5131327900016
[44, 36, 40, 42] - 685.562166090001
[44, 60, 52, 42] - 696.9445209300014
[44, 29, 60, 42] - 703.4061032499994
[44, 58, 60, 42] - 701.6954503800006
[44, 60, 40, 42] - 700.4371256800007
[44, 29, 52, 42] - 712.7384851800006
[44, 58, 52, 42] - 708.8908259599997
[44, 40, 52, 42] - 710.2778910300012
[44, 58, 29, 42] - 716.5798229799989
[44, 29, 40, 42] - 716.2974480500004
[44, 58, 40, 42] - 714.8459206299981
[44, 3, 25, 52] - 639.3976998599996
[44, 3, 25, 29] - 645.8709357500005
[44, 58, 3, 25] - 642.8943156
[44, 3, 9, 60] - 641.5065153500007
[44, 3, 9, 52] - 647.8124078599998
[44, 3, 29, 9] - 655.0754103900005
[44, 58, 3, 9] - 653.3471164400013
[44, 3, 9, 40] - 648.1831848300006
[44, 56, 3, 5] - 641.0200750800001
[44, 34, 3, 5] - 649.0827571300013
[66, 44, 3, 5] - 642.1749240599997
[44, 3, 5, 62] - 656.1685143299991
[44, 3, 5, 7] - 659.5834702599997
[44, 36, 3, 5] - 648.4840368600002
[44, 3, 5, 60] - 662.1202349199995
[44, 3, 5, 52] - 670.711109809999
[44, 3, 5, 29] - 678.64588532
[44, 58, 3, 5] - 674.9837921000021
[44, 3, 5, 40] - 672.1051531599998
[44, 3, 48, 62] - 641.8859944099999
[44, 3, 48, 7] - 647.2013675299997
[44, 36, 3, 48] - 656.3272131900006
[44, 3, 48, 60] - 655.694238449998
[44, 3, 48, 52] - 661.9993207600004
[44, 3, 48, 29] - 667.5630945500001
[44, 58, 3, 48] - 665.959059279999
[44, 3, 48, 40] - 660.501754969999
[44, 34, 56, 3] - 648.5364309799992
[66, 44, 56, 3] - 646.1100650899982
[44, 56, 3, 62] - 668.5336910200004
[44, 56, 3, 7] - 665.208174350001
[44, 56, 36, 3] - 654.9450223400007
[44, 56, 3, 60] - 671.687279029999
[44, 56, 3, 52] - 682.07637676
[44, 56, 3, 29] - 687.6879147299999
[44, 56, 58, 3] - 686.0515975700002
[44, 56, 3, 40] - 680.3428097299991
[66, 44, 34, 3] - 640.4218086400002
[44, 34, 3, 62] - 656.0716007600005
[44, 34, 3, 7] - 659.2168846799996
[44, 34, 36, 3] - 649.64905277
[44, 34, 3, 60] - 663.8684067299994
[44, 34, 3, 52] - 674.2571429299991
[44, 34, 3, 29] - 679.791144620001
[44, 34, 58, 3] - 676.6167926000002
[44, 34, 3, 40] - 673.6028527799997
[44, 66, 3, 62] - 659.5272960799996
[44, 66, 3, 7] - 662.1717880499995
[44, 66, 36, 3] - 652.4600505299996
[44, 66, 3, 60] - 675.378161739999
[44, 66, 3, 52] - 676.2623875600009
[44, 66, 3, 29] - 683.1512181000003
[44, 66, 58, 3] - 680.9306767199998
[44, 66, 3, 40] - 676.2189453499998
[44, 3, 7, 62] - 679.2308906199999
[44, 36, 3, 62] - 668.5179236699979
[44, 3, 60, 62] - 684.0252417100006
[44, 3, 62, 52] - 691.96302697
[44, 3, 29, 62] - 700.5053798700014
[44, 58, 3, 62] - 697.9286435100007
[44, 3, 40, 62] - 696.568973900001
[44, 36, 3, 7] - 672.2713950699998
[44, 3, 7, 60] - 685.6167296800012
[44, 3, 7, 52] - 696.0253533399989
[44, 3, 29, 7] - 701.481516409999
[44, 58, 3, 7] - 700.1730750699996
[44, 3, 7, 40] - 695.4477147699993
[44, 3, 36, 60] - 677.0732375899997
[44, 3, 36, 52] - 684.5801437800005
[44, 3, 36, 29] - 692.6673547599996
[44, 58, 3, 36] - 691.8240715199981
[44, 3, 36, 40] - 685.5388220699991
[44, 3, 60, 52] - 700.3202934799998
[44, 3, 29, 60] - 707.4873953699997
[44, 58, 3, 60] - 705.1588702900006
[44, 3, 60, 40] - 700.3032671200001
[44, 3, 29, 52] - 717.6525552100015
[44, 58, 3, 52] - 712.8356274299983
[44, 3, 40, 52] - 709.2743139499997
[44, 58, 3, 29] - 721.5594501799998
[44, 3, 29, 40] - 717.28036861
[44, 3, 58, 40] - 714.7369688899997
[44, 25, 9, 62] - 646.3313271799996
[44, 36, 25, 9] - 644.7135407799998
[44, 25, 9, 60] - 658.35563678
[44, 25, 9, 52] - 663.2460694999988
[44, 25, 29, 9] - 667.2312168400006
[44, 58, 25, 9] - 667.4833712000002
[44, 25, 9, 40] - 664.2867178600003
[44, 25, 48, 5] - 667.4175083500002
[44, 56, 25, 5] - 657.0848605099994
[44, 34, 25, 5] - 674.0508397999997
[66, 44, 25, 5] - 670.9447616500008
[44, 25, 5, 62] - 681.654241479999
[44, 25, 5, 7] - 674.7852946899986
[44, 36, 25, 5] - 681.4132409399994
[44, 25, 5, 60] - 691.2402455000006
[44, 25, 5, 52] - 698.7920987499996
[44, 25, 5, 29] - 702.7579237999994
[44, 58, 25, 5] - 701.6259305400002
[44, 25, 5, 40] - 699.8738424599994
[44, 56, 25, 48] - 669.1634754300003
[44, 34, 25, 48] - 670.3804891900015
[66, 44, 25, 48] - 678.8285703600009
[44, 25, 48, 62] - 688.8442274100001
[44, 25, 48, 7] - 682.5878725899993
[44, 36, 25, 48] - 705.8951424700015
[44, 25, 48, 60] - 705.6050728499998
[44, 25, 48, 52] - 710.4750739300015
[44, 25, 48, 29] - 711.5106391800007
[44, 58, 25, 48] - 713.2213157999996
[44, 25, 48, 40] - 709.3074546999986
[44, 34, 56, 25] - 666.3914318699998
[66, 44, 56, 25] - 664.7144724899996
[44, 56, 25, 62] - 687.5516397299997
[44, 56, 25, 7] - 678.6126425000007
[44, 56, 36, 25] - 682.5882472700004
[44, 56, 25, 60] - 694.8001337500003
[44, 56, 25, 52] - 703.8653720599997
[44, 56, 25, 29] - 704.2734647900007
[44, 56, 58, 25] - 706.98168943
[44, 56, 25, 40] - 701.4462982299996
[66, 44, 34, 25] - 668.5164788900007
[44, 34, 25, 62] - 683.9800755000012
[44, 34, 25, 7] - 677.1734404399995
[44, 34, 36, 25] - 683.2312289699992
[44, 34, 25, 60] - 695.3231714399989
[44, 34, 25, 52] - 702.9580249599987
[44, 34, 25, 29] - 705.8390972100011
[44, 34, 58, 25] - 704.3530873900012
[44, 34, 25, 40] - 703.0669638299997
[44, 66, 25, 62] - 689.5353867400004
[44, 66, 25, 7] - 680.4856762000002
[44, 66, 36, 25] - 689.1205975500001
[44, 66, 25, 60] - 706.72928089
[44, 66, 25, 52] - 707.198317340001
[44, 66, 25, 29] - 710.5098817900009
[44, 66, 58, 25] - 711.1633296900005
[44, 66, 25, 40] - 707.1920534799992
[44, 25, 7, 62] - 696.1614018000017
[44, 36, 25, 62] - 704.6020314599967
[44, 25, 60, 62] - 717.1609369199989
[44, 25, 62, 52] - 723.3434355400001
[44, 25, 29, 62] - 725.8681067199996
[44, 58, 25, 62] - 729.0137354799996
[44, 25, 40, 62] - 728.2667037700012
[44, 36, 25, 7] - 697.4831448699994
[44, 25, 7, 60] - 707.9740088099987
[44, 25, 7, 52] - 715.7251840699996
[44, 25, 29, 7] - 718.3034966599989
[44, 58, 25, 7] - 719.1355009299997
[44, 25, 7, 40] - 714.8578854599997
[44, 25, 36, 60] - 717.2161559200008
[44, 25, 36, 52] - 722.5694213299973
[44, 25, 36, 29] - 725.1612986199995
[44, 58, 25, 36] - 729.92320611
[44, 25, 36, 40] - 724.3835937500013
[44, 25, 60, 52] - 735.4924359000017
[44, 25, 29, 60] - 736.7864108800011
[44, 58, 25, 60] - 739.4377881799998
[44, 25, 60, 40] - 735.602601
[44, 25, 29, 52] - 745.3168242299998
[44, 58, 25, 52] - 744.7162855199995
[44, 25, 40, 52] - 742.754352979999
[44, 58, 25, 29] - 748.2778904999994
[44, 25, 29, 40] - 745.4000074399993
[44, 25, 58, 40] - 747.3194478199995
[44, 48, 5, 9] - 642.4986643299989
[44, 56, 5, 9] - 669.8552999100015
[44, 34, 5, 9] - 676.2535649100007
[66, 44, 5, 9] - 661.6086072700008
[44, 5, 9, 62] - 678.2296515799995
[44, 5, 7, 9] - 671.9871553699993
[44, 36, 5, 9] - 669.3752393600008
[44, 5, 9, 60] - 685.5430354399996
[44, 5, 9, 52] - 694.85081475
[44, 5, 29, 9] - 700.9045128700005
[44, 58, 5, 9] - 699.4323906400017
[44, 5, 9, 40] - 698.3043516899996
[44, 56, 48, 9] - 657.7405884200008
[44, 34, 48, 9] - 650.9732836599999
[66, 44, 48, 9] - 653.3927080299994
[44, 48, 9, 62] - 662.2735749199992
[44, 48, 7, 9] - 656.3353603899993
[44, 36, 48, 9] - 678.0662647000005
[44, 48, 9, 60] - 682.07758804
[44, 48, 9, 52] - 684.9337480799996
[44, 48, 29, 9] - 687.9674383599993
[44, 58, 48, 9] - 689.3322377899993
[44, 48, 9, 40] - 685.9633344600006
[44, 34, 56, 9] - 679.2744335400005
[66, 44, 56, 9] - 669.0809490799988
[44, 56, 9, 62] - 694.9013322199997
[44, 56, 7, 9] - 685.2243063000002
[44, 56, 36, 9] - 683.5370197499998
[44, 56, 9, 60] - 701.312742919999
[44, 56, 9, 52] - 711.8460704800003
[44, 56, 29, 9] - 716.2362821199998
[44, 56, 58, 9] - 716.699211820001
[44, 56, 9, 40] - 712.6606629999998
[66, 44, 34, 9] - 662.4168870499986
[44, 34, 9, 62] - 683.5086213900001
[44, 34, 7, 9] - 677.0773925599992
[44, 34, 36, 9] - 676.0443353399996
[44, 34, 9, 60] - 693.8326554
[44, 34, 9, 52] - 702.2972382900006
[44, 34, 29, 9] - 708.7623119200005
[44, 34, 58, 9] - 707.0585735100001
[44, 34, 9, 40] - 705.4825773700015
[44, 66, 9, 62] - 675.4381924299983
[44, 66, 7, 9] - 668.0470033299985
[44, 66, 36, 9] - 667.3501324499998
[44, 66, 9, 60] - 694.0867355900007
[44, 66, 9, 52] - 694.420230180001
[44, 66, 29, 9] - 699.1717502799992
[44, 66, 58, 9] - 699.8343930000009
[44, 66, 9, 40] - 695.4118100899993
[44, 7, 9, 62] - 687.7924265599992
[44, 36, 9, 62] - 688.7440189599994
[44, 9, 60, 62] - 706.5389359699986
[44, 9, 62, 52] - 715.2085952499997
[44, 29, 9, 62] - 720.9417443700002
[44, 58, 9, 62] - 723.0326260600004
[44, 9, 40, 62] - 722.6582037900002
[44, 36, 7, 9] - 681.588514569999
[44, 7, 9, 60] - 698.6460549799996
[44, 7, 9, 52] - 707.6656508800022
[44, 29, 7, 9] - 713.9012842099982
[44, 58, 7, 9] - 712.9562004800002
[44, 7, 9, 40] - 709.806904119998
[44, 36, 9, 60] - 700.5467412100021
[44, 36, 9, 52] - 707.4677522399999
[44, 36, 29, 9] - 712.6817295600008
[44, 58, 36, 9] - 715.8916682199985
[44, 36, 9, 40] - 711.3060745900008
[44, 9, 60, 52] - 726.1671317400005
[44, 29, 9, 60] - 730.58686691
[44, 58, 9, 60] - 732.4359015799992
[44, 9, 60, 40] - 727.5152838399993
[44, 29, 9, 52] - 740.6763716000005
[44, 58, 9, 52] - 739.2410260600009
[44, 9, 40, 52] - 737.2255425399993
[44, 58, 29, 9] - 746.46257424
[44, 29, 9, 40] - 742.8142644800017
[44, 58, 9, 40] - 744.3527787999999
[44, 56, 48, 5] - 669.7490616400011
[44, 34, 48, 5] - 689.7900809999977
[66, 44, 48, 5] - 687.7561414200009
[44, 48, 5, 62] - 692.2671330199994
[44, 48, 5, 7] - 689.5929301399997
[44, 36, 48, 5] - 707.3808887399997
[44, 48, 5, 60] - 706.4619709699983
[44, 48, 5, 52] - 713.1729043799991
[44, 48, 5, 29] - 716.8239496500001
[44, 58, 48, 5] - 716.7117342300016
[44, 48, 5, 40] - 715.3878867499997
[44, 34, 56, 5] - 704.6637547399993
[66, 44, 56, 5] - 688.1135258599998
[44, 56, 5, 62] - 711.2355969300003
[44, 56, 5, 7] - 702.8580633900004
[44, 56, 36, 5] - 696.9303261800002
[44, 56, 5, 60] - 712.1152867800013
[44, 56, 5, 52] - 725.2590374299999
[44, 56, 5, 29] - 729.0551476000007
[44, 56, 58, 5] - 729.1415423699993
[44, 56, 5, 40] - 726.5200965699992
[66, 44, 34, 5] - 705.5632387599998
[44, 34, 5, 62] - 723.2234608900002
[44, 34, 5, 7] - 720.1263378800013
[44, 34, 36, 5] - 716.2301109199991
[44, 34, 5, 60] - 730.2767346899981
[44, 34, 5, 52] - 742.6194115699991
[44, 34, 5, 29] - 747.8654817800019
[44, 34, 58, 5] - 745.1514944099982
[44, 34, 5, 40] - 746.7529040800017
[44, 66, 5, 62] - 712.8068195399995
[44, 66, 5, 7] - 708.1768015300011
[44, 66, 36, 5] - 704.6123108199993
[44, 66, 5, 60] - 730.2692063700013
[44, 66, 5, 52] - 730.76019948
[44, 66, 5, 29] - 736.6942779700014
[44, 66, 58, 5] - 734.9785975499993
[44, 66, 5, 40] - 733.3626013499999
[44, 5, 7, 62] - 723.9946162200004
[44, 36, 5, 62] - 720.77697809
[44, 5, 60, 62] - 735.6960486399973
[44, 5, 62, 52] - 746.518636900002
[44, 5, 29, 62] - 753.048149739999
[44, 58, 5, 62] - 752.3161656700016
[44, 5, 40, 62] - 754.7388232700014
[44, 36, 5, 7] - 716.6354814999995
[44, 5, 7, 60] - 730.2204022800007
[44, 5, 7, 52] - 742.865449750001
[44, 5, 29, 7] - 748.0977675199998
[44, 58, 5, 7] - 746.3612220200009
[44, 5, 7, 40] - 745.4294482800013
[44, 36, 5, 60] - 728.0649399700025
[44, 36, 5, 52] - 737.5632050599993
[44, 36, 5, 29] - 743.527178990001
[44, 58, 36, 5] - 745.3816263500008
[44, 36, 5, 40] - 743.2056515600018
[44, 5, 60, 52] - 753.6115919700005
[44, 5, 29, 60] - 758.1954792500007
[44, 58, 5, 60] - 757.867026099999
[44, 5, 60, 40] - 756.8952827600001
[44, 5, 29, 52] - 771.0828827599996
[44, 58, 5, 52] - 768.1178483000003
[44, 5, 40, 52] - 768.6703482200011
[44, 58, 5, 29] - 775.2622254199997
[44, 5, 29, 40] - 775.0887884199988
[44, 58, 5, 40] - 774.563610910003
[44, 34, 56, 48] - 681.7973703800004
[66, 44, 56, 48] - 682.7000398600009
[44, 56, 48, 62] - 699.9490899600002
[44, 56, 48, 7] - 693.1544580099986
[44, 56, 36, 48] - 710.5526314100003
[44, 56, 48, 60] - 711.953284859999
[44, 56, 48, 52] - 720.2888961000004
[44, 56, 48, 29] - 719.6435477700002
[44, 56, 58, 48] - 723.5943385799998
[44, 56, 48, 40] - 718.8877821500015
[66, 44, 34, 48] - 689.1202887200021
[44, 34, 48, 62] - 696.5369169600024
[44, 34, 48, 7] - 695.9581064899994
[44, 34, 36, 48] - 713.1725869300004
[44, 34, 48, 60] - 714.0260069100007
[44, 34, 48, 52] - 720.5579835500001
[44, 34, 48, 29] - 723.9966627200009
[44, 34, 58, 48] - 723.4827501700012
[44, 34, 48, 40] - 721.9710837600013
[44, 66, 48, 62] - 705.3289789600008
[44, 66, 48, 7] - 700.9681959599999
[44, 66, 36, 48] - 720.4608726400005
[44, 66, 48, 60] - 727.0968883800005
[44, 66, 48, 52] - 727.2108377699999
[44, 66, 48, 29] - 730.5901651599988
[44, 66, 58, 48] - 732.2840021700018
[44, 66, 48, 40] - 728.4470400100009
[44, 48, 7, 62] - 708.7976587900007
[44, 36, 48, 62] - 729.4073877299995
[44, 48, 60, 62] - 731.2952232499997
[44, 48, 62, 52] - 736.538141530001
[44, 48, 29, 62] - 739.1026765399997
[44, 58, 48, 62] - 742.8304037299991
[44, 48, 40, 62] - 743.3272695600006
[44, 36, 48, 7] - 726.4244320300008
[44, 48, 7, 60] - 726.9970969599999
[44, 48, 7, 52] - 734.3747125999989
[44, 48, 29, 7] - 736.9298548099988
[44, 58, 48, 7] - 737.7273308800001
[44, 48, 7, 40] - 733.9459310499993
[44, 36, 48, 60] - 747.1255039400002
[44, 36, 48, 52] - 753.057664570001
[44, 36, 48, 29] - 755.2383897099998
[44, 58, 36, 48] - 760.5722142499995
[44, 36, 48, 40] - 755.3700904399992
[44, 48, 60, 52] - 754.8675646299995
[44, 48, 29, 60] - 756.1753532399999
[44, 58, 48, 60] - 759.1178084200009
[44, 48, 60, 40] - 755.4014276699988
[44, 48, 29, 52] - 763.2300568700002
[44, 58, 48, 52] - 764.6388438499979
[44, 48, 40, 52] - 761.7028722200009
[44, 58, 48, 29] - 767.5379464499999
[44, 48, 29, 40] - 764.2620590999998
[44, 58, 48, 40] - 767.788203820001
[66, 44, 56, 34] - 693.8315380700017
[44, 56, 34, 62] - 720.9839625400003
[44, 56, 34, 7] - 713.6908557299988
[44, 56, 34, 36] - 707.5131892900004
[44, 56, 34, 60] - 724.0393677699997
[44, 56, 34, 52] - 737.1803032
[44, 56, 34, 29] - 741.0498012999997
[44, 56, 34, 58] - 740.8617480300013
[44, 56, 34, 40] - 737.1883514499993
[44, 66, 56, 62] - 713.9548894199995
[44, 66, 56, 7] - 705.3357735799997
[44, 66, 56, 36] - 699.9521219900001
[44, 66, 56, 60] - 727.3413451999988
[44, 66, 56, 52] - 729.9811777099987
[44, 66, 56, 29] - 732.105969940001
[44, 66, 56, 58] - 734.2392998500001
[44, 66, 56, 40] - 729.5261875999971
[44, 56, 7, 62] - 732.0101768899978
[44, 56, 36, 62] - 728.0841334799986
[44, 56, 60, 62] - 745.1248268400004
[44, 56, 62, 52] - 757.5759578600025
[44, 56, 29, 62] - 759.3425951400015
[44, 56, 58, 62] - 763.4086304700007
[44, 56, 40, 62] - 763.8436004400008
[44, 56, 36, 7] - 719.4071200599996
[44, 56, 7, 60] - 735.9166174400008
[44, 56, 7, 52] - 750.3251520300008
[44, 56, 29, 7] - 750.9633805399988
[44, 56, 58, 7] - 754.0081908200015
[44, 56, 7, 40] - 749.2419021700003
[44, 56, 36, 60] - 732.1577309400006
[44, 56, 36, 52] - 744.1348800199994
[44, 56, 36, 29] - 745.3438716800016
[44, 56, 58, 36] - 751.4796041600018
[44, 56, 36, 40] - 745.1330245899999
[44, 56, 60, 52] - 762.1122115200009
[44, 56, 29, 60] - 762.5460769000005
[44, 56, 58, 60] - 766.1019539599994
[44, 56, 60, 40] - 761.4280661500003
[44, 56, 29, 52] - 777.1957045499997
[44, 56, 58, 52] - 779.013134400001
[44, 56, 40, 52] - 775.0519341699988
[44, 56, 58, 29] - 781.329788509999
[44, 56, 29, 40] - 776.9725858699999
[44, 56, 58, 40] - 781.0310354499989
[44, 66, 34, 62] - 711.5565249600013
[44, 66, 34, 7] - 708.2924564300006
[44, 66, 34, 36] - 704.2669483300007
[44, 66, 34, 60] - 730.0759590500021
[44, 66, 34, 52] - 731.8574706799992
[44, 66, 34, 29] - 736.1159214499999
[44, 66, 34, 58] - 734.9136122400002
[44, 66, 34, 40] - 733.7419134699985
[44, 34, 7, 62] - 725.9109465900002
[44, 34, 36, 62] - 723.1141295199989
[44, 34, 60, 62] - 740.0107140800018
[44, 34, 62, 52] - 750.5441749800021
[44, 34, 29, 62] - 757.002768110002
[44, 34, 58, 62] - 755.9189846600023
[44, 34, 40, 62] - 758.5023216799998
[44, 34, 36, 7] - 720.6155472300014
[44, 34, 7, 60] - 735.4189394999996
[44, 34, 7, 52] - 748.3461503700005
[44, 34, 29, 7] - 752.3904637200002
[44, 34, 58, 7] - 751.4606193299996
[44, 34, 7, 40] - 749.7220251099977
[44, 34, 36, 60] - 733.7121381099998
[44, 34, 36, 52] - 743.4805219699983
[44, 34, 36, 29] - 748.9324782500013
[44, 34, 58, 36] - 750.4469516700007
[44, 34, 36, 40] - 747.5274978000001
[44, 34, 60, 52] - 760.6150805600007
[44, 34, 29, 60] - 764.7008819099989
[44, 34, 58, 60] - 764.5274964999998
[44, 34, 60, 40] - 762.4592701400006
[44, 34, 29, 52] - 778.234078139998
[44, 34, 58, 52] - 774.7768787700012
[44, 34, 40, 52] - 774.55215481
[44, 34, 58, 29] - 781.4743526700012
[44, 34, 29, 40] - 780.8052577399998
[44, 34, 58, 40] - 779.9134770000001
[44, 66, 7, 62] - 724.4284543699993
[44, 66, 36, 62] - 721.8147529999994
[44, 66, 60, 62] - 749.4225243899971
[44, 66, 62, 52] - 750.0221971100009
[44, 66, 29, 62] - 754.8649945100001
[44, 66, 58, 62] - 756.3916607900003
[44, 66, 40, 62] - 755.3402045700011
[44, 66, 36, 7] - 717.6495763699996
[44, 66, 7, 60] - 743.3184114600008
[44, 66, 7, 52] - 745.4096856399992
[44, 66, 29, 7] - 749.3507841400016
[44, 66, 58, 7] - 749.641306339999
[44, 66, 7, 40] - 745.647582180001
[44, 66, 36, 60] - 742.9818680500003
[44, 66, 36, 52] - 741.6941439299985
[44, 66, 36, 29] - 745.8871591600008
[44, 66, 58, 36] - 749.6620266700003
[44, 66, 36, 40] - 744.9823103999997
[44, 66, 60, 52] - 769.5551156600003
[44, 66, 29, 60] - 772.8961609100005
[44, 66, 58, 60] - 774.8935839200003
[44, 66, 60, 40] - 771.6312109299992
[44, 66, 29, 52] - 774.7023370200003
[44, 66, 58, 52] - 774.0928983900001
[44, 66, 40, 52] - 772.1363990700006
[44, 66, 58, 29] - 779.88420627
[44, 66, 29, 40] - 776.8068260200007
[44, 66, 58, 40] - 778.2136595899987
[44, 36, 7, 62] - 736.3337795399996
[44, 7, 60, 62] - 752.6104158400009
[44, 7, 62, 52] - 763.7760468300002
[44, 29, 7, 62] - 768.8056248099995
[44, 58, 7, 62] - 770.1941765400003
[44, 7, 40, 62] - 770.5217638999998
[44, 36, 60, 62] - 752.6045675599995
[44, 36, 62, 52] - 761.4962709299995
[44, 36, 29, 62] - 766.2261400800002
[44, 58, 36, 62] - 771.6389273199998
[44, 36, 40, 62] - 771.3941188899997
[44, 60, 62, 52] - 779.704056680001
[44, 29, 60, 62] - 783.2722175400016
[44, 58, 60, 62] - 786.7395981199999
[44, 60, 40, 62] - 786.4604535900013
[44, 29, 62, 52] - 794.1259800400009
[44, 58, 62, 52] - 795.5259066100002
[44, 40, 62, 52] - 797.9636221000021
[44, 58, 29, 62] - 802.0483565199994
[44, 29, 40, 62] - 802.765642000001
[44, 58, 40, 62] - 806.0815817200001
[44, 36, 7, 60] - 747.408939709999
[44, 36, 7, 52] - 757.4849418899984
[44, 36, 29, 7] - 762.0118627500016
[44, 58, 36, 7] - 765.0959231100022
[44, 36, 7, 40] - 760.242083980002
[44, 7, 60, 52] - 774.4604132100005
[44, 29, 7, 60] - 777.2126388700004
[44, 58, 7, 60] - 778.7188841000004
[44, 7, 60, 40] - 775.3783979599998
[44, 29, 7, 52] - 790.574846939999
[44, 58, 7, 52] - 789.5020169499998
[44, 7, 40, 52] - 787.4416251000006
[44, 58, 7, 29] - 794.8902070199995
[44, 7, 29, 40] - 792.3913618299999
[44, 58, 7, 40] - 793.6127095800015
[44, 36, 60, 52] - 772.1401848699988
[44, 36, 29, 60] - 775.8949425599997
[44, 58, 36, 60] - 780.7503795099979
[44, 36, 60, 40] - 776.1993112400004
[44, 36, 29, 52] - 786.0031044399993
[44, 58, 36, 52] - 789.2952714000003
[44, 36, 40, 52] - 785.9813588599995
[44, 58, 36, 29] - 794.0962746200033
[44, 36, 29, 40] - 790.2385210900003
[44, 36, 58, 40] - 795.8771802500005
[44, 29, 60, 52] - 803.7266824500008
[44, 58, 60, 52] - 804.5329293299998
[44, 60, 40, 52] - 803.0206972599991
[44, 58, 29, 60] - 809.0277390500003
[44, 29, 60, 40] - 805.9962617499997
[44, 58, 60, 40] - 809.1491278399992
[44, 58, 29, 52] - 819.7721652499987
[44, 29, 40, 52] - 818.369948369997
[44, 58, 40, 52] - 819.3061346199996
[44, 58, 29, 40] - 825.1034470000017
[3, 9, 64, 42] - 644.9262169199999
[3, 5, 64, 42] - 672.9389270200012
[3, 48, 64, 42] - 666.7541772099992
[56, 3, 64, 42] - 674.315783340001
[34, 3, 64, 42] - 678.802244070001
[66, 3, 64, 42] - 689.8976235699996
[3, 62, 64, 42] - 679.4028063300007
[3, 7, 64, 42] - 691.2691868999996
[36, 3, 64, 42] - 684.1891608599996
[3, 60, 64, 42] - 701.2981540700007
[3, 52, 64, 42] - 706.8201695699994
[3, 29, 64, 42] - 711.5505704400005
[58, 3, 64, 42] - 708.0391963100013
[3, 40, 64, 42] - 715.2932317799999
[25, 5, 64, 42] - 658.2883808700001
[25, 48, 64, 42] - 661.3274389399993
[56, 25, 64, 42] - 657.1557690800003
[34, 25, 64, 42] - 664.5759080800001
[66, 25, 64, 42] - 677.1985536799999
[25, 62, 64, 42] - 669.8744108699991
[25, 7, 64, 42] - 671.5522383600006
[36, 25, 64, 42] - 676.2734140500004
[25, 60, 64, 42] - 690.67550101
[25, 52, 64, 42] - 695.4909228900001
[25, 29, 64, 42] - 697.4713380600004
[58, 25, 64, 42] - 697.4680710700009
[25, 40, 64, 42] - 702.59191069
[5, 9, 64, 42] - 672.0373503699988
[48, 9, 64, 42] - 664.3648339399996
[56, 9, 64, 42] - 679.6896927200002
[34, 9, 64, 42] - 682.4040777299992
[66, 9, 64, 42] - 683.2677014600006
[9, 62, 64, 42] - 679.3424806500003
[7, 9, 64, 42] - 680.2613878400012
[36, 9, 64, 42] - 682.3074145000002
[9, 60, 64, 42] - 698.2290006599989
[9, 52, 64, 42] - 706.193291490002
[29, 9, 64, 42] - 710.0117953400011
[58, 9, 64, 42] - 710.7879082600004
[9, 40, 64, 42] - 714.8399125900012
[48, 5, 64, 42] - 693.0921183899999
[56, 5, 64, 42] - 699.1802562900003
[34, 5, 64, 42] - 721.2931315600019
[66, 5, 64, 42] - 716.5388696100003
[5, 62, 64, 42] - 713.6291827700009
[5, 7, 64, 42] - 717.2213768600016
[36, 5, 64, 42] - 715.4593787799998
[5, 60, 64, 42] - 729.5692838299973
[5, 52, 64, 42] - 739.7431592500001
[5, 29, 64, 42] - 741.6868386700007
[58, 5, 64, 42] - 742.5302688900005
[5, 40, 64, 42] - 748.4817488199984
[56, 48, 64, 42] - 695.2283778199991
[34, 48, 64, 42] - 706.5584588899986
[66, 48, 64, 42] - 718.8791309600005
[48, 62, 64, 42] - 704.7393549000014
[48, 7, 64, 42] - 711.633758550001
[36, 48, 64, 42] - 730.0165354099997
[48, 60, 64, 42] - 730.4229340699991
[48, 52, 64, 42] - 737.2178535199986
[48, 29, 64, 42] - 738.0408568099999
[58, 48, 64, 42] - 739.7881836899994
[48, 40, 64, 42] - 747.2599964499985
[34, 56, 64, 42] - 712.4562973600001
[66, 56, 64, 42] - 716.8362996099987
[56, 62, 64, 42] - 718.3870070099991
[56, 7, 64, 42] - 717.099198630001
[56, 36, 64, 42] - 715.3521411400003
[56, 60, 64, 42] - 731.693861430001
[56, 52, 64, 42] - 740.2468660800004
[56, 29, 64, 42] - 743.1281735800014
[56, 58, 64, 42] - 744.2334412900007
[56, 40, 64, 42] - 749.64779936
[66, 34, 64, 42] - 725.7461248999994
[34, 62, 64, 42] - 721.7577618999985
[34, 7, 64, 42] - 726.4677353799998
[34, 36, 64, 42] - 726.094997970001
[34, 60, 64, 42] - 740.7305728600002
[34, 52, 64, 42] - 750.52871307
[34, 29, 64, 42] - 754.1358379000013
[34, 58, 64, 42] - 753.4868397899996
[34, 40, 64, 42] - 760.2818526499985
[66, 62, 64, 42] - 726.5557701900032
[66, 7, 64, 42] - 732.4428563099992
[66, 36, 64, 42] - 730.2985900300006
[66, 60, 64, 42] - 754.1349436499997
[66, 52, 64, 42] - 755.8018745999993
[66, 29, 64, 42] - 757.7274643899983
[66, 58, 64, 42] - 759.2639569799983
[66, 40, 64, 42] - 766.3507290200007
[7, 62, 64, 42] - 724.5929130400017
[36, 62, 64, 42] - 724.9247344400004
[60, 62, 64, 42] - 741.193163820003
[62, 52, 64, 42] - 750.2158621399994
[29, 62, 64, 42] - 754.6568757200006
[58, 62, 64, 42] - 754.4368587099991
[40, 62, 64, 42] - 762.3619221899996
[36, 7, 64, 42] - 731.0944806699993
[7, 60, 64, 42] - 746.077144359999
[7, 52, 64, 42] - 755.6587114700009
[29, 7, 64, 42] - 758.0305640399988
[58, 7, 64, 42] - 757.5908008199992
[7, 40, 64, 42] - 765.8694914700014
[36, 60, 64, 42] - 746.9914818100004
[36, 52, 64, 42] - 754.1996632899989
[36, 29, 64, 42] - 756.973588299999
[58, 36, 64, 42] - 759.9236106499985
[36, 40, 64, 42] - 766.3612986199997
[60, 52, 64, 42] - 770.5854240000007
[29, 60, 64, 42] - 773.5032182500014
[58, 60, 64, 42] - 773.730655779999
[60, 40, 64, 42] - 780.3452846599996
[29, 52, 64, 42] - 782.3956109699978
[58, 52, 64, 42] - 782.1293034000007
[40, 52, 64, 42] - 791.5342848699993
[58, 29, 64, 42] - 785.0458504999983
[29, 40, 64, 42] - 792.8282821199997
[58, 40, 64, 42] - 795.1522592599997
[3, 25, 7, 64] - 639.4713373700006
[3, 25, 60, 64] - 647.9080465399992
[3, 25, 52, 64] - 654.1974835400008
[3, 25, 29, 64] - 658.7587952199996
[58, 3, 25, 64] - 655.1045098300015
[3, 25, 40, 64] - 660.8157910100007
[3, 5, 9, 64] - 646.4763541499996
[56, 3, 9, 64] - 651.4065758299994
[34, 3, 9, 64] - 653.4532506600008
[66, 3, 9, 64] - 649.5326411699989
[3, 9, 62, 64] - 652.6714385600021
[3, 7, 9, 64] - 659.9062772400001
[36, 3, 9, 64] - 655.7424654199999
[3, 9, 60, 64] - 668.9074290899998
[3, 9, 52, 64] - 676.1811842099988
[3, 29, 9, 64] - 682.373699319999
[58, 3, 9, 64] - 679.8560522700005
[3, 9, 40, 64] - 683.9394893700006
[3, 48, 5, 64] - 659.7560767700008
[56, 3, 5, 64] - 671.7894376200007
[34, 3, 5, 64] - 687.286177359999
[66, 3, 5, 64] - 676.5565415299993
[3, 5, 62, 64] - 681.6985913399999
[3, 5, 7, 64] - 691.7859806000005
[36, 3, 5, 64] - 683.5076646499997
[3, 5, 60, 64] - 696.0884996899999
[3, 5, 52, 64] - 705.5738248900003
[3, 5, 29, 64] - 709.7029708299995
[58, 3, 5, 64] - 706.97747751
[3, 5, 40, 64] - 713.1329320699998
[56, 3, 48, 64] - 661.857660320001
[34, 3, 48, 64] - 667.9379039700002
[66, 3, 48, 64] - 673.6855100500005
[3, 48, 62, 64] - 668.6173260099999
[3, 48, 7, 64] - 680.365356270001
[36, 3, 48, 64] - 691.665576950001
[3, 48, 60, 64] - 691.257829830001
[3, 48, 52, 64] - 697.3876858300004
[3, 48, 29, 64] - 700.8608194299994
[58, 3, 48, 64] - 698.9150960500006
[3, 48, 40, 64] - 706.4644853499998
[34, 56, 3, 64] - 679.6577470999994
[66, 56, 3, 64] - 677.3056732399992
[56, 3, 62, 64] - 688.287731389999
[56, 3, 7, 64] - 689.6863833700005
[56, 36, 3, 64] - 683.618239799999
[56, 3, 60, 64] - 698.2233068299995
[56, 3, 52, 64] - 706.9394134500011
[56, 3, 29, 64] - 712.2447848400001
[56, 58, 3, 64] - 709.0195577099998
[56, 3, 40, 64] - 714.6978245899996
[66, 34, 3, 64] - 680.6976166800006
[34, 3, 62, 64] - 685.6501968299988
[34, 3, 7, 64] - 694.4482719200001
[34, 36, 3, 64] - 689.3052778200005
[34, 3, 60, 64] - 701.5361619599992
[34, 3, 52, 64] - 712.5043514999992
[34, 3, 29, 64] - 715.9472111899994
[34, 58, 3, 64] - 712.8195373799994
[34, 3, 40, 64] - 720.0158764899988
[66, 3, 62, 64] - 683.76415187
[66, 3, 7, 64] - 694.3752353299981
[66, 36, 3, 64] - 686.9845447799995
[66, 3, 60, 64] - 710.7933255400005
[66, 3, 52, 64] - 710.078633970001
[66, 3, 29, 64] - 714.0841120899989
[66, 58, 3, 64] - 712.6573808100011
[66, 3, 40, 64] - 719.0564687800012
[3, 7, 62, 64] - 697.6913036300002
[36, 3, 62, 64] - 690.6402736099999
[3, 60, 62, 64] - 705.3903640899997
[3, 62, 52, 64] - 713.8714752300004
[3, 29, 62, 64] - 720.2497269700004
[58, 3, 62, 64] - 715.6467902099987
[3, 40, 62, 64] - 723.7266756500015
[36, 3, 7, 64] - 702.6397480499998
[3, 7, 60, 64] - 714.4000394000016
[3, 7, 52, 64] - 724.8075878000002
[3, 29, 7, 64] - 727.5918377600009
[58, 3, 7, 64] - 725.6997544000013
[3, 7, 40, 64] - 733.6052655600007
[3, 36, 60, 64] - 709.4659342899992
[3, 36, 52, 64] - 716.6774363300005
[3, 36, 29, 64] - 722.6236919800009
[58, 3, 36, 64] - 720.8559754599994
[3, 36, 40, 64] - 726.9511290900004
[3, 60, 52, 64] - 730.9464220600001
[3, 29, 60, 64] - 735.8291208000007
[58, 3, 60, 64] - 732.5378815699988
[3, 60, 40, 64] - 739.8039802999986
[3, 29, 52, 64] - 745.40160357
[58, 3, 52, 64] - 740.9298779100004
[3, 40, 52, 64] - 749.4097843599978
[58, 3, 29, 64] - 746.1559325699994
[3, 29, 40, 64] - 754.2462951299999
[3, 58, 40, 64] - 751.8231442799989
[36, 25, 9, 64] - 641.0405134499998
[25, 9, 60, 64] - 652.4387063699971
[25, 9, 52, 64] - 658.8891975900009
[25, 29, 9, 64] - 661.7029801499993
[58, 25, 9, 64] - 661.034822759999
[25, 9, 40, 64] - 665.5006555699993
[25, 48, 5, 64] - 664.0430810300006
[56, 25, 5, 64] - 656.5246898700007
[34, 25, 5, 64] - 676.9282159700006
[66, 25, 5, 64] - 670.1720396199997
[25, 5, 62, 64] - 675.9547318100008
[25, 5, 7, 64] - 672.9159516399998
[36, 25, 5, 64] - 680.4610284300015
[25, 5, 60, 64] - 690.0337655199999
[25, 5, 52, 64] - 697.488202670001
[25, 5, 29, 64] - 699.2435365099997
[58, 25, 5, 64] - 698.7046499399978
[25, 5, 40, 64] - 704.2258063399995
[56, 25, 48, 64] - 662.9918874399979
[34, 25, 48, 64] - 671.8076050800003
[66, 25, 48, 64] - 677.3840535000004
[25, 48, 62, 64] - 677.9840450599995
[25, 48, 7, 64] - 676.3951026000005
[36, 25, 48, 64] - 700.6521595600008
[25, 48, 60, 64] - 699.8136544599996
[25, 48, 52, 64] - 704.894729269999
[25, 48, 29, 64] - 704.2553221699998
[58, 25, 48, 64] - 704.781300600002
[25, 48, 40, 64] - 712.5881469500008
[34, 56, 25, 64] - 665.9232449100008
[66, 56, 25, 64] - 666.057121510001
[56, 25, 62, 64] - 679.87070169
[56, 25, 7, 64] - 673.1807720299997
[56, 36, 25, 64] - 678.2168424200016
[56, 25, 60, 64] - 690.4748154099991
[56, 25, 52, 64] - 697.2060507099999
[56, 25, 29, 64] - 698.3514054099996
[56, 58, 25, 64] - 699.1121093500005
[56, 25, 40, 64] - 703.8797150700003
[66, 34, 25, 64] - 674.1360393599998
[34, 25, 62, 64] - 681.0442672700005
[34, 25, 7, 64] - 678.1454658900004
[34, 36, 25, 64] - 686.14303206
[34, 25, 60, 64] - 697.5486468500008
[34, 25, 52, 64] - 705.5552319599996
[34, 25, 29, 64] - 707.0483374400003
[34, 58, 25, 64] - 705.2365880400002
[34, 25, 40, 64] - 712.4879788900002
[66, 25, 62, 64] - 682.5134535099992
[66, 25, 7, 64] - 679.3552874200003
[66, 36, 25, 64] - 688.112118840001
[66, 25, 60, 64] - 707.1599989
[66, 25, 52, 64] - 706.8055995300002
[66, 25, 29, 64] - 707.2397118700015
[66, 58, 25, 64] - 708.0797742600004
[66, 25, 40, 64] - 714.083097530001
[25, 7, 62, 64] - 684.739224960002
[36, 25, 62, 64] - 693.401926420001
[25, 60, 62, 64] - 705.9862611000003
[25, 62, 52, 64] - 712.8920326900001
[25, 29, 62, 64] - 714.1181973000004
[58, 25, 62, 64] - 714.3736127700009
[25, 40, 62, 64] - 721.8505280100005
[36, 25, 7, 64] - 692.51395514
[25, 7, 60, 64] - 702.1024482100004
[25, 7, 52, 64] - 710.734273220001
[25, 29, 7, 64] - 710.9805256599993
[58, 25, 7, 64] - 710.8090368099985
[25, 7, 40, 64] - 717.005681249999
[25, 36, 60, 64] - 712.907241609999
[25, 36, 52, 64] - 718.034679200001
[25, 36, 29, 64] - 718.5676866200014
[58, 25, 36, 64] - 721.2306559400005
[25, 36, 40, 64] - 727.5466604800002
[25, 60, 52, 64] - 730.5811201099995
[25, 29, 60, 64] - 730.1733776399999
[58, 25, 60, 64] - 730.8243030100016
[25, 60, 40, 64] - 737.4159292700007
[25, 29, 52, 64] - 738.0881425700002
[58, 25, 52, 64] - 737.253796440001
[25, 40, 52, 64] - 745.6671522000003
[58, 25, 29, 64] - 738.0890790600008
[25, 29, 40, 64] - 745.5399836799986
[25, 58, 40, 64] - 747.0069788400001
[48, 5, 9, 64] - 660.1578118999994
[56, 5, 9, 64] - 679.6384808999995
[34, 5, 9, 64] - 693.4975768700001
[66, 5, 9, 64] - 676.9948330499986
[5, 9, 62, 64] - 685.8169881000014
[5, 7, 9, 64] - 683.4702375599993
[36, 5, 9, 64] - 685.4717595599993
[5, 9, 60, 64] - 697.7386552100002
[5, 9, 52, 64] - 708.9673276299985
[5, 29, 9, 64] - 710.9273249699991
[58, 5, 9, 64] - 711.4826393299998
[5, 9, 40, 64] - 715.9910945899994
[56, 48, 9, 64] - 667.9827570200001
[34, 48, 9, 64] - 672.1823364799995
[66, 48, 9, 64] - 672.2166288700004
[48, 9, 62, 64] - 670.9647335299994
[48, 7, 9, 64] - 667.9738952899999
[36, 48, 9, 64] - 693.6673509800005
[48, 9, 60, 64] - 694.1398247100009
[48, 9, 52, 64] - 698.8021667099991
[48, 29, 9, 64] - 700.0154821599984
[58, 48, 9, 64] - 701.19873639
[48, 9, 40, 64] - 707.7023154400001
[34, 56, 9, 64] - 689.7765225999992
[66, 56, 9, 64] - 681.1984190600004
[56, 9, 62, 64] - 696.3836675899992
[56, 7, 9, 64] - 687.4716568999996
[56, 36, 9, 64] - 691.703555029999
[56, 9, 60, 64] - 705.3827870499973
[56, 9, 52, 64] - 715.601607000001
[56, 29, 9, 64] - 718.9927572500004
[56, 58, 9, 64] - 718.4824931199997
[56, 9, 40, 64] - 723.5284142700012
[66, 34, 9, 64] - 683.6235850500011
[34, 9, 62, 64] - 694.32032714
[34, 7, 9, 64] - 690.9717062100012
[34, 36, 9, 64] - 695.5153684599984
[34, 9, 60, 64] - 708.8997918899994
[34, 9, 52, 64] - 719.8947226499995
[34, 29, 9, 64] - 722.8021760700005
[34, 58, 9, 64] - 722.045995060001
[34, 9, 40, 64] - 728.1068534999987
[66, 9, 62, 64] - 683.5755074300006
[66, 7, 9, 64] - 681.772025449999
[66, 36, 9, 64] - 684.67407958
[66, 9, 60, 64] - 708.8576123599976
[66, 9, 52, 64] - 709.23622145
[66, 29, 9, 64] - 711.6844283200016
[66, 58, 9, 64] - 713.4951162299991
[66, 9, 40, 64] - 716.6376838300007
[7, 9, 62, 64] - 687.9779071100006
[36, 9, 62, 64] - 693.5882687699991
[9, 60, 62, 64] - 708.0236251799988
[9, 62, 52, 64] - 718.1728923399991
[29, 9, 62, 64] - 722.3321141299989
[58, 9, 62, 64] - 722.6512326899996
[9, 40, 62, 64] - 728.6200228699985
[36, 7, 9, 64] - 691.73665657
[7, 9, 60, 64] - 704.2710255299994
[7, 9, 52, 64] - 714.8016413400005
[29, 7, 9, 64] - 718.7365949100005
[58, 7, 9, 64] - 717.7566810300018
[7, 9, 40, 64] - 723.9119801099995
[36, 9, 60, 64] - 711.3118581400008
[36, 9, 52, 64] - 719.1206711800004
[36, 29, 9, 64] - 722.3510487300016
[58, 36, 9, 64] - 724.9701778700013
[36, 9, 40, 64] - 729.72574815
[9, 60, 52, 64] - 733.8908144899985
[29, 9, 60, 64] - 736.3024576700005
[58, 9, 60, 64] - 737.2374985400003
[9, 60, 40, 64] - 741.4622593299998
[29, 9, 52, 64] - 746.7594098599998
[58, 9, 52, 64] - 746.3091532599981
[9, 40, 52, 64] - 753.259879709999
[58, 29, 9, 64] - 750.2078268600001
[29, 9, 40, 64] - 755.1936754000023
[58, 9, 40, 64] - 757.4313078299994
[56, 48, 5, 64] - 687.6487170800006
[34, 48, 5, 64] - 711.6798506699995
[66, 48, 5, 64] - 704.6640683200002
[48, 5, 62, 64] - 704.6690655499988
[48, 5, 7, 64] - 705.5305387399991
[36, 48, 5, 64] - 726.3075254200012
[48, 5, 60, 64] - 724.4234123399989
[48, 5, 52, 64] - 731.9779865000014
[48, 5, 29, 64] - 732.1538366800002
[58, 48, 5, 64] - 733.3560310200008
[48, 5, 40, 64] - 740.663737400001
[34, 56, 5, 64] - 719.8467822399999
[66, 56, 5, 64] - 703.2949365799994
[56, 5, 62, 64] - 721.3779248600018
[56, 5, 7, 64] - 714.6519786200004
[56, 36, 5, 64] - 713.4465995999999
[56, 5, 60, 64] - 725.8629328999992
[56, 5, 52, 64] - 737.8669005699993
[56, 5, 29, 64] - 739.8438787300015
[56, 58, 5, 64] - 740.2718741999996
[56, 5, 40, 64] - 745.4628983100001
[66, 34, 5, 64] - 724.840618430001
[34, 5, 62, 64] - 735.9897227199996
[34, 5, 7, 64] - 735.9557848199984
[34, 36, 5, 64] - 736.8700174799983
[34, 5, 60, 64] - 748.3722914499989
[34, 5, 52, 64] - 761.7054296699984
[34, 5, 29, 64] - 763.163937240001
[34, 58, 5, 64] - 763.3879068199983
[34, 5, 40, 64] - 771.0011389900008
[66, 5, 62, 64] - 721.470560619999
[66, 5, 7, 64] - 720.3415531400003
[66, 36, 5, 64] - 720.2226943500007
[66, 5, 60, 64] - 745.0003717600016
[66, 5, 52, 64] - 745.4352246700016
[66, 5, 29, 64] - 746.736427709999
[66, 58, 5, 64] - 748.0926999099989
[66, 5, 40, 64] - 753.5068811900003
[5, 7, 62, 64] - 729.0726849600005
[36, 5, 62, 64] - 730.0918319000002
[5, 60, 62, 64] - 743.0154135300004
[5, 62, 52, 64] - 755.219126280003
[5, 29, 62, 64] - 757.7008573799988
[58, 5, 62, 64] - 757.3782207900008
[5, 40, 62, 64] - 765.801503689999
[36, 5, 7, 64] - 731.3354172699999
[5, 7, 60, 64] - 741.9962574700012
[5, 7, 52, 64] - 755.5732582999992
[5, 29, 7, 64] - 756.6570074299995
[58, 5, 7, 64] - 756.6795584799977
[5, 7, 40, 64] - 763.6902440100004
[36, 5, 60, 64] - 744.4605410099997
[36, 5, 52, 64] - 754.2190299099987
[36, 5, 29, 64] - 756.5308390199995
[58, 36, 5, 64] - 759.4064997499985
[36, 5, 40, 64] - 765.2344293000006
[5, 60, 52, 64] - 767.7972398199973
[5, 29, 60, 64] - 768.7263020299997
[58, 5, 60, 64] - 769.0807014399979
[5, 60, 40, 64] - 775.8616243800005
[5, 29, 52, 64] - 781.4942494500004
[58, 5, 52, 64] - 780.9988303200008
[5, 40, 52, 64] - 789.2670589500007
[58, 5, 29, 64] - 782.9774546899995
[5, 29, 40, 64] - 790.5843311399999
[58, 5, 40, 64] - 792.2937321100015
[34, 56, 48, 64] - 701.8031505100009
[66, 56, 48, 64] - 702.6868940699994
[56, 48, 62, 64] - 711.7794970800009
[56, 48, 7, 64] - 706.4786168799998
[56, 36, 48, 64] - 727.0658236300012
[56, 48, 60, 64] - 727.3137953599994
[56, 48, 52, 64] - 734.0773323399992
[56, 48, 29, 64] - 733.347507840002
[56, 58, 48, 64] - 736.0400191299996
[56, 48, 40, 64] - 743.4499548799998
[66, 34, 48, 64] - 714.2066457000008
[34, 48, 62, 64] - 714.3151733999989
[34, 48, 7, 64] - 716.8145476200009
[34, 36, 48, 64] - 737.9384263700006
[34, 48, 60, 64] - 736.56224446
[34, 48, 52, 64] - 744.6073016699993
[34, 48, 29, 64] - 745.246364569999
[34, 58, 48, 64] - 745.7643976199995
[34, 48, 40, 64] - 754.2320610699996
[66, 48, 62, 64] - 716.7134779400002
[66, 48, 7, 64] - 718.5005534500001
[66, 36, 48, 64] - 739.5325941700005
[66, 48, 60, 64] - 747.3293533400005
[66, 48, 52, 64] - 746.2710580100007
[66, 48, 29, 64] - 746.5667250500002
[66, 58, 48, 64] - 749.2155357799996
[66, 48, 40, 64] - 756.4913500399998
[48, 7, 62, 64] - 715.8793143200015
[36, 48, 62, 64] - 739.5967111599995
[48, 60, 62, 64] - 740.2610092799999
[48, 62, 52, 64] - 746.5109784799977
[48, 29, 62, 64] - 747.2098883200022
[58, 48, 62, 64] - 748.83375559
[48, 40, 62, 64] - 758.5264226100007
[36, 48, 7, 64] - 741.4642310600004
[48, 7, 60, 64] - 740.4731753899983
[48, 7, 52, 64] - 748.8927088799992
[48, 29, 7, 64] - 748.8320950700002
[58, 48, 7, 64] - 749.7976917299998
[48, 7, 40, 64] - 758.1224152199995
[36, 48, 60, 64] - 763.968661950001
[36, 48, 52, 64] - 770.1263125500003
[36, 48, 29, 64] - 769.4392310499998
[58, 36, 48, 64] - 774.3139674799987
[36, 48, 40, 64] - 782.04059277
[48, 60, 52, 64] - 770.4681836000003
[48, 29, 60, 64] - 769.60375989
[58, 48, 60, 64] - 771.5803867900013
[48, 60, 40, 64] - 780.1509849999994
[48, 29, 52, 64] - 776.4432447099995
[58, 48, 52, 64] - 778.4955010599983
[48, 40, 52, 64] - 788.2277128199979
[58, 48, 29, 64] - 778.0096786500003
[48, 29, 40, 64] - 787.1066936099991
[58, 48, 40, 64] - 791.2688188600014
[66, 56, 34, 64] - 712.9161316700008
[56, 34, 62, 64] - 731.18536005
[56, 34, 7, 64] - 725.8493562199991
[56, 34, 36, 64] - 725.5214735600005
[56, 34, 60, 64] - 738.3579560900002
[56, 34, 52, 64] - 750.7579832299992
[56, 34, 29, 64] - 753.365470520001
[56, 34, 58, 64] - 752.6066112599995
[56, 34, 40, 64] - 759.103883020001
[66, 56, 62, 64] - 723.8068463899992
[66, 56, 7, 64] - 718.7700012500006
[66, 56, 36, 64] - 717.4921879600005
[66, 56, 60, 64] - 744.2204075899997
[66, 56, 52, 64] - 743.2938821699988
[66, 56, 29, 64] - 744.5619591899997
[66, 56, 58, 64] - 746.7041512100002
[66, 56, 40, 64] - 752.1147667899991
[56, 7, 62, 64] - 734.2171100099991
[56, 36, 62, 64] - 735.3329233199987
[56, 60, 62, 64] - 749.7425208800004
[56, 62, 52, 64] - 760.8229314400003
[56, 29, 62, 64] - 762.2891699300006
[56, 58, 62, 64] - 764.1952011500003
[56, 40, 62, 64] - 772.4447434300006
[56, 36, 7, 64] - 730.5639269599991
[56, 7, 60, 64] - 743.4074198900003
[56, 7, 52, 64] - 756.6232937299992
[56, 29, 7, 64] - 756.5336824700007
[56, 58, 7, 64] - 758.1235036799998
[56, 7, 40, 64] - 764.5338824199987
[56, 36, 60, 64] - 745.3157311700002
[56, 36, 52, 64] - 755.0531599900004
[56, 36, 29, 64] - 756.1062843799992
[56, 58, 36, 64] - 760.4842091200005
[56, 36, 40, 64] - 765.6956852899999
[56, 60, 52, 64] - 770.253875349997
[56, 29, 60, 64] - 770.3136112200004
[56, 58, 60, 64] - 771.9440534600021
[56, 60, 40, 64] - 778.2776995100006
[56, 29, 52, 64] - 782.0133900700014
[56, 58, 52, 64] - 783.6005047300005
[56, 40, 52, 64] - 790.9792400399997
[56, 58, 29, 64] - 784.42704759
[56, 29, 40, 64] - 791.1808023400004
[56, 58, 40, 64] - 794.6690274499998
[66, 34, 62, 64] - 726.5457775300008
[66, 34, 7, 64] - 727.5789218800022
[66, 34, 36, 64] - 727.6653184700025
[66, 34, 60, 64] - 752.4957643900013
[66, 34, 52, 64] - 753.6270627000004
[66, 34, 29, 64] - 754.4238342099991
[66, 34, 58, 64] - 755.7504929899994
[66, 34, 40, 64] - 762.7210675099985
[34, 7, 62, 64] - 734.5728562099976
[34, 36, 62, 64] - 737.172147449999
[34, 60, 62, 64] - 751.6724239799992
[34, 62, 52, 64] - 763.2054866299984
[34, 29, 62, 64] - 767.5933809100001
[34, 58, 62, 64] - 765.7242095299994
[34, 40, 62, 64] - 774.9203859899998
[34, 36, 7, 64] - 739.5823437999999
[34, 7, 60, 64] - 751.155076849999
[34, 7, 52, 64] - 764.9294793000012
[34, 29, 7, 64] - 765.8974542600005
[34, 58, 7, 64] - 765.760343550001
[34, 7, 40, 64] - 773.7644342600001
[34, 36, 60, 64] - 754.7198260699982
[34, 36, 52, 64] - 764.8392808300002
[34, 36, 29, 64] - 767.7258705800009
[34, 58, 36, 64] - 769.9211756899997
[34, 36, 40, 64] - 776.55396976
[34, 60, 52, 64] - 778.9623427600004
[34, 29, 60, 64] - 780.5401690500007
[34, 58, 60, 64] - 780.4800588699993
[34, 60, 40, 64] - 788.0112898700004
[34, 29, 52, 64] - 793.805744479999
[34, 58, 52, 64] - 792.2676358300006
[34, 40, 52, 64] - 801.6200147900013
[34, 58, 29, 64] - 795.0814550700006
[34, 29, 40, 64] - 803.5475414900008
[34, 58, 40, 64] - 804.3513817399995
[66, 7, 62, 64] - 729.1053072999993
[66, 36, 62, 64] - 729.6535666700006
[66, 60, 62, 64] - 757.0644107300004
[66, 62, 52, 64] - 756.7797059300019
[66, 29, 62, 64] - 759.1351773500014
[66, 58, 62, 64] - 760.0914259900017
[66, 40, 62, 64] - 767.4311186099999
[66, 36, 7, 64] - 732.7633348399996
[66, 7, 60, 64] - 757.8557680000004
[66, 7, 52, 64] - 758.8421086200009
[66, 29, 7, 64] - 759.189812400001
[66, 58, 7, 64] - 760.6351987500002
[66, 7, 40, 64] - 767.3532709200001
[66, 36, 60, 64] - 760.8132755199995
[66, 36, 52, 64] - 757.6860383700003
[66, 36, 29, 64] - 759.0850435999994
[66, 58, 36, 64] - 763.4393404800022
[66, 36, 40, 64] - 769.2791471200003
[66, 60, 52, 64] - 785.0482313800003
[66, 29, 60, 64] - 785.5622037900014
[66, 58, 60, 64] - 787.7658146300007
[66, 60, 40, 64] - 794.5281808199996
[66, 29, 52, 64] - 785.2662359899978
[66, 58, 52, 64] - 786.5933150000008
[66, 40, 52, 64] - 795.0793256699999
[66, 58, 29, 64] - 788.2320836399985
[66, 29, 40, 64] - 795.2244171999996
[66, 58, 40, 64] - 798.7467931200022
[36, 7, 62, 64] - 739.3127216999998
[7, 60, 62, 64] - 753.392574310001
[7, 62, 52, 64] - 765.4510734800006
[29, 7, 62, 64] - 767.981235859999
[58, 7, 62, 64] - 767.5363182100017
[7, 40, 62, 64] - 776.6501745900014
[36, 60, 62, 64] - 758.0678235900004
[36, 62, 52, 64] - 767.2493662799978
[36, 29, 62, 64] - 769.5353470299976
[58, 36, 62, 64] - 772.8800600999983
[36, 40, 62, 64] - 781.4049548799999
[60, 62, 52, 64] - 783.0748753899995
[29, 60, 62, 64] - 784.4977223000016
[58, 60, 62, 64] - 785.61147277
[60, 40, 62, 64] - 793.8185911400005
[29, 62, 52, 64] - 795.4096925200013
[58, 62, 52, 64] - 795.58288838
[40, 62, 52, 64] - 806.4801388099999
[58, 29, 62, 64] - 798.7493650600002
[29, 40, 62, 64] - 807.7989537799999
[58, 40, 62, 64] - 810.2803223400012
[36, 7, 60, 64] - 758.8589819000013
[36, 7, 52, 64] - 769.3895174600016
[36, 29, 7, 64] - 770.9771588300011
[58, 36, 7, 64] - 773.7280693100016
[36, 7, 40, 64] - 780.6071573400006
[7, 60, 52, 64] - 783.3054748500007
[29, 7, 60, 64] - 783.3294170499992
[58, 7, 60, 64] - 784.092496979999
[7, 60, 40, 64] - 792.2994064500008
[29, 7, 52, 64] - 796.2888926000005
[58, 7, 52, 64] - 796.5290440699991
[7, 40, 52, 64] - 805.8768655000016
[58, 7, 29, 64] - 797.3967316400008
[7, 29, 40, 64] - 806.3279224299978
[58, 7, 40, 64] - 808.5021035700013
[36, 60, 52, 64] - 785.2692471799973
[36, 29, 60, 64] - 786.6166208200008
[58, 36, 60, 64] - 790.0959061099991
[36, 60, 40, 64] - 797.2286498800005
[36, 29, 52, 64] - 795.9682968600002
[58, 36, 52, 64] - 799.4032990800004
[36, 40, 52, 64] - 807.9609928099989
[58, 36, 29, 64] - 800.6112423900005
[36, 29, 40, 64] - 808.3946905100004
[36, 58, 40, 64] - 814.2157257900011
[29, 60, 52, 64] - 810.8816441599994
[58, 60, 52, 64] - 811.8663415099996
[60, 40, 52, 64] - 821.4800042300009
[58, 29, 60, 64] - 812.6127069900004
[29, 60, 40, 64] - 820.7452951999998
[58, 60, 40, 64] - 823.9045844200008
[58, 29, 52, 64] - 823.6069830400031
[29, 40, 52, 64] - 833.5924163899987
[58, 40, 52, 64] - 836.1505987999989
[58, 29, 40, 64] - 836.8600878100006
[3, 25, 5, 42] - 639.7081921900007
[3, 25, 48, 42] - 640.9690806000001
[56, 3, 25, 42] - 639.6453558099998
[66, 3, 25, 42] - 654.1346672400003
[3, 25, 62, 42] - 648.2165936099996
[3, 25, 7, 42] - 656.2024792099999
[36, 3, 25, 42] - 654.0167213899994
[3, 25, 60, 42] - 668.5172538899991
[3, 25, 52, 42] - 670.9131989300005
[3, 25, 29, 42] - 678.4832966799996
[58, 3, 25, 42] - 673.0521758300004
[3, 25, 40, 42] - 672.797255049999
[3, 5, 9, 42] - 659.6999246500008
[3, 48, 9, 42] - 650.3362426399997
[56, 3, 9, 42] - 670.021369780001
[34, 3, 9, 42] - 666.65079396
[66, 3, 9, 42] - 673.2043763499995
[3, 9, 62, 42] - 665.6624093899994
[3, 7, 9, 42] - 675.9111623300012
[36, 3, 9, 42] - 666.8417264999998
[3, 9, 60, 42] - 687.643300130001
[3, 9, 52, 42] - 690.6360068699998
[3, 29, 9, 42] - 699.3766201700024
[58, 3, 9, 42] - 694.9170790400007
[3, 9, 40, 42] - 694.416732159999
[3, 48, 5, 42] - 677.7074027000009
[56, 3, 5, 42] - 689.076541760001
[34, 3, 5, 42] - 702.2133908500002
[66, 3, 5, 42] - 703.4032581700003
[3, 5, 62, 42] - 697.1206386899992
[3, 5, 7, 42] - 707.7589433599998
[36, 3, 5, 42] - 697.3672960500011
[3, 5, 60, 42] - 717.2139038700016
[3, 5, 52, 42] - 721.7070217100032
[3, 5, 29, 42] - 729.4934148400025
[58, 3, 5, 42] - 724.2427638000013
[3, 5, 40, 42] - 725.9096603400011
[56, 3, 48, 42] - 681.9092034999992
[34, 3, 48, 42] - 684.0623126999993
[66, 3, 48, 42] - 700.9213747200004
[3, 48, 62, 42] - 685.3372808799984
[3, 48, 7, 42] - 700.2624271299999
[36, 3, 48, 42] - 709.6140499499988
[3, 48, 60, 42] - 712.2592197700002
[3, 48, 52, 42] - 716.2437653099995
[3, 48, 29, 42] - 723.1661174600015
[58, 3, 48, 42] - 719.1285980899985
[3, 48, 40, 42] - 720.0690791499992
[34, 56, 3, 42] - 697.5528230600017
[66, 56, 3, 42] - 705.7930473000029
[56, 3, 62, 42] - 704.7619053300001
[56, 3, 7, 42] - 709.0800189700003
[56, 36, 3, 42] - 699.9194819799989
[56, 3, 60, 42] - 721.0118274500014
[56, 3, 52, 42] - 725.6654751200027
[56, 3, 29, 42] - 733.7474965100001
[56, 58, 3, 42] - 728.1470333200007
[56, 3, 40, 42] - 729.2322141700002
[66, 34, 3, 42] - 705.4032210600009
[34, 3, 62, 42] - 698.3029365199999
[34, 3, 7, 42] - 710.1298858899993
[34, 36, 3, 42] - 701.1770486899987
[34, 3, 60, 42] - 720.0715350099996
[34, 3, 52, 42] - 726.2355463999996
[34, 3, 29, 42] - 732.8652311100008
[34, 58, 3, 42] - 727.3305906900015
[34, 3, 40, 42] - 730.5000494500006
[66, 3, 62, 42] - 709.3492342200011
[66, 3, 7, 42] - 722.6890018100003
[66, 36, 3, 42] - 712.4683628600004
[66, 3, 60, 42] - 736.1713398800001
[66, 3, 52, 42] - 737.4547860400005
[66, 3, 29, 42] - 744.8329414499995
[66, 58, 3, 42] - 740.2801768000003
[66, 3, 40, 42] - 742.8187144300005
[3, 7, 62, 42] - 714.079367389999
[36, 3, 62, 42] - 704.4322434100011
[3, 60, 62, 42] - 725.6769210999997
[3, 62, 52, 42] - 729.56456074
[3, 29, 62, 42] - 739.887286389998
[58, 3, 62, 42] - 732.8885717699989
[3, 40, 62, 42] - 736.767797269999
[36, 3, 7, 42] - 718.151694530001
[3, 7, 60, 42] - 736.4958808400011
[3, 7, 52, 42] - 742.8177074500013
[3, 29, 7, 42] - 748.8374295499991
[58, 3, 7, 42] - 744.3386495799997
[3, 7, 40, 42] - 747.4547457499991
[3, 36, 60, 42] - 728.7088647099997
[3, 36, 52, 42] - 731.8086812999993
[3, 36, 29, 42] - 741.0038812999979
[58, 3, 36, 42] - 736.8804153500015
[3, 36, 40, 42] - 737.464260619999
[3, 60, 52, 42] - 752.5608110200021
[3, 29, 60, 42] - 761.3231501200007
[58, 3, 60, 42] - 755.4512519599999
[3, 60, 40, 42] - 757.4404871800007
[3, 29, 52, 42] - 766.6866115699986
[58, 3, 52, 42] - 758.9446662999991
[3, 40, 52, 42] - 763.1044621600005
[58, 3, 29, 42] - 767.9267406499971
[3, 29, 40, 42] - 770.6716037400009
[3, 58, 40, 42] - 765.2676358099986
[25, 5, 9, 42] - 650.5247736600005
[25, 48, 9, 42] - 653.0399136099987
[56, 25, 9, 42] - 657.4766959799999
[34, 25, 9, 42] - 655.6963159899994
[66, 25, 9, 42] - 659.6630777200006
[25, 9, 62, 42] - 659.0706427900012
[25, 7, 9, 42] - 655.8785512700002
[36, 25, 9, 42] - 663.0246517700003
[25, 9, 60, 42] - 679.3140733799991
[25, 9, 52, 42] - 683.0045202200004
[25, 29, 9, 42] - 689.4121491699997
[58, 25, 9, 42] - 688.0306840699992
[25, 9, 40, 42] - 685.9101653600003
[25, 48, 5, 42] - 689.9257067100012
[56, 25, 5, 42] - 680.6851818999993
[34, 25, 5, 42] - 700.8314361700002
[66, 25, 5, 42] - 703.6465709199998
[25, 5, 62, 42] - 698.50428807
[25, 5, 7, 42] - 698.6616947800009
[36, 25, 5, 42] - 704.1713546899992
[25, 5, 60, 42] - 718.4364051999994
[25, 5, 52, 42] - 722.3990310700008
[25, 5, 29, 42] - 728.5470394999995
[58, 25, 5, 42] - 726.3403983600006
[25, 5, 40, 42] - 725.9314416399992
[56, 25, 48, 42] - 687.8105013700012
[34, 25, 48, 42] - 695.9367338700014
[66, 25, 48, 42] - 710.8180655100002
[25, 48, 62, 42] - 699.7361948600013
[25, 48, 7, 42] - 703.2542692399995
[36, 25, 48, 42] - 726.2136430600003
[25, 48, 60, 42] - 727.4183318299995
[25, 48, 52, 42] - 730.6405261000001
[25, 48, 29, 42] - 734.9030751800013
[58, 25, 48, 42] - 733.958960939999
[25, 48, 40, 42] - 732.9521391999999
[34, 56, 25, 42] - 690.4104440599995
[66, 56, 25, 42] - 697.39527281
[56, 25, 62, 42] - 699.556034600001
[56, 25, 7, 42] - 698.2895181600002
[56, 36, 25, 42] - 701.0057712700001
[56, 25, 60, 42] - 716.8244129899989
[56, 25, 52, 42] - 720.30412208
[56, 25, 29, 42] - 726.64185049
[56, 58, 25, 42] - 724.8769324900014
[56, 25, 40, 42] - 722.7541955499985
[66, 34, 25, 42] - 705.2460431000004
[34, 25, 62, 42] - 700.7207261099991
[34, 25, 7, 42] - 703.5338727299988
[34, 36, 25, 42] - 708.0947046799988
[34, 25, 60, 42] - 723.1151993400002
[34, 25, 52, 42] - 727.8706869999996
[34, 25, 29, 42] - 734.1264450899988
[34, 58, 25, 42] - 730.3617973699996
[34, 25, 40, 42] - 731.6011948199991
[66, 25, 62, 42] - 712.907989720001
[66, 25, 7, 42] - 714.45061299
[66, 36, 25, 42] - 721.0091855500003
[66, 25, 60, 42] - 738.2053138100006
[66, 25, 52, 42] - 739.8501470900003
[66, 25, 29, 42] - 745.0408203199992
[66, 58, 25, 42] - 743.8975129299993
[66, 25, 40, 42] - 743.4781941300005
[25, 7, 62, 42] - 707.1905772100009
[36, 25, 62, 42] - 714.3747283199996
[25, 60, 62, 42] - 730.7309796500015
[25, 62, 52, 42] - 734.2276049500014
[25, 29, 62, 42] - 741.5630298700006
[58, 25, 62, 42] - 739.2767775800012
[25, 40, 62, 42] - 740.24411375
[36, 25, 7, 42] - 717.199725540001
[25, 7, 60, 42] - 731.3646684600003
[25, 7, 52, 42] - 736.5011736799994
[25, 29, 7, 42] - 741.5019521099986
[58, 25, 7, 42] - 738.761139199999
[25, 7, 40, 42] - 739.3045963600001
[25, 36, 60, 42] - 739.6307494400008
[25, 36, 52, 42] - 741.9600779599997
[25, 36, 29, 42] - 747.9512103099985
[58, 25, 36, 42] - 748.5907547899996
[25, 36, 40, 42] - 746.5522800300014
[25, 60, 52, 42] - 758.5249713399988
[25, 29, 60, 42] - 763.6566351499981
[58, 25, 60, 42] - 762.0527709300005
[25, 60, 40, 42] - 761.1206198100015
[25, 29, 52, 42] - 768.5923909199995
[58, 25, 52, 42] - 764.9226017399999
[25, 40, 52, 42] - 766.6454072500005
[58, 25, 29, 42] - 771.1206643800006
[25, 29, 40, 42] - 771.4720235500012
[25, 58, 40, 42] - 769.8290570300003
[48, 5, 9, 42] - 683.0609502000008
[56, 5, 9, 42] - 704.8451732800007
[34, 5, 9, 42] - 714.9551762800016
[66, 5, 9, 42] - 706.7280095599995
[5, 9, 62, 42] - 705.2996844400004
[5, 7, 9, 42] - 706.0999369300004
[36, 5, 9, 42] - 703.4920433100001
[5, 9, 60, 42] - 722.2987855900005
[5, 9, 52, 42] - 730.2070225699996
[5, 29, 9, 42] - 736.3568699600012
[58, 5, 9, 42] - 734.8981382699983
[5, 9, 40, 42] - 735.4931341500002
[56, 48, 9, 42] - 695.6081581500008
[34, 48, 9, 42] - 694.5302763800012
[66, 48, 9, 42] - 702.07119859
[48, 9, 62, 42] - 692.4242013199994
[48, 7, 9, 42] - 694.6581141399998
[36, 48, 9, 42] - 716.2097256500011
[48, 9, 60, 42] - 718.9834756899996
[48, 9, 52, 42] - 722.8616171500008
[48, 29, 9, 42] - 728.1332074899999
[58, 48, 9, 42] - 728.7289731699991
[48, 9, 40, 42] - 728.0524696199984
[34, 56, 9, 42] - 715.4167160700009
[66, 56, 9, 42] - 714.2783730000018
[56, 9, 62, 42] - 719.3454983700002
[56, 7, 9, 42] - 716.1463864900003
[56, 36, 9, 42] - 714.9350555600005
[56, 9, 60, 42] - 733.4811045300005
[56, 9, 52, 42] - 741.3504136800002
[56, 29, 9, 42] - 749.0848463700002
[56, 58, 9, 42] - 746.6510015800009
[56, 9, 40, 42] - 746.2301795799993
[66, 34, 9, 42] - 712.6392437700006
[34, 9, 62, 42] - 712.9521307500003
[34, 7, 9, 42] - 713.9110144300022
[34, 36, 9, 42] - 713.2673520199979
[34, 9, 60, 42] - 732.2731278199993
[34, 9, 52, 42] - 739.8611498100005
[34, 29, 9, 42] - 747.4891810499986
[34, 58, 9, 42] - 744.4569317500025
[34, 9, 40, 42] - 746.440570320001
[66, 9, 62, 42] - 711.3694010200007
[66, 7, 9, 42] - 713.9377633800015
[66, 36, 9, 42] - 711.8130545699987
[66, 9, 60, 42] - 736.6872959200001
[66, 9, 52, 42] - 738.71212532
[66, 29, 9, 42] - 745.4253567199994
[66, 58, 9, 42] - 744.9793784600005
[66, 9, 40, 42] - 744.5176058199972
[7, 9, 62, 42] - 709.734939450001
[36, 9, 62, 42] - 711.08471797
[9, 60, 62, 42] - 731.0956010400008
[9, 62, 52, 42] - 738.1167854099999
[29, 9, 62, 42] - 746.9854011700003
[58, 9, 62, 42] - 745.3178365299988
[9, 40, 62, 42] - 747.242326440001
[36, 7, 9, 42] - 712.5693489899999
[7, 9, 60, 42] - 731.7658012399996
[7, 9, 52, 42] - 739.3426032200014
[29, 7, 9, 42] - 746.76849475
[58, 7, 9, 42] - 743.6617919299995
[7, 9, 40, 42] - 745.5150914800008
[36, 9, 60, 42] - 733.1452761799997
[36, 9, 52, 42] - 738.346764269999
[36, 29, 9, 42] - 745.6465254499997
[58, 36, 9, 42] - 746.9805197600018
[36, 9, 40, 42] - 745.3152911999996
[9, 60, 52, 42] - 758.5572994899999
[29, 9, 60, 42] - 766.0878336399996
[58, 9, 60, 42] - 765.0512049600001
[9, 60, 40, 42] - 763.7407649799982
[29, 9, 52, 42] - 773.8518940100015
[58, 9, 52, 42] - 770.8573898300011
[9, 40, 52, 42] - 772.8426747600001
[58, 29, 9, 42] - 778.8587033799996
[29, 9, 40, 42] - 779.1685726199996
[58, 9, 40, 42] - 778.4848970599985
[56, 48, 5, 42] - 712.1545737699996
[34, 48, 5, 42] - 735.4396690700003
[66, 48, 5, 42] - 737.6865638800002
[48, 5, 62, 42] - 725.6041070299999
[48, 5, 7, 42] - 730.977809650001
[36, 48, 5, 42] - 749.9238214999988
[48, 5, 60, 42] - 750.5598185399995
[48, 5, 52, 42] - 755.9406550100003
[48, 5, 29, 42] - 761.0251587400007
[58, 48, 5, 42] - 760.6682219799998
[48, 5, 40, 42] - 761.5735619899996
[34, 56, 5, 42] - 745.7012005000007
[66, 56, 5, 42] - 737.2321492700014
[56, 5, 62, 42] - 741.9584770499998
[56, 5, 7, 42] - 739.7692312899992
[56, 36, 5, 42] - 735.2189850300002
[56, 5, 60, 42] - 753.278625729999
[56, 5, 52, 42] - 761.4048769200008
[56, 5, 29, 42] - 768.2172704200016
[56, 58, 5, 42] - 766.1794532399998
[56, 5, 40, 42] - 766.6662123199989
[66, 34, 5, 42] - 758.1486625599977
[34, 5, 62, 42] - 755.8392717000014
[34, 5, 7, 42] - 760.3678435400013
[34, 36, 5, 42] - 757.5900510399985
[34, 5, 60, 42] - 774.8036896900005
[34, 5, 52, 42] - 783.5752457700008
[34, 5, 29, 42] - 790.7971181799996
[34, 58, 5, 42] - 787.4201211900013
[34, 5, 40, 42] - 791.4149064799999
[66, 5, 62, 42] - 752.3544898599989
[66, 5, 7, 42] - 755.3682040400001
[66, 36, 5, 42] - 752.2939884600024
[66, 5, 60, 42] - 777.028811249999
[66, 5, 52, 42] - 778.8637714799999
[66, 5, 29, 42] - 785.253359200002
[66, 58, 5, 42] - 783.9843141100005
[66, 5, 40, 42] - 785.3776331899988
[5, 7, 62, 42] - 750.5662904799989
[36, 5, 62, 42] - 749.2882686700003
[5, 60, 62, 42] - 767.5547276999994
[5, 62, 52, 42] - 775.7804192799994
[5, 29, 62, 42] - 784.2391213300014
[58, 5, 62, 42] - 781.1349109800013
[5, 40, 62, 42] - 784.6093559499984
[36, 5, 7, 42] - 753.3935425499991
[5, 7, 60, 42] - 770.5701882399999
[5, 7, 52, 42] - 779.5956230500008
[5, 29, 7, 42] - 785.5990823999994
[58, 5, 7, 42] - 782.6235641700022
[5, 7, 40, 42] - 786.1896909400004
[36, 5, 60, 42] - 768.82860319
[36, 5, 52, 42] - 775.3411471099986
[36, 5, 29, 42] - 783.0622480399998
[58, 36, 5, 42] - 783.4774349899999
[36, 5, 40, 42] - 783.6043393700005
[5, 60, 52, 42] - 794.3186224399997
[5, 29, 60, 42] - 801.3259370999995
[58, 5, 60, 42] - 799.1094735399998
[5, 60, 40, 42] - 800.5423489600003
[5, 29, 52, 42] - 810.3544305700001
[58, 5, 52, 42] - 806.3704672100018
[5, 40, 52, 42] - 810.6138931500013
[58, 5, 29, 42] - 813.9574654000003
[5, 29, 40, 42] - 817.1279223299986
[58, 5, 40, 42] - 815.0794404000013
[34, 56, 48, 42] - 727.4775584399999
[66, 56, 48, 42] - 736.03120529
[56, 48, 62, 42] - 732.1678675599993
[56, 48, 7, 42] - 733.8266889999991
[56, 36, 48, 42] - 751.9293696400001
[56, 48, 60, 42] - 753.5798266000016
[56, 48, 52, 42] - 758.1946580400005
[56, 48, 29, 42] - 763.4421957000006
[56, 58, 48, 42] - 763.5720314000013
[56, 48, 40, 42] - 763.7131792900002
[66, 34, 48, 42] - 745.7680783800014
[34, 48, 62, 42] - 733.5927907400009
[34, 48, 7, 42] - 742.3395754599985
[34, 36, 48, 42] - 760.8303024299978
[34, 48, 60, 42] - 761.0992389399993
[34, 48, 52, 42] - 766.4534611000006
[34, 48, 29, 42] - 772.8155397099999
[34, 58, 48, 42] - 771.0283981399995
[34, 48, 40, 42] - 773.6932723000003
[66, 48, 62, 42] - 746.8329571599983
[66, 48, 7, 42] - 754.1102962000016
[66, 36, 48, 42] - 773.2083854300012
[66, 48, 60, 42] - 778.0518583799998
[66, 48, 52, 42] - 779.6502128799993
[66, 48, 29, 42] - 784.6501026400003
[66, 58, 48, 42] - 785.3009815399988
[66, 48, 40, 42] - 786.6064419800001
[48, 7, 62, 42] - 738.3306165100006
[36, 48, 62, 42] - 760.5770648700004
[48, 60, 62, 42] - 763.1769338000009
[48, 62, 52, 42] - 767.1223677299985
[48, 29, 62, 42] - 774.1939073099998
[58, 48, 62, 42] - 773.4582533400004
[48, 40, 62, 42] - 776.57037086
[36, 48, 7, 42] - 767.8388435099996
[48, 7, 60, 42] - 768.8999677600004
[48, 7, 52, 42] - 775.0074821000006
[48, 29, 7, 42] - 780.0883247099993
[58, 48, 7, 42] - 778.6397159899981
[48, 7, 40, 42] - 780.805386559999
[36, 48, 60, 42] - 789.7991711799995
[36, 48, 52, 42] - 794.4815349099991
[36, 48, 29, 42] - 799.5344155500013
[58, 36, 48, 42] - 802.3029918700007
[36, 48, 40, 42] - 801.8080810200006
[48, 60, 52, 42] - 796.5411682199988
[48, 29, 60, 42] - 801.73423948
[58, 48, 60, 42] - 801.4399075499992
[48, 60, 40, 42] - 802.6270794000005
[48, 29, 52, 42] - 806.8391488900012
[58, 48, 52, 42] - 806.1481889300009
[48, 40, 52, 42] - 808.73118587
[58, 48, 29, 42] - 811.4034246499987
[48, 29, 40, 42] - 812.8938457900014
[58, 48, 40, 42] - 814.1485308700001
[66, 56, 34, 42] - 747.2635478600014
[56, 34, 62, 42] - 752.8230359100016
[56, 34, 7, 42] - 752.922675729999
[56, 34, 36, 42] - 748.6134792500004
[56, 34, 60, 42] - 766.3657020499975
[56, 34, 52, 42] - 774.6189865900011
[56, 34, 29, 42] - 782.5783993000009
[56, 34, 58, 42] - 779.0291542800003
[56, 34, 40, 42] - 780.4918066499996
[66, 56, 62, 42] - 753.5335097300018
[66, 56, 7, 42] - 754.9696812899995
[66, 56, 36, 42] - 749.77238608
[66, 56, 60, 42] - 775.0792930799994
[66, 56, 52, 42] - 776.734767620001
[66, 56, 29, 42] - 782.6131123399981
[66, 56, 58, 42] - 781.9511402600018
[66, 56, 40, 42] - 782.8052113699994
[56, 7, 62, 42] - 755.8709840000012
[56, 36, 62, 42] - 754.030501790002
[56, 60, 62, 42] - 773.0363250299996
[56, 62, 52, 42] - 780.3129173600001
[56, 29, 62, 42] - 788.4494885800001
[56, 58, 62, 42] - 786.4109982800004
[56, 40, 62, 42] - 790.2461141400003
[56, 36, 7, 42] - 754.1130009200003
[56, 7, 60, 42] - 772.696484980001
[56, 7, 52, 42] - 782.063846899999
[56, 29, 7, 42] - 787.3162241199997
[56, 58, 7, 42] - 785.1760234200009
[56, 7, 40, 42] - 787.3360778000014
[56, 36, 60, 42] - 770.3309705799996
[56, 36, 52, 42] - 776.9979290600006
[56, 36, 29, 42] - 783.8519998800008
[56, 58, 36, 42] - 784.9416809800005
[56, 36, 40, 42] - 783.5549280100013
[56, 60, 52, 42] - 796.5460615699991
[56, 29, 60, 42] - 803.0385827599998
[56, 58, 60, 42] - 801.6478748600014
[56, 60, 40, 42] - 801.68530386
[56, 29, 52, 42] - 811.5878027499994
[56, 58, 52, 42] - 808.8863151099994
[56, 40, 52, 42] - 811.0113682200006
[56, 58, 29, 42] - 815.8044943200017
[56, 29, 40, 42] - 817.0452460799991
[56, 58, 40, 42] - 816.2865039900014
[66, 34, 62, 42] - 755.2640470699987
[66, 34, 7, 42] - 761.6890696700001
[66, 34, 36, 42] - 758.2563213699992
[66, 34, 60, 42] - 781.7868207899992
[66, 34, 52, 42] - 784.6434885300014
[66, 34, 29, 42] - 790.8684577900004
[66, 34, 58, 42] - 788.8786475400002
[66, 34, 40, 42] - 792.4581397200001
[34, 7, 62, 42] - 755.5402671599995
[34, 36, 62, 42] - 754.5187472599995
[34, 60, 62, 42] - 773.69210035
[34, 62, 52, 42] - 781.4044888099986
[34, 29, 62, 42] - 791.6713881099993
[34, 58, 62, 42] - 786.4424084399993
[34, 40, 62, 42] - 791.9065639500002
[34, 36, 7, 42] - 761.8403724699992
[34, 7, 60, 42] - 778.510739300001
[34, 7, 52, 42] - 788.5632259500001
[34, 29, 7, 42] - 794.3474733799984
[34, 58, 7, 42] - 791.0343552800009
[34, 7, 40, 42] - 795.6135987399994
[34, 36, 60, 42] - 777.6385032800001
[34, 36, 52, 42] - 784.56590902
[34, 36, 29, 42] - 792.7516225200006
[34, 58, 36, 42] - 791.941501989999
[34, 36, 40, 42] - 793.313471749998
[34, 60, 52, 42] - 802.9643065200003
[34, 29, 60, 42] - 810.7223735999994
[34, 58, 60, 42] - 807.6494341700003
[34, 60, 40, 42] - 810.1383666599997
[34, 29, 52, 42] - 820.4974905500015
[34, 58, 52, 42] - 815.0413237999992
[34, 40, 52, 42] - 820.3545345299989
[34, 58, 29, 42] - 823.5128563700022
[34, 29, 40, 42] - 827.7461868899989
[34, 58, 40, 42] - 824.6606829299992
[66, 7, 62, 42] - 761.4496607000012
[66, 36, 62, 42] - 759.8246976300003
[66, 60, 62, 42] - 786.4474080599988
[66, 62, 52, 42] - 787.4135792199999
[66, 29, 62, 42] - 795.6894398100006
[66, 58, 62, 42] - 793.5501733900007
[66, 40, 62, 42] - 796.7975671000005
[66, 36, 7, 42] - 766.8607549000002
[66, 7, 60, 42] - 791.1912672899991
[66, 7, 52, 42] - 794.3215298299996
[66, 29, 7, 42] - 798.9866274000011
[66, 58, 7, 42] - 797.9042768900003
[66, 7, 40, 42] - 800.7402605999995
[66, 36, 60, 42] - 790.5905103200006
[66, 36, 52, 42] - 790.0805849700005
[66, 36, 29, 42] - 796.44048182
[66, 58, 36, 42] - 798.4525693199996
[66, 36, 40, 42] - 798.5576855599988
[66, 60, 52, 42] - 816.2283921500007
[66, 29, 60, 42] - 822.1505513700005
[66, 58, 60, 42] - 821.4985572799997
[66, 60, 40, 42] - 823.9861922500007
[66, 29, 52, 42] - 824.3140844400011
[66, 58, 52, 42] - 822.2684898699988
[66, 40, 52, 42] - 826.4129275100007
[66, 58, 29, 42] - 829.1163433000019
[66, 29, 40, 42] - 831.710687170002
[66, 58, 40, 42] - 831.394697500001
[36, 7, 62, 42] - 759.3473461600003
[7, 60, 62, 42] - 778.8149211400009
[7, 62, 52, 42] - 786.9376283499996
[29, 7, 62, 42] - 795.74324009
[58, 7, 62, 42] - 791.2457500300009
[7, 40, 62, 42] - 796.5043875299998
[36, 60, 62, 42] - 780.3174063200019
[36, 62, 52, 42] - 786.2257338100001
[36, 29, 62, 42] - 795.295422860001
[58, 36, 62, 42] - 795.1728614299998
[36, 40, 62, 42] - 797.6407890699991
[60, 62, 52, 42] - 806.6333552100019
[29, 60, 62, 42] - 815.6689142000009
[58, 60, 62, 42] - 812.9038969700015
[60, 40, 62, 42] - 816.1366180300008
[29, 62, 52, 42] - 822.7689366799988
[58, 62, 52, 42] - 818.730014810002
[40, 62, 52, 42] - 825.1284821899992
[58, 29, 62, 42] - 828.7659501099989
[29, 40, 62, 42] - 833.1668638399991
[58, 40, 62, 42] - 830.7000190400001
[36, 7, 60, 42] - 785.4338370699987
[36, 7, 52, 42] - 792.3706562999987
[36, 29, 7, 42] - 799.1688179999979
[58, 36, 7, 42] - 798.7414486999996
[36, 7, 40, 42] - 800.3305681400011
[7, 60, 52, 42] - 811.6387899400019
[29, 7, 60, 42] - 817.5954755500011
[58, 7, 60, 42] - 815.1468641600006
[7, 60, 40, 42] - 818.3713351899984
[29, 7, 52, 42] - 827.3677406000004
[58, 7, 52, 42] - 822.9401380299989
[7, 40, 52, 42] - 828.3637773300014
[58, 7, 29, 42] - 829.6668520699997
[7, 29, 40, 42] - 834.1480084899983
[58, 7, 40, 42] - 831.8423852300008
[36, 60, 52, 42] - 810.0079005899976
[36, 29, 60, 42] - 817.6548368399997
[58, 36, 60, 42] - 818.4518689800005
[36, 60, 40, 42] - 818.4677142400009
[36, 29, 52, 42] - 824.2039772600003
[58, 36, 52, 42] - 823.9749823599999
[36, 40, 52, 42] - 826.230844519998
[58, 36, 29, 42] - 831.26371299
[36, 29, 40, 42] - 832.5902261100007
[36, 58, 40, 42] - 834.2452406400031
[29, 60, 52, 42] - 844.3237394899992
[58, 60, 52, 42] - 841.3141685600016
[60, 40, 52, 42] - 845.2399529600003
[58, 29, 60, 42] - 848.7664648399993
[29, 60, 40, 42] - 851.0410005899996
[58, 60, 40, 42] - 850.1150780900019
[58, 29, 40, 52, 42] - 643.9695574715994
[3, 25, 5, 9] - 664.4111014700007
[3, 25, 48, 9] - 680.9204238800002
[56, 3, 25, 9] - 687.0908034699994
[34, 3, 25, 9] - 677.5501194100008
[66, 3, 25, 9] - 678.6926942600006
[3, 25, 9, 62] - 688.6982115199983
[3, 25, 7, 9] - 695.5277534899999
[36, 3, 25, 9] - 694.1824678000016
[3, 25, 9, 60] - 705.6062747100011
[3, 25, 9, 52] - 710.9293706299997
[3, 25, 29, 9] - 718.741340150002
[58, 3, 25, 9] - 714.3244759899983
[3, 25, 9, 40] - 711.6688492000013
[3, 25, 48, 5] - 701.9730185700008
[56, 3, 25, 5] - 698.1932197699997
[34, 3, 25, 5] - 711.0324230800006
[66, 3, 25, 5] - 706.2960905600006
[3, 25, 5, 62] - 710.9196269799988
[3, 25, 5, 7] - 719.7281648699991
[36, 3, 25, 5] - 716.987246049999
[3, 25, 5, 60] - 726.3611465799994
[3, 25, 5, 52] - 733.1369610000011
[3, 25, 5, 29] - 740.5063377200012
[58, 3, 25, 5] - 735.0856986500013
[3, 25, 5, 40] - 734.5431470699996
[56, 3, 25, 48] - 720.5438616999995
[34, 3, 25, 48] - 715.0573812700006
[66, 3, 25, 48] - 729.1113513900004
[3, 25, 48, 62] - 727.3133610700005
[3, 25, 48, 7] - 741.9790612199982
[36, 3, 25, 48] - 753.7216012900004
[3, 25, 48, 60] - 752.6555298499998
[3, 25, 48, 52] - 757.8854478700015
[3, 25, 48, 29] - 763.7853965299992
[58, 3, 25, 48] - 759.9419701599998
[3, 25, 48, 40] - 757.8715738400001
[34, 56, 3, 25] - 715.6945482199999
[66, 56, 3, 25] - 718.1958679699992
[56, 3, 25, 62] - 732.9902307699987
[56, 3, 25, 7] - 736.6828257799988
[56, 36, 3, 25] - 734.0158638699997
[56, 3, 25, 60] - 746.1495421899984
[56, 3, 25, 52] - 753.965898289999
[56, 3, 25, 29] - 760.8200256700002
[56, 58, 3, 25] - 755.4548934699993
[56, 3, 25, 40] - 752.2920830700003
[66, 34, 3, 25] - 715.1179967199974
[34, 3, 25, 62] - 720.6585631199993
[34, 3, 25, 7] - 731.0720089699964
[34, 36, 3, 25] - 728.41675973
[34, 3, 25, 60] - 739.3309388199993
[34, 3, 25, 52] - 747.2806085900007
[34, 3, 25, 29] - 752.8518556299987
[34, 58, 3, 25] - 746.72297562
[34, 3, 25, 40] - 747.101881689999
[66, 3, 25, 62] - 728.2628858899996
[66, 3, 25, 7] - 739.1769462199998
[66, 36, 3, 25] - 737.8600613899989
[66, 3, 25, 60] - 754.79050951
[66, 3, 25, 52] - 755.0237900300009
[66, 3, 25, 29] - 761.7607236699996
[66, 58, 3, 25] - 757.9079981199995
[66, 3, 25, 40] - 756.1175106699991
[3, 25, 7, 62] - 745.86275793
[36, 3, 25, 62] - 743.1685101699998
[3, 25, 60, 62] - 754.7324783199996
[3, 25, 62, 52] - 760.4740888200015
[3, 25, 29, 62] - 769.4345958299999
[58, 3, 25, 62] - 764.4283524099988
[3, 25, 40, 62] - 764.3655713100013
[36, 3, 25, 7] - 757.2078533099999
[3, 25, 7, 60] - 765.841798440001
[3, 25, 7, 52] - 774.1679140999993
[3, 25, 29, 7] - 778.9043532700016
[58, 3, 25, 7] - 775.1852481699977
[3, 25, 7, 40] - 774.3494908899986
[3, 25, 36, 60] - 765.1479754699996
[3, 25, 36, 52] - 771.0296661100004
[3, 25, 36, 29] - 778.633054549999
[58, 3, 25, 36] - 775.8530962699998
[3, 25, 36, 40] - 772.3080121400001
[3, 25, 60, 52] - 782.2476856799989
[3, 25, 29, 60] - 788.9314337099994
[58, 3, 25, 60] - 784.5743510800011
[3, 25, 60, 40] - 782.78902824
[3, 25, 29, 52] - 796.8718232700006
[58, 3, 25, 52] - 790.2007563399995
[3, 25, 40, 52] - 790.1058700900003
[58, 3, 25, 29] - 798.2444782399998
[3, 25, 29, 40] - 797.6497129700019
[3, 25, 58, 40] - 792.5128694599995
[3, 48, 5, 9] - 700.3939303399991
[56, 3, 5, 9] - 729.3249303800006
[34, 3, 5, 9] - 737.06908452
[66, 3, 5, 9] - 722.7532781300002
[3, 5, 9, 62] - 730.6943466099999
[3, 5, 7, 9] - 739.7467873200005
[36, 3, 5, 9] - 727.5544263200001
[3, 5, 9, 60] - 745.7192044200006
[3, 5, 9, 52] - 753.0054715400004
[3, 5, 29, 9] - 760.6882260800008
[58, 3, 5, 9] - 755.9136254200015
[3, 5, 9, 40] - 756.2383835499984
[56, 3, 48, 9] - 725.9961297000002
[34, 3, 48, 9] - 718.2137365200009
[66, 3, 48, 9] - 727.2150424299999
[3, 48, 9, 62] - 724.1523917600007
[3, 48, 7, 9] - 736.6580456900012
[36, 3, 48, 9] - 748.41759132
[3, 48, 9, 60] - 750.6813804899975
[3, 48, 9, 52] - 753.5779709799983
[3, 48, 29, 9] - 760.0214900199992
[58, 3, 48, 9] - 757.3693682500007
[3, 48, 9, 40] - 755.5676152800006
[34, 56, 3, 9] - 746.8229141500005
[66, 56, 3, 9] - 743.2332984199995
[56, 3, 9, 62] - 760.1398773200003
[56, 3, 7, 9] - 761.2432595400007
[56, 36, 3, 9] - 751.8742112899989
[56, 3, 9, 60] - 771.6904807900011
[56, 3, 9, 52] - 780.3692296799986
[56, 3, 29, 9] - 787.9895072799999
[56, 58, 3, 9] - 782.5753731199984
[56, 3, 9, 40] - 780.8862049400016
[66, 34, 3, 9] - 735.0650738199996
[34, 3, 9, 62] - 744.6346274199982
[34, 3, 7, 9] - 753.7305263200006
[34, 36, 3, 9] - 743.6733766900005
[34, 3, 9, 60] - 762.5213220599991
[34, 3, 9, 52] - 770.1908929099995
[34, 3, 29, 9] - 776.8543258899973
[34, 58, 3, 9] - 772.2273239799991
[34, 3, 9, 40] - 773.18524129
[66, 3, 9, 62] - 740.6309748100008
[66, 3, 7, 9] - 752.2617356900005
[66, 36, 3, 9] - 740.8479561200011
[66, 3, 9, 60] - 767.0546212400022
[66, 3, 9, 52] - 767.7793844599996
[66, 3, 29, 9] - 774.2569594399995
[66, 58, 3, 9] - 771.8526176200005
[66, 3, 9, 40] - 769.7672164200002
[3, 7, 9, 62] - 761.3775010600035
[36, 3, 9, 62] - 750.06062954
[3, 9, 60, 62] - 769.4730904200003
[3, 9, 62, 52] - 776.3694903299994
[3, 29, 9, 62] - 785.9909913600036
[58, 3, 9, 62] - 781.65748836
[3, 9, 40, 62] - 782.6719686899994
[36, 3, 7, 9] - 762.7669590599982
[3, 7, 9, 60] - 780.2121738600005
[3, 7, 9, 52] - 788.6856963100005
[3, 29, 7, 9] - 794.4591843400013
[58, 3, 7, 9] - 791.62827579
[3, 7, 9, 40] - 791.9160711900013
[3, 36, 9, 60] - 771.53495127
[3, 36, 9, 52] - 776.8127749000006
[3, 36, 29, 9] - 785.0378764600009
[58, 3, 36, 9] - 783.0297192700016
[3, 36, 9, 40] - 779.8088151799999
[3, 9, 60, 52] - 796.6423546899995
[3, 29, 9, 60] - 803.6785128799996
[58, 3, 9, 60] - 800.8073592499982
[3, 9, 60, 40] - 798.5308151000011
[3, 29, 9, 52] - 812.2947094500018
[58, 3, 9, 52] - 806.3818586099999
[3, 9, 40, 52] - 806.5113754200007
[58, 3, 29, 9] - 815.8371946799996
[3, 29, 9, 40] - 814.9827463499994
[3, 58, 9, 40] - 811.314059720001
[56, 3, 48, 5] - 732.0805851600004
[34, 3, 48, 5] - 749.0734785400001
[66, 3, 48, 5] - 747.4891531800001
[3, 48, 5, 62] - 741.9574748199983
[3, 48, 5, 7] - 756.0101470300001
[36, 3, 48, 5] - 765.282028939999
[3, 48, 5, 60] - 764.7759396099995
[3, 48, 5, 52] - 770.6789035999986
[3, 48, 5, 29] - 777.2149967900008
[58, 3, 48, 5] - 773.3048376100008
[3, 48, 5, 40] - 773.7546440799988
[34, 56, 3, 5] - 769.7364142100008
[66, 56, 3, 5] - 754.297948809999
[56, 3, 5, 62] - 768.4375733999987
[56, 3, 5, 7] - 771.5328585100006
[56, 36, 3, 5] - 758.64464173
[56, 3, 5, 60] - 777.5464819699994
[56, 3, 5, 52] - 787.9412950900017
[56, 3, 5, 29] - 794.58105898
[56, 58, 3, 5] - 789.1329149100003
[56, 3, 5, 40] - 789.1663602900009
[66, 34, 3, 5] - 767.8245669799986
[34, 3, 5, 62] - 775.4158897499989
[34, 3, 5, 7] - 788.2985384900004
[34, 36, 3, 5] - 775.4658824900007
[34, 3, 5, 60] - 792.2268279599995
[34, 3, 5, 52] - 802.8031242700007
[34, 3, 5, 29] - 809.9156704900018
[34, 58, 3, 5] - 803.7271268999993
[34, 3, 5, 40] - 806.7200837199989
[66, 3, 5, 62] - 764.95689852
[66, 3, 5, 7] - 776.8035345299977
[66, 36, 3, 5] - 763.4723247500015
[66, 3, 5, 60] - 790.1755563500006
[66, 3, 5, 52] - 790.7774654199993
[66, 3, 5, 29] - 797.681183520001
[66, 58, 3, 5] - 793.3294913900005
[66, 3, 5, 40] - 794.2905986099989
[3, 5, 7, 62] - 783.0435346199991
[36, 3, 5, 62] - 769.6365696399988
[3, 5, 60, 62] - 787.95941904
[3, 5, 62, 52] - 796.1726857199999
[3, 5, 29, 62] - 805.8058635799997
[58, 3, 5, 62] - 799.5036287599991
[3, 5, 40, 62] - 803.2836811799998
[36, 3, 5, 7] - 783.2126410400009
[3, 5, 7, 60] - 798.4104796600001
[3, 5, 7, 52] - 809.6977381900008
[3, 5, 29, 7] - 815.568716649999
[58, 3, 5, 7] - 811.2993661000014
[3, 5, 7, 40] - 813.5730667300011
[3, 36, 5, 60] - 787.4371316700002
[3, 36, 5, 52] - 794.6477248099986
[3, 36, 5, 29] - 803.7765197399997
[58, 3, 36, 5] - 800.3292646900001
[3, 36, 5, 40] - 799.7026182900007
[3, 5, 60, 52] - 813.0910314799995
[3, 5, 29, 60] - 820.7925273199993
[58, 3, 5, 60] - 815.6391705999995
[3, 5, 60, 40] - 817.3370916100007
[3, 5, 29, 52] - 831.0262916499988
[58, 3, 5, 52] - 823.8680372200015
[3, 5, 40, 52] - 826.5803055300007
[58, 3, 5, 29] - 833.0307990400006
[3, 5, 29, 40] - 835.5784535600015
[3, 58, 5, 40] - 830.1196785600007
[34, 56, 3, 48] - 753.3796661699997
[66, 56, 3, 48] - 760.5956214699993
[56, 3, 48, 62] - 767.1676255500003
[56, 3, 48, 7] - 773.2842871799998
[56, 36, 3, 48] - 784.3414236999986
[56, 3, 48, 60] - 786.0265996700002
[56, 3, 48, 52] - 793.4685369999993
[56, 3, 48, 29] - 798.6076574999995
[56, 58, 3, 48] - 794.9552730599992
[56, 3, 48, 40] - 793.6080875599986
[66, 34, 3, 48] - 760.9911587199996
[34, 3, 48, 62] - 755.7554967500002
[34, 3, 48, 7] - 771.6956307600002
[34, 36, 3, 48] - 781.940995430001
[34, 3, 48, 60] - 781.4186138699982
[34, 3, 48, 52] - 788.80241154
[34, 3, 48, 29] - 793.5531072799997
[34, 58, 3, 48] - 789.937861860001
[34, 3, 48, 40] - 791.3204038299989
[66, 3, 48, 62] - 768.1672109600017
[66, 3, 48, 7] - 784.8949524200003
[66, 36, 3, 48] - 794.9365075600002
[66, 3, 48, 60] - 801.1649295899986
[66, 3, 48, 52] - 801.719105100001
[66, 3, 48, 29] - 807.4624707299993
[66, 58, 3, 48] - 805.6036781200003
[66, 3, 48, 40] - 804.9497997500024
[3, 48, 7, 62] - 779.9170878399992
[36, 3, 48, 62] - 790.5144467399994
[3, 48, 60, 62] - 791.6863308999989
[3, 48, 62, 52] - 796.4600538400007
[3, 48, 29, 62] - 805.076657749999
[58, 3, 48, 62] - 801.3607095800006
[3, 48, 40, 62] - 803.1380251099984
[36, 3, 48, 7] - 809.9386256199998
[3, 48, 7, 60] - 808.3260819599993
[3, 48, 7, 52] - 816.1367515700002
[3, 48, 29, 7] - 820.2178585100017
[58, 3, 48, 7] - 818.0194303999987
[3, 48, 7, 40] - 818.5888605499989
[3, 36, 48, 60] - 819.0972988999982
[3, 36, 48, 52] - 825.3742996199998
[3, 36, 48, 29] - 832.1979223300019
[58, 3, 36, 48] - 831.1069328999997
[3, 36, 48, 40] - 828.1634192799995
[3, 48, 60, 52] - 826.3916031200002
[3, 48, 29, 60] - 832.1628576900006
[58, 3, 48, 60] - 829.2218433299992
[3, 48, 60, 40] - 828.8521784899997
[3, 48, 29, 52] - 838.9003350299997
[58, 3, 48, 52] - 834.6577101599994
[3, 48, 40, 52] - 834.7597519799994
[58, 3, 48, 29] - 841.6358056900024
[3, 48, 29, 40] - 842.0431907299987
[3, 58, 48, 40] - 838.9313786499997
[66, 56, 34, 3] - 770.2376908899997
[56, 34, 3, 62] - 786.4828526499998
[56, 34, 3, 7] - 789.9457627499991
[56, 34, 36, 3] - 778.2653217700018
[56, 34, 3, 60] - 797.0604965299988
[56, 34, 3, 52] - 808.3247567500008
[56, 34, 3, 29] - 813.9963443900019
[56, 34, 58, 3] - 808.9390479800012
[56, 34, 3, 40] - 809.0055880300031
[66, 56, 3, 62] - 783.3827098499987
[66, 56, 3, 7] - 787.7269906800008
[66, 56, 36, 3] - 775.6744967800003
[66, 56, 3, 60] - 804.1187649600001
[66, 56, 3, 52] - 806.1944444199999
[66, 56, 3, 29] - 812.1402815899988
[66, 56, 58, 3] - 808.4621877000004
[66, 56, 3, 40] - 807.7610492600005
[56, 3, 7, 62] - 804.9533233900013
[56, 36, 3, 62] - 793.6345857900016
[56, 3, 60, 62] - 813.7197797999999
[56, 3, 62, 52] - 823.0634909400012
[56, 3, 29, 62] - 830.9449512199991
[56, 58, 3, 62] - 825.8975631900015
[56, 3, 40, 62] - 828.8073374900008
[56, 36, 3, 7] - 799.1269382499991
[56, 3, 7, 60] - 816.8546690300001
[56, 3, 7, 52] - 829.8734824600003
[56, 3, 29, 7] - 833.7177401099998
[56, 58, 3, 7] - 830.3866858699998
[56, 3, 7, 40] - 830.1126906300007
[56, 3, 36, 60] - 806.7574750100015
[56, 3, 36, 52] - 816.1915159800016
[56, 3, 36, 29] - 823.5767018900005
[56, 58, 3, 36] - 820.4646198499997
[56, 3, 36, 40] - 817.2397041400006
[56, 3, 60, 52] - 836.2344571699996
[56, 3, 29, 60] - 842.63033792
[56, 58, 3, 60] - 837.8854103200015
[56, 3, 60, 40] - 837.4523329899995
[56, 3, 29, 40, 52] - 639.2683012064016
[56, 58, 3, 52] - 848.308672329999
[56, 3, 58, 29, 40] - 640.7527717989992
[66, 34, 3, 62] - 773.6170330699994
[66, 34, 3, 7] - 787.3043719500006
[66, 34, 36, 3] - 775.0072419499993
[66, 34, 3, 60] - 800.9127352399992
[66, 34, 3, 52] - 803.2051563100015
[66, 34, 3, 29] - 808.2466956999988
[66, 34, 58, 3] - 804.3155644900008
[66, 34, 3, 40] - 806.1392203700018
[34, 3, 7, 62] - 792.6126802499998
[34, 36, 3, 62] - 781.052331010001
[34, 3, 60, 62] - 799.8738182099986
[34, 3, 62, 52] - 809.0910280999993
[34, 3, 29, 62] - 817.7383963100027
[34, 58, 3, 62] - 811.4946755800019
[34, 3, 40, 62] - 816.3179533200014
[34, 36, 3, 7] - 796.2796850599989
[34, 3, 7, 60] - 812.4141194100005
[34, 3, 7, 52] - 824.7649666999996
[34, 3, 29, 7] - 828.4416167299994
[34, 58, 3, 7] - 825.0236487300007
[34, 3, 7, 40] - 827.6715855800018
[34, 3, 36, 60] - 802.5526288900011
[34, 3, 36, 52] - 811.3904444100002
[34, 3, 36, 29] - 818.1295302400001
[34, 58, 3, 36] - 815.3965898400008
[34, 3, 36, 40] - 814.9116026400014
[34, 3, 60, 52] - 829.5573633100008
[34, 3, 29, 60] - 835.633504559998
[34, 58, 3, 60] - 830.9046065600008
[34, 3, 60, 40] - 832.396608350001
[34, 3, 29, 52] - 847.0352505600007
[34, 58, 3, 52] - 840.5879827699997
[34, 3, 40, 52] - 843.4344606800003
[34, 58, 3, 29] - 847.7056162599993
[34, 3, 29, 40] - 850.3300799999985
[34, 3, 58, 40] - 845.6817228699997
[66, 3, 7, 62] - 796.0202145699982
[66, 36, 3, 62] - 783.0750129400002
[66, 3, 60, 62] - 810.6599020099992
[66, 3, 62, 52] - 811.3980885800013
[66, 3, 29, 62] - 819.8569693099989
[66, 58, 3, 62] - 815.8650742999995
[66, 3, 40, 62] - 817.7583622700026
[66, 36, 3, 7] - 800.2425544000002
[66, 3, 7, 60] - 825.8094693699989
[66, 3, 7, 52] - 828.4953295700006
[66, 3, 29, 7] - 832.5957868599996
[66, 58, 3, 7] - 830.2133224100023
[66, 3, 7, 40] - 831.5410861399978
[66, 3, 36, 60] - 815.8528875899988
[66, 3, 36, 52] - 814.6683589299997
[66, 3, 36, 29] - 821.5012672999994
[66, 58, 3, 36] - 820.4079349199984
[66, 3, 36, 40] - 818.9536487199982
[66, 3, 60, 52] - 842.58229867
[66, 3, 29, 60] - 848.9515718099988
[66, 58, 3, 60] - 845.7227176400002
[66, 3, 60, 40] - 846.196513320002
[66, 3, 29, 52] - 850.4792704800014
[66, 58, 3, 52] - 845.7327456399994
[66, 3, 40, 52] - 847.4815477199998
[66, 3, 58, 29, 40] - 639.6438987041
[36, 3, 7, 62] - 806.5033250099992
[3, 7, 60, 62] - 823.9238402799995
[3, 7, 62, 52] - 833.9000060000002
[3, 29, 7, 62] - 841.586130940001
[58, 3, 7, 62] - 837.297010270001
[3, 7, 40, 62] - 840.8598450299992
[3, 36, 60, 62] - 813.9362102300012
[3, 36, 62, 52] - 820.6636968700004
[3, 36, 29, 62] - 831.4771912400006
[58, 3, 36, 62] - 827.902718840001
[3, 36, 40, 62] - 828.7205821000007
[3, 60, 62, 52] - 840.2511279900003
[3, 29, 60, 62] - 849.8328529500006
[58, 3, 60, 62] - 844.830758939999
[3, 60, 40, 62] - 847.2986736200005
[58, 3, 29, 62, 52] - 641.696603735501
[3, 29, 40, 62, 52] - 645.5707574867021
[3, 58, 40, 62, 52] - 639.6987633402989
[3, 58, 29, 40, 62] - 649.1862806186004
[3, 36, 7, 60] - 830.047216330001
[3, 36, 7, 52] - 839.4510153199989
[3, 36, 29, 7] - 845.2105872800029
[58, 3, 36, 7] - 844.1235506500001
[3, 36, 7, 40] - 843.2766409499989
[3, 29, 7, 60, 52] - 643.3680171012007
[58, 3, 7, 60, 52] - 639.9757777916986
[3, 7, 60, 40, 52] - 642.4960965384998
[58, 3, 7, 29, 60] - 644.5855701105999
[3, 7, 29, 60, 40] - 646.1757440970989
[3, 58, 7, 60, 40] - 644.5516816923986
[58, 3, 7, 29, 52] - 651.8153493564987
[3, 7, 29, 40, 52] - 654.4372034861992
[3, 58, 7, 40, 52] - 651.009168891
[3, 58, 7, 29, 40] - 656.323577580301
[3, 36, 60, 52] - 844.9409974900009
[58, 3, 36, 29, 60] - 639.7844370765998
[3, 36, 60, 40] - 849.7839604299977
[58, 3, 36, 29, 52] - 644.7056528893003
[3, 36, 29, 40, 52] - 645.0065536356979
[3, 36, 58, 40, 52] - 641.8779403967
[3, 36, 58, 29, 40] - 649.5602016334005
[58, 3, 29, 60, 52] - 657.8830063294009
[3, 29, 60, 40, 52] - 659.8280270586021
[3, 58, 60, 40, 52] - 655.7268674413996
[3, 58, 29, 60, 40] - 662.4269442510996
[3, 58, 29, 40, 52] - 668.4663501193997
[25, 48, 5, 9] - 716.51129588
[56, 25, 5, 9] - 717.3725099499991
[34, 25, 5, 9] - 728.5187118600006
[66, 25, 5, 9] - 717.7815838900008
[25, 5, 9, 62] - 725.878813589998
[25, 5, 7, 9] - 721.0854667499998
[36, 25, 5, 9] - 729.1977661400012
[25, 5, 9, 60] - 741.8982171100005
[25, 5, 9, 52] - 747.8516892099996
[25, 5, 29, 9] - 753.6682074700001
[58, 25, 5, 9] - 751.0964953399989
[25, 5, 9, 40] - 751.1581415199993
[56, 25, 48, 9] - 738.0169108999992
[34, 25, 48, 9] - 732.2572391099992
[66, 25, 48, 9] - 737.1384765600018
[25, 48, 9, 62] - 741.9081362999999
[25, 48, 7, 9] - 738.7674132400011
[36, 25, 48, 9] - 765.4223945900029
[25, 48, 9, 60] - 767.8442712300008
[25, 48, 9, 52] - 770.5570155999998
[25, 48, 29, 9] - 774.5256829700002
[58, 25, 48, 9] - 773.8138229199993
[25, 48, 9, 40] - 772.3407521000004
[34, 56, 25, 9] - 734.6500049199985
[66, 56, 25, 9] - 730.8530878199987
[56, 25, 9, 62] - 749.5339329599988
[56, 25, 7, 9] - 743.3944725200004
[56, 36, 25, 9] - 749.6931027200015
[56, 25, 9, 60] - 763.9258443199998
[56, 25, 9, 52] - 771.2452115100015
[56, 25, 29, 9] - 776.6076586800016
[56, 58, 25, 9] - 773.8056793899993
[56, 25, 9, 40] - 771.5067438299992
[66, 34, 25, 9] - 727.5169832599989
[34, 25, 9, 62] - 739.6371092500001
[34, 25, 7, 9] - 735.4412698800011
[34, 36, 25, 9] - 743.2701560500005
[34, 25, 9, 60] - 758.5363398900004
[34, 25, 9, 52] - 763.9803555399999
[34, 25, 29, 9] - 769.971387520001
[34, 58, 25, 9] - 765.9468449199998
[34, 25, 9, 40] - 767.0248137500017
[66, 25, 9, 62] - 737.1851287800017
[66, 25, 7, 9] - 732.2240227399993
[66, 36, 25, 9] - 741.9463347800001
[66, 25, 9, 60] - 761.8556736499995
[66, 25, 9, 52] - 762.1005371800005
[66, 25, 29, 9] - 767.166471009999
[66, 58, 25, 9] - 766.3485557500001
[66, 25, 9, 40] - 764.1966844199985
[25, 7, 9, 62] - 743.512319510001
[36, 25, 9, 62] - 753.4527186099998
[25, 9, 60, 62] - 769.1118866899988
[25, 9, 62, 52] - 774.0398562100002
[25, 29, 9, 62] - 780.7551290800004
[58, 25, 9, 62] - 780.1795503300007
[25, 9, 40, 62] - 780.2528326499994
[36, 25, 7, 9] - 751.2616391699996
[25, 7, 9, 60] - 764.2407858599995
[25, 7, 9, 52] - 770.5985907700004
[25, 29, 7, 9] - 776.5534521499999
[58, 25, 7, 9] - 773.7464543500004
[25, 7, 9, 40] - 773.0809506500012
[25, 36, 9, 60] - 775.7931845600001
[25, 36, 9, 52] - 779.8398245299993
[25, 36, 29, 9] - 785.1699868299988
[58, 25, 36, 9] - 786.7846722699993
[25, 36, 9, 40] - 783.2796355600003
[25, 9, 60, 52] - 795.3078708800023
[25, 29, 9, 60] - 799.5705869199995
[58, 25, 9, 60] - 799.7938858199992
[25, 9, 60, 40] - 796.8387830300004
[25, 29, 9, 52] - 807.0174976300009
[58, 25, 9, 52] - 803.7401947799997
[25, 9, 40, 52] - 803.7683531200008
[58, 25, 29, 9] - 810.5490324299985
[25, 29, 9, 40] - 809.4577578099995
[25, 58, 9, 40] - 808.1021935499992
[56, 25, 48, 5] - 751.378397609999
[34, 25, 48, 5] - 775.9744140200011
[66, 25, 48, 5] - 775.092798819999
[25, 48, 5, 62] - 772.0824217000003
[25, 48, 5, 7] - 773.0904656900002
[36, 25, 48, 5] - 797.0258760600003
[25, 48, 5, 60] - 795.2591574400008
[25, 48, 5, 52] - 800.5876056899992
[25, 48, 5, 29] - 804.6898774899996
[58, 25, 48, 5] - 802.7684171199995
[25, 48, 5, 40] - 802.8533611899996
[34, 56, 25, 5] - 764.4941694600009
[66, 56, 25, 5] - 752.5500883299995
[56, 25, 5, 62] - 765.2509596199997
[56, 25, 5, 7] - 762.0340459199991
[56, 36, 25, 5] - 765.3350795600002
[56, 25, 5, 60] - 776.6964414199981
[56, 25, 5, 52] - 785.6626581700018
[56, 25, 5, 29] - 789.9246202300003
[56, 58, 25, 5] - 787.1931973400015
[56, 25, 5, 40] - 785.7798519700026
[66, 34, 25, 5] - 776.2308091400002
[34, 25, 5, 62] - 782.6224012400005
[34, 25, 5, 7] - 783.8872803200002
[34, 36, 25, 5] - 789.6865802400008
[34, 25, 5, 60] - 800.608030440001
[34, 25, 5, 52] - 809.4319111799997
[34, 25, 5, 29] - 813.8422526399999
[34, 58, 25, 5] - 809.9039236099997
[34, 25, 5, 40] - 812.6887131600015
[66, 25, 5, 62] - 777.6384776799983
[66, 25, 5, 7] - 775.5791931699998
[66, 36, 25, 5] - 784.097445070002
[66, 25, 5, 60] - 801.549756120001
[66, 25, 5, 52] - 802.5368839899994
[66, 25, 5, 29] - 807.5645268200001
[66, 58, 25, 5] - 805.5131498399992
[66, 25, 5, 40] - 805.1626920100011
[25, 5, 7, 62] - 779.8493399000001
[36, 25, 5, 62] - 787.3694590100001
[25, 5, 60, 62] - 799.3170708799992
[25, 5, 62, 52] - 806.0131658500004
[25, 5, 29, 62] - 812.7541008600001
[58, 25, 5, 62] - 809.9759395100016
[25, 5, 40, 62] - 812.3563932899999
[36, 25, 5, 7] - 788.678620629997
[25, 5, 7, 60] - 797.7040691800006
[25, 5, 7, 52] - 806.8590628699995
[25, 5, 29, 7] - 811.3363997300013
[58, 25, 5, 7] - 808.4703050699999
[25, 5, 7, 40] - 809.3200484199994
[25, 36, 5, 60] - 806.7274259000003
[25, 36, 5, 52] - 812.8129244299987
[25, 36, 5, 29] - 818.660369439999
[58, 25, 36, 5] - 819.0713006799984
[25, 36, 5, 40] - 817.4330573100008
[25, 5, 60, 52] - 824.9205511900005
[25, 5, 29, 60] - 829.3133884099996
[58, 25, 5, 60] - 827.6655130199988
[25, 5, 60, 40] - 827.70618519
[25, 5, 29, 52] - 838.3390671300004
[58, 25, 5, 52] - 833.7237099300002
[25, 5, 40, 52] - 835.9713567300013
[58, 25, 5, 29] - 840.2442398299987
[25, 5, 29, 40] - 842.4055643299996
[25, 58, 5, 40] - 839.3057386299988
[34, 56, 25, 48] - 772.8934372299977
[66, 56, 25, 48] - 777.2508468700007
[56, 25, 48, 62] - 788.6132908900004
[56, 25, 48, 7] - 788.5175304600006
[56, 36, 25, 48] - 808.6237924399993
[56, 25, 48, 60] - 809.4823890999982
[56, 25, 48, 52] - 815.9059995699997
[56, 25, 48, 29] - 817.2005744300002
[56, 58, 25, 48] - 817.2920119799977
[56, 25, 48, 40] - 814.3454882700001
[66, 34, 25, 48] - 786.1211021499995
[34, 25, 48, 62] - 785.6684980699998
[34, 25, 48, 7] - 790.2430588900003
[34, 36, 25, 48] - 812.6535010000014
[34, 25, 48, 60] - 812.1735812300009
[34, 25, 48, 52] - 817.9994564300017
[34, 25, 48, 29] - 821.4721476399991
[34, 58, 25, 48] - 818.8921661899991
[34, 25, 48, 40] - 819.7720678700008
[66, 25, 48, 62] - 797.0374009400008
[66, 25, 48, 7] - 799.7187671899998
[66, 36, 25, 48] - 825.2038757699997
[66, 25, 48, 60] - 828.6368506499997
[66, 25, 48, 52] - 830.1382161100005
[66, 25, 48, 29] - 832.5021637099996
[66, 58, 25, 48] - 833.0897476099999
[66, 25, 48, 40] - 831.3841184400019
[25, 48, 7, 62] - 798.8671570100004
[36, 25, 48, 62] - 824.9694469300009
[25, 48, 60, 62] - 825.7646625500008
[25, 48, 62, 52] - 829.3780598900009
[25, 48, 29, 62] - 833.5911250200018
[58, 25, 48, 62] - 834.3656226500002
[25, 48, 40, 62] - 834.9037779300014
[36, 25, 48, 7] - 829.8319492100026
[25, 48, 7, 60] - 828.6049526699989
[25, 48, 7, 52] - 835.4499357700014
[25, 48, 29, 7] - 837.1831055000008
[58, 25, 48, 7] - 836.6014236799995
[25, 48, 7, 40] - 835.5295641800004
[25, 36, 48, 29, 60] - 639.4094732358002
[58, 25, 36, 48, 60] - 642.5125998280007
[25, 36, 48, 60, 40] - 639.6531689049997
[25, 36, 48, 29, 52] - 642.6829036995006
[58, 25, 36, 48, 52] - 644.7622407655996
[25, 36, 48, 40, 52] - 642.4808393642002
[58, 25, 36, 48, 29] - 647.2719855254985
[25, 36, 48, 29, 40] - 645.3971573098001
[25, 36, 58, 48, 40] - 647.968954544199
[25, 48, 29, 60, 52] - 644.3855992270004
[58, 25, 48, 60, 52] - 644.1937091965016
[25, 48, 60, 40, 52] - 643.9489542131998
[58, 25, 48, 29, 60] - 645.9767087492985
[25, 48, 29, 60, 40] - 645.604711899701
[25, 58, 48, 60, 40] - 646.3608306694011
[58, 25, 48, 29, 52] - 648.8182548048001
[25, 48, 29, 40, 52] - 649.3644842341002
[25, 58, 48, 40, 52] - 648.5130963678004
[25, 58, 48, 29, 40] - 652.072281179901
[66, 56, 34, 25] - 768.7984368999998
[56, 34, 25, 62] - 784.8660053300013
[56, 34, 25, 7] - 783.78838029
[56, 34, 36, 25] - 785.5856385600001
[56, 34, 25, 60] - 798.727791879998
[56, 34, 25, 52] - 807.5567205799998
[56, 34, 25, 29] - 811.8431576199998
[56, 34, 58, 25] - 808.3959035999992
[56, 34, 25, 40] - 807.0222650299983
[66, 56, 25, 62] - 784.3020790600001
[66, 56, 25, 7] - 782.0234899099986
[66, 56, 36, 25] - 785.8008053800005
[66, 56, 25, 60] - 805.4049503499992
[66, 56, 25, 52] - 807.6380052700005
[66, 56, 25, 29] - 810.4532585300024
[66, 56, 58, 25] - 809.8364398399999
[66, 56, 25, 40] - 807.3423659399992
[56, 25, 7, 62] - 799.1169809699992
[56, 36, 25, 62] - 803.8640564000011
[56, 25, 60, 62] - 817.0133070899988
[56, 25, 62, 52] - 825.1743532700004
[56, 25, 29, 62] - 828.0783830199999
[56, 58, 25, 62] - 828.5934367599976
[56, 25, 40, 62] - 829.2490008700004
[56, 36, 25, 7] - 803.0920447699995
[56, 25, 7, 60] - 814.6330720099994
[56, 25, 7, 52] - 825.4348792799991
[56, 25, 29, 7] - 826.4568666299999
[56, 58, 25, 7] - 826.2157828299983
[56, 25, 7, 40] - 823.9412037000021
[56, 25, 36, 60] - 819.7771156800006
[56, 25, 36, 52] - 827.9700440499993
[56, 25, 36, 29] - 830.1212023099994
[56, 58, 25, 36] - 833.1689787299983
[56, 25, 36, 40] - 827.7513899700009
[56, 25, 60, 52] - 841.5426959199992
[56, 25, 29, 60] - 843.0868180999992
[56, 58, 25, 60] - 843.3240176300004
[56, 25, 60, 40] - 840.3252017000002
[56, 25, 29, 52] - 853.4996112200008
[56, 58, 25, 52] - 852.1118680100006
[56, 25, 40, 52] - 849.8612750599981
[56, 25, 58, 29, 40] - 640.0456477181019
[66, 34, 25, 62] - 785.9826446799989
[66, 34, 25, 7] - 787.8439073599985
[66, 34, 36, 25] - 794.0253117699991
[66, 34, 25, 60] - 812.6829478299977
[66, 34, 25, 52] - 814.4799080700004
[66, 34, 25, 29] - 818.1528957300003
[66, 34, 58, 25] - 815.4341873500007
[66, 34, 25, 40] - 816.3808605899998
[34, 25, 7, 62] - 792.4706707899994
[34, 36, 25, 62] - 799.0808523999993
[34, 25, 60, 62] - 813.6572069500005
[34, 25, 62, 52] - 820.3975743500007
[34, 25, 29, 62] - 827.1083005400014
[34, 58, 25, 62] - 823.445530089998
[34, 25, 40, 62] - 826.6612483799998
[34, 36, 25, 7] - 804.0387440400012
[34, 25, 7, 60] - 815.1880236199994
[34, 25, 7, 52] - 824.8422115099979
[34, 25, 29, 7] - 827.7397479899989
[34, 58, 25, 7] - 824.6185046200004
[34, 25, 7, 40] - 825.7176361799994
[34, 25, 36, 60] - 822.8955452999996
[34, 25, 36, 52] - 829.4821158600018
[34, 25, 36, 29] - 834.13681202
[34, 58, 25, 36] - 833.9002544099999
[34, 25, 36, 40] - 832.830488940001
[34, 25, 60, 52] - 843.2968396299996
[34, 25, 29, 60] - 846.9169596199995
[34, 58, 25, 60] - 844.493059489999
[34, 25, 60, 40] - 844.6764389000011
[34, 58, 25, 29, 52] - 639.5806299192009
[34, 25, 29, 40, 52] - 642.1789394726992
[34, 25, 58, 29, 40] - 643.0480549650011
[66, 25, 7, 62] - 797.1083395799996
[66, 36, 25, 62] - 805.7325147300019
[66, 25, 60, 62] - 825.7161080300011
[66, 25, 62, 52] - 826.3252061900022
[66, 25, 29, 62] - 831.5866452799997
[66, 58, 25, 62] - 831.4120810900008
[66, 25, 40, 62] - 831.1562126900011
[66, 36, 25, 7] - 809.529270350002
[66, 25, 7, 60] - 826.8000533399999
[66, 25, 7, 52] - 829.2751055799985
[66, 25, 29, 7] - 832.015353130001
[66, 58, 25, 7] - 831.3451666600034
[66, 25, 7, 40] - 830.0837724599996
[66, 25, 36, 60] - 837.84433671
[66, 25, 36, 52] - 836.8900451399998
[66, 25, 36, 29] - 840.5876835100001
[66, 58, 25, 36] - 843.2955757500002
[66, 25, 36, 40] - 840.3616438800001
[66, 25, 29, 60, 52] - 642.5268168320013
[66, 58, 25, 60, 52] - 641.2544959515994
[66, 25, 60, 40, 52] - 641.76937023
[66, 58, 25, 29, 60] - 644.666575615998
[66, 25, 29, 60, 40] - 644.2515765668988
[66, 25, 58, 60, 40] - 644.403192912801
[66, 58, 25, 29, 52] - 644.5900921867023
[66, 25, 29, 40, 52] - 645.6682455571998
[66, 25, 58, 40, 52] - 643.9555532172
[66, 25, 58, 29, 40] - 648.2558299932005
[36, 25, 7, 62] - 814.6249056300015
[25, 7, 60, 62] - 826.7114413199989
[25, 7, 62, 52] - 834.6245926700003
[25, 29, 7, 62] - 839.5017289600011
[58, 25, 7, 62] - 838.5447815600013
[25, 7, 40, 62] - 839.7355587900006
[25, 36, 60, 62] - 837.5740214000006
[25, 36, 62, 52] - 842.9886207899997
[25, 36, 29, 62] - 847.8645279500009
[25, 36, 58, 40, 62] - 639.4661988685989
[25, 29, 60, 62, 52] - 643.0048888895006
[58, 25, 60, 62, 52] - 642.5625277367994
[25, 60, 40, 62, 52] - 643.8112637507994
[58, 25, 29, 60, 62] - 647.2345812917986
[25, 29, 60, 40, 62] - 647.5270869275995
[25, 58, 60, 40, 62] - 647.9566895243994
[58, 25, 29, 62, 52] - 650.3798865991008
[25, 29, 40, 62, 52] - 652.8454433295008
[25, 58, 40, 62, 52] - 651.1028671721004
[25, 58, 29, 40, 62] - 657.4227713199014
[25, 36, 7, 60] - 841.2134379299976
[25, 36, 7, 52] - 848.7423963199991
[25, 36, 29, 7] - 851.5509891900017
[25, 36, 58, 7, 40] - 639.4211313805002
[25, 29, 7, 60, 52] - 645.5001914068004
[58, 25, 7, 60, 52] - 643.9746599147998
[25, 7, 60, 40, 52] - 644.8135595292003
[58, 25, 7, 29, 60] - 646.5761613119985
[25, 7, 29, 60, 40] - 646.8209933851996
[25, 58, 7, 60, 40] - 646.591357717401
[58, 25, 7, 29, 52] - 652.1428061590009
[25, 7, 29, 40, 52] - 653.9903826285002
[25, 58, 7, 40, 52] - 651.4429306924991
[25, 58, 7, 29, 40] - 655.6274668060017
[25, 36, 29, 60, 52] - 650.3008626899991
[58, 25, 36, 60, 52] - 652.3924340478014
[25, 36, 60, 40, 52] - 650.6274237878017
[58, 25, 36, 29, 60] - 655.2770533661005
[25, 36, 29, 60, 40] - 653.2696086676008
[25, 36, 58, 60, 40] - 656.5204358059992
[58, 25, 36, 29, 52] - 658.9506249643013
[25, 36, 29, 40, 52] - 658.3513034019
[25, 36, 58, 40, 52] - 659.4228759567991
[25, 36, 58, 29, 40] - 663.6310963826996
[58, 25, 29, 60, 52] - 668.1533230932997
[25, 29, 60, 40, 52] - 669.1210961606005
[25, 58, 60, 40, 52] - 668.2552292878006
[25, 58, 29, 60, 40] - 671.768212405602
[25, 58, 29, 40, 52] - 676.6123044436009
[56, 48, 5, 9] - 748.7017534299993
[34, 48, 5, 9] - 762.2903907300008
[66, 48, 5, 9] - 756.3535025899979
[48, 5, 9, 62] - 754.0097847999998
[48, 5, 7, 9] - 754.1085744000002
[36, 48, 5, 9] - 775.8135832200006
[48, 5, 9, 60] - 777.8294967800015
[48, 5, 9, 52] - 781.9462036300015
[48, 5, 29, 9] - 785.9953757899997
[58, 48, 5, 9] - 785.1269963500005
[48, 5, 9, 40] - 786.2431002200003
[34, 56, 5, 9] - 789.2845228400006
[66, 56, 5, 9] - 769.6768469999993
[56, 5, 9, 62] - 786.9139893599994
[56, 5, 7, 9] - 782.318319010002
[56, 36, 5, 9] - 777.3919732500009
[56, 5, 9, 60] - 795.8187535899982
[56, 5, 9, 52] - 807.6049299
[56, 5, 29, 9] - 812.9230355699984
[56, 58, 5, 9] - 809.3688118700003
[56, 5, 9, 40] - 810.0567109400006
[66, 34, 5, 9] - 780.579770860001
[34, 5, 9, 62] - 793.8625222800001
[34, 5, 7, 9] - 793.7112135199985
[34, 36, 5, 9] - 790.6625382800001
[34, 5, 9, 60] - 808.9565364700004
[34, 5, 9, 52] - 818.8319601300008
[34, 5, 29, 9] - 825.6863129800007
[34, 58, 5, 9] - 821.5265607000003
[34, 5, 9, 40] - 825.4567272699999
[66, 5, 9, 62] - 774.991079370001
[66, 5, 7, 9] - 774.6026932899988
[66, 36, 5, 9] - 770.7582863300013
[66, 5, 9, 60] - 799.5819469000016
[66, 5, 9, 52] - 800.3473450399985
[66, 5, 29, 9] - 805.7372329900019
[66, 58, 5, 9] - 804.0782019099997
[66, 5, 9, 40] - 803.9024595300002
[5, 7, 9, 62] - 784.7870949000013
[36, 5, 9, 62] - 782.3765941800006
[5, 9, 60, 62] - 801.29580112
[5, 9, 62, 52] - 810.9428225000003
[5, 29, 9, 62] - 818.7617990399997
[58, 5, 9, 62] - 816.1054368199979
[5, 9, 40, 62] - 819.5394360100015
[36, 5, 7, 9] - 782.5295715299998
[5, 7, 9, 60] - 800.2372834199987
[5, 7, 9, 52] - 810.9915242300001
[5, 29, 7, 9] - 817.0474204900008
[58, 5, 7, 9] - 813.7239323600018
[5, 7, 9, 40] - 816.3082955000009
[36, 5, 9, 60] - 799.0099172599988
[36, 5, 9, 52] - 806.4793708
[36, 5, 29, 9] - 813.5802259500002
[58, 36, 5, 9] - 813.6698731299986
[36, 5, 9, 40] - 813.1320277599987
[5, 9, 60, 52] - 826.4461542599995
[5, 29, 9, 60] - 831.9880481100004
[58, 5, 9, 60] - 830.5440935000013
[5, 9, 60, 40] - 830.7422315599973
[5, 29, 9, 52] - 843.1989469100006
[58, 5, 9, 52] - 838.9374467900001
[5, 9, 40, 52] - 842.1004082699999
[58, 5, 29, 9] - 846.8839759800009
[5, 29, 9, 40] - 848.954980099998
[58, 5, 9, 40] - 846.6596579100022
[34, 56, 48, 9] - 770.100611040001
[66, 56, 48, 9] - 772.1918695799988
[56, 48, 9, 62] - 782.0263318499995
[56, 48, 7, 9] - 778.2406564000013
[56, 36, 48, 9] - 800.1409532599997
[56, 48, 9, 60] - 803.6157420400007
[56, 48, 9, 52] - 808.7606665599988
[56, 48, 29, 9] - 811.6955371100019
[56, 58, 48, 9] - 810.8184458399998
[56, 48, 9, 40] - 810.1223791100026
[66, 34, 48, 9] - 770.6344527799995
[34, 48, 9, 62] - 771.4708793599983
[34, 48, 7, 9] - 773.6003123400001
[34, 36, 48, 9] - 795.3428736900003
[34, 48, 9, 60] - 798.9418728600004
[34, 48, 9, 52] - 802.1296001000001
[34, 48, 29, 9] - 806.811037870002
[34, 58, 48, 9] - 805.0732091400002
[34, 48, 9, 40] - 806.7199281099982
[66, 48, 9, 62] - 775.2464616999986
[66, 48, 7, 9] - 776.5007768600002
[66, 36, 48, 9] - 799.1429862999995
[66, 48, 9, 60] - 806.5677015600006
[66, 48, 9, 52] - 806.3808746699999
[66, 48, 29, 9] - 810.4053150899999
[66, 58, 48, 9] - 811.7361038599985
[66, 48, 9, 40] - 810.10542709
[48, 7, 9, 62] - 775.5948331899987
[36, 48, 9, 62] - 800.5936704799989
[48, 9, 60, 62] - 805.2890480799995
[48, 9, 62, 52] - 807.802791819999
[48, 29, 9, 62] - 813.1958854899995
[58, 48, 9, 62] - 814.4317381699994
[48, 9, 40, 62] - 816.2292446499995
[36, 48, 7, 9] - 803.1895603400004
[48, 7, 9, 60] - 806.0531693100007
[48, 7, 9, 52] - 810.3175923500007
[48, 29, 7, 9] - 814.8658506799998
[58, 48, 7, 9] - 813.5182126399984
[48, 7, 9, 40] - 813.7283599500017
[36, 48, 9, 60] - 830.862197010001
[36, 48, 9, 52] - 833.7354775999991
[36, 48, 29, 9] - 837.4164689199978
[58, 36, 48, 9] - 841.1371029399983
[36, 48, 9, 40] - 838.3652943800007
[48, 9, 60, 52] - 838.0541261900001
[48, 29, 9, 60] - 841.3136139500012
[58, 48, 9, 60] - 842.7186946899999
[48, 9, 60, 40] - 840.9458559999996
[48, 29, 9, 52] - 845.2556469199994
[58, 48, 9, 52] - 844.8567847099999
[48, 9, 40, 52] - 844.971924139998
[58, 48, 29, 9] - 850.0048190200008
[48, 29, 9, 40] - 849.4446933200007
[58, 48, 9, 40] - 850.68710997
[66, 56, 34, 9] - 783.4516809700007
[56, 34, 9, 62] - 805.4684155499982
[56, 34, 7, 9] - 801.5029582500009
[56, 34, 36, 9] - 796.7028120000007
[56, 34, 9, 60] - 816.660596269999
[56, 34, 9, 52] - 827.4456160300026
[56, 34, 29, 9] - 833.7085494299978
[56, 34, 58, 9] - 829.644074350001
[56, 34, 9, 40] - 830.7146943299992
[66, 56, 9, 62] - 794.7619286800002
[66, 56, 7, 9] - 791.2789302100002
[66, 56, 36, 9] - 786.58845875
[66, 56, 9, 60] - 815.5682235799976
[66, 56, 9, 52] - 817.813213669999
[66, 56, 29, 9] - 822.8027780899981
[66, 56, 58, 9] - 821.3207231300021
[66, 56, 9, 40] - 819.9104435700006
[56, 7, 9, 62] - 811.7767934400014
[56, 36, 9, 62] - 809.5596145600005
[56, 9, 60, 62] - 829.2686593500003
[56, 9, 62, 52] - 839.669849799999
[56, 29, 9, 62] - 846.2484702900022
[56, 58, 9, 62] - 844.3509252899997
[56, 9, 40, 62] - 847.3918728300018
[56, 36, 7, 9] - 804.9543994200013
[56, 7, 9, 60] - 824.2291746199978
[56, 7, 9, 52] - 836.7410849500009
[56, 29, 7, 9] - 841.6130344700019
[56, 58, 7, 9] - 838.4447554000017
[56, 7, 9, 40] - 838.7920246400025
[56, 36, 9, 60] - 823.0097716299983
[56, 36, 9, 52] - 832.5793945900004
[56, 36, 29, 9] - 837.7593879799995
[56, 58, 36, 9] - 838.0905791800002
[56, 36, 9, 40] - 835.4765592100001
[56, 29, 9, 60, 52] - 641.0092157362998
[56, 58, 29, 9, 60] - 643.096366640399
[56, 29, 9, 60, 40] - 641.5989422509992
[56, 58, 9, 60, 40] - 640.6964732455002
[56, 58, 29, 9, 52] - 651.2428624638993
[56, 29, 9, 40, 52] - 651.5111557239995
[56, 58, 9, 40, 52] - 648.5569980875013
[56, 58, 29, 9, 40] - 654.0529865360995
[66, 34, 9, 62] - 786.0683282200006
[66, 34, 7, 9] - 786.7016098199997
[66, 34, 36, 9] - 783.3880252700003
[66, 34, 9, 60] - 812.2487530000004
[66, 34, 9, 52] - 812.731447150002
[66, 34, 29, 9] - 818.2549253599987
[66, 34, 58, 9] - 816.3515980300012
[66, 34, 9, 40] - 817.7559058499992
[34, 7, 9, 62] - 798.7844740100019
[34, 36, 9, 62] - 797.4309512899989
[34, 9, 60, 62] - 818.8291829299984
[34, 9, 62, 52] - 827.0370076599993
[34, 29, 9, 62] - 836.3179051599994
[34, 58, 9, 62] - 832.6076319499998
[34, 9, 40, 62] - 837.2373206299984
[34, 36, 7, 9] - 799.2188422599997
[34, 7, 9, 60] - 818.0785598900004
[34, 7, 9, 52] - 828.7381666499992
[34, 29, 7, 9] - 834.2766803900006
[34, 58, 7, 9] - 831.1205199799995
[34, 7, 9, 40] - 833.8776086700005
[34, 36, 9, 60] - 818.292867999999
[34, 36, 9, 52] - 825.2594167800021
[34, 36, 29, 9] - 832.4157747099986
[34, 58, 36, 9] - 831.7378989000023
[34, 36, 9, 40] - 831.882396499999
[34, 9, 60, 52] - 846.2066943000011
[34, 29, 9, 60, 40] - 639.2024721392996
[34, 58, 9, 60] - 850.2962805900007
[34, 58, 29, 9, 52] - 644.8733893457002
[34, 29, 9, 40, 52] - 647.5862891275987
[34, 58, 9, 40, 52] - 643.7610056661005
[34, 58, 29, 9, 40] - 650.7018401143005
[66, 7, 9, 62] - 789.7703194100013
[66, 36, 9, 62] - 787.1395960799994
[66, 9, 60, 62] - 817.7233900800007
[66, 9, 62, 52] - 817.9622940399995
[66, 29, 9, 62] - 824.9041781300009
[66, 58, 9, 62] - 824.7693059899981
[66, 9, 40, 62] - 825.0075914200012
[66, 36, 7, 9] - 790.1222191500003
[66, 7, 9, 60] - 818.4983712200025
[66, 7, 9, 52] - 820.3550354299995
[66, 29, 7, 9] - 825.137090710002
[66, 58, 7, 9] - 824.1510124100027
[66, 7, 9, 40] - 823.5397906300003
[66, 36, 9, 60] - 818.961555020001
[66, 36, 9, 52] - 816.7333292499992
[66, 36, 29, 9] - 821.6784579400005
[66, 58, 36, 9] - 824.7103209500001
[66, 36, 9, 40] - 821.809418400001
[66, 9, 60, 52] - 847.0999511800013
[66, 58, 29, 9, 60] - 639.5739576963995
[66, 9, 60, 40] - 851.0396398099999
[66, 29, 9, 52] - 853.279702309998
[66, 58, 9, 52] - 851.8913398699988
[66, 9, 40, 52] - 852.1030253400014
[66, 58, 29, 9, 40] - 643.8295704182993
[36, 7, 9, 62] - 801.9761756699995
[7, 9, 60, 62] - 821.9862394099989
[7, 9, 62, 52] - 831.6199128700008
[29, 7, 9, 62] - 840.0246413700015
[58, 7, 9, 62] - 837.5179838899993
[7, 9, 40, 62] - 840.437914679999
[36, 9, 60, 62] - 824.0596647300009
[36, 9, 62, 52] - 830.9719372399986
[36, 29, 9, 62] - 838.7401061900003
[58, 36, 9, 62] - 840.97795114
[36, 9, 40, 62] - 841.2353598899992
[29, 9, 60, 62, 52] - 640.1826538610003
[9, 60, 40, 62, 52] - 640.8803752597998
[58, 29, 9, 60, 62] - 646.3247858575003
[29, 9, 60, 40, 62] - 646.4924171535002
[58, 9, 60, 40, 62] - 646.7317281423977
[58, 29, 9, 62, 52] - 651.1171025663003
[29, 9, 40, 62, 52] - 653.7838936910014
[58, 9, 40, 62, 52] - 651.7885225401999
[58, 29, 9, 40, 62] - 660.1400184042021
[36, 7, 9, 60] - 825.5064811899996
[36, 7, 9, 52] - 833.2009557199997
[36, 29, 7, 9] - 839.7934765200001
[58, 36, 7, 9] - 840.062949690002
[36, 7, 9, 40] - 838.6556969700008
[29, 7, 9, 60, 52] - 641.0723582803001
[7, 9, 60, 40, 52] - 640.047830381498
[58, 7, 29, 9, 60] - 644.3555193288009
[7, 29, 9, 60, 40] - 644.2016245951999
[58, 7, 9, 60, 40] - 643.8046293632997
[58, 7, 29, 9, 52] - 650.9219772797017
[7, 29, 9, 40, 52] - 652.8525806814996
[58, 7, 9, 40, 52] - 650.0465329340005
[58, 7, 29, 9, 40] - 656.5774799319009
[58, 36, 9, 60, 52] - 640.4881054662984
[58, 36, 29, 9, 60] - 645.8001115616985
[36, 29, 9, 60, 40] - 643.2466125487982
[36, 58, 9, 60, 40] - 645.9431050035001
[58, 36, 29, 9, 52] - 650.1350842507021
[36, 29, 9, 40, 52] - 649.1156143779982
[36, 58, 9, 40, 52] - 650.0736727334
[36, 58, 29, 9, 40] - 656.1322746192998
[58, 29, 9, 60, 52] - 665.5835834654994
[29, 9, 60, 40, 52] - 665.4296806299998
[58, 9, 60, 40, 52] - 664.8536568987993
[58, 29, 9, 60, 40] - 670.3193853432014
[58, 29, 9, 40, 52] - 676.8077339539997
[34, 56, 48, 5] - 795.7876125500003
[66, 56, 48, 5] - 786.5392595799992
[56, 48, 5, 62] - 792.9078865800002
[56, 48, 5, 7] - 790.9841214600009
[56, 36, 48, 5] - 809.5104026599977
[56, 48, 5, 60] - 809.3920495999997
[56, 48, 5, 52] - 817.3164671100011
[56, 48, 5, 29] - 820.1193240400013
[56, 58, 48, 5] - 819.1327652200005
[56, 48, 5, 40] - 819.3674012800008
[66, 34, 48, 5] - 813.8365550100002
[34, 48, 5, 62] - 811.4031195299989
[34, 48, 5, 7] - 817.8767713400008
[34, 36, 48, 5] - 837.3253104500006
[34, 48, 5, 60] - 835.8970267999998
[34, 48, 5, 52] - 843.1498927200001
[34, 48, 5, 29] - 847.9316801800003
[34, 58, 48, 5] - 845.7763670400009
[34, 48, 5, 40] - 849.410786540001
[66, 48, 5, 62] - 808.2849594699998
[66, 48, 5, 7] - 811.6303055300006
[66, 36, 48, 5] - 832.1975910599998
[66, 48, 5, 60] - 838.1507112100015
[66, 48, 5, 52] - 838.4504883899991
[66, 48, 5, 29] - 843.3808421800012
[66, 58, 48, 5] - 842.6674102000026
[66, 48, 5, 40] - 843.071228560002
[48, 5, 7, 62] - 806.8887852499992
[36, 48, 5, 62] - 828.5392040199989
[48, 5, 60, 62] - 829.1982912599995
[48, 5, 62, 52] - 834.4572774599993
[48, 5, 29, 62] - 840.7347945099993
[58, 48, 5, 62] - 839.4570522599992
[48, 5, 40, 62] - 843.3497804999976
[36, 48, 5, 7] - 833.7991133800023
[48, 5, 7, 60] - 832.0705289499999
[48, 5, 7, 52] - 840.1700178000009
[48, 5, 29, 7] - 844.3113696400009
[58, 48, 5, 7] - 842.6033336700002
[48, 5, 7, 40] - 844.8545617400008
[36, 48, 5, 29, 60] - 639.8582015157
[58, 36, 48, 5, 60] - 641.3177649174005
[36, 48, 5, 60, 40] - 640.5632136303999
[36, 48, 5, 29, 52] - 643.8068826037978
[58, 36, 48, 5, 52] - 644.2733004195001
[36, 48, 5, 40, 52] - 644.0682525213014
[58, 36, 48, 5, 29] - 648.9711500225998
[36, 48, 5, 29, 40] - 649.3073224185982
[36, 58, 48, 5, 40] - 650.6056997729002
[48, 5, 29, 60, 52] - 645.0594907215009
[58, 48, 5, 60, 52] - 643.1719637850987
[48, 5, 60, 40, 52] - 644.7766970032004
[58, 48, 5, 29, 60] - 647.5951627224002
[48, 5, 29, 60, 40] - 649.211755778501
[58, 48, 5, 60, 40] - 648.5229764463993
[58, 48, 5, 29, 52] - 651.4235620994036
[48, 5, 29, 40, 52] - 653.8299238648997
[58, 48, 5, 40, 52] - 651.6663603261004
[58, 48, 5, 29, 40] - 657.8405233775009
[66, 56, 34, 5] - 813.1904643500008
[56, 34, 5, 62] - 833.4525519499982
[56, 34, 5, 7] - 831.5207276700012
[56, 34, 36, 5] - 824.4493343000016
[56, 34, 5, 60] - 841.0478573999999
[56, 34, 5, 29, 52] - 642.6825119605996
[56, 34, 5, 40, 52] - 640.3596418766003
[56, 34, 58, 5, 29] - 643.3186685541008
[56, 34, 5, 29, 40] - 645.6685636183003
[56, 34, 58, 5, 40] - 642.3092041617016
[66, 56, 5, 62] - 813.8253741299998
[66, 56, 5, 7] - 811.0965263500035
[66, 56, 36, 5] - 803.7079215999992
[66, 56, 5, 60] - 832.897247599998
[66, 56, 5, 52] - 834.9541435899986
[66, 56, 5, 29] - 839.2594971200001
[66, 56, 58, 5] - 837.1085001000016
[66, 56, 5, 40] - 837.4285316599993
[56, 5, 7, 62] - 827.7978257900012
[56, 36, 5, 62] - 822.4231698000001
[56, 5, 60, 62] - 840.1204272600004
[56, 5, 29, 62, 52] - 640.4182351833
[56, 5, 40, 62, 52] - 641.1631879116997
[56, 58, 5, 29, 62] - 642.3463973025002
[56, 5, 29, 40, 62] - 646.2352613656006
[56, 58, 5, 40, 62] - 643.636498013
[56, 36, 5, 7] - 819.5630086199998
[56, 5, 7, 60] - 836.3892255999993
[56, 5, 29, 7, 52] - 639.3024625825983
[56, 58, 5, 7, 29] - 639.5071925772004
[56, 5, 7, 29, 40] - 641.5036440554
[56, 58, 5, 7, 40] - 639.7474425547994
[56, 36, 5, 60] - 831.3543713700002
[56, 36, 5, 52] - 842.8569653799987
[56, 36, 5, 29] - 847.704503809999
[56, 58, 36, 5] - 848.5096347299998
[56, 36, 5, 40] - 846.8256751299989
[56, 5, 29, 60, 52] - 646.8669577590015
[56, 58, 5, 60, 52] - 643.9501963884981
[56, 5, 60, 40, 52] - 645.077759301
[56, 58, 5, 29, 60] - 647.9730075334002
[56, 5, 29, 60, 40] - 648.9925688816991
[56, 58, 5, 60, 40] - 647.1512446650015
[56, 58, 5, 29, 52] - 657.7276335934005
[56, 5, 29, 40, 52] - 659.739341742
[56, 58, 5, 40, 52] - 656.2930515434012
[56, 58, 5, 29, 40] - 661.9785036497998
[66, 34, 5, 62] - 830.81508692
[66, 34, 5, 7] - 834.7084063500008
[66, 34, 36, 5] - 829.9547446399996
[66, 34, 5, 60, 52] - 639.8411776822986
[66, 34, 5, 29, 60] - 643.3405331546003
[66, 34, 58, 5, 60] - 641.3955659848004
[66, 34, 5, 60, 40] - 643.7333605574004
[66, 34, 5, 29, 52] - 645.4402346777007
[66, 34, 58, 5, 52] - 641.6421488010981
[66, 34, 5, 40, 52] - 645.2908131940003
[66, 34, 58, 5, 29] - 646.3501924357004
[66, 34, 5, 29, 40] - 649.8881244917998
[66, 34, 58, 5, 40] - 647.3798327126998
[34, 5, 7, 62] - 843.8175544499992
[34, 36, 5, 62] - 840.3096884600001
[34, 5, 60, 62, 52] - 639.8723272864994
[34, 5, 29, 60, 62] - 645.5541043066014
[34, 58, 5, 60, 62] - 642.2119488491996
[34, 5, 60, 40, 62] - 646.4746484673002
[34, 5, 29, 62, 52] - 654.2602469672997
[34, 58, 5, 62, 52] - 648.6618027906982
[34, 5, 40, 62, 52] - 654.9136618373994
[34, 58, 5, 29, 62] - 656.7212872660991
[34, 5, 29, 40, 62] - 662.5840104917007
[34, 58, 5, 40, 62] - 658.2225499704981
[34, 36, 5, 7] - 845.6565045700005
[34, 5, 7, 60, 52] - 643.3858685679993
[34, 5, 29, 7, 60] - 646.8534311630996
[34, 58, 5, 7, 60] - 644.1710863114994
[34, 5, 7, 60, 40] - 647.0709453128994
[34, 5, 29, 7, 52] - 657.7231132699001
[34, 58, 5, 7, 52] - 653.2405995900007
[34, 5, 7, 40, 52] - 657.7517803233014
[34, 58, 5, 7, 29] - 658.271048103401
[34, 5, 7, 29, 40] - 662.8206522838002
[34, 58, 5, 7, 40] - 659.6784062220007
[34, 36, 5, 29, 60] - 644.155270833502
[34, 58, 36, 5, 60] - 643.8986389151992
[34, 36, 5, 60, 40] - 644.6932615637995
[34, 36, 5, 29, 52] - 652.0205675845999
[34, 58, 36, 5, 52] - 650.0523383820997
[34, 36, 5, 40, 52] - 651.967707694101
[34, 58, 36, 5, 29] - 656.2539446871016
[34, 36, 5, 29, 40] - 658.6815082278
[34, 36, 58, 5, 40] - 657.8091537834003
[34, 5, 29, 60, 52] - 666.0331124211019
[34, 58, 5, 60, 52] - 661.9422592343002
[34, 5, 60, 40, 52] - 665.8492218185996
[34, 58, 5, 29, 60] - 667.5039298424989
[34, 5, 29, 60, 40] - 670.9495477803013
[34, 58, 5, 60, 40] - 668.3867765441995
[34, 58, 5, 29, 52] - 676.1076756415995
[34, 5, 29, 40, 52] - 681.3387931378998
[34, 58, 5, 40, 52] - 676.4318770330995
[34, 58, 5, 29, 40] - 683.815199105697
[66, 5, 7, 62] - 828.7378309300024
[66, 36, 5, 62] - 824.5342758700018
[66, 5, 29, 60, 62] - 641.7030756572002
[66, 58, 5, 60, 62] - 640.1609281658012
[66, 5, 60, 40, 62] - 642.0544021176992
[66, 5, 29, 62, 52] - 642.2019068903996
[66, 5, 40, 62, 52] - 642.2881500742013
[66, 58, 5, 29, 62] - 645.8311803052013
[66, 5, 29, 40, 62] - 648.4470562030992
[66, 58, 5, 40, 62] - 646.0351848335985
[66, 36, 5, 7] - 828.7073507599993
[66, 5, 7, 60, 52] - 639.5681539318003
[66, 5, 29, 7, 60] - 642.4588358079998
[66, 58, 5, 7, 60] - 641.0120732551011
[66, 5, 7, 60, 40] - 642.1648540416012
[66, 5, 29, 7, 52] - 644.8677458900992
[66, 58, 5, 7, 52] - 641.5366627079007
[66, 5, 7, 40, 52] - 644.1090326555014
[66, 58, 5, 7, 29] - 646.1008120550006
[66, 5, 7, 29, 40] - 648.2245490006005
[66, 58, 5, 7, 40] - 646.3147343681998
[66, 36, 5, 29, 60] - 639.9304623168002
[66, 58, 36, 5, 60] - 641.0765399678992
[66, 36, 5, 60, 40] - 640.3454350305011
[66, 36, 5, 52] - 852.2446634799993
[66, 58, 36, 5, 29] - 643.9563313460001
[66, 36, 5, 29, 40] - 644.0602894079001
[66, 36, 58, 5, 40] - 644.733734601199
[66, 5, 29, 60, 52] - 661.9811258035993
[66, 58, 5, 60, 52] - 659.6209999763016
[66, 5, 60, 40, 52] - 661.7842633039991
[66, 58, 5, 29, 60] - 664.8182440255994
[66, 5, 29, 60, 40] - 666.2611374258992
[66, 58, 5, 60, 40] - 665.2123323511997
[66, 58, 5, 29, 52] - 664.6358172411997
[66, 5, 29, 40, 52] - 667.3543569681002
[66, 58, 5, 40, 52] - 664.3031470264004
[66, 58, 5, 29, 40] - 670.6520933468015
[36, 5, 7, 62] - 836.0487012700017
[5, 29, 7, 60, 62] - 641.570538509599
[5, 7, 60, 40, 62] - 642.4060126611
[5, 29, 7, 62, 52] - 650.8564823443003
[58, 5, 7, 62, 52] - 646.1612137088005
[5, 7, 40, 62, 52] - 651.513724203199
[58, 5, 7, 29, 62] - 653.5537943774002
[5, 7, 29, 40, 62] - 658.3973458989992
[58, 5, 7, 40, 62] - 654.8107696991997
[36, 5, 29, 60, 62] - 639.5178718610998
[58, 36, 5, 60, 62] - 639.5557557166993
[36, 5, 60, 40, 62] - 640.9279888001997
[36, 5, 29, 62, 52] - 645.637240148899
[58, 36, 5, 62, 52] - 644.2832369201986
[36, 5, 40, 62, 52] - 647.0698180710998
[58, 36, 5, 29, 62] - 652.4981606573992
[36, 5, 29, 40, 62] - 655.0693175445011
[36, 58, 5, 40, 62] - 654.5661841628005
[5, 29, 60, 62, 52] - 661.0346099181002
[58, 5, 60, 62, 52] - 657.7313051936015
[5, 60, 40, 62, 52] - 662.1576175369993
[58, 5, 29, 60, 62] - 664.861530718501
[5, 29, 60, 40, 62] - 668.3413921543998
[58, 5, 60, 40, 62] - 666.1066642592989
[58, 5, 29, 62, 52] - 671.3892746258011
[5, 29, 40, 62, 52] - 676.8157881807003
[58, 5, 40, 62, 52] - 672.5924067386998
[58, 5, 29, 40, 62] - 681.5379196817013
[36, 5, 29, 7, 60] - 640.9691229806998
[58, 36, 5, 7, 60] - 641.1986208662992
[36, 5, 7, 60, 40] - 641.6766053886992
[36, 5, 29, 7, 52] - 648.9017054454027
[58, 36, 5, 7, 52] - 647.6217938484002
[36, 5, 7, 40, 52] - 649.073779477201
[58, 36, 5, 7, 29] - 653.4284280509999
[36, 5, 7, 29, 40] - 655.1492624392012
[36, 58, 5, 7, 40] - 654.9720365057005
[5, 29, 7, 60, 52] - 662.8975347036018
[58, 5, 7, 60, 52] - 659.6329567355992
[5, 7, 60, 40, 52] - 663.4459777531987
[58, 5, 7, 29, 60] - 664.4003253002994
[5, 7, 29, 60, 40] - 667.5468144630995
[58, 5, 7, 60, 40] - 665.8389296815004
[58, 5, 7, 29, 52] - 673.2820355563996
[5, 7, 29, 40, 52] - 677.8507517154005
[58, 5, 7, 40, 52] - 674.0216879919983
[58, 5, 7, 29, 40] - 680.5195748552985
[36, 5, 29, 60, 52] - 658.6453427985989
[58, 36, 5, 60, 52] - 658.0645628634991
[36, 5, 60, 40, 52] - 658.9298148666007
[58, 36, 5, 29, 60] - 664.3935431331009
[36, 5, 29, 60, 40] - 665.2062214381989
[36, 58, 5, 60, 40] - 665.7730469227008
[58, 36, 5, 29, 52] - 670.4341893992013
[36, 5, 29, 40, 52] - 672.3255497542002
[36, 58, 5, 40, 52] - 671.2078415645994
[36, 58, 5, 29, 40] - 678.8379657209999
[58, 5, 29, 60, 52] - 683.2330729476
[5, 29, 60, 40, 52] - 686.844958769698
[58, 5, 60, 40, 52] - 683.9261372116994
[58, 5, 29, 60, 40] - 690.280440815799
[58, 5, 29, 40, 52] - 698.2273498933008
[66, 56, 34, 48] - 806.0998735800013
[56, 34, 48, 62] - 814.7234150500003
[56, 34, 48, 7] - 816.4171352200018
[56, 34, 36, 48] - 833.277420059998
[56, 34, 48, 60] - 834.1411551800022
[56, 34, 48, 52] - 841.9155304999994
[56, 34, 48, 29] - 845.1633298900005
[56, 34, 58, 48] - 843.6914627100002
[56, 34, 48, 40] - 843.8119589400005
[66, 56, 48, 62] - 818.2574167400012
[66, 56, 48, 7] - 817.9971611999998
[66, 56, 36, 48] - 836.0049139000001
[66, 56, 48, 60] - 843.8827939099994
[66, 56, 48, 52] - 845.221069299999
[66, 56, 48, 29] - 847.5810301200013
[66, 56, 58, 48] - 848.661818919999
[66, 56, 48, 40] - 847.5911229399985
[56, 48, 7, 62] - 827.2369735099996
[56, 36, 48, 62] - 848.1539568899972
[56, 48, 60, 40, 62] - 639.7742343596001
[56, 48, 29, 62, 52] - 641.3141502142009
[56, 58, 48, 62, 52] - 641.7751787305008
[56, 48, 40, 62, 52] - 644.3720257553994
[56, 58, 48, 29, 62] - 644.5733147223004
[56, 48, 29, 40, 62] - 647.2977519584986
[56, 58, 48, 40, 62] - 648.2825987724
[56, 36, 48, 7] - 848.2337229899999
[56, 48, 7, 60] - 849.1273332999997
[56, 48, 29, 7, 52] - 643.501827916498
[56, 58, 48, 7, 52] - 643.6438921616987
[56, 48, 7, 40, 52] - 643.1409498982997
[56, 58, 48, 7, 29] - 644.0549504564997
[56, 48, 7, 29, 40] - 644.4904944004008
[56, 58, 48, 7, 40] - 645.2697604649
[56, 36, 48, 60, 52] - 648.7939513117011
[56, 36, 48, 29, 60] - 650.0608963496003
[56, 58, 36, 48, 60] - 653.2874349732004
[56, 36, 48, 60, 40] - 650.1925685452987
[56, 36, 48, 29, 52] - 655.4986293868
[56, 58, 36, 48, 52] - 658.5072441561995
[56, 36, 48, 40, 52] - 655.3642709605997
[56, 58, 36, 48, 29] - 659.6579952888009
[56, 36, 48, 29, 40] - 657.2650028178995
[56, 36, 58, 48, 40] - 660.9524063481997
[56, 48, 29, 60, 52] - 657.988976997301
[56, 58, 48, 60, 52] - 658.2863604520993
[56, 48, 60, 40, 52] - 657.5663021970003
[56, 58, 48, 29, 60] - 659.5837668977013
[56, 48, 29, 60, 40] - 659.1078478259985
[56, 58, 48, 60, 40] - 660.3796644722013
[56, 58, 48, 29, 52] - 665.2105293817996
[56, 48, 29, 40, 52] - 665.0088529020986
[56, 58, 48, 40, 52] - 665.5821424534987
[56, 58, 48, 29, 40] - 667.9819184955007
[66, 34, 48, 62] - 820.5214604300024
[66, 34, 48, 7] - 828.4768100999987
[66, 34, 36, 48] - 847.2108433699988
[66, 34, 48, 29, 60] - 639.3351767272009
[66, 34, 58, 48, 60] - 639.4210979295012
[66, 34, 48, 60, 40] - 640.038037419301
[66, 34, 48, 29, 52] - 640.0424100933999
[66, 34, 48, 40, 52] - 640.2698212276013
[66, 34, 58, 48, 29] - 642.7088774091999
[66, 34, 48, 29, 40] - 644.3077201810993
[66, 34, 58, 48, 40] - 644.3940056171996
[34, 48, 7, 62] - 823.0026092100039
[34, 36, 48, 62] - 843.9706919899987
[34, 48, 60, 62] - 846.2027912299989
[34, 48, 29, 62, 52] - 639.6214585754998
[34, 48, 40, 62, 52] - 640.670700113298
[34, 58, 48, 29, 62] - 643.9478601361999
[34, 48, 29, 40, 62] - 647.7006472332982
[34, 58, 48, 40, 62] - 645.9613764578
[34, 36, 48, 29, 7] - 640.1130790945004
[34, 58, 36, 48, 7] - 641.2831550182997
[34, 36, 48, 7, 40] - 641.1090562095001
[34, 48, 29, 7, 60] - 640.0078511270018
[34, 58, 48, 7, 60] - 639.4752162871998
[34, 48, 7, 60, 40] - 640.4054405931996
[34, 48, 29, 7, 52] - 646.241956573401
[34, 58, 48, 7, 52] - 644.5727303073002
[34, 48, 7, 40, 52] - 646.2816392483
[34, 58, 48, 7, 29] - 647.3984212268986
[34, 48, 7, 29, 40] - 649.7393362814012
[34, 58, 48, 7, 40] - 648.9030814076999
[34, 36, 48, 60, 52] - 651.419792218
[34, 36, 48, 29, 60] - 654.8739455368
[34, 58, 36, 48, 60] - 656.6058583342997
[34, 36, 48, 60, 40] - 655.5922057074995
[34, 36, 48, 29, 52] - 659.3607316992001
[34, 58, 36, 48, 52] - 659.9188556848985
[34, 36, 48, 40, 52] - 659.5655441260008
[34, 58, 36, 48, 29] - 664.1519187250005
[34, 36, 48, 29, 40] - 664.3493185146987
[34, 36, 58, 48, 40] - 665.790890562199
[34, 48, 29, 60, 52] - 660.8168711634007
[34, 58, 48, 60, 52] - 659.2453466462988
[34, 48, 60, 40, 52] - 660.4429258423002
[34, 58, 48, 29, 60] - 663.1115367557009
[34, 48, 29, 60, 40] - 664.2039485556007
[34, 58, 48, 60, 40] - 664.0001958830998
[34, 58, 48, 29, 52] - 667.4379581391995
[34, 48, 29, 40, 52] - 669.5622175506008
[34, 58, 48, 40, 52] - 667.652092838299
[34, 58, 48, 29, 40] - 673.3382469917987
[66, 48, 7, 62] - 831.2328509100006
[66, 36, 48, 29, 62] - 639.509022746699
[66, 58, 36, 48, 62] - 642.2303470823999
[66, 36, 48, 40, 62] - 641.2801080763996
[66, 48, 60, 62, 52] - 642.7212542900995
[66, 48, 29, 60, 62] - 646.5271679431997
[66, 58, 48, 60, 62] - 647.5183474347999
[66, 48, 60, 40, 62] - 648.0624385724002
[66, 48, 29, 62, 52] - 645.3914266954986
[66, 58, 48, 62, 52] - 645.4533970216984
[66, 48, 40, 62, 52] - 646.6771634277006
[66, 58, 48, 29, 62] - 651.2573594066985
[66, 48, 29, 40, 62] - 652.1704185280988
[66, 58, 48, 40, 62] - 652.7866625474994
[66, 36, 48, 7, 60] - 643.0825356863995
[66, 36, 48, 7, 52] - 642.8223513507
[66, 36, 48, 29, 7] - 645.3358048961013
[66, 58, 36, 48, 7] - 648.1100751259003
[66, 36, 48, 7, 40] - 646.3767639341003
[66, 48, 7, 60, 52] - 649.2557033001988
[66, 48, 29, 7, 60] - 650.5542639383999
[66, 58, 48, 7, 60] - 651.6501150022998
[66, 48, 7, 60, 40] - 651.5183613894004
[66, 48, 29, 7, 52] - 651.9865466101006
[66, 58, 48, 7, 52] - 651.9726494709006
[66, 48, 7, 40, 52] - 652.3535768395997
[66, 58, 48, 7, 29] - 654.7241562468997
[66, 48, 7, 29, 40] - 655.401517451202
[66, 58, 48, 7, 40] - 656.2993950428981
[66, 36, 48, 60, 52] - 663.9901379017011
[66, 36, 48, 29, 60] - 666.4045521148997
[66, 58, 36, 48, 60] - 670.1327353034999
[66, 36, 48, 60, 40] - 668.4587944952985
[66, 36, 48, 29, 52] - 665.2994763526018
[66, 58, 36, 48, 52] - 668.1939074022001
[66, 36, 48, 40, 52] - 666.8312465971011
[66, 58, 36, 48, 29] - 671.7531594605999
[66, 36, 48, 29, 40] - 670.4803558015009
[66, 36, 58, 48, 40] - 674.1706107578004
[66, 48, 29, 60, 52] - 672.3531544364998
[66, 58, 48, 60, 52] - 673.2553735634021
[66, 48, 60, 40, 52] - 673.8265219348009
[66, 58, 48, 29, 60] - 675.9927978648025
[66, 48, 29, 60, 40] - 676.2209640832011
[66, 58, 48, 60, 40] - 678.306162153499
[66, 58, 48, 29, 52] - 675.3935206813017
[66, 48, 29, 40, 52] - 676.1439467864993
[66, 58, 48, 40, 52] - 676.9155031191007
[66, 58, 48, 29, 40] - 681.2123945209996
[36, 48, 29, 7, 62] - 643.6960801958006
[58, 36, 48, 7, 62] - 645.3188006359017
[36, 48, 7, 40, 62] - 645.738115015899
[48, 7, 60, 62, 52] - 642.0515002579008
[48, 29, 7, 60, 62] - 645.4766973385991
[58, 48, 7, 60, 62] - 645.671305714102
[48, 7, 60, 40, 62] - 647.445629479699
[48, 29, 7, 62, 52] - 649.5581590060012
[58, 48, 7, 62, 52] - 648.539846467999
[48, 7, 40, 62, 52] - 651.1203621122012
[58, 48, 7, 29, 62] - 653.9367213901996
[48, 7, 29, 40, 62] - 656.8803949468006
[58, 48, 7, 40, 62] - 656.1880540317993
[36, 48, 60, 62, 52] - 657.5912772357005
[36, 48, 29, 60, 62] - 661.6398197931002
[58, 36, 48, 60, 62] - 664.9842107618008
[36, 48, 60, 40, 62] - 664.9095735176986
[36, 48, 29, 62, 52] - 664.063879152499
[58, 36, 48, 62, 52] - 666.9518873684009
[36, 48, 40, 62, 52] - 667.6669682900001
[58, 36, 48, 29, 62] - 672.2823695552
[36, 48, 29, 40, 62] - 672.8716854656018
[36, 58, 48, 40, 62] - 676.181872570599
[48, 29, 60, 62, 52] - 667.5697371654982
[58, 48, 60, 62, 52] - 668.1383372634008
[48, 60, 40, 62, 52] - 670.3349043154994
[58, 48, 29, 60, 62] - 673.052291057601
[48, 29, 60, 40, 62] - 674.7573844521005
[58, 48, 60, 40, 62] - 676.038044955098
[58, 48, 29, 62, 52] - 674.7492060643004
[48, 29, 40, 62, 52] - 677.5260551973992
[58, 48, 40, 62, 52] - 677.8565556139014
[58, 48, 29, 40, 62] - 684.4477470952996
[36, 48, 7, 60, 52] - 665.5589388876989
[36, 48, 29, 7, 60] - 667.5826932894003
[58, 36, 48, 7, 60] - 670.2814237967002
[36, 48, 7, 60, 40] - 669.204581403198
[36, 48, 29, 7, 52] - 672.5844649866024
[58, 36, 48, 7, 52] - 674.2776003327009
[36, 48, 7, 40, 52] - 673.4096774547019
[58, 36, 48, 7, 29] - 677.2203554174996
[36, 48, 7, 29, 40] - 677.0257265956008
[36, 58, 48, 7, 40] - 679.2486918587003
[48, 29, 7, 60, 52] - 673.9172851635991
[58, 48, 7, 60, 52] - 673.7918367814008
[48, 7, 60, 40, 52] - 675.1327501917009
[58, 48, 7, 29, 60] - 675.995148340602
[48, 7, 29, 60, 40] - 677.3626403736995
[58, 48, 7, 60, 40] - 678.2977374432
[58, 48, 7, 29, 52] - 681.022286836299
[48, 7, 29, 40, 52] - 682.8064012463004
[58, 48, 7, 40, 52] - 682.2647879081012
[58, 48, 7, 29, 40] - 686.3917479839994
[36, 48, 29, 60, 52] - 688.4049272377999
[58, 36, 48, 60, 52] - 691.504384539601
[36, 48, 60, 40, 52] - 690.3900287750004
[58, 36, 48, 29, 60] - 694.4134174980001
[36, 48, 29, 60, 40] - 693.2049383915011
[36, 58, 48, 60, 40] - 697.3033677544996
[58, 36, 48, 29, 52] - 697.7409632627008
[36, 48, 29, 40, 52] - 696.9708376139001
[36, 58, 48, 40, 52] - 700.1369537598001
[36, 58, 48, 29, 40] - 704.1100742227
[58, 48, 29, 60, 52] - 697.8748106818998
[48, 29, 60, 40, 52] - 698.9210204385014
[58, 48, 60, 40, 52] - 700.0116132660996
[58, 48, 29, 60, 40] - 703.3317817175997
[58, 48, 29, 40, 52] - 706.8432939076013
[66, 56, 34, 62] - 830.122932409999
[66, 56, 34, 7] - 830.2198046500012
[66, 56, 34, 36] - 821.63546502
[66, 56, 34, 60] - 850.4060383799984
[66, 56, 34, 29, 52] - 639.9439102787009
[66, 56, 34, 58, 29] - 641.2817592854997
[66, 56, 34, 29, 40] - 642.2771474692014
[66, 56, 34, 58, 40] - 640.8972230016019
[56, 34, 7, 62] - 847.9779350700004
[56, 34, 36, 62] - 842.4034578000002
[56, 34, 60, 62, 52] - 643.0209830246017
[56, 34, 29, 60, 62] - 647.6136936175003
[56, 34, 58, 60, 62] - 645.4461529611012
[56, 34, 60, 40, 62] - 648.0488483578997
[56, 34, 29, 62, 52] - 656.773120438802
[56, 34, 58, 62, 52] - 652.916911757799
[56, 34, 40, 62, 52] - 657.0974950424988
[56, 34, 58, 29, 62] - 659.4306369174996
[56, 34, 29, 40, 62] - 663.1922973813975
[56, 34, 58, 40, 62] - 660.2131056814013
[56, 34, 36, 7] - 842.6478864199983
[56, 34, 7, 60, 52] - 643.6015531936993
[56, 34, 29, 7, 60] - 645.0038238457998
[56, 34, 58, 7, 60] - 644.089193599298
[56, 34, 7, 60, 40] - 644.3433447614
[56, 34, 29, 7, 52] - 656.6352891774998
[56, 34, 58, 7, 52] - 654.4176114167003
[56, 34, 7, 40, 52] - 655.6810683253009
[56, 34, 58, 7, 29] - 656.9293890377014
[56, 34, 7, 29, 40] - 658.3658294551013
[56, 34, 58, 7, 40] - 657.1699063629997
[56, 34, 36, 29, 60] - 640.8489151632988
[56, 34, 58, 36, 60] - 641.1330067341988
[56, 34, 36, 29, 52] - 649.7280739066987
[56, 34, 58, 36, 52] - 648.9137900424992
[56, 34, 36, 40, 52] - 647.295204896299
[56, 34, 58, 36, 29] - 653.3273278206999
[56, 34, 36, 29, 40] - 652.3920792822007
[56, 34, 36, 58, 40] - 652.3057154621006
[56, 34, 29, 60, 52] - 664.5503693150005
[56, 34, 58, 60, 52] - 661.7249433082006
[56, 34, 60, 40, 52] - 662.4302364253009
[56, 34, 58, 29, 60] - 665.8613324311007
[56, 34, 29, 60, 40] - 666.3179940695015
[56, 34, 58, 60, 40] - 664.6003560632997
[56, 34, 58, 29, 52] - 675.6940373542989
[56, 34, 29, 40, 52] - 677.2944411124004
[56, 34, 58, 40, 52] - 673.8190481364006
[56, 34, 58, 29, 40] - 679.473303359701
[66, 56, 7, 62] - 840.8613300499994
[66, 56, 36, 62] - 834.1527875899984
[66, 56, 60, 62, 52] - 645.6649855706004
[66, 56, 29, 60, 62] - 648.7423948758992
[66, 56, 58, 60, 62] - 648.6986006420003
[66, 56, 60, 40, 62] - 650.2040168922994
[66, 56, 29, 62, 52] - 650.0184281165982
[66, 56, 58, 62, 52] - 648.6895660778988
[66, 56, 40, 62, 52] - 651.260066042401
[66, 56, 58, 29, 62] - 653.2147464316997
[66, 56, 29, 40, 62] - 655.1957900819991
[66, 56, 58, 40, 62] - 654.644974254
[66, 56, 36, 7] - 834.3269012700007
[66, 56, 7, 60, 52] - 646.6686171662019
[66, 56, 29, 7, 60] - 647.2309687500991
[66, 56, 58, 7, 60] - 647.8783093021016
[66, 56, 7, 60, 40] - 647.3612917537997
[66, 56, 29, 7, 52] - 650.9290279025998
[66, 56, 58, 7, 52] - 650.2314742327006
[66, 56, 7, 40, 52] - 650.5254268706012
[66, 56, 58, 7, 29] - 651.8168363888007
[66, 56, 7, 29, 40] - 652.1810278062999
[66, 56, 58, 7, 40] - 652.6032786411986
[66, 56, 36, 60, 52] - 640.0621808131992
[66, 56, 36, 29, 60] - 642.5554648783003
[66, 56, 58, 36, 60] - 645.0148534241009
[66, 56, 36, 60, 40] - 642.7260357418994
[66, 56, 36, 29, 52] - 642.911792549399
[66, 56, 58, 36, 52] - 644.5779370279013
[66, 56, 36, 40, 52] - 642.4538735471986
[66, 56, 58, 36, 29] - 647.1948443822004
[66, 56, 36, 29, 40] - 645.494030601899
[66, 56, 36, 58, 40] - 647.8942316259999
[66, 56, 29, 60, 52] - 666.8099528355
[66, 56, 58, 60, 52] - 666.2864887780013
[66, 56, 60, 40, 52] - 666.417588561502
[66, 56, 58, 29, 60] - 669.2771597978007
[66, 56, 29, 60, 40] - 669.019204334401
[66, 56, 58, 60, 40] - 669.7425628375986
[66, 56, 58, 29, 52] - 670.7974858561998
[66, 56, 29, 40, 52] - 671.2467089649002
[66, 56, 58, 40, 52] - 670.4675901760005
[66, 56, 58, 29, 40] - 674.3112735815006
[56, 36, 29, 7, 62] - 640.7117432326005
[56, 58, 36, 7, 62] - 642.5169369564005
[56, 36, 7, 40, 62] - 643.3970330750985
[56, 7, 60, 62, 52] - 654.0996429549972
[56, 29, 7, 60, 62] - 655.4083677742009
[56, 58, 7, 60, 62] - 655.7691412365992
[56, 7, 60, 40, 62] - 658.1414621636998
[56, 29, 7, 62, 52] - 665.7808129344011
[56, 58, 7, 62, 52] - 664.6048456492996
[56, 7, 40, 62, 52] - 668.4816450876988
[56, 58, 7, 29, 62] - 667.9834275188006
[56, 7, 29, 40, 62] - 671.5623010634016
[56, 58, 7, 40, 62] - 671.2136430308994
[56, 36, 60, 62, 52] - 649.0688287384999
[56, 36, 29, 60, 62] - 652.1037977547005
[56, 58, 36, 60, 62] - 654.5072637002
[56, 36, 60, 40, 62] - 654.7875870065991
[56, 36, 29, 62, 52] - 659.8707777413002
[56, 58, 36, 62, 52] - 661.5380778157011
[56, 36, 40, 62, 52] - 662.9514385696979
[56, 58, 36, 29, 62] - 665.4824915810015
[56, 36, 29, 40, 62] - 666.6996128500991
[56, 36, 58, 40, 62] - 669.0557311047994
[56, 29, 60, 62, 52] - 675.6650396681999
[56, 58, 60, 62, 52] - 675.1507954176998
[56, 60, 40, 62, 52] - 678.2498101396003
[56, 58, 29, 60, 62] - 679.0302890124007
[56, 29, 60, 40, 62] - 681.2855911745006
[56, 58, 60, 40, 62] - 681.6399532763996
[56, 58, 29, 62, 52] - 687.0422030120006
[56, 29, 40, 62, 52] - 691.0206116628002
[56, 58, 40, 62, 52] - 690.0164011653991
[56, 58, 29, 40, 62] - 695.1075137087013
[56, 36, 7, 60, 52] - 649.527448348901
[56, 36, 29, 7, 60] - 650.7290962416995
[56, 58, 36, 7, 60] - 653.1525263786991
[56, 36, 7, 60, 40] - 651.0951575292992
[56, 36, 29, 7, 52] - 660.7229923589995
[56, 58, 36, 7, 52] - 662.2238190949989
[56, 36, 7, 40, 52] - 660.5465765217995
[56, 58, 36, 7, 29] - 663.8921743478988
[56, 36, 7, 29, 40] - 662.8807784312
[56, 36, 58, 7, 40] - 665.1614790333979
[56, 29, 7, 60, 52] - 675.6272992792979
[56, 58, 7, 60, 52] - 675.3343503989006
[56, 7, 60, 40, 52] - 676.1968806737018
[56, 58, 7, 29, 60] - 676.5524143520013
[56, 7, 29, 60, 40] - 677.1220875946001
[56, 58, 7, 60, 40] - 678.0511548119991
[56, 58, 7, 29, 52] - 687.5567682280016
[56, 7, 29, 40, 52] - 689.0534676743007
[56, 58, 7, 40, 52] - 688.3843827863005
[56, 58, 7, 29, 40] - 691.1372748608993
[56, 36, 29, 60, 52] - 670.1189847806019
[56, 58, 36, 60, 52] - 671.861445866701
[56, 36, 60, 40, 52] - 669.7753719067011
[56, 58, 36, 29, 60] - 674.5755717576002
[56, 36, 29, 60, 40] - 672.6220167656016
[56, 36, 58, 60, 40] - 675.3520930811984
[56, 58, 36, 29, 52] - 683.2784364112001
[56, 36, 29, 40, 52] - 681.8477903077005
[56, 36, 58, 40, 52] - 683.6391681688023
[56, 36, 58, 29, 40] - 687.0609737004028
[56, 58, 29, 60, 52] - 696.6965596503001
[56, 29, 60, 40, 52] - 697.263678926801
[56, 58, 60, 40, 52] - 696.9384613284006
[56, 58, 29, 60, 40] - 700.0473075963009
[56, 58, 29, 40, 52] - 710.1872160924005
[66, 34, 7, 62] - 839.4314256
[66, 34, 36, 62] - 834.5500396800011
[66, 34, 60, 62, 52] - 644.9812107784015
[66, 34, 29, 60, 62] - 649.8524387283003
[66, 34, 58, 60, 62] - 648.2157697599024
[66, 34, 60, 40, 62] - 650.6693110035015
[66, 34, 29, 62, 52] - 650.6404319838002
[66, 34, 58, 62, 52] - 647.4724790381006
[66, 34, 40, 62, 52] - 651.3501789178991
[66, 34, 58, 29, 62] - 653.8757312496982
[66, 34, 29, 40, 62] - 657.1553399401988
[66, 34, 58, 40, 62] - 655.0332486753008
[66, 34, 36, 7] - 843.0699297400002
[66, 34, 7, 60, 52] - 650.8416812932022
[66, 34, 29, 7, 60] - 652.4288121423988
[66, 34, 58, 7, 60] - 651.9726383872028
[66, 34, 7, 60, 40] - 653.0997379596997
[66, 34, 29, 7, 52] - 655.3108824917997
[66, 34, 58, 7, 52] - 653.4729496526003
[66, 34, 7, 40, 52] - 655.8287734370996
[66, 34, 58, 7, 29] - 656.0915728230012
[66, 34, 7, 29, 40] - 658.3472005372015
[66, 34, 58, 7, 40] - 657.7793878892011
[66, 34, 36, 60, 52] - 645.8089309170011
[66, 34, 36, 29, 60] - 649.4643823651984
[66, 34, 58, 36, 60] - 650.9921949473992
[66, 34, 36, 60, 40] - 650.6118761471007
[66, 34, 36, 29, 52] - 648.905585762799
[66, 34, 58, 36, 52] - 649.4287113786005
[66, 34, 36, 40, 52] - 649.717277155799
[66, 34, 58, 36, 29] - 653.3646534461008
[66, 34, 36, 29, 40] - 653.9568993045
[66, 34, 36, 58, 40] - 655.4615524306007
[66, 34, 29, 60, 52] - 671.8875608459988
[66, 34, 58, 60, 52] - 670.006025322397
[66, 34, 60, 40, 52] - 672.2650896825
[66, 34, 58, 29, 60] - 674.1319637571984
[66, 34, 29, 60, 40] - 675.7376834581017
[66, 34, 58, 60, 40] - 675.3940312177012
[66, 34, 58, 29, 52] - 674.7498695280009
[66, 34, 29, 40, 52] - 677.5834471890993
[66, 34, 58, 40, 52] - 675.5653517516014
[66, 34, 58, 29, 40] - 680.5074168209007
[34, 36, 7, 40, 62] - 639.9441821111999
[34, 7, 60, 62, 52] - 648.1878972769001
[34, 29, 7, 60, 62] - 652.684817232399
[34, 58, 7, 60, 62] - 650.6924471792998
[34, 7, 60, 40, 62] - 653.7774880835021
[34, 29, 7, 62, 52] - 661.9580613031004
[34, 58, 7, 62, 52] - 658.0879186568008
[34, 7, 40, 62, 52] - 663.1755915022002
[34, 58, 7, 29, 62] - 664.7700018630986
[34, 7, 29, 40, 62] - 669.5383513655
[34, 58, 7, 40, 62] - 666.687242819601
[34, 36, 60, 62, 52] - 644.6674975342011
[34, 36, 29, 60, 62] - 651.3071689217982
[34, 58, 36, 60, 62] - 651.3734020184005
[34, 36, 60, 40, 62] - 652.7140349648987
[34, 36, 29, 62, 52] - 657.7935147397994
[34, 58, 36, 62, 52] - 656.076147493201
[34, 36, 40, 62, 52] - 658.947636616101
[34, 58, 36, 29, 62] - 664.3239682258013
[34, 36, 29, 40, 62] - 667.1262994280971
[34, 36, 58, 40, 62] - 666.3929785884009
[34, 29, 60, 62, 52] - 673.8768423215013
[34, 58, 60, 62, 52] - 670.5181194144997
[34, 60, 40, 62, 52] - 674.6124717314991
[34, 58, 29, 60, 62] - 677.9551348864992
[34, 29, 60, 40, 62] - 681.0613613001985
[34, 58, 60, 40, 62] - 679.0339229540994
[34, 58, 29, 62, 52] - 684.5658396324009
[34, 29, 40, 62, 52] - 689.929231514402
[34, 58, 40, 62, 52] - 685.4378541314
[34, 58, 29, 40, 62] - 694.8276324613996
[34, 36, 7, 60, 52] - 651.4116386839993
[34, 36, 29, 7, 60] - 654.7966189128992
[34, 58, 36, 7, 60] - 655.7275587005005
[34, 36, 7, 60, 40] - 655.4075758633995
[34, 36, 29, 7, 52] - 663.2884683614003
[34, 58, 36, 7, 52] - 662.9657938897009
[34, 36, 7, 40, 52] - 663.7706668084992
[34, 58, 36, 7, 29] - 667.0251139405993
[34, 36, 7, 29, 40] - 668.2385015562008
[34, 36, 58, 7, 40] - 668.900234089899
[34, 29, 7, 60, 52] - 677.5883266971
[34, 58, 7, 60, 52] - 675.2604216511983
[34, 7, 60, 40, 52] - 678.0000466806987
[34, 58, 7, 29, 60] - 678.7856727531001
[34, 7, 29, 60, 40] - 680.9429240522003
[34, 58, 7, 60, 40] - 680.0590618460988
[34, 58, 7, 29, 52] - 688.1436307062007
[34, 7, 29, 40, 52] - 691.9283172943017
[34, 58, 7, 40, 52] - 689.2110462744998
[34, 58, 7, 29, 40] - 694.1609450123
[34, 36, 29, 60, 52] - 673.7952313319989
[34, 58, 36, 60, 52] - 673.5080793126966
[34, 36, 60, 40, 52] - 673.7102705924009
[34, 58, 36, 29, 60] - 678.9201916362991
[34, 36, 29, 60, 40] - 678.9906038114003
[34, 36, 58, 60, 40] - 680.079782812802
[34, 58, 36, 29, 52] - 685.6500556247992
[34, 36, 29, 40, 52] - 687.0894975008994
[34, 36, 58, 40, 52] - 686.1467464849006
[34, 36, 58, 29, 40] - 692.9227110407004
[34, 58, 29, 60, 52] - 698.786363585198
[34, 29, 60, 40, 52] - 701.4900055960003
[34, 58, 60, 40, 52] - 698.9941823975005
[34, 58, 29, 60, 40] - 704.6270330185007
[34, 58, 29, 40, 52] - 713.3431197142975
[66, 36, 7, 62] - 846.4525625600011
[66, 7, 60, 62, 52] - 654.5266443263012
[66, 29, 7, 60, 62] - 658.2057343488008
[66, 58, 7, 60, 62] - 657.7662658870012
[66, 7, 60, 40, 62] - 658.9906477877995
[66, 29, 7, 62, 52] - 659.6245237952992
[66, 58, 7, 62, 52] - 657.7236070959997
[66, 7, 40, 62, 52] - 660.3066902040002
[66, 58, 7, 29, 62] - 663.3647575004992
[66, 7, 29, 40, 62] - 665.2570402187005
[66, 58, 7, 40, 62] - 664.1355795108999
[66, 36, 60, 62, 52] - 651.0356295258007
[66, 36, 29, 60, 62] - 656.1134771662
[66, 58, 36, 60, 62] - 658.3408511411009
[66, 36, 60, 40, 62] - 658.1867338250006
[66, 36, 29, 62, 52] - 654.0173004367995
[66, 58, 36, 62, 52] - 655.3844725290983
[66, 36, 40, 62, 52] - 656.097521687901
[66, 58, 36, 29, 62] - 661.7263536264
[66, 36, 29, 40, 62] - 661.8425623786998
[66, 36, 58, 40, 62] - 663.707917158901
[66, 29, 60, 62, 52] - 678.8288827846998
[66, 58, 60, 62, 52] - 678.0438829512007
[66, 60, 40, 62, 52] - 680.7246624073987
[66, 58, 29, 60, 62] - 684.2305106401008
[66, 29, 60, 40, 62] - 685.5535877706983
[66, 58, 60, 40, 62] - 685.8319322235008
[66, 58, 29, 62, 52] - 682.7532489105982
[66, 29, 40, 62, 52] - 685.5140010153002
[66, 58, 40, 62, 52] - 684.1129460709999
[66, 58, 29, 40, 62] - 691.2411470264013
[66, 36, 7, 60, 52] - 658.6317251388014
[66, 36, 29, 7, 60] - 660.9531505947012
[66, 58, 36, 7, 60] - 663.5211517617008
[66, 36, 7, 60, 40] - 662.5858375754974
[66, 36, 29, 7, 52] - 660.8502575074016
[66, 58, 36, 7, 52] - 662.4130701624017
[66, 36, 7, 40, 52] - 662.2755996132
[66, 58, 36, 7, 29] - 665.5091378587991
[66, 36, 7, 29, 40] - 665.365803327
[66, 36, 58, 7, 40] - 667.8462153080984
[66, 29, 7, 60, 52] - 684.0185930675012
[66, 58, 7, 60, 52] - 683.4882112790987
[66, 7, 60, 40, 52] - 685.4769772066002
[66, 58, 7, 29, 60] - 686.3638088815993
[66, 7, 29, 60, 40] - 687.5987013426001
[66, 58, 7, 60, 40] - 688.4787295307996
[66, 58, 7, 29, 52] - 687.4291967926995
[66, 7, 29, 40, 52] - 689.7750399623999
[66, 58, 7, 40, 52] - 689.0673360630004
[66, 58, 7, 29, 40] - 692.8974214788992
[66, 36, 29, 60, 52] - 680.1827550632012
[66, 58, 36, 60, 52] - 682.3945527653993
[66, 36, 60, 40, 52] - 682.4319490075999
[66, 58, 36, 29, 60] - 686.4613145315006
[66, 36, 29, 60, 40] - 686.0260897150999
[66, 36, 58, 60, 40] - 689.3887879390993
[66, 58, 36, 29, 52] - 684.3377441000989
[66, 36, 29, 40, 52] - 684.6345863875997
[66, 36, 58, 40, 52] - 686.6624229602002
[66, 36, 58, 29, 40] - 691.3469527043005
[66, 58, 29, 60, 52] - 706.5272298863017
[66, 29, 60, 40, 52] - 708.5578871495998
[66, 58, 60, 40, 52] - 708.7919390806013
[66, 58, 29, 60, 40] - 712.9471706073003
[66, 58, 29, 40, 52] - 712.607521866899
[36, 7, 60, 62, 52] - 655.622978982899
[36, 29, 7, 60, 62] - 660.4710180562004
[58, 36, 7, 60, 62] - 662.0875740911996
[36, 7, 60, 40, 62] - 662.8750086598994
[36, 29, 7, 62, 52] - 667.3835975272007
[58, 36, 7, 62, 52] - 667.5823388728995
[36, 7, 40, 62, 52] - 669.6834660408007
[58, 36, 7, 29, 62] - 674.1235578395008
[36, 7, 29, 40, 62] - 676.1781560450987
[36, 58, 7, 40, 62] - 676.9950391437001
[29, 7, 60, 62, 52] - 682.9885618665005
[58, 7, 60, 62, 52] - 681.5614678273996
[7, 60, 40, 62, 52] - 685.4593702833992
[58, 7, 29, 60, 62] - 687.2120032178995
[7, 29, 60, 40, 62] - 690.2113839067993
[58, 7, 60, 40, 62] - 689.7481873675002
[58, 7, 29, 62, 52] - 694.2244325836987
[7, 29, 40, 62, 52] - 699.0843112517011
[58, 7, 40, 62, 52] - 696.638197783901
[58, 7, 29, 40, 62] - 704.2266909531011
[36, 29, 60, 62, 52] - 680.3010767250989
[58, 36, 60, 62, 52] - 682.1354015613991
[36, 60, 40, 62, 52] - 683.700149226699
[58, 36, 29, 60, 62] - 688.6667930320997
[36, 29, 60, 40, 62] - 689.5731803076995
[36, 58, 60, 40, 62] - 692.1702106030001
[58, 36, 29, 62, 52] - 693.1694031434005
[36, 29, 40, 62, 52] - 695.6236415550994
[36, 58, 40, 62, 52] - 696.9499118024986
[36, 58, 29, 40, 62] - 704.5225538282007
[58, 29, 60, 62, 52] - 707.6767608220995
[29, 60, 40, 62, 52] - 711.2901912938005
[58, 60, 40, 62, 52] - 710.7629532215988
[58, 29, 60, 40, 62] - 717.4743802118019
[58, 29, 40, 62, 52] - 723.6174148332004
[36, 29, 7, 60, 52] - 686.3933216771975
[58, 36, 7, 60, 52] - 687.6669942151021
[36, 7, 60, 40, 52] - 688.2441380238007
[58, 36, 7, 29, 60] - 691.5013352340991
[36, 7, 29, 60, 40] - 691.8934319685989
[36, 58, 7, 60, 40] - 694.336078346199
[58, 36, 7, 29, 52] - 698.485399243302
[36, 7, 29, 40, 52] - 699.8466955531004
[36, 58, 7, 40, 52] - 700.6389777333003
[36, 58, 7, 29, 40] - 705.7375123607009
[58, 7, 29, 60, 52] - 711.4153817201008
[7, 29, 60, 40, 52] - 714.599611889401
[58, 7, 60, 40, 52] - 714.0400347335
[58, 7, 29, 60, 40] - 717.9547334626991
[58, 7, 29, 40, 52] - 726.499667721101
[58, 36, 29, 60, 52] - 710.8938181525008
[36, 29, 60, 40, 52] - 711.3500482501001
[36, 58, 60, 40, 52] - 713.7185909508006
[36, 58, 29, 60, 40] - 718.5597256046982
[36, 58, 29, 40, 52] - 724.5240293703017
[58, 29, 60, 40, 52] - 738.1022530223004
