Total itemsets found: 3012
Elapsed time: 3985ms
[46] - 593.21
[7] - 625.9999999999998
[123] - 639.7499999999997
[79, 21] - 591.3639000000004
[36, 21] - 591.8744999999994
[90, 21] - 599.8233999999993
[22, 97] - 596.7493999999998
[22, 94] - 599.3989999999992
[22, 36] - 604.7612999999997
[22, 90] - 604.4610000000006
[44, 97] - 622.6347999999987
[44, 94] - 594.5397999999996
[44, 90] - 624.8185999999995
[125, 38] - 638.5596000000014
[125, 97] - 620.8170999999991
[125, 94] - 640.4320999999999
[36, 125] - 648.0973999999998
[125, 90] - 645.1415000000006
[94, 53] - 689.4254999999996
[36, 53] - 693.7727999999994
[90, 53] - 697.5183999999995
[110, 102] - 725.5379999999996
[102, 29] - 726.8570000000004
[102, 70] - 729.3798999999996
[66, 102] - 731.9170000000004
[55, 102] - 725.2176999999995
[57, 102] - 728.9662
[2, 102] - 731.7608999999985
[24, 102] - 725.3585999999991
[102, 41] - 723.2547999999995
[102, 38] - 728.6277000000002
[102, 97] - 725.7515999999995
[102, 94] - 732.2725000000002
[36, 102] - 726.0604000000001
[102, 90] - 725.0941999999992
[122, 60] - 638.6886000000004
[60, 31] - 630.1689999999995
[1, 60] - 627.3239999999998
[88, 60] - 772.7486
[79, 60] - 770.3571000000004
[24, 60] - 634.516
[60, 97] - 768.8288000000006
[60, 94] - 766.8702999999998
[36, 60] - 768.1294999999997
[90, 60] - 763.7903999999997
[88, 119] - 770.7029000000014
[79, 119] - 775.2610999999998
[119, 41] - 639.5104000000003
[119, 97] - 686.1768999999998
[119, 94] - 772.7680999999999
[36, 119] - 775.5482000000003
[90, 119] - 775.397
[20, 120] - 640.0920000000002
[56, 38, 20] - 592.4784790000002
[56, 97, 20] - 601.7435819999992
[56, 94, 20] - 601.0091929999999
[56, 36, 20] - 603.6767510000011
[56, 90, 20] - 606.9141499999997
[71, 20] - 597.9605999999998
[67, 20] - 594.0703999999997
[38, 97, 20] - 594.3923840000003
[38, 94, 20] - 616.5916940000008
[36, 38, 20] - 618.3044160000001
[38, 90, 20] - 624.8308439999998
[94, 20, 97] - 604.233311
[36, 20, 97] - 605.7763639999995
[90, 20, 97] - 610.7062689999993
[36, 94, 20] - 626.7183479999994
[90, 94, 20] - 633.9358320000003
[36, 90, 20] - 635.4191219999997
[50, 41] - 771.4913999999992
[38, 50] - 645.5954999999998
[94, 50, 97] - 617.1848959999993
[36, 50, 97] - 622.5229559999998
[90, 50, 97] - 620.0705939999997
[36, 50, 94] - 660.7036690000001
[90, 50, 94] - 659.0293800000004
[36, 90, 50] - 665.0630269999997
[122, 39] - 733.2677000000016
[100, 39] - 621.6902000000009
[1, 39, 31] - 591.4819750000005
[79, 39, 31] - 593.8058060000003
[24, 39, 31] - 600.0878880000012
[39, 94, 31] - 593.823425999999
[36, 39, 31] - 593.4013249999996
[39, 90, 31] - 592.6048120000008
[88, 1, 39] - 600.7672480000004
[1, 79, 39] - 627.7157540000009
[1, 24, 39] - 593.3888880000019
[1, 39, 94] - 628.1814559999999
[1, 36, 39] - 624.443315999999
[1, 39, 90] - 624.1035520000006
[88, 79, 39] - 643.9303209999994
[88, 24, 39] - 605.2780999999998
[88, 39, 94] - 641.5512040000004
[88, 36, 39] - 637.4520490000004
[88, 39, 90] - 641.0115369999999
[24, 79, 39] - 634.2140980000001
[79, 39, 94] - 671.9055020000002
[79, 36, 39] - 665.7525990000005
[79, 39, 90] - 667.8250819999996
[56, 39] - 626.2274999999998
[24, 39, 94] - 632.4491879999994
[24, 36, 39] - 631.5796220000003
[24, 39, 90] - 633.2530610000009
[39, 41] - 734.1479
[39, 97] - 735.3602999999997
[36, 39, 94] - 664.0195269999981
[39, 90, 94] - 666.7097410000011
[36, 39, 90] - 665.3612840000008
[110, 57, 29] - 663.7501069999997
[110, 2, 29] - 670.0617780000014
[110, 29, 41] - 658.9387020000005
[110, 38, 29] - 666.3924309999992
[110, 29, 97] - 661.9321660000005
[110, 29, 94] - 667.5495419999997
[110, 36, 29] - 664.8258569999991
[110, 90, 29] - 667.3239089999993
[110, 70] - 726.4951999999995
[66, 110] - 728.8280999999989
[55, 110] - 753.0132999999987
[110, 2, 57] - 666.9924340000006
[110, 57, 41] - 658.4246960000003
[110, 57, 38] - 665.2739209999993
[110, 57, 97] - 660.7760339999999
[110, 57, 94] - 665.3788609999999
[110, 57, 36] - 661.2248220000001
[110, 57, 90] - 664.8956890000006
[110, 2, 41] - 663.4657949999995
[110, 2, 38] - 671.7377959999991
[110, 2, 97] - 666.7436200000004
[110, 2, 94] - 672.5935909999998
[110, 2, 36] - 668.0663249999989
[110, 2, 90] - 669.6048340000001
[110, 24] - 750.1888999999999
[110, 38, 41] - 660.553396
[110, 41, 97] - 656.2268440000004
[110, 94, 41] - 661.2444019999994
[110, 36, 41] - 657.152636
[110, 90, 41] - 659.8607829999994
[110, 38, 97] - 682.2433850000017
[110, 38, 94] - 689.248494999999
[110, 36, 38] - 685.1763570000004
[110, 38, 90] - 685.8714460000015
[110, 94, 97] - 685.0357609999993
[110, 36, 97] - 681.5469230000008
[110, 90, 97] - 682.5354199999996
[110, 36, 94] - 687.2044989999983
[110, 90, 94] - 688.1259989999991
[110, 36, 90] - 685.3809310000001
[121, 128] - 624.9394000000005
[121, 57, 41] - 651.4229089999991
[121, 57, 38] - 648.7394629999992
[121, 57, 97] - 632.7265179999991
[121, 57, 94] - 643.3203580000003
[121, 57, 36] - 649.4550729999994
[121, 57, 90] - 646.9755079999995
[121, 1] - 600.7662000000004
[121, 38, 41] - 692.3235530000001
[121, 41, 97] - 678.1143609999993
[121, 94, 41] - 687.4301719999992
[121, 36, 41] - 691.340811
[121, 90, 41] - 690.3711170000007
[121, 38, 97] - 703.996601999999
[121, 38, 94] - 714.0955020000001
[121, 36, 38] - 721.544544999999
[121, 38, 90] - 718.4998799999998
[121, 94, 97] - 700.080896
[121, 36, 97] - 706.7488699999992
[121, 90, 97] - 702.2599569999996
[121, 36, 94] - 718.076182
[121, 90, 94] - 714.3356549999995
[121, 36, 90] - 722.5434220000016
[45, 114, 63] - 726.9363989999996
[45, 114, 42] - 731.9749569999999
[100, 45, 114] - 719.6867810000007
[45, 2, 114] - 727.5901129999988
[45, 114, 120] - 720.6821580000009
[56, 45, 114] - 730.2897679999998
[45, 24, 114] - 726.3647890000007
[45, 114, 38] - 717.130706
[45, 114, 97] - 731.6792729999995
[45, 114, 94] - 723.8210259999993
[45, 36, 114] - 725.1378459999988
[45, 114, 90] - 724.055984
[45, 63, 42] - 732.9415479999986
[100, 45, 63] - 723.7361879999999
[45, 2, 63] - 729.0203220000005
[45, 63, 120] - 721.9086520000005
[56, 45, 63] - 731.6514579999996
[45, 24, 63] - 727.7237680000021
[45, 38, 63] - 719.4370209999993
[45, 63, 97] - 733.2334099999988
[45, 94, 63] - 726.0841129999992
[45, 36, 63] - 727.015227999999
[45, 90, 63] - 726.2701930000001
[100, 45, 42] - 727.3627979999989
[45, 2, 42] - 733.2218479999993
[45, 42, 120] - 726.9750070000007
[56, 45, 42] - 735.262382999999
[45, 24, 42] - 731.5747310000002
[45, 38, 42] - 723.1923320000002
[45, 97, 42] - 737.935303999999
[45, 94, 42] - 730.9722520000005
[45, 36, 42] - 731.432098
[45, 90, 42] - 730.7240049999995
[45, 100, 2] - 723.0516590000002
[45, 100, 120] - 717.8273290000011
[56, 45, 100] - 727.0754689999995
[45, 100, 24] - 723.4728650000006
[45, 100, 38] - 714.3812960000009
[45, 100, 97] - 727.0996869999998
[45, 100, 94] - 720.4319980000014
[45, 100, 36] - 721.450182
[45, 100, 90] - 721.1034839999991
[45, 2, 120] - 722.617819
[56, 45, 2] - 732.6820519999992
[45, 24, 2] - 729.5879429999989
[45, 2, 38] - 719.7937820000001
[45, 2, 97] - 732.4222599999987
[45, 2, 94] - 725.8212099999992
[45, 2, 36] - 727.9223190000007
[45, 2, 90] - 728.0779280000014
[56, 45, 120] - 725.3120280000009
[45, 24, 120] - 721.9188860000005
[45, 38, 120] - 713.699526000001
[45, 97, 120] - 727.6145250000009
[45, 94, 120] - 721.0618059999996
[45, 36, 120] - 720.0978889999999
[45, 90, 120] - 719.7700699999998
[45, 56, 24] - 730.7747740000007
[45, 56, 38] - 722.1684759999988
[45, 56, 97] - 736.1092699999988
[45, 56, 94] - 728.7434799999993
[45, 56, 36] - 730.704187999999
[45, 56, 90] - 728.9630080000006
[45, 24, 38] - 717.9333999999998
[45, 24, 97] - 732.620886
[45, 24, 94] - 726.6118719999997
[45, 24, 36] - 726.6048950000002
[45, 24, 90] - 726.2792609999989
[45, 38, 97] - 724.5151339999993
[45, 38, 94] - 716.3280060000003
[45, 36, 38] - 718.4045690000007
[45, 38, 90] - 716.7560849999995
[45, 94, 97] - 730.5951910000025
[45, 36, 97] - 731.9076369999998
[45, 90, 97] - 731.1027919999997
[45, 36, 94] - 723.9284370000008
[45, 90, 94] - 724.4079950000007
[45, 36, 90] - 725.234609
[77, 2] - 730.6251999999998
[77, 120] - 764.6471999999993
[77, 56, 38] - 601.0456059999992
[77, 56, 97] - 614.2725270000003
[77, 56, 94] - 610.7439650000002
[77, 56, 36] - 610.8782650000004
[77, 56, 90] - 612.9038899999996
[77, 24] - 730.0843999999995
[77, 38, 94, 97] - 591.68114286
[77, 36, 38, 97] - 589.8854936699998
[77, 38, 90, 97] - 589.9664745300012
[77, 36, 94, 97] - 596.6859756600012
[77, 90, 94, 97] - 599.6527945199999
[77, 36, 90, 97] - 595.507959180001
[77, 36, 90, 94] - 595.4459683100004
[2, 86] - 731.212699999999
[86, 120] - 766.7163999999998
[56, 38, 86] - 610.8558610000006
[56, 97, 86] - 615.5756410000001
[56, 94, 86] - 615.6087119999993
[56, 36, 86] - 615.5524069999998
[56, 90, 86] - 616.3917029999997
[24, 86] - 741.0260999999987
[38, 94, 86, 97] - 595.7119132499995
[36, 38, 86, 97] - 593.8278520600012
[38, 90, 86, 97] - 594.3819393499997
[36, 38, 94, 86] - 595.2439914300006
[38, 90, 94, 86] - 596.4320255100016
[36, 38, 90, 86] - 595.7198249800001
[36, 94, 86, 97] - 597.3983049400011
[90, 94, 86, 97] - 599.4997566900008
[36, 90, 86, 97] - 597.6929554100004
[36, 90, 94, 86] - 599.1207778199996
[23, 107] - 750.3135999999997
[1, 107, 31] - 592.073941
[107, 97, 31] - 596.9384379999996
[107, 94, 31] - 601.4288829999995
[36, 107, 31] - 605.2189810000001
[90, 107, 31] - 601.4563819999998
[5, 107] - 591.5896999999997
[67, 104, 107] - 628.250263
[38, 104, 107] - 602.6104859999987
[104, 107, 97] - 618.0601719999989
[104, 107, 94] - 618.5662090000004
[36, 104, 107] - 634.6140199999992
[104, 90, 107] - 628.2709239999997
[1, 107, 71] - 593.4351790000005
[67, 1, 107] - 631.681901
[1, 107, 41] - 725.4837649999994
[1, 107, 97] - 733.894639999999
[1, 107, 94] - 737.765019999999
[1, 36, 107] - 748.4998809999994
[1, 90, 107] - 741.070482
[88, 107, 97] - 598.8940739999998
[88, 107, 94] - 595.2778629999997
[88, 36, 107] - 604.4256219999996
[88, 90, 107] - 597.0776260000001
[79, 107, 97] - 596.8896339999995
[79, 107, 94] - 596.5201020000003
[79, 36, 107] - 602.5381089999998
[79, 90, 107] - 599.0475799999999
[56, 107] - 771.020099999999
[67, 107, 71] - 639.9785410000003
[107, 71, 97] - 686.1907240000011
[107, 71, 94] - 685.5601089999988
[36, 107, 71] - 700.3493280000007
[90, 107, 71] - 694.9606370000001
[67, 107, 41] - 624.0764660000004
[67, 38, 107] - 605.9790599999999
[67, 107, 97] - 729.2782949999995
[67, 107, 94] - 729.880527999999
[67, 36, 107] - 741.9416500000008
[67, 90, 107] - 738.8182829999993
[107, 41, 97] - 727.0257890000001
[107, 94, 41] - 732.0878740000006
[36, 107, 41] - 739.9601600000002
[90, 107, 41] - 732.570683999999
[38, 107, 97] - 596.5282130000004
[38, 107, 94] - 598.3287940000006
[36, 38, 107] - 613.2240069999995
[38, 90, 107] - 605.6677589999995
[36, 107, 94, 97] - 631.7549341799996
[90, 107, 94, 97] - 625.9329606799994
[36, 90, 107, 97] - 636.9442925700007
[36, 90, 107, 94] - 635.5789563199992
[57, 16, 97] - 591.3367080000005
[57, 16, 94] - 593.5679750000006
[57, 36, 16] - 591.8637470000001
[57, 16, 90] - 590.2543680000002
[16, 31] - 728.9603999999989
[5, 16] - 594.5690000000004
[1, 16] - 718.1877999999998
[88, 16] - 603.3181999999998
[79, 16] - 602.7387999999996
[56, 16] - 667.9363
[24, 16, 94] - 596.4083610000005
[24, 36, 16] - 597.5100399999997
[24, 16, 90] - 591.6662630000005
[16, 71] - 600.9121999999986
[67, 16] - 601.7267999999997
[16, 41, 97] - 778.9379799999995
[36, 16, 94, 41] - 628.4962765600009
[16, 90, 94, 41] - 621.881461549999
[36, 16, 90, 41] - 621.4386245599981
[16, 38, 97] - 591.9549889999995
[16, 38, 94] - 594.3323159999999
[36, 16, 38] - 593.7981699999998
[16, 38, 90] - 589.8046999999996
[36, 16, 94, 97] - 618.85956122
[16, 90, 94, 97] - 613.2755643199989
[36, 16, 90, 97] - 613.7003644
[36, 16, 90, 94] - 656.314991259999
[23, 108] - 778.8725999999987
[1, 108, 31] - 625.8039660000004
[108, 41, 31] - 601.6378330000005
[108, 97, 31] - 627.6022609999999
[108, 94, 31] - 606.3137100000013
[36, 108, 31] - 603.0394909999995
[90, 108, 31] - 620.1531900000002
[5, 108] - 610.909200000001
[104, 108, 71] - 632.3559270000013
[67, 104, 108] - 674.204106000001
[38, 104, 108] - 630.9916070000005
[104, 108, 97] - 673.0883609999998
[104, 108, 94] - 650.0850220000004
[36, 104, 108] - 653.6933720000003
[104, 90, 108] - 671.6926469999994
[56, 1, 108] - 604.8002769999995
[1, 108, 71] - 649.7345079999999
[67, 1, 108] - 687.4490070000007
[1, 108, 41] - 748.7148890000003
[1, 90, 108, 97] - 596.1383216200006
[1, 108, 94] - 778.3412289999997
[1, 36, 108] - 776.5559500000005
[88, 108, 97] - 632.2873319999994
[88, 108, 94] - 631.4851580000012
[88, 36, 108] - 632.8948969999994
[88, 90, 108] - 632.6098889999996
[79, 108, 97] - 623.5421959999994
[79, 108, 94] - 625.5282619999997
[79, 36, 108] - 623.6841269999999
[79, 90, 108] - 626.6692139999999
[56, 108, 97] - 603.5119890000004
[56, 108, 94] - 603.1815079999991
[56, 36, 108] - 599.9202429999997
[56, 90, 108] - 598.8716439999998
[67, 108, 71] - 689.9938109999993
[108, 71, 41] - 606.3214770000002
[38, 108, 71] - 590.377371000001
[108, 71, 97] - 743.5790140000023
[108, 71, 94] - 722.5010510000005
[36, 108, 71] - 725.5708430000013
[90, 108, 71] - 740.1792650000007
[67, 108, 41] - 641.8418079999993
[67, 38, 108] - 633.2496779999996
[67, 108, 97] - 781.4080870000014
[67, 108, 94] - 759.7101439999992
[67, 36, 108] - 762.3736350000007
[67, 90, 108] - 780.2413529999997
[108, 41, 97] - 748.4957199999993
[108, 94, 41] - 728.364387
[36, 108, 41] - 726.0088570000006
[90, 108, 41] - 744.1413259999988
[38, 108, 97] - 629.8366230000001
[38, 108, 94] - 606.7452879999996
[36, 38, 108] - 611.3268039999991
[38, 90, 108] - 627.449798
[36, 108, 94, 97] - 652.1729107999992
[90, 108, 94, 97] - 652.0749150299994
[36, 90, 108, 97] - 651.9006687200007
[36, 90, 108, 94] - 651.3786877199997
[66, 29, 70] - 608.055383999999
[2, 29, 70] - 670.0923189999999
[24, 29, 70] - 666.0307800000002
[38, 29, 70] - 668.1621959999995
[29, 70, 97] - 668.7079140000006
[29, 70, 94] - 671.412977
[36, 29, 70] - 667.9391620000014
[90, 29, 70] - 669.0484130000004
[66, 2, 29] - 673.2493670000001
[66, 24, 29] - 667.3673479999995
[66, 38, 29] - 670.0837239999987
[66, 29, 97] - 669.8427259999995
[66, 29, 94] - 669.8409320000001
[66, 36, 29] - 666.933493
[66, 90, 29] - 671.5641179999999
[55, 29] - 725.1498999999995
[2, 57, 29] - 670.9863380000008
[57, 29, 41] - 661.8738410000018
[57, 38, 29] - 669.0836939999996
[57, 29, 97] - 663.172988999999
[57, 29, 94] - 669.4391360000004
[57, 36, 29] - 665.2926000000001
[57, 90, 29] - 670.4721170000003
[2, 24, 38, 29] - 589.2231610199996
[2, 24, 29, 97] - 591.2688873499977
[2, 24, 29, 94] - 591.9640336600003
[2, 24, 90, 29] - 591.1757420599994
[2, 29, 41] - 666.3562110000001
[2, 38, 29, 97] - 681.4652561399995
[2, 38, 29, 94] - 686.1397345199998
[2, 36, 38, 29] - 680.7985839899999
[2, 38, 90, 29] - 683.62967217
[2, 29, 94, 97] - 685.7183872100001
[2, 36, 29, 97] - 680.6064670599993
[2, 90, 29, 97] - 684.5288263000007
[2, 36, 29, 94] - 683.4250105999994
[2, 90, 29, 94] - 687.704834659999
[2, 36, 90, 29] - 683.3031497000021
[29, 120] - 764.6928999999997
[24, 29, 94, 97] - 591.4755096400005
[24, 90, 29, 97] - 590.2679116700001
[24, 90, 29, 94] - 590.385005189999
[24, 36, 29] - 782.9838890000024
[38, 29, 41] - 663.1835809999994
[29, 41, 97] - 657.4826829999997
[29, 94, 41] - 664.1387409999999
[36, 29, 41] - 660.2574660000016
[90, 29, 41] - 664.8181770000006
[38, 29, 94, 97] - 681.4471937400008
[36, 38, 29, 97] - 676.3306501299995
[38, 90, 29, 97] - 678.6020283599985
[36, 38, 29, 94] - 679.5759747500002
[38, 90, 29, 94] - 682.5120976800005
[36, 38, 90, 29] - 678.1316686999993
[36, 29, 94, 97] - 680.8471690899999
[90, 29, 94, 97] - 684.3845169000001
[36, 90, 29, 97] - 680.3274368700002
[36, 90, 29, 94] - 682.5452607999997
[13, 63] - 618.4945999999994
[13, 42] - 605.6385999999994
[100, 13] - 686.9238999999994
[13, 31] - 667.8745999999996
[13, 104] - 600.0833999999999
[13, 120] - 779.186299999998
[1, 13] - 717.1384999999984
[88, 13] - 661.7199999999995
[79, 13] - 688.5953999999992
[56, 13, 38] - 601.1720759999989
[56, 13, 97] - 707.2512700000004
[56, 13, 94] - 709.2131989999992
[56, 13, 36] - 711.7518299999998
[56, 13, 90] - 703.8396469999998
[13, 24, 97] - 593.827875000001
[13, 24, 90] - 604.9827989999995
[13, 38, 71] - 600.2373619999984
[13, 71, 97] - 635.6769119999998
[13, 90, 71] - 656.1570790000007
[67, 13, 38] - 645.3068420000005
[67, 13, 97] - 681.4919159999993
[67, 13, 94] - 626.3818479999998
[67, 13, 36] - 625.332311000001
[67, 13, 90] - 701.3752100000016
[13, 41] - 678.2309999999997
[13, 38, 90, 97] - 594.3751249100006
[13, 38, 94] - 760.6021890000017
[13, 36, 38] - 759.720641000001
[13, 36, 94, 97] - 635.9484492699997
[13, 90, 94, 97] - 628.56579867
[13, 36, 90, 97] - 628.9775964400001
[13, 36, 90, 94] - 659.2164185100008
[66, 2, 70] - 734.1345990000004
[66, 24, 70] - 766.8643610000001
[66, 38, 70] - 733.1682609999989
[66, 70, 97] - 733.0275639999996
[66, 70, 94] - 764.0896290000009
[66, 36, 70] - 763.430261
[66, 90, 70] - 762.7668549999992
[11, 70] - 604.9049999999996
[55, 24, 70] - 604.7366850000014
[55, 70, 41] - 603.4292790000006
[55, 70, 94] - 607.8627549999993
[55, 36, 70] - 607.3962070000002
[55, 90, 70] - 608.5864709999994
[57, 70] - 729.6518000000008
[2, 70, 120] - 630.697344000001
[2, 24, 38, 70] - 684.8408074000002
[2, 24, 70, 97] - 687.9317425399992
[2, 24, 70, 94] - 688.7106306599997
[2, 24, 36, 70] - 687.5579279100006
[2, 24, 90, 70] - 684.1487747699995
[2, 38, 70, 97] - 682.1246332800002
[2, 38, 70, 94] - 683.9665224600004
[2, 36, 38, 70] - 682.99555617
[2, 38, 90, 70] - 678.0448902500012
[2, 70, 94, 97] - 686.4413990699999
[2, 36, 70, 97] - 684.9274672600005
[2, 90, 70, 97] - 681.9140776500004
[2, 36, 70, 94] - 686.1751000999985
[2, 90, 70, 94] - 683.1557880000008
[2, 36, 90, 70] - 681.9168707099992
[24, 70, 120] - 633.070531
[38, 70, 120] - 625.1491250000007
[70, 97, 120] - 632.4822420000005
[70, 94, 120] - 635.0665909999992
[36, 70, 120] - 629.4402159999993
[90, 70, 120] - 626.8299850000002
[24, 70, 41] - 604.0665730000007
[24, 38, 70, 97] - 681.2505859299994
[24, 38, 70, 94] - 683.0039443100005
[24, 36, 38, 70] - 680.9032063999997
[24, 38, 90, 70] - 676.5627457399999
[24, 70, 94, 97] - 686.7559489599996
[24, 36, 70, 97] - 684.1545869800002
[24, 90, 70, 97] - 681.6289662599997
[24, 36, 70, 94] - 731.4333566399997
[24, 90, 70, 94] - 729.9665346799997
[24, 36, 90, 70] - 728.92539751
[70, 94, 41] - 606.2000399999996
[36, 70, 41] - 603.4471570000013
[90, 70, 41] - 606.0693109999999
[38, 70, 94, 97] - 681.6661548699992
[36, 38, 70, 97] - 679.57887014
[38, 90, 70, 97] - 674.9345256899993
[36, 38, 70, 94] - 681.2326502099996
[38, 90, 70, 94] - 677.200992639998
[36, 38, 90, 70] - 675.2570341700006
[36, 70, 94, 97] - 684.0255432200025
[90, 70, 94, 97] - 681.6593685800009
[36, 90, 70, 97] - 679.0893612800007
[36, 90, 70, 94] - 727.6732110899998
[55, 122] - 697.1664999999989
[122, 31] - 756.9956000000002
[122, 5] - 643.664099999999
[88, 122, 1] - 701.6267670000008
[122, 1, 79] - 698.323174999999
[122, 1, 41] - 691.7117569999998
[122, 1, 94] - 697.5736179999997
[122, 1, 36] - 696.2057329999998
[122, 1, 90] - 694.8894700000001
[88, 122, 79, 94] - 624.0538456599998
[88, 122, 79, 36] - 623.4840707599983
[88, 122, 79, 90] - 621.7699412400002
[88, 122, 41] - 768.8437589999995
[88, 122, 97] - 690.0458270000013
[88, 122, 36, 94] - 619.5602990199993
[88, 122, 90, 94] - 617.9323374799997
[88, 122, 36, 90] - 619.2177810000009
[122, 79, 41] - 765.7963240000008
[122, 79, 97] - 687.0279219999993
[122, 79, 36, 94] - 620.3286925900004
[122, 79, 90, 94] - 619.30050189
[122, 79, 36, 90] - 617.8839400700003
[56, 122] - 650.2908
[122, 24, 41] - 729.9539220000007
[122, 24, 97] - 616.5922100000009
[122, 24, 94] - 738.9448090000011
[122, 24, 36] - 730.8395670000001
[122, 24, 90] - 733.3801080000009
[122, 71] - 643.6054999999998
[67, 122] - 699.1302000000007
[122, 94, 41, 97] - 608.3899301400011
[122, 36, 41, 97] - 602.0130994799995
[122, 90, 41, 97] - 600.9425861899999
[122, 36, 94, 41] - 706.4339724599998
[122, 90, 94, 41] - 707.3016396500016
[122, 36, 90, 41] - 703.0398872400003
[122, 38] - 613.3859999999994
[122, 36, 94, 97] - 654.2201518100014
[122, 90, 94, 97] - 651.5396466499986
[122, 36, 90, 97] - 646.0580117700008
[122, 36, 90, 94] - 751.6010971400013
[66, 114] - 611.0472999999998
[66, 63] - 594.0089
[11, 66] - 649.640299999999
[66, 55, 24] - 640.8520050000002
[66, 55, 41] - 620.9485759999994
[66, 55, 94] - 642.611831999999
[66, 55, 36] - 631.3124439999998
[66, 55, 90] - 643.6239360000019
[66, 57] - 733.2725999999994
[66, 2, 120] - 654.8870290000002
[66, 2, 24, 38] - 717.5124792599997
[66, 2, 24, 97] - 701.4610679999993
[66, 2, 24, 94] - 718.2116972399978
[66, 2, 24, 36] - 708.7579380400011
[66, 2, 24, 90] - 716.2412888800009
[66, 2, 38, 97] - 700.3443974599986
[66, 2, 38, 94] - 717.616253770001
[66, 2, 36, 38] - 708.0272684099996
[66, 2, 38, 90] - 714.4219692300006
[66, 2, 94, 97] - 701.1957386300008
[66, 2, 36, 97] - 699.4366526800002
[66, 2, 90, 97] - 698.2747460699984
[66, 2, 36, 94] - 708.3122276199987
[66, 2, 90, 94] - 715.3571859500003
[66, 2, 36, 90] - 706.19356523
[66, 24, 120] - 656.9611199999993
[66, 38, 120] - 654.2601279999996
[66, 97, 120] - 658.0746790000001
[66, 94, 120] - 660.5344430000001
[66, 36, 120] - 655.2659400000002
[66, 90, 120] - 655.6768410000004
[66, 24, 41] - 624.0247589999988
[66, 24, 38, 97] - 699.9195764499987
[66, 24, 38, 94] - 716.5825636500008
[66, 24, 36, 38] - 706.464728170001
[66, 24, 38, 90] - 714.1813518099998
[66, 24, 94, 97] - 701.6967264000018
[66, 24, 36, 97] - 699.8262110999998
[66, 24, 90, 97] - 699.2679565399999
[66, 24, 36, 94] - 754.5389047699987
[66, 24, 90, 94] - 763.7457978299996
[66, 24, 36, 90] - 754.4291838600004
[66, 94, 41] - 624.6500440000008
[66, 36, 41] - 611.9633750000008
[66, 90, 41] - 625.3024720000004
[66, 38, 94, 97] - 700.8698440100002
[66, 36, 38, 97] - 698.8082479699999
[66, 38, 90, 97] - 697.6445005800006
[66, 36, 38, 94] - 707.3813092900008
[66, 38, 90, 94] - 714.7137889700012
[66, 36, 38, 90] - 704.9912048499998
[66, 36, 94, 97] - 700.1589472300013
[66, 90, 94, 97] - 699.4332438900007
[66, 36, 90, 97] - 697.4015411100016
[66, 36, 90, 94] - 753.2490158000004
[114, 63, 42] - 746.5715590000002
[100, 114, 38, 63] - 611.0800106100008
[100, 114, 94, 63] - 613.3860354300003
[100, 36, 114, 63] - 617.5601674299995
[100, 114, 90, 63] - 615.4729593000008
[2, 114, 63] - 742.9160970000011
[114, 63, 120] - 737.1397540000004
[56, 114, 63] - 734.2487590000011
[24, 114, 94, 63] - 649.00431214
[24, 36, 114, 63] - 650.1549400899995
[24, 114, 90, 63] - 651.6631936399997
[114, 38, 94, 63] - 610.8379658900002
[36, 114, 38, 63] - 614.5609345500008
[114, 38, 90, 63] - 612.8386900799993
[114, 63, 97] - 746.5525480000006
[36, 114, 94, 63] - 707.1002043099985
[114, 90, 94, 63] - 708.4500098199992
[36, 114, 90, 63] - 713.3523740399995
[100, 114, 42] - 772.3963440000009
[2, 114, 42] - 752.6444159999984
[114, 42, 120] - 770.712373
[56, 114, 42] - 736.3536149999986
[24, 114, 42] - 779.4001540000012
[114, 38, 42] - 737.1582849999996
[36, 114, 42, 97] - 589.6773523700001
[114, 94, 42] - 777.4126840000005
[114, 90, 42] - 779.5519669999989
[12, 114] - 632.1941999999996
[100, 2, 114] - 739.7398490000004
[100, 114, 120] - 760.7997429999991
[56, 100, 114] - 728.364939000001
[100, 24, 114] - 771.0499560000005
[100, 114, 38, 94] - 602.6962181400008
[100, 36, 114, 38] - 606.991071109999
[100, 114, 38, 90] - 604.9740701099998
[100, 114, 97] - 771.8599239999999
[100, 36, 114, 94] - 630.5001266000005
[100, 114, 90, 94] - 628.6688978299995
[100, 36, 114, 90] - 635.6178440899997
[11, 114] - 617.1379999999995
[2, 114, 120] - 736.2871939999995
[56, 2, 114] - 733.8528610000003
[24, 2, 114] - 770.407702000001
[2, 114, 38] - 755.7852419999998
[2, 114, 97] - 751.879863999999
[2, 114, 94] - 765.0912489999997
[2, 36, 114] - 760.3275709999991
[2, 114, 90] - 771.5594910000013
[56, 114, 120] - 727.7786989999984
[24, 114, 120] - 768.754162999999
[114, 38, 120] - 735.0577110000004
[114, 97, 120] - 770.8258789999995
[114, 94, 120] - 772.1966599999986
[36, 114, 120] - 771.6094220000002
[114, 90, 120] - 771.1242970000004
[88, 114] - 723.530699999999
[79, 114] - 779.6868000000005
[56, 24, 114] - 733.7113390000025
[56, 114, 38] - 724.2946930000013
[56, 114, 97] - 736.7318569999995
[56, 114, 94] - 729.9389920000006
[56, 36, 114] - 733.2784569999998
[56, 114, 90] - 731.3068549999999
[24, 114, 38] - 762.7915079999995
[24, 114, 97] - 780.4050760000015
[24, 36, 114, 94] - 683.5274973699992
[24, 114, 90, 94] - 694.3088521599993
[24, 36, 114, 90] - 689.7824106199994
[114, 71] - 710.7050999999998
[67, 114] - 716.6045999999998
[114, 38, 97] - 737.7422139999995
[36, 114, 38, 94] - 630.4462271699994
[114, 38, 90, 94] - 638.6971621799997
[36, 114, 38, 90] - 634.9764502500003
[114, 94, 97] - 777.1798239999999
[114, 90, 97] - 780.0514880000005
[36, 114, 90, 94] - 753.4114801200018
[128, 9] - 698.8731000000002
[6, 9] - 610.3645000000004
[57, 9, 41] - 639.0718389999992
[57, 38, 9] - 652.0291990000003
[57, 9, 97] - 717.2600019999984
[57, 9, 94] - 709.0956220000002
[57, 36, 9] - 710.1899759999992
[57, 90, 9] - 713.2540940000013
[1, 9, 31] - 703.8952439999998
[9, 41, 31] - 649.9215990000007
[9, 97, 31] - 654.0621909999991
[9, 94, 31] - 714.1515750000003
[36, 9, 31] - 711.8615059999996
[90, 9, 31] - 716.0545899999997
[5, 9] - 692.6438
[104, 9] - 700.5398999999982
[56, 1, 9] - 596.1606849999996
[1, 9, 41] - 638.640338000001
[1, 9, 97] - 660.3788609999997
[1, 9, 94] - 716.0518380000004
[1, 36, 9] - 717.3302790000006
[1, 90, 9] - 719.7770360000005
[88, 9] - 666.8552999999989
[79, 9] - 697.6597999999998
[56, 9, 97] - 604.3789579999996
[56, 9, 94] - 602.2189010000006
[56, 36, 9] - 601.1061029999995
[56, 90, 9] - 598.4337840000003
[24, 9, 97] - 596.5522099999993
[24, 9, 94] - 652.2160579999995
[24, 36, 9] - 651.1240950000004
[24, 90, 9] - 655.4580609999998
[9, 71, 94] - 609.3244669999998
[36, 9, 71] - 612.6687089999988
[90, 9, 71] - 613.4953820000009
[67, 9, 97] - 590.9497839999985
[67, 9, 94] - 610.970657
[67, 36, 9] - 613.6751880000008
[67, 90, 9] - 618.3200389999992
[38, 9, 41] - 634.3625140000004
[9, 94, 41, 97] - 641.8762467200004
[36, 9, 41, 97] - 638.5733157000008
[90, 9, 41, 97] - 639.2627501399995
[36, 9, 94, 41] - 681.3313205500007
[90, 9, 94, 41] - 683.4611381100002
[36, 90, 9, 41] - 681.6104559600006
[38, 9, 97] - 701.7518689999996
[38, 9, 94] - 697.1957259999998
[36, 38, 9] - 698.6520779999997
[38, 90, 9] - 700.2987439999998
[36, 9, 94, 97] - 732.96120447
[90, 9, 94, 97] - 734.7180434099996
[36, 90, 9, 97] - 734.5009190900001
[36, 90, 9, 94] - 776.1389314199968
[100, 63, 42] - 743.3409280000001
[2, 63, 42] - 746.3232380000017
[63, 42, 120] - 751.4604970000007
[56, 63, 42] - 736.7119630000001
[24, 63, 42] - 768.0224500000004
[38, 63, 42] - 759.5695219999998
[63, 97, 42] - 771.1745360000014
[94, 63, 42] - 765.9609460000015
[36, 63, 42] - 767.3107900000009
[90, 63, 42] - 766.7063960000012
[12, 63] - 734.0302999999992
[100, 2, 63] - 739.8402200000008
[100, 63, 120] - 735.2507410000002
[56, 100, 63] - 731.9265429999999
[100, 24, 63] - 742.7927449999992
[100, 38, 94, 63] - 610.3121819400001
[100, 36, 38, 63] - 613.9369736200001
[100, 38, 90, 63] - 612.3084445300002
[100, 63, 97] - 743.9122529999988
[100, 36, 94, 63] - 615.1842573499995
[100, 90, 94, 63] - 614.8390707699997
[100, 36, 90, 63] - 618.3803722300001
[2, 63, 120] - 737.6283780000003
[56, 2, 63] - 734.7971649999995
[24, 2, 63] - 746.0401890000002
[2, 38, 63] - 736.2066719999991
[2, 63, 97] - 745.9851080000009
[2, 94, 63] - 741.8035719999995
[2, 36, 63] - 743.0643049999984
[2, 90, 63] - 743.9700590000007
[56, 63, 120] - 728.7381370000006
[24, 63, 97, 120] - 596.8832143100004
[24, 90, 63, 120] - 591.8003519099999
[38, 63, 97, 120] - 589.8763235899986
[90, 63, 97, 120] - 593.3351618400003
[94, 63, 120] - 747.8583859999997
[36, 63, 120] - 746.6597770000004
[88, 63] - 731.3336999999988
[79, 63] - 749.2344999999998
[56, 24, 63] - 734.5587900000005
[56, 38, 63] - 726.2717699999997
[56, 63, 97] - 738.0922490000005
[56, 94, 63] - 731.8209060000006
[56, 36, 63] - 734.699241
[56, 90, 63] - 733.0780740000008
[24, 38, 63, 97] - 631.2946047700009
[24, 38, 90, 63] - 625.9046900599997
[24, 90, 63, 97] - 636.21504029
[24, 36, 94, 63] - 664.7809099499998
[24, 90, 94, 63] - 667.3267604000001
[24, 36, 90, 63] - 669.1551724100001
[71, 63] - 781.3326000000011
[67, 90, 63] - 605.5514589999996
[38, 90, 63, 97] - 629.3433686600015
[36, 38, 94, 63] - 627.3944388800006
[38, 90, 94, 63] - 626.8278626800005
[36, 38, 90, 63] - 630.7829542899999
[94, 63, 97] - 766.3664030000009
[36, 63, 97] - 767.9208490000003
[36, 90, 94, 63] - 725.6748438099996
[12, 42] - 643.1486999999987
[100, 2, 42] - 744.6095130000004
[100, 42, 120] - 767.7117520000013
[56, 100, 42] - 732.6573069999989
[100, 24, 42] - 776.0305430000009
[100, 38, 42] - 734.2978670000005
[100, 97, 42] - 778.6329719999981
[100, 94, 42] - 771.0124860000004
[100, 36, 42] - 774.5737089999994
[100, 90, 42] - 773.3046519999996
[11, 42] - 615.9697
[2, 38, 42, 120] - 603.6503129700001
[2, 97, 42, 120] - 627.2789861400003
[2, 94, 42, 120] - 621.99461064
[2, 36, 42, 120] - 624.8907816500014
[2, 90, 42, 120] - 623.8765636899999
[56, 2, 42] - 736.0972880000012
[2, 24, 97, 42] - 629.917591370001
[2, 24, 94, 42] - 621.1378537700001
[2, 24, 36, 42] - 625.8786352600005
[2, 24, 90, 42] - 626.7676344299997
[2, 38, 97, 42] - 666.6552393600007
[2, 38, 94, 42] - 658.748571600001
[2, 36, 38, 42] - 664.9145657600003
[2, 38, 90, 42] - 662.8121672999978
[2, 94, 42, 97] - 701.0293787900013
[2, 36, 42, 97] - 709.3524531600012
[2, 90, 42, 97] - 709.012925280001
[2, 36, 94, 42] - 698.0907718099999
[2, 90, 94, 42] - 698.2048317399998
[2, 36, 90, 42] - 706.8001153700003
[56, 42, 120] - 771.879592
[24, 97, 42, 120] - 636.5692009400007
[24, 94, 42, 120] - 632.6631801299988
[24, 36, 42, 120] - 631.71155332
[24, 90, 42, 120] - 632.6530065399991
[38, 97, 42, 120] - 630.1916107699999
[38, 94, 42, 120] - 625.1667658399997
[36, 38, 42, 120] - 627.12701901
[38, 90, 42, 120] - 625.7890911699996
[94, 42, 97, 120] - 703.3723052400013
[36, 42, 97, 120] - 704.9832170000013
[90, 42, 97, 120] - 703.9192845899998
[36, 94, 42, 120] - 699.5549237899997
[90, 94, 42, 120] - 698.8217633600015
[36, 90, 42, 120] - 701.0827917700003
[88, 97, 42] - 660.5583529999992
[88, 94, 42] - 647.4407729999988
[88, 36, 42] - 661.4368869999998
[88, 90, 42] - 659.1765899999995
[79, 97, 42] - 702.0588939999997
[79, 94, 42] - 692.1741000000006
[79, 36, 42] - 702.5711240000011
[79, 90, 42] - 696.3087689999993
[56, 24, 42] - 735.3132560000009
[56, 38, 42] - 727.1222220000008
[56, 97, 42] - 782.8291229999987
[56, 94, 42] - 775.8899940000001
[56, 36, 42] - 778.5162959999991
[56, 90, 42] - 776.6303490000009
[24, 38, 97, 42] - 634.0342600899997
[24, 38, 94, 42] - 627.1832363099992
[24, 36, 38, 42] - 630.3540494699995
[24, 38, 90, 42] - 630.0673042399995
[24, 94, 42, 97] - 692.8693766499979
[24, 36, 42, 97] - 697.8025313000015
[24, 90, 42, 97] - 698.7105971100011
[24, 36, 94, 42] - 687.6941625499991
[24, 90, 94, 42] - 689.5512399699999
[24, 36, 90, 42] - 694.5216136100003
[71, 97, 42] - 649.3112219999997
[71, 94, 42] - 640.2284539999991
[36, 71, 42] - 646.7355140000001
[90, 71, 42] - 650.5088159999997
[67, 97, 42] - 680.2430439999989
[67, 94, 42] - 670.237800000001
[67, 36, 42] - 676.8700060000006
[67, 90, 42] - 679.8093570000001
[38, 94, 42, 97] - 708.4421929700005
[36, 38, 42, 97] - 715.7509890000002
[38, 90, 42, 97] - 713.3245273800004
[36, 38, 94, 42] - 706.2199407
[38, 90, 94, 42] - 704.3249987
[36, 38, 90, 42] - 711.3990789199985
[36, 90, 94, 42, 97] - 602.975685998599
[12, 100, 94] - 617.440869
[12, 100, 36] - 618.1714479999995
[12, 100, 90] - 619.624753999999
[12, 5] - 642.1552000000003
[12, 2, 94] - 594.7163719999999
[12, 2, 36] - 597.1520019999995
[12, 2, 90] - 601.9642419999998
[12, 104] - 682.9665999999985
[12, 120] - 730.7948999999978
[1, 12] - 716.2375000000004
[88, 12, 79] - 743.254546
[88, 12, 97] - 735.1152359999992
[88, 12, 36, 94] - 632.2087163399992
[88, 12, 90, 94] - 633.0274162200017
[88, 12, 36, 90] - 634.5252403399992
[12, 79, 97] - 731.2642840000009
[12, 79, 36, 94] - 633.0291103700001
[12, 79, 90, 94] - 630.86723322
[12, 79, 36, 90] - 631.7010213599998
[12, 56, 97] - 720.5482160000015
[12, 56, 94] - 723.351433000001
[12, 56, 36] - 721.2036779999995
[12, 56, 90] - 723.6215450000002
[12, 24, 97] - 709.051511
[12, 24, 94] - 688.8322380000005
[12, 24, 36] - 688.0533069999999
[12, 24, 90] - 772.1852089999998
[12, 71, 97] - 654.2883429999998
[12, 71, 94] - 662.6242000000002
[12, 36, 71] - 665.9776619999997
[12, 90, 71] - 753.1623079999999
[12, 67, 97] - 645.8877429999998
[12, 67, 94] - 658.4464959999998
[12, 67, 36] - 661.1228640000003
[12, 67, 90] - 749.2672719999999
[12, 90, 41] - 650.6826799999998
[12, 38, 97] - 746.2344170000013
[12, 38, 94] - 730.0326200000002
[12, 36, 38] - 736.3473220000004
[12, 38, 90] - 818.2421209999994
[12, 36, 94, 97] - 691.1019867699989
[12, 90, 94, 97] - 691.872840470001
[12, 36, 90, 97] - 694.3385101000018
[12, 36, 90, 94] - 790.5000305599998
[100, 6] - 665.9428999999985
[100, 31] - 752.9726999999987
[100, 5] - 662.4616999999997
[100, 2, 120] - 732.9784029999998
[56, 100, 2] - 730.0490570000019
[100, 24, 2] - 745.2108499999988
[100, 2, 38] - 730.788957
[100, 2, 97] - 743.3982739999989
[100, 2, 94] - 735.6181410000012
[100, 2, 36] - 740.758218
[100, 2, 90] - 741.8561690000006
[56, 100, 120] - 725.1048869999987
[100, 24, 120] - 766.8490110000013
[100, 38, 120] - 726.842546
[100, 97, 120] - 767.9704190000011
[100, 94, 120] - 763.6885189999987
[100, 36, 120] - 762.8925450000003
[100, 90, 120] - 762.7236040000001
[1, 100] - 731.1177999999999
[88, 100, 79] - 640.1251870000004
[88, 100, 56, 24] - 600.0669363699997
[88, 100, 56, 97] - 599.5057710000001
[88, 100, 56, 94] - 597.7733461999999
[88, 100, 56, 36] - 599.0905023099995
[88, 100, 56, 90] - 595.2982808000011
[88, 100, 24, 97] - 602.7447530300008
[88, 100, 24, 94] - 600.4825849600012
[88, 100, 24, 36] - 599.8334408500014
[88, 100, 24, 90] - 597.2675762500002
[88, 100, 94, 97] - 600.5780200700008
[88, 100, 36, 97] - 601.2871083300001
[88, 100, 90, 97] - 597.9682435499998
[88, 100, 36, 94] - 627.0399971699989
[88, 100, 90, 94] - 624.2031205600006
[88, 100, 36, 90] - 623.9847697899999
[100, 56, 24, 79] - 602.2107642299997
[100, 56, 79, 97] - 598.5429921999997
[100, 56, 79, 94] - 597.7964351800007
[100, 56, 79, 36] - 597.7922507099994
[100, 56, 79, 90] - 590.6286808299993
[100, 79, 24, 97] - 635.6980275500006
[100, 79, 24, 94] - 635.9677849899996
[100, 79, 24, 36] - 632.5682825699998
[100, 79, 24, 90] - 626.9314006300001
[100, 79, 94, 97] - 631.1425639499993
[100, 79, 36, 97] - 630.0131399100009
[100, 79, 90, 97] - 623.4159560800007
[100, 79, 36, 94] - 658.9048498800006
[100, 79, 90, 94] - 652.8744976899982
[100, 79, 36, 90] - 652.0426279399983
[100, 56, 24, 94, 97] - 659.9312203227995
[100, 56, 24, 36, 97] - 658.6528635174002
[100, 56, 24, 90, 97] - 657.2656353987036
[100, 56, 24, 36, 94] - 655.8653018096016
[100, 56, 24, 90, 94] - 655.1501878131998
[100, 56, 24, 36, 90] - 653.1145507757998
[100, 56, 38] - 721.8999930000006
[100, 56, 36, 94, 97] - 654.6195519588011
[100, 56, 90, 94, 97] - 653.8871000068015
[100, 56, 36, 90, 97] - 652.5649706197005
[100, 56, 36, 90, 94] - 649.2932039645007
[100, 24, 71] - 592.3894270000003
[67, 100, 24] - 598.0296759999995
[100, 24, 38] - 732.7576380000004
[100, 24, 36, 94, 97] - 682.1641612235974
[100, 24, 90, 94, 97] - 682.3576538128999
[100, 24, 36, 90, 97] - 680.4907931995002
[100, 24, 36, 90, 94] - 676.4058290119991
[100, 71, 97] - 592.7540269999996
[100, 71, 94] - 669.4687829999996
[100, 36, 71] - 673.2924220000012
[100, 90, 71] - 671.9026960000002
[100, 67, 97] - 592.806904
[100, 67, 94] - 669.6529760000008
[100, 67, 36] - 667.9756559999998
[100, 67, 90] - 673.1783000000004
[100, 41] - 686.7819999999986
[100, 38, 97] - 734.9584970000013
[100, 36, 38, 94] - 605.5766233999994
[100, 38, 90, 94] - 605.0047229400005
[100, 36, 38, 90] - 608.5964114299994
[100, 36, 90, 94, 97] - 675.0891011890994
[11, 38, 128] - 631.3671429999996
[11, 128, 97] - 605.552879000001
[11, 128, 94] - 628.7301049999992
[11, 36, 128] - 624.8177150000002
[11, 90, 128] - 631.3536859999995
[6, 128] - 763.6936999999991
[23, 57, 128] - 771.6321889999989
[23, 128, 31] - 731.1113649999992
[23, 104, 128] - 771.8937119999996
[1, 23, 128] - 765.7665910000006
[56, 23, 128] - 768.8051830000004
[23, 128, 71] - 775.2741649999991
[67, 23, 128] - 771.042914000003
[23, 128, 41] - 738.1439170000001
[23, 38, 128] - 727.4985949999997
[23, 128, 97] - 769.603783000001
[23, 128, 94] - 770.7546460000008
[23, 36, 128] - 776.7673989999981
[23, 90, 128] - 772.5367369999996
[57, 128, 31] - 732.7343009999995
[57, 104, 128, 71] - 642.2356736100007
[67, 57, 104, 128] - 642.9458840899997
[57, 104, 128, 97] - 644.34386567
[57, 104, 128, 94] - 641.9304398699987
[57, 36, 104, 128] - 648.7707031599997
[57, 104, 90, 128] - 646.6164131200009
[1, 57, 128] - 769.1049399999997
[56, 57, 128] - 770.9767330000009
[67, 57, 128, 71] - 643.37101314
[57, 128, 71, 97] - 645.7226518699996
[57, 128, 71, 94] - 640.81167629
[57, 36, 128, 71] - 646.0564255800014
[57, 90, 128, 71] - 644.4004684400004
[67, 57, 128, 97] - 646.0425289700006
[67, 57, 128, 94] - 641.3318265899991
[67, 57, 36, 128] - 648.0634245400008
[67, 57, 90, 128] - 644.258730900001
[57, 38, 128, 41] - 686.4672012800007
[57, 128, 41, 97] - 684.9062637400006
[57, 128, 94, 41] - 687.4695748899995
[57, 36, 128, 41] - 690.8638170799996
[57, 90, 128, 41] - 686.1289835500003
[57, 38, 128, 97] - 710.6948066599991
[57, 38, 128, 94] - 711.706846320001
[57, 36, 38, 128] - 716.9108980600012
[57, 38, 90, 128] - 711.1909585700015
[57, 128, 94, 97] - 775.5684097600008
[57, 36, 128, 97] - 780.7296272300005
[57, 90, 128, 97] - 776.5382615000003
[57, 36, 128, 94] - 780.9869109900005
[57, 90, 128, 94] - 777.3196278099988
[57, 36, 90, 128] - 783.2916866200026
[104, 128, 31] - 734.00557
[1, 128, 31] - 747.2104329999997
[56, 128, 31] - 727.7266089999999
[128, 71, 31] - 732.7538560000004
[67, 128, 31] - 751.4230629999997
[128, 41, 31] - 741.2938360000002
[38, 128, 31] - 763.8254590000006
[128, 97, 31] - 762.6597959999999
[128, 94, 31] - 766.5395039999993
[36, 128, 31] - 773.2976550000004
[90, 128, 31] - 770.4920189999984
[38, 5, 128] - 602.7451950000004
[5, 128, 97] - 657.8132109999987
[5, 128, 94] - 664.4497360000007
[36, 5, 128] - 667.1426890000006
[5, 90, 128] - 669.0754179999993
[2, 128] - 718.8497999999998
[1, 104, 128] - 768.5248410000012
[56, 104, 128] - 769.8439149999989
[67, 104, 128, 71] - 643.363863799999
[104, 128, 71, 97] - 645.7669025700008
[104, 128, 71, 94] - 639.5924381300006
[36, 104, 128, 71] - 647.2231687399996
[104, 90, 128, 71] - 645.8744300400001
[67, 104, 128, 97] - 645.6513008000007
[67, 104, 128, 94] - 639.2671194200009
[67, 36, 104, 128] - 648.4608828400018
[67, 104, 90, 128] - 645.5945788300005
[104, 128, 41] - 741.6589190000007
[38, 104, 128] - 773.1942349999999
[104, 128, 94, 97] - 640.9941186700017
[36, 104, 128, 97] - 649.4892219600006
[104, 90, 128, 97] - 646.8238362899993
[36, 104, 128, 94] - 646.6226892499996
[104, 90, 128, 94] - 644.2648945399998
[36, 104, 90, 128] - 653.7043788500009
[56, 128, 120] - 650.2648400000007
[38, 128, 120] - 733.5478899999979
[128, 94, 97, 120] - 599.4993581299985
[36, 128, 97, 120] - 599.8105386099994
[90, 128, 97, 120] - 600.6045372099994
[36, 128, 94, 120] - 600.7569371400008
[90, 128, 94, 120] - 602.1511323500007
[36, 90, 128, 120] - 603.4018519900006
[56, 1, 128] - 763.9767579999994
[1, 128, 71] - 769.6415320000017
[1, 67, 128, 97] - 590.0403436999995
[1, 67, 36, 128] - 595.6871235800004
[1, 67, 90, 128] - 590.5136839400002
[1, 128, 41] - 732.9222709999996
[1, 38, 128] - 744.3190580000002
[1, 36, 128, 97] - 596.3939121399998
[1, 90, 128, 97] - 590.5994873099997
[1, 36, 128, 94] - 598.3366051299998
[1, 90, 128, 94] - 592.921679110001
[1, 36, 90, 128] - 600.698550250001
[88, 128] - 675.4373
[79, 128] - 690.9277999999993
[67, 56, 128, 71] - 625.9963469000003
[56, 38, 128, 71] - 634.2834237200005
[56, 128, 71, 97] - 672.9605553899997
[56, 128, 71, 94] - 668.9097447000007
[56, 36, 128, 71] - 673.7238882499996
[56, 90, 128, 71] - 671.4022613100003
[56, 67, 38, 128] - 636.4249738999995
[56, 67, 128, 97] - 671.4701525599987
[56, 67, 128, 94] - 670.0129963799999
[56, 67, 36, 128] - 673.9188880900005
[56, 67, 90, 128] - 669.3107711499997
[56, 128, 41] - 734.9092990000001
[56, 38, 128, 97] - 727.1308603199994
[56, 38, 128, 94] - 724.0524795199976
[56, 36, 38, 128] - 729.7079819199997
[56, 38, 90, 128] - 725.6392957400004
[56, 128, 94, 97] - 761.9422126200011
[56, 36, 128, 97] - 766.8124723300015
[56, 90, 128, 97] - 762.2450858299991
[56, 36, 128, 94] - 764.7420482199992
[56, 90, 128, 94] - 761.2594553700006
[56, 36, 90, 128] - 765.7764662100021
[24, 128] - 749.0191999999985
[67, 38, 128, 71] - 622.3296175699998
[67, 128, 71, 97] - 690.2312633499998
[67, 128, 71, 94] - 683.8291221799994
[67, 36, 128, 71] - 690.4203219099998
[67, 90, 128, 71] - 688.6166069199993
[128, 71, 41] - 739.6599949999991
[38, 128, 71, 97] - 668.5907889399991
[38, 128, 71, 94] - 661.4244864899989
[36, 38, 128, 71] - 668.6155420399995
[38, 90, 128, 71] - 666.0897441999995
[128, 71, 94, 97] - 730.4994592500007
[36, 128, 71, 97] - 738.0312349300007
[90, 128, 71, 97] - 737.083041020001
[36, 128, 71, 94] - 729.7496680900013
[90, 128, 71, 94] - 729.448901540001
[36, 90, 128, 71] - 737.2162644500024
[67, 128, 41] - 740.0935869999992
[67, 38, 128, 97] - 684.0135591000022
[67, 38, 128, 94] - 679.1951323000001
[67, 36, 38, 128] - 686.3228399100024
[67, 38, 90, 128] - 682.6001366700002
[67, 128, 94, 97] - 747.1879246700012
[67, 36, 128, 97] - 754.9564739900019
[67, 90, 128, 97] - 751.6084965699981
[67, 36, 128, 94] - 749.3478693300007
[67, 90, 128, 94] - 746.3785381100026
[67, 36, 90, 128] - 754.6138439599996
[38, 128, 41, 97] - 684.6910625000002
[38, 128, 94, 41] - 702.6535924599993
[36, 38, 128, 41] - 700.3900564100007
[38, 90, 128, 41] - 702.5612999900007
[128, 94, 41, 97] - 684.8884105899998
[36, 128, 41, 97] - 689.9539547899996
[90, 128, 41, 97] - 684.3046595199999
[36, 128, 94, 41] - 701.0466352300001
[90, 128, 94, 41] - 703.9161181499989
[36, 90, 128, 41] - 701.6811090200006
[36, 38, 128, 94, 97] - 690.6940664196022
[38, 90, 128, 94, 97] - 686.7590166482007
[36, 38, 90, 128, 97] - 691.8344171667011
[36, 38, 90, 128, 94] - 699.430626023601
[36, 90, 128, 94, 97] - 741.0397855453015
[11, 6] - 745.6112999999998
[11, 23, 104] - 642.3159830000005
[11, 1, 23] - 605.0613940000005
[11, 23, 71] - 597.3412800000001
[11, 67, 23] - 678.6333130000005
[11, 23, 41] - 626.7799169999987
[11, 23, 38] - 674.2898419999996
[11, 23, 97] - 608.1998349999992
[11, 23, 94] - 669.6448720000005
[11, 23, 36] - 682.7829989999993
[11, 23, 90] - 673.9177770000006
[11, 55, 38] - 624.1940760000002
[11, 55, 94] - 637.7041209999987
[11, 55, 36] - 637.3026570000009
[11, 55, 90] - 644.1185869999986
[11, 57, 41] - 668.9884000000005
[11, 57, 38] - 667.258245999999
[11, 57, 97] - 653.1696679999992
[11, 57, 94] - 683.9093950000006
[11, 57, 36] - 688.5711460000009
[11, 57, 90] - 683.4002850000011
[11, 31] - 634.4088
[11, 38, 5] - 603.558488000001
[11, 5, 94] - 607.0211340000003
[11, 36, 5] - 607.9202510000011
[11, 5, 90] - 603.4103200000003
[11, 24, 2] - 669.2186879999998
[11, 2, 38] - 734.3335809999996
[11, 2, 97] - 704.9075000000008
[11, 2, 94] - 736.7151630000001
[11, 2, 36] - 730.5453430000006
[11, 2, 90] - 738.4852249999992
[11, 67, 104] - 644.9605319999997
[11, 104, 41] - 590.8583580000001
[11, 38, 104] - 645.6893210000005
[11, 104, 97] - 614.9238800000005
[11, 104, 94] - 638.6952839999996
[11, 36, 104] - 652.3757929999999
[11, 104, 90] - 644.0145549999992
[11, 38, 120] - 744.084279
[11, 97, 120] - 742.0603380000002
[11, 94, 120] - 759.3532909999998
[11, 36, 120] - 763.7848969999978
[11, 90, 120] - 758.0791440000002
[11, 67, 1] - 631.3200620000013
[11, 1, 41] - 609.9442039999994
[11, 1, 38] - 626.9373920000002
[11, 1, 94] - 635.7874610000005
[11, 1, 36] - 651.4368609999997
[11, 1, 90] - 641.6007649999995
[11, 88, 38] - 608.7422739999987
[11, 88, 94] - 605.7255540000002
[11, 88, 36] - 621.7560009999994
[11, 88, 90] - 608.8192109999993
[11, 79, 38] - 621.8762589999999
[11, 79, 97] - 590.7123770000002
[11, 79, 94] - 629.1930679999992
[11, 79, 36] - 640.2330810000005
[11, 79, 90] - 631.318854999999
[11, 56, 38] - 733.3617460000003
[11, 56, 97] - 735.4538530000002
[11, 56, 94] - 731.859798000001
[11, 56, 36] - 739.7059159999995
[11, 56, 90] - 731.6052209999997
[11, 24, 38] - 685.4294950000002
[11, 24, 97] - 680.0446470000006
[11, 24, 94] - 702.1404050000002
[11, 24, 36] - 693.6626920000003
[11, 24, 90] - 703.0181770000011
[11, 67, 71] - 689.8964220000012
[11, 38, 71] - 773.5560459999994
[11, 71, 97] - 719.2792059999999
[11, 71, 94] - 774.7949159999993
[11, 36, 90, 71] - 591.7628469700013
[11, 67, 41] - 626.230005999999
[11, 67, 38, 97] - 610.6846293300017
[11, 67, 38, 94] - 652.9770992600002
[11, 67, 36, 38] - 663.2799220899991
[11, 67, 38, 90] - 657.2747447099993
[11, 67, 94, 97] - 613.5404580200013
[11, 67, 36, 97] - 622.0323408299997
[11, 67, 90, 97] - 617.4438634499996
[11, 67, 36, 94] - 666.1038401799997
[11, 67, 90, 94] - 660.4152253700001
[11, 67, 36, 90] - 671.975708310001
[11, 38, 41, 97] - 619.9834188499995
[11, 38, 94, 41] - 686.9277013199978
[11, 36, 38, 41] - 686.8093969600009
[11, 38, 90, 41] - 689.050331070001
[11, 94, 41, 97] - 617.1234295000003
[11, 36, 41, 97] - 623.2789473499992
[11, 90, 41, 97] - 618.5882505600005
[11, 36, 94, 41] - 683.2368561000017
[11, 90, 94, 41] - 685.7862670899984
[11, 36, 90, 41] - 687.2909844800007
[11, 36, 38, 94, 97] - 716.6063930617989
[11, 38, 90, 94, 97] - 711.0410966668019
[11, 36, 38, 90, 97] - 717.2210341493004
[11, 36, 38, 90, 94] - 757.7795104815002
[11, 36, 90, 94, 97] - 723.4919754701025
[23, 6, 90] - 590.6696150000004
[55, 6] - 644.2299999999991
[57, 6, 41] - 730.4841049999995
[57, 38, 6] - 720.6916250000002
[57, 6, 97] - 731.898698
[57, 6, 94] - 754.7435239999995
[57, 36, 6] - 754.8356560000004
[57, 6, 90] - 756.0769779999996
[1, 6, 31] - 658.634813999999
[6, 41, 31] - 650.4242820000001
[6, 97, 31] - 636.3820420000013
[6, 94, 31] - 663.7741600000005
[36, 6, 31] - 662.0836459999988
[6, 90, 31] - 683.0076559999986
[2, 38, 6] - 659.7391369999995
[2, 6, 97] - 644.9895359999998
[2, 6, 94] - 656.7979739999992
[2, 36, 6] - 659.472701
[2, 6, 90] - 661.4859199999987
[104, 6, 90] - 601.5393130000002
[38, 6, 120] - 657.6915540000003
[6, 97, 120] - 678.3059790000001
[6, 94, 120] - 679.4650090000004
[36, 6, 120] - 681.7166800000002
[6, 90, 120] - 691.8123149999999
[56, 1, 6] - 590.8547730000006
[67, 1, 6] - 605.2729640000002
[1, 6, 41] - 669.4011960000009
[1, 6, 97] - 692.4112579999992
[1, 6, 94] - 701.1822010000002
[1, 36, 6] - 700.4489920000012
[1, 6, 90] - 722.0923639999999
[88, 6, 97] - 671.279100000002
[88, 6, 94] - 695.1912500000011
[88, 36, 6] - 699.7947409999998
[88, 6, 90] - 699.4495410000002
[79, 6, 97] - 669.6813269999998
[79, 6, 94] - 697.5253099999993
[79, 36, 6] - 701.0164260000012
[79, 6, 90] - 700.5324179999998
[56, 6, 71] - 645.1206230000012
[67, 56, 6] - 640.4170109999988
[56, 6, 41] - 643.2719489999995
[56, 38, 6] - 662.4132719999991
[56, 6, 94, 97] - 683.6069011200001
[56, 36, 6, 97] - 682.8761716199982
[56, 6, 90, 97] - 684.5780978
[56, 36, 6, 94] - 678.3273968300007
[56, 6, 90, 94] - 681.0649916200002
[56, 36, 6, 90] - 678.0833518599994
[24, 6, 90, 97] - 600.3408494099995
[24, 6, 94] - 783.3878120000004
[24, 36, 6] - 778.3163749999986
[67, 6, 71] - 654.9872689999988
[38, 6, 71] - 641.3144209999992
[6, 71, 97] - 740.8806570000007
[6, 71, 94] - 758.6821609999998
[36, 6, 71] - 761.4991430000001
[6, 90, 71] - 785.9192609999999
[67, 6, 41] - 611.9139140000003
[67, 38, 6] - 696.6707320000003
[67, 6, 90, 97] - 597.7428562799995
[67, 36, 6, 94] - 603.3876634699996
[67, 6, 90, 94] - 608.741120620001
[67, 36, 6, 90] - 612.119931720001
[38, 6, 94, 41] - 592.1558952400009
[36, 38, 6, 41] - 590.860346019999
[38, 6, 90, 41] - 609.4225481800008
[6, 94, 41, 97] - 720.1594978800006
[36, 6, 41, 97] - 719.5462409400002
[6, 90, 41, 97] - 736.5534728999986
[36, 6, 94, 41] - 755.241491
[6, 90, 94, 41] - 759.0261468099987
[36, 6, 90, 41] - 755.6073587500008
[36, 38, 6, 94, 97] - 594.9888576840001
[38, 6, 90, 94, 97] - 594.713465262198
[36, 38, 6, 90, 97] - 599.6141458704998
[36, 38, 6, 90, 94] - 621.6654813584001
[36, 6, 90, 94, 97] - 739.0202327179979
[55, 23] - 710.0758000000002
[23, 57, 31] - 772.4019700000001
[56, 23, 57, 104] - 665.9244667400015
[23, 57, 104, 71] - 661.4455898599995
[67, 23, 57, 104] - 656.3184147399995
[23, 57, 104, 41] - 674.3167574299997
[23, 57, 38, 104] - 667.9682510000008
[23, 57, 104, 97] - 666.9543645699993
[23, 57, 104, 94] - 703.0161396999991
[23, 57, 36, 104] - 705.1145222899997
[23, 57, 104, 90] - 704.1817113499998
[1, 23, 57] - 775.9629400000007
[23, 56, 57, 71] - 625.5799604199999
[67, 23, 56, 57] - 621.2929008300001
[23, 56, 57, 41] - 641.1164033200012
[23, 56, 57, 38] - 634.119646450001
[23, 56, 57, 97] - 665.8170934800005
[23, 56, 57, 94] - 669.5781618999996
[23, 56, 57, 36] - 670.0119742799998
[23, 56, 57, 90] - 667.0856076000001
[67, 23, 57, 71] - 639.0041745000002
[23, 57, 71, 41] - 632.7499253400002
[23, 57, 38, 71] - 622.6889986700003
[23, 57, 71, 97] - 627.2553996300002
[23, 57, 71, 94] - 661.9415163599994
[23, 57, 36, 71] - 664.1280234599997
[23, 57, 90, 71] - 662.3362686799991
[23, 67, 57, 41] - 633.5272932399992
[23, 67, 57, 38] - 623.3175569899995
[23, 67, 57, 97] - 622.7730351399995
[23, 67, 57, 94] - 659.241575189999
[23, 67, 57, 36] - 661.0706245599998
[23, 67, 57, 90] - 659.95091895
[23, 57, 38, 41] - 672.3017843200009
[23, 57, 41, 97] - 640.4909052199996
[23, 57, 94, 41] - 674.9808113800016
[23, 57, 36, 41] - 677.5981721100019
[23, 57, 90, 41] - 675.7755307099983
[23, 57, 38, 97] - 633.1528105800007
[23, 57, 38, 94] - 668.3585257499997
[23, 57, 36, 38] - 670.5074024299997
[23, 57, 38, 90] - 667.8166793900017
[23, 57, 94, 97] - 669.6872951400006
[23, 57, 36, 97] - 671.5536724699999
[23, 57, 90, 97] - 668.5862723899984
[23, 57, 36, 94] - 707.973703640001
[23, 57, 90, 94] - 706.3135297
[23, 57, 36, 90] - 708.0407540000008
[23, 104, 31] - 773.9039039999994
[23, 1, 71, 31] - 612.7020071800009
[67, 23, 1, 31] - 612.6186670499992
[23, 1, 41, 31] - 618.2848368299992
[23, 1, 38, 31] - 608.0755208399997
[23, 1, 94, 31] - 609.7048917900014
[23, 1, 36, 31] - 617.7250113299998
[23, 1, 90, 31] - 613.4452473900013
[56, 23, 31] - 724.0969129999988
[67, 23, 71, 31] - 641.5512513200006
[23, 71, 41, 31] - 644.7685055500011
[23, 38, 71, 31] - 633.4583545699992
[23, 71, 94, 31] - 638.4709869400002
[23, 36, 71, 31] - 644.8173952999998
[23, 90, 71, 31] - 641.886166359999
[23, 67, 41, 31] - 646.4404829299991
[23, 67, 38, 31] - 635.4100181700005
[23, 67, 94, 31] - 638.4658229299995
[23, 67, 36, 31] - 645.6506527199997
[23, 67, 90, 31] - 642.5357109699999
[23, 38, 41, 31] - 640.5835945099996
[23, 94, 41, 31] - 641.8405705499981
[23, 36, 41, 31] - 648.9446084199986
[23, 90, 41, 31] - 645.1287701100001
[23, 38, 94, 31] - 630.9070275899999
[23, 36, 38, 31] - 638.0462850199997
[23, 38, 90, 31] - 634.1389028399996
[23, 97, 31] - 728.5976970000007
[23, 36, 94, 31] - 642.4721183299996
[23, 90, 94, 31] - 639.0065373300012
[23, 36, 90, 31] - 646.2690671700005
[23, 104, 5] - 660.9693470000002
[23, 5, 71] - 615.7506050000005
[67, 23, 5] - 655.2965760000008
[23, 5, 41] - 615.7331549999994
[23, 38, 5] - 673.6641769999998
[23, 5, 97] - 645.6504980000005
[23, 5, 94] - 685.0737249999991
[23, 36, 5] - 693.1728319999991
[23, 5, 90] - 687.5278610000014
[23, 1, 104, 71] - 748.3249711900004
[23, 1, 67, 104, 97] - 594.9092055428988
[23, 1, 67, 104, 94] - 603.3804668208
[23, 1, 67, 36, 104] - 611.451080154201
[23, 1, 67, 104, 90] - 606.7116462846002
[23, 1, 36, 104, 41] - 590.9925643070982
[23, 1, 38, 104] - 774.7038024000009
[23, 1, 104, 94, 97] - 592.9929817867995
[23, 1, 36, 104, 97] - 600.7147178776008
[23, 1, 104, 90, 97] - 595.8465064673993
[23, 1, 36, 104, 94] - 610.7787131736009
[23, 1, 104, 90, 94] - 605.2104975210004
[23, 1, 36, 104, 90] - 613.8551477999013
[88, 67, 23, 104] - 594.6682069599985
[88, 23, 38, 104] - 610.7146217799994
[88, 23, 104, 97] - 606.7131093099991
[88, 23, 104, 94] - 640.1979798700003
[88, 23, 36, 104] - 649.8430855299994
[88, 23, 104, 90] - 643.2976790100003
[67, 23, 79, 104] - 594.8305400700007
[23, 79, 38, 104] - 614.5197944699987
[23, 79, 104, 97] - 604.5255438899993
[23, 79, 104, 94] - 642.1193650299994
[23, 79, 36, 104] - 646.6864476799994
[23, 79, 104, 90] - 647.94789692
[23, 56, 104, 71] - 627.0303299000002
[67, 23, 56, 104] - 620.5795405100004
[23, 56, 104, 41] - 642.1344812099989
[23, 56, 38, 104] - 636.6573632300011
[23, 56, 104, 97] - 666.9301286700005
[23, 56, 104, 94] - 668.8200729700002
[23, 56, 36, 104] - 672.2442749799998
[23, 56, 104, 90] - 669.6848055400002
[23, 67, 38, 104, 71] - 639.4406764232992
[23, 67, 104, 71, 97] - 633.8350172144006
[23, 67, 104, 71, 94] - 659.2628245713008
[23, 67, 36, 104, 71] - 666.7675759209008
[23, 67, 104, 90, 71] - 664.8022308676997
[23, 38, 104, 71, 41] - 597.2565270975009
[23, 104, 71, 94, 41] - 595.9196010783993
[23, 36, 104, 71, 41] - 602.2472800396005
[23, 104, 90, 71, 41] - 600.3716753365995
[23, 104, 38, 71, 97] - 626.0217318799998
[23, 104, 38, 71, 94] - 651.4900202646002
[23, 36, 104, 38, 71] - 659.4253884172983
[23, 104, 38, 90, 71] - 656.0553346289012
[23, 104, 71, 94, 97] - 647.8583557451987
[23, 36, 104, 71, 97] - 655.2821814048003
[23, 104, 90, 71, 97] - 652.3541739917983
[23, 36, 104, 71, 94] - 682.2421721562993
[23, 104, 90, 71, 94] - 678.3213162160998
[23, 36, 104, 90, 71] - 687.1582073986006
[23, 67, 38, 104, 41] - 642.6857667374
[23, 67, 104, 41, 97] - 612.8966030735004
[23, 67, 104, 94, 41] - 640.1561165108004
[23, 67, 36, 104, 41] - 645.8602912912
[23, 67, 104, 90, 41] - 644.5577531018977
[23, 67, 104, 38, 97] - 671.4317034749007
[23, 67, 104, 38, 94] - 697.8002250117988
[23, 67, 36, 104, 38] - 705.4506645757992
[23, 67, 104, 38, 90] - 702.5959174125
[23, 67, 104, 94, 97] - 689.9264983248004
[23, 67, 36, 104, 97] - 697.5500635667013
[23, 67, 104, 90, 97] - 694.8205324849018
[23, 67, 36, 104, 94] - 724.8109077631005
[23, 67, 104, 90, 94] - 721.5075041687007
[23, 67, 36, 104, 90] - 730.2583716142996
[23, 104, 38, 41, 97] - 645.3559036698994
[23, 104, 38, 94, 41] - 671.8056534483001
[23, 36, 104, 38, 41] - 677.8228941527999
[23, 104, 38, 90, 41] - 675.3389074172005
[23, 104, 94, 41, 97] - 643.8745150188003
[23, 36, 104, 41, 97] - 649.7201362948002
[23, 104, 90, 41, 97] - 647.3396344009989
[23, 36, 104, 94, 41] - 676.3595887547002
[23, 104, 90, 94, 41] - 673.7762703444007
[23, 36, 104, 90, 41] - 680.6139989110003
[23, 104, 38, 94, 97] - 701.8605295909995
[23, 36, 104, 38, 97] - 709.2514721845014
[23, 104, 38, 90, 97] - 705.6073314205983
[23, 36, 104, 38, 94] - 736.3208926137979
[23, 104, 38, 90, 94] - 731.5709532514996
[23, 36, 104, 38, 90] - 740.5417911553996
[23, 36, 104, 94, 97] - 730.6183786096028
[23, 104, 90, 94, 97] - 726.6293756019007
[23, 36, 104, 90, 97] - 735.2111444212997
[23, 36, 104, 90, 94] - 762.0958783556988
[23, 120] - 741.5964999999985
[88, 23, 1] - 635.2143619999999
[23, 1, 79] - 635.2806029999998
[56, 23, 1] - 760.1179740000002
[23, 1, 67, 71, 94] - 602.6630348364001
[23, 1, 67, 36, 71] - 612.0781972596999
[23, 1, 67, 90, 71] - 606.8031037383008
[23, 1, 36, 71, 41] - 593.2066236253012
[23, 1, 38, 71] - 775.0818664399986
[23, 1, 71, 97] - 734.4138086899989
[23, 1, 36, 71, 94] - 610.4879037815007
[23, 1, 90, 71, 94] - 604.7496545060004
[23, 1, 36, 90, 71] - 614.4548041689999
[23, 1, 67, 38, 41] - 632.1902093919001
[23, 1, 67, 94, 41] - 628.894026100099
[23, 1, 67, 36, 41] - 639.2922920955001
[23, 1, 67, 90, 41] - 632.8134886679993
[23, 1, 67, 38, 94] - 625.2748370218993
[23, 1, 67, 36, 38] - 635.7277011078014
[23, 1, 67, 38, 90] - 628.7997128596999
[23, 1, 67, 94, 97] - 592.7121993491
[23, 1, 67, 36, 97] - 600.6976896019011
[23, 1, 67, 90, 97] - 595.0386440870981
[23, 1, 67, 36, 94] - 655.8264527010003
[23, 1, 67, 90, 94] - 648.5335183369006
[23, 1, 67, 36, 90] - 659.5710143227999
[23, 1, 38, 94, 41] - 626.6317148939008
[23, 1, 36, 38, 41] - 637.0160677657007
[23, 1, 38, 90, 41] - 630.0211473965016
[23, 1, 41, 97] - 763.8544407799999
[23, 1, 36, 94, 41] - 635.0638712316983
[23, 1, 90, 94, 41] - 627.9165673312007
[23, 1, 36, 90, 41] - 638.7803053677983
[23, 1, 38, 97] - 758.6416167800018
[23, 1, 36, 38, 94] - 631.5267068931018
[23, 1, 38, 90, 94] - 623.7301518118995
[23, 1, 36, 38, 90] - 635.0224988003997
[23, 1, 36, 94, 97] - 599.7738313932992
[23, 1, 90, 94, 97] - 593.4209797996995
[23, 1, 36, 90, 97] - 601.4669343156014
[23, 1, 36, 90, 94] - 657.123977972901
[88, 23, 79] - 718.9596160000017
[88, 23, 71] - 758.3406290000003
[88, 23, 67, 38] - 593.0421610500011
[88, 23, 67, 94] - 621.0132934500015
[88, 23, 67, 36] - 631.9662602300003
[88, 23, 67, 90] - 625.3698007100004
[88, 23, 41] - 747.3110569999993
[88, 23, 38, 94] - 635.1446981000001
[88, 23, 36, 38] - 645.4007454600006
[88, 23, 38, 90] - 637.3280197400007
[88, 23, 94, 97] - 603.6679072400002
[88, 23, 36, 97] - 613.9489919399995
[88, 23, 90, 97] - 605.9491332900012
[88, 23, 36, 94] - 677.0782200100007
[88, 23, 90, 94] - 668.2615312200016
[88, 23, 36, 90] - 679.3222811500012
[23, 79, 71] - 763.3705080000008
[23, 67, 79, 38] - 597.7607628800006
[23, 67, 79, 94] - 624.7098542099995
[23, 67, 79, 36] - 629.5454918700023
[23, 67, 79, 90] - 631.3245716299987
[23, 79, 41] - 749.7979319999993
[23, 79, 38, 94] - 642.8320889599997
[23, 79, 36, 38] - 648.9760125199999
[23, 79, 38, 90] - 648.195112390001
[23, 79, 94, 97] - 605.4427707499999
[23, 79, 36, 97] - 609.8046281299984
[23, 79, 90, 97] - 610.3500103599993
[23, 79, 36, 94] - 677.7670856300005
[23, 79, 90, 94] - 676.9088969900002
[23, 79, 36, 90] - 684.8216109699991
[67, 23, 56, 71] - 601.2993538100012
[23, 56, 71, 41] - 599.4076126599999
[23, 56, 38, 71] - 591.0574021799994
[23, 56, 71, 97] - 625.5071980699997
[23, 56, 71, 94] - 625.8392945199994
[23, 56, 36, 71] - 629.4698811800016
[23, 56, 90, 71] - 625.4879154500006
[23, 56, 67, 41] - 598.2359577999997
[23, 56, 67, 38] - 590.53271156
[23, 56, 67, 97] - 619.2111192200002
[23, 56, 67, 94] - 622.0667804499997
[23, 56, 67, 36] - 624.5900530299999
[23, 56, 67, 90] - 621.2401214800004
[23, 56, 38, 41] - 640.092355900001
[23, 56, 41, 97] - 640.0849871900017
[23, 56, 94, 41] - 641.6017269599992
[23, 56, 36, 41] - 645.4091568100002
[23, 56, 90, 41] - 641.5780856900002
[23, 56, 38, 97] - 633.2931750500011
[23, 56, 38, 94] - 636.3191532900005
[23, 56, 36, 38] - 639.5070152900005
[23, 56, 38, 90] - 635.5182239900007
[23, 56, 94, 97] - 666.6539402700013
[23, 56, 36, 97] - 670.13656463
[23, 56, 90, 97] - 665.7836886899986
[23, 56, 36, 94] - 673.816344310001
[23, 56, 90, 94] - 669.9366043399996
[23, 56, 36, 90] - 672.5731609500001
[23, 67, 38, 71, 41] - 624.4487097107999
[23, 67, 71, 94, 41] - 622.5858617375997
[23, 67, 36, 71, 41] - 630.4213499693002
[23, 67, 90, 71, 41] - 627.4658683053007
[23, 67, 38, 71, 97] - 609.9744331730005
[23, 67, 38, 71, 94] - 676.6058323367006
[23, 67, 36, 38, 71] - 686.0571754382003
[23, 67, 38, 90, 71] - 682.2075931563999
[23, 67, 71, 94, 97] - 631.0264040462
[23, 67, 36, 71, 97] - 637.982580564499
[23, 67, 90, 71, 97] - 634.6639691645017
[23, 67, 36, 71, 94] - 707.4583832533998
[23, 67, 90, 71, 94] - 702.7343897121004
[23, 67, 36, 90, 71] - 713.0708961330009
[23, 38, 71, 94, 41] - 635.7968772088014
[23, 36, 38, 71, 41] - 644.2099733433009
[23, 38, 90, 71, 41] - 640.348005910499
[23, 71, 41, 97] - 758.8544632000021
[23, 36, 71, 94, 41] - 643.5712821364004
[23, 90, 71, 94, 41] - 639.1975319102993
[23, 36, 90, 71, 41] - 648.1747386556991
[23, 38, 71, 94, 97] - 621.6842289709986
[23, 36, 38, 71, 97] - 629.0969526923991
[23, 38, 90, 71, 97] - 624.8912358687002
[23, 36, 38, 71, 94] - 697.9193277726004
[23, 38, 90, 71, 94] - 692.0498166583
[23, 36, 38, 90, 71] - 703.1021977464968
[23, 36, 71, 94, 97] - 653.4959276381004
[23, 90, 71, 94, 97] - 648.7744425042
[23, 36, 90, 71, 97] - 656.6319548580002
[23, 36, 90, 71, 94] - 726.6744829305003
[23, 67, 38, 41, 97] - 612.0658318731013
[23, 67, 38, 94, 41] - 683.0018046052004
[23, 67, 36, 38, 41] - 690.6947089360998
[23, 67, 38, 90, 41] - 686.9792860542009
[23, 67, 94, 41, 97] - 610.8491987220995
[23, 67, 36, 41, 97] - 616.3694747065002
[23, 67, 90, 41, 97] - 613.1673677360989
[23, 67, 36, 94, 41] - 688.8256723964989
[23, 67, 90, 94, 41] - 685.2521092023995
[23, 67, 36, 90, 41] - 693.2739866163997
[23, 67, 38, 94, 97] - 667.2991623023008
[23, 67, 36, 38, 97] - 674.7096073654
[23, 67, 38, 90, 97] - 670.826842791199
[23, 67, 36, 38, 94] - 745.5331313605018
[23, 67, 38, 90, 94] - 740.2950907120992
[23, 67, 36, 38, 90] - 750.9750058357997
[23, 67, 36, 94, 97] - 695.5745757376001
[23, 67, 90, 94, 97] - 691.2533697333989
[23, 67, 36, 90, 97] - 699.3281985137984
[23, 67, 36, 90, 94] - 771.2471079516016
[23, 38, 94, 41, 97] - 642.4532463141
[23, 36, 38, 41, 97] - 648.6326135207995
[23, 38, 90, 41, 97] - 644.5784154438988
[23, 36, 38, 94, 41] - 719.5738232579012
[23, 38, 90, 94, 41] - 714.7438249792013
[23, 36, 38, 90, 41] - 723.5611763390026
[23, 36, 94, 41, 97] - 648.7448237547998
[23, 90, 94, 41, 97] - 644.5981273808012
[23, 36, 90, 41, 97] - 651.0199809197998
[23, 36, 90, 94, 41] - 722.6394681619007
[23, 36, 38, 94, 97] - 706.5586259188003
[23, 38, 90, 94, 97] - 701.0693804634991
[23, 36, 38, 90, 97] - 709.4830248582983
[23, 36, 38, 90, 94] - 779.9417617327994
[23, 36, 90, 94, 97] - 732.8991680773012
[55, 2, 57] - 664.498508
[55, 24, 57] - 661.2067450000002
[55, 57, 41] - 591.4408869999993
[55, 57, 38] - 634.8751810000005
[55, 57, 97] - 661.9656919999998
[55, 57, 94] - 707.9907330000009
[55, 57, 36] - 708.9821310000008
[55, 57, 90] - 713.5769360000003
[55, 38, 5] - 609.9266669999998
[55, 5, 97] - 619.0674670000001
[55, 5, 94] - 682.5947759999982
[55, 36, 5] - 680.1326189999996
[55, 5, 90] - 713.1216309999993
[55, 24, 2] - 664.6272630000011
[55, 2, 41] - 594.2012189999999
[55, 2, 38] - 761.4532810000002
[55, 2, 97] - 755.7587819999999
[55, 2, 36, 94] - 593.0923964599993
[55, 2, 90, 94] - 601.4851489699993
[55, 2, 36, 90] - 599.5061649400004
[88, 55, 104] - 695.9513270000001
[55, 79, 104] - 700.2718329999994
[55, 104, 71] - 633.605514
[55, 67, 104] - 722.2966989999992
[55, 38, 104] - 619.5385340000004
[55, 104, 97] - 608.9357589999984
[55, 104, 94] - 693.0854469999998
[55, 36, 104] - 706.248776000001
[55, 104, 90] - 786.8572169999998
[55, 120] - 692.8907999999999
[55, 67, 1] - 616.0013919999993
[55, 1, 41] - 604.6074519999999
[55, 1, 94] - 610.7464199999994
[55, 1, 36] - 624.514109000001
[55, 1, 90] - 700.1757510000001
[55, 88, 79] - 738.5426579999997
[55, 88, 71] - 590.4740299999999
[55, 88, 67] - 699.5947330000008
[55, 88, 38] - 590.3938760000007
[55, 88, 94] - 743.9620609999989
[55, 88, 36] - 761.1497189999999
[55, 88, 90] - 761.3421919999995
[55, 79, 71] - 611.4611730000006
[55, 67, 79] - 716.670495
[55, 79, 38] - 606.292035999999
[55, 79, 97] - 589.8359059999988
[55, 79, 36, 94] - 599.3704104000001
[55, 79, 90, 94] - 600.2133173999993
[55, 79, 36, 90] - 613.0621515699987
[55, 24, 41] - 763.8570990000012
[55, 24, 38] - 764.4791029999997
[55, 24, 90, 97] - 610.4341482800003
[55, 24, 36, 94] - 646.1328296500006
[55, 24, 90, 94] - 659.043900900001
[55, 24, 36, 90] - 656.4621205700008
[55, 67, 71] - 694.3475400000012
[55, 38, 71] - 611.5567910000009
[55, 71, 94] - 636.9694189999989
[55, 36, 71] - 651.9375909999991
[55, 90, 71] - 732.5838779999992
[55, 67, 38] - 715.8682840000017
[55, 67, 97] - 645.7646959999996
[55, 67, 94] - 743.5921829999991
[55, 67, 36] - 760.0247660000001
[55, 67, 90] - 838.5897140000023
[55, 38, 41, 97] - 683.064459169998
[55, 38, 94, 41] - 739.0897961400005
[55, 36, 38, 41] - 735.9693278299993
[55, 38, 90, 41] - 802.2422712500011
[55, 94, 41, 97] - 620.6917222599994
[55, 36, 41, 97] - 620.9813035299986
[55, 90, 41, 97] - 682.3873130999986
[55, 36, 90, 94, 41] - 617.757132785499
[55, 36, 38, 94, 97] - 595.8579010358993
[55, 38, 90, 94, 97] - 594.6135300201994
[55, 36, 38, 90, 97] - 599.5800040965001
[55, 36, 38, 90, 94] - 678.7656530780004
[55, 36, 90, 94, 97] - 638.9309639077991
[57, 104, 31] - 776.6589949999989
[1, 57, 31] - 770.0589659999998
[56, 57, 31] - 724.0586709999998
[57, 71, 94, 31] - 592.1365215099996
[57, 36, 71, 31] - 595.2824249599988
[57, 90, 71, 31] - 592.2416449500007
[67, 57, 94, 31] - 591.5232661899989
[67, 57, 36, 31] - 595.5115329499997
[67, 57, 90, 31] - 592.0758847399995
[57, 36, 41, 31] - 591.1391459099991
[57, 38, 31] - 770.0094189999992
[57, 97, 31] - 759.8456300000001
[57, 36, 94, 31] - 611.0528805099996
[57, 90, 94, 31] - 606.8713498299999
[57, 36, 90, 31] - 611.5238675699999
[57, 5, 41] - 707.2656370000016
[57, 38, 5] - 752.5087239999991
[57, 5, 94, 97] - 613.8643228500002
[57, 36, 5, 97] - 616.5501717799989
[57, 5, 90, 97] - 615.39761434
[57, 36, 5, 94] - 623.1220031199995
[57, 5, 90, 94] - 623.1924042500019
[57, 36, 5, 90] - 626.5652230099993
[24, 57, 2] - 631.8761949999998
[57, 2, 41] - 695.069381
[57, 2, 38] - 743.5434870000004
[57, 2, 97] - 756.8644650000002
[57, 2, 90, 94] - 591.5390510000016
[57, 2, 36, 90] - 589.9809995500001
[1, 57, 36, 104] - 592.3801262300001
[56, 57, 104, 71] - 623.6917765699995
[67, 56, 57, 104] - 618.5355238999992
[56, 57, 104, 41] - 637.4303105299985
[56, 57, 38, 104] - 632.2913249800007
[56, 57, 104, 97] - 664.0283723900006
[56, 57, 104, 94] - 665.70803281
[56, 57, 36, 104] - 668.0061174500019
[56, 57, 104, 90] - 665.08496762
[67, 57, 104, 71] - 698.365846229999
[57, 104, 71, 41] - 629.7365482099985
[57, 38, 104, 71] - 651.9317550699992
[57, 104, 71, 97] - 689.2299564700007
[57, 104, 71, 94] - 717.4614450300016
[57, 36, 104, 71] - 722.7033999900003
[57, 104, 90, 71] - 722.1919673800003
[67, 57, 104, 41] - 630.0075934400002
[67, 57, 38, 104] - 652.5298446099991
[67, 57, 104, 97] - 686.9732698800004
[67, 57, 104, 94] - 716.43493389
[67, 57, 36, 104] - 722.2408366000011
[67, 57, 104, 90] - 721.8444793799997
[57, 38, 104, 41] - 674.2491821599997
[57, 104, 41, 97] - 638.3297265000011
[57, 104, 94, 41] - 674.4578501800004
[57, 36, 104, 41] - 679.082535749999
[57, 104, 90, 41] - 677.3628044900005
[57, 104, 38, 97] - 664.9141099699984
[57, 104, 38, 94] - 699.7550550700014
[57, 36, 104, 38] - 705.362003879999
[57, 104, 38, 90] - 702.7505642199995
[57, 104, 94, 97] - 730.2771934899996
[57, 36, 104, 97] - 735.47739503
[57, 104, 90, 97] - 733.6375006399992
[57, 36, 104, 94] - 769.6287973100001
[57, 104, 90, 94] - 768.9359080799993
[57, 36, 104, 90] - 775.1397755699994
[57, 41, 120] - 733.3548419999989
[57, 38, 120] - 750.2262299999995
[57, 94, 97, 120] - 610.7818269999997
[57, 36, 97, 120] - 609.5459051800003
[57, 90, 97, 120] - 607.9552035999995
[57, 36, 94, 120] - 639.8876452199997
[57, 90, 94, 120] - 638.1051101500004
[57, 36, 90, 120] - 639.4278475400006
[56, 1, 57] - 761.5127350000018
[67, 1, 57, 71] - 591.0557209700007
[1, 57, 71, 94] - 597.6178558599998
[1, 57, 36, 71] - 602.2528738000002
[1, 57, 90, 71] - 597.6201505699993
[1, 67, 57, 94] - 594.4398629900012
[1, 67, 57, 36] - 599.9460654000014
[1, 67, 57, 90] - 594.1704454100009
[1, 57, 41] - 747.6725650000006
[1, 57, 38] - 737.7124270000011
[1, 57, 94, 97] - 596.1661274799991
[1, 57, 36, 97] - 601.3349771000001
[1, 57, 90, 97] - 594.0320870899992
[1, 57, 36, 94] - 618.2546357900022
[1, 57, 90, 94] - 611.9694562399993
[1, 57, 36, 90] - 617.7657668500004
[88, 57] - 709.7835999999994
[79, 57] - 744.8294999999989
[67, 56, 57, 71] - 601.4468223400002
[56, 57, 71, 41] - 596.9625286200001
[56, 57, 71, 97] - 625.2286707299997
[56, 57, 71, 94] - 625.2769870399997
[56, 57, 36, 71] - 627.5767368999999
[56, 57, 90, 71] - 623.655428120001
[56, 67, 57, 41] - 597.1459346700003
[56, 67, 57, 38] - 589.1892762600006
[56, 67, 57, 97] - 620.3576231600019
[56, 67, 57, 94] - 622.5896895500005
[56, 67, 57, 36] - 624.2305277700025
[56, 67, 57, 90] - 620.8243619400002
[56, 57, 38, 41] - 637.5068762100004
[56, 57, 41, 97] - 638.9885026600001
[56, 57, 94, 41] - 639.6957120000012
[56, 57, 36, 41] - 642.0518189400012
[56, 57, 90, 41] - 638.6581283800002
[56, 57, 38, 97] - 632.0247905399995
[56, 57, 38, 94] - 634.0652108800011
[56, 57, 36, 38] - 636.4163463099999
[56, 57, 38, 90] - 632.1418416100005
[56, 57, 94, 97] - 666.5246509799999
[56, 57, 36, 97] - 669.0950449599989
[56, 57, 90, 97] - 664.2465718900012
[56, 57, 36, 94] - 671.9599342600018
[56, 57, 90, 94] - 668.0958995500005
[56, 57, 36, 90] - 669.5008856499994
[57, 24, 38] - 594.1927880000009
[57, 24, 97] - 659.3564200000004
[57, 24, 94] - 663.2923669999998
[57, 24, 36] - 663.1658
[57, 24, 90] - 666.5393289999994
[67, 57, 71, 41] - 610.9085992800019
[67, 57, 38, 71] - 630.6126570700003
[67, 57, 71, 97] - 674.8688948599998
[67, 57, 71, 94] - 703.0879238599993
[67, 57, 36, 71] - 707.9172619199996
[67, 57, 90, 71] - 706.87454282
[57, 38, 71, 41] - 625.7629600299992
[57, 71, 41, 97] - 598.1168765999993
[57, 71, 94, 41] - 629.1591093000011
[57, 36, 71, 41] - 633.2809270300014
[57, 90, 71, 41] - 630.0968524900003
[57, 38, 71, 97] - 620.2901688900006
[57, 38, 71, 94] - 649.2883185399996
[57, 36, 38, 71] - 654.6600322599993
[57, 38, 90, 71] - 650.663293890002
[57, 71, 94, 97] - 699.0897029700005
[57, 36, 71, 97] - 703.5046136199987
[57, 90, 71, 97] - 701.2472455000002
[57, 36, 71, 94] - 732.7686615399998
[57, 90, 71, 94] - 731.3024135000005
[57, 36, 90, 71] - 736.6493449100007
[67, 57, 38, 41] - 629.1661533499997
[67, 57, 41, 97] - 598.1363554399996
[67, 57, 94, 41] - 630.63087816
[67, 57, 36, 41] - 634.5897526000001
[67, 57, 90, 41] - 632.6316375099992
[67, 57, 38, 97] - 621.7029344099999
[67, 57, 38, 94] - 651.1189402699987
[67, 57, 36, 38] - 656.6352621099991
[67, 57, 38, 90] - 653.8432924099991
[67, 57, 94, 97] - 699.4959730300001
[67, 57, 36, 97] - 704.0229634000007
[67, 57, 90, 97] - 701.1737655200012
[67, 57, 36, 94] - 733.6506418299996
[67, 57, 90, 94] - 732.7276274299973
[67, 57, 36, 90] - 737.7222005499985
[57, 38, 94, 41, 97] - 783.0260854948998
[57, 36, 38, 41, 97] - 783.7443734188987
[57, 38, 90, 41, 97] - 782.3757372312994
[57, 36, 38, 90, 94, 41] - 608.9741244768653
[57, 36, 94, 41, 97] - 785.6791050084013
[57, 90, 94, 41, 97] - 784.3768747493016
[57, 36, 90, 41, 97] - 785.2045271777997
[57, 36, 38, 90, 94, 97] - 604.6405932136223
[1, 5, 31] - 717.414345999999
[5, 41, 31] - 682.086064999999
[5, 97, 31] - 642.221221
[5, 94, 31] - 698.7740140000004
[36, 5, 31] - 704.1805439999983
[5, 90, 31] - 720.1649339999991
[1, 104, 71, 31] - 687.8740812799991
[67, 1, 104, 31] - 686.931851569999
[1, 104, 41, 31] - 711.0878037799996
[1, 38, 104, 31] - 640.5666225100008
[1, 104, 97, 31] - 628.5638629500003
[1, 104, 94, 31] - 673.5450600299998
[1, 36, 104, 31] - 683.9063006299983
[1, 104, 90, 31] - 740.592830170001
[56, 104, 31] - 723.7457239999994
[67, 104, 71, 31] - 697.5706205200003
[104, 71, 41, 31] - 691.0324648699999
[38, 104, 71, 31] - 666.7346340399989
[104, 71, 97, 31] - 641.3673334299999
[104, 71, 94, 31] - 654.6939870800005
[36, 104, 71, 31] - 661.6049810899993
[104, 90, 71, 31] - 720.0386089799994
[67, 104, 41, 31] - 691.4563096300012
[67, 38, 104, 31] - 667.2557629900004
[67, 104, 97, 31] - 639.7820176000005
[67, 104, 94, 31] - 652.718310560001
[67, 36, 104, 31] - 660.9978089599994
[67, 104, 90, 31] - 719.2899001099995
[38, 104, 41, 31] - 646.8099091399998
[104, 41, 97, 31] - 613.4992969
[104, 94, 41, 31] - 675.9669629299998
[36, 104, 41, 31] - 684.482327779999
[104, 90, 41, 31] - 742.3693955199994
[104, 38, 97, 31] - 632.8520340900001
[104, 38, 94, 31] - 606.3825323899997
[36, 104, 38, 31] - 613.7864647199999
[104, 38, 90, 31] - 670.133458890001
[104, 90, 31, 97] - 638.2953594599998
[36, 104, 94, 31] - 708.529487499999
[104, 90, 94, 31] - 707.8830078300008
[36, 104, 90, 31] - 717.3877969000001
[31, 120] - 683.6529999999998
[88, 1, 41, 31] - 644.2338242300001
[88, 1, 94, 31] - 689.593393640001
[88, 1, 36, 31] - 693.9625408800011
[88, 1, 90, 31] - 689.0067440299999
[1, 79, 41, 31] - 639.6715347300005
[1, 79, 94, 31] - 709.3011232800004
[1, 79, 36, 31] - 708.4792619400009
[1, 79, 90, 31] - 708.9655371900006
[1, 56, 71, 31] - 702.4417339800007
[67, 1, 56, 31] - 699.17585404
[1, 56, 41, 97, 31] - 649.5175627508995
[1, 56, 94, 41, 31] - 649.7160698069994
[1, 56, 36, 41, 31] - 651.8043745482014
[1, 56, 90, 41, 31] - 646.7440881897998
[1, 56, 94, 31, 97] - 647.6341187387987
[1, 56, 36, 31, 97] - 649.8886314023998
[1, 56, 90, 31, 97] - 644.4463372570013
[1, 56, 36, 94, 31] - 651.2637519578014
[1, 56, 90, 94, 31] - 645.9889914277007
[1, 56, 36, 90, 31] - 647.384574446602
[1, 24, 31] - 742.7029799999999
[1, 67, 71, 41, 31] - 590.5991347058003
[1, 67, 90, 71, 31] - 612.8475290941983
[1, 71, 94, 41, 31] - 616.8947186306991
[1, 36, 71, 41, 31] - 624.1400405739007
[1, 90, 71, 41, 31] - 662.2162265255
[1, 38, 71, 31] - 697.6420646899987
[1, 90, 71, 31, 97] - 602.7861496848014
[1, 36, 71, 94, 31] - 651.1385078848015
[1, 90, 71, 94, 31] - 645.8319441282985
[1, 36, 90, 71, 31] - 653.2096377000988
[1, 67, 94, 41, 31] - 618.2363523000008
[1, 67, 36, 41, 31] - 624.0645558901997
[1, 67, 90, 41, 31] - 666.368467602197
[1, 67, 38, 31] - 714.954612870001
[1, 67, 90, 31, 97] - 613.7556906154988
[1, 67, 36, 94, 31] - 658.194541297399
[1, 67, 90, 94, 31] - 657.1197022913009
[1, 67, 36, 90, 31] - 663.4431353449996
[1, 38, 41, 31] - 679.6761135999994
[1, 94, 41, 31, 97] - 653.2441719991006
[1, 36, 41, 31, 97] - 655.7538018172997
[1, 90, 41, 31, 97] - 695.5329525842983
[1, 36, 94, 41, 31] - 781.4546563452013
[1, 90, 94, 41, 31] - 777.2699269474989
[1, 36, 90, 41, 31] - 782.3799677844999
[1, 38, 97, 31] - 639.8837025400002
[1, 38, 94, 31] - 654.2093570300005
[1, 36, 38, 31] - 664.8374374700006
[1, 38, 90, 31] - 717.5569555699983
[1, 36, 94, 31, 97] - 704.4479237415024
[1, 90, 94, 31, 97] - 699.4878659575004
[1, 36, 90, 31, 97] - 701.643367074499
[1, 36, 90, 94, 31] - 829.9063893557003
[88, 79, 31] - 774.9448140000001
[88, 56, 31] - 676.1349400000004
[88, 24, 31] - 629.2275029999995
[88, 71, 31] - 646.813031
[88, 67, 31] - 672.576564000001
[88, 94, 41, 31] - 665.6595346399993
[88, 36, 41, 31] - 668.2134680099988
[88, 90, 41, 31] - 662.3514026100002
[88, 97, 31] - 748.3743439999998
[88, 36, 94, 31] - 714.3323017700018
[88, 90, 94, 31] - 710.626901670001
[88, 36, 90, 31] - 712.7060410699988
[56, 79, 31] - 672.0353320000002
[24, 79, 31] - 671.953692000001
[79, 71, 31] - 662.3018230000013
[67, 79, 31] - 677.7808120000003
[79, 94, 41, 31] - 663.0864768799993
[79, 36, 41, 31] - 661.0632689999997
[79, 90, 41, 31] - 661.9014168800006
[79, 97, 31] - 780.4344199999994
[79, 36, 94, 31] - 740.3204171900007
[79, 90, 94, 31] - 743.0313374200025
[79, 36, 90, 31] - 741.0069276400002
[67, 56, 71, 31] - 627.0773862600005
[56, 71, 41, 31] - 710.6448960500003
[56, 71, 97, 31] - 706.2089816899993
[56, 71, 94, 31] - 707.8717380299996
[56, 36, 71, 31] - 713.0496750700003
[56, 90, 71, 31] - 705.79444419
[56, 67, 41, 31] - 711.0140697900011
[56, 67, 97, 31] - 704.3785543100001
[56, 67, 94, 31] - 705.3449361699986
[56, 67, 36, 31] - 707.2197656099994
[56, 67, 90, 31] - 705.2274300199998
[56, 94, 41, 31, 97] - 654.4534800239
[56, 36, 41, 31, 97] - 656.0164725707984
[56, 90, 41, 31, 97] - 651.3397274696011
[56, 36, 94, 41, 31] - 656.6129949711008
[56, 90, 94, 41, 31] - 652.3144685646996
[56, 36, 90, 41, 31] - 652.573489987599
[56, 38, 31] - 721.3411969999986
[56, 36, 94, 31, 97] - 654.538776207899
[56, 90, 94, 31, 97] - 649.9620471754012
[56, 36, 90, 31, 97] - 650.1811018949
[56, 36, 90, 94, 31] - 652.7088149391996
[24, 41, 31] - 647.1600830000004
[24, 97, 31] - 627.7660430000009
[24, 94, 31] - 675.8054520000012
[24, 36, 31] - 676.0405379999991
[24, 90, 31] - 755.0466559999987
[67, 90, 71, 41, 31] - 609.4186510668
[67, 38, 71, 31] - 727.3397276599992
[67, 71, 97, 31] - 730.296106289999
[67, 71, 94, 31] - 779.9011013000004
[67, 36, 90, 71, 31] - 593.4652644770989
[38, 71, 41, 31] - 701.71807029
[71, 41, 97, 31] - 775.9558023199996
[36, 71, 94, 41, 31] - 639.6291355694995
[90, 71, 94, 41, 31] - 633.9331763710991
[36, 90, 71, 41, 31] - 641.0192587612001
[38, 71, 97, 31] - 634.1833065999994
[38, 71, 94, 31] - 659.2654801500018
[36, 38, 71, 31] - 667.4605458200003
[38, 90, 71, 31] - 722.5683455099996
[71, 94, 31, 97] - 752.3027265699998
[36, 71, 31, 97] - 757.5875388699992
[36, 90, 71, 94, 31] - 670.1653314280001
[67, 38, 41, 31] - 705.1347298799996
[67, 41, 97, 31] - 776.3617454600017
[67, 36, 94, 41, 31] - 639.1940342811029
[67, 90, 94, 41, 31] - 638.3748650568016
[67, 36, 90, 41, 31] - 643.1289826220003
[67, 38, 97, 31] - 649.3432679400007
[67, 38, 94, 31] - 675.6804949499998
[67, 36, 38, 31] - 685.4562197099998
[67, 38, 90, 31] - 740.2605950500003
[67, 94, 31, 97] - 765.5687659200001
[67, 36, 31, 97] - 769.0101768599993
[67, 36, 90, 94, 31] - 678.9604181283005
[38, 41, 97, 31] - 610.6545601200005
[38, 94, 41, 31] - 642.4020233899992
[36, 38, 41, 31] - 650.6475117800006
[38, 90, 41, 31] - 705.0043219000013
[36, 94, 41, 31, 97] - 660.0984615113999
[90, 94, 41, 31, 97] - 656.3818702231007
[36, 90, 41, 31, 97] - 656.7133470978017
[36, 90, 94, 41, 31] - 798.0942121055016
[38, 94, 31, 97] - 594.3876944999996
[36, 38, 31, 97] - 600.4031140699994
[38, 90, 31, 97] - 656.2473010900006
[36, 38, 94, 31] - 694.2448214699991
[38, 90, 94, 31] - 690.9421321800016
[36, 38, 90, 31] - 700.0545138000015
[36, 90, 94, 31, 97] - 714.1694174923026
[24, 2, 5] - 616.537257999999
[2, 38, 5] - 682.1564859999996
[2, 5, 97] - 717.0888369999989
[2, 5, 94] - 731.0703820000007
[2, 36, 5] - 721.8412359999984
[2, 5, 90] - 732.2975909999991
[1, 5, 104] - 621.9383439999997
[5, 104, 71] - 722.4914559999988
[67, 5, 104] - 768.3490979999983
[5, 104, 41] - 652.1677930000001
[38, 5, 104] - 724.5135300000004
[5, 104, 97] - 768.5015860000001
[36, 5, 104, 94] - 600.1159255599999
[5, 104, 90, 94] - 600.7921142400007
[36, 5, 104, 90] - 607.9663816499993
[38, 5, 120] - 663.6233209999988
[5, 97, 120] - 715.7963839999987
[5, 94, 120] - 716.335462000001
[36, 5, 120] - 716.5670810000005
[5, 90, 120] - 724.8260050000004
[88, 1, 5] - 602.30878
[1, 79, 5] - 604.3472100000006
[56, 1, 5] - 604.652305
[1, 5, 71] - 702.8088000000006
[67, 1, 5] - 753.166267999999
[1, 5, 94, 41] - 607.6277027399997
[1, 36, 5, 41] - 616.0250903600005
[1, 5, 90, 41] - 624.8264701000011
[1, 38, 5] - 601.5706500000002
[1, 5, 94, 97] - 590.4347008799998
[1, 36, 5, 97] - 595.9740199600006
[1, 5, 90, 97] - 603.9363678600008
[1, 36, 5, 94] - 657.1373814600004
[1, 5, 90, 94] - 651.1624070800001
[1, 36, 5, 90] - 658.9092437999985
[88, 79, 5] - 767.5165790000001
[88, 5, 71] - 640.6423920000001
[88, 67, 5] - 694.4804159999993
[88, 5, 41] - 609.8794490000006
[88, 38, 5] - 596.142068
[88, 5, 94, 97] - 638.6496803300009
[88, 36, 5, 97] - 641.3440366499999
[88, 5, 90, 97] - 639.3502559399992
[88, 36, 5, 94] - 687.2908852499994
[88, 5, 90, 94] - 687.697239149999
[88, 36, 5, 90] - 690.5795655300016
[79, 5, 71] - 645.1751390000004
[67, 79, 5] - 695.562120000001
[79, 5, 41] - 605.470930000001
[79, 38, 5] - 597.3421809999999
[79, 5, 94, 97] - 647.7456885799996
[79, 36, 5, 97] - 647.1700528300013
[79, 5, 90, 97] - 645.5732744500002
[79, 36, 5, 94] - 695.105253410001
[79, 5, 90, 94] - 696.7451116799981
[79, 36, 5, 90] - 696.8840860600009
[56, 5, 71] - 644.6157989999995
[67, 56, 5] - 649.1473969999985
[56, 5, 41] - 641.9917560000011
[56, 38, 5] - 668.6322550000006
[56, 5, 94, 97] - 678.7077232600005
[56, 36, 5, 97] - 680.9623048900011
[56, 5, 90, 97] - 672.8802800100001
[56, 36, 5, 94] - 686.8605922200012
[56, 5, 90, 94] - 680.76432724
[56, 36, 5, 90] - 682.1804137200021
[24, 38, 5] - 607.3295670000016
[24, 5, 94, 97] - 646.9245922300013
[24, 36, 5, 97] - 642.9178869199983
[24, 5, 90, 97] - 659.4688690799993
[24, 36, 5, 94] - 679.616555320002
[24, 5, 90, 94] - 687.0570814400021
[24, 36, 5, 90] - 680.5033579999982
[67, 5, 71, 97] - 598.3901667100007
[67, 5, 71, 94] - 611.9066801799994
[67, 36, 5, 71] - 621.4871749799995
[67, 5, 90, 71] - 634.2482470899994
[5, 71, 41] - 693.6059889999991
[5, 38, 90, 71] - 592.6075721200001
[5, 71, 94, 97] - 680.2677535999995
[36, 5, 71, 97] - 687.0864471599997
[5, 90, 71, 97] - 698.4973598500005
[36, 5, 71, 94] - 725.5064146599985
[5, 90, 71, 94] - 721.3298962699998
[36, 5, 90, 71] - 730.083739490001
[67, 5, 41] - 737.3381110000004
[67, 5, 38, 97] - 600.9585919999987
[67, 5, 38, 94] - 613.3988011600014
[67, 36, 5, 38] - 620.2340068799996
[67, 5, 38, 90] - 631.2463918699987
[67, 5, 94, 97] - 717.9894478000003
[67, 36, 5, 97] - 721.8958227599993
[67, 5, 90, 97] - 736.3118369799994
[67, 36, 5, 94] - 764.6457562300011
[67, 5, 90, 94] - 765.1976759299977
[67, 36, 5, 90] - 770.2764965600013
[5, 38, 41, 97] - 652.1359383100007
[5, 38, 94, 41] - 675.2843156999994
[36, 5, 38, 41] - 676.8387001200008
[5, 38, 90, 41] - 691.0279519099998
[36, 5, 94, 41, 97] - 598.6518181593013
[5, 90, 94, 41, 97] - 595.7954085441006
[36, 5, 90, 41, 97] - 596.4426318124994
[36, 5, 90, 94, 41] - 647.9624648735
[36, 5, 38, 94, 97] - 686.1899939095024
[5, 38, 90, 94, 97] - 683.9817657596017
[36, 5, 38, 90, 97] - 684.6831028800992
[36, 5, 38, 90, 94] - 713.1447226269017
[36, 5, 90, 94, 97] - 850.7349204227015
[56, 2, 97, 120] - 593.6717334900009
[56, 2, 94, 120] - 589.3080897099999
[56, 2, 36, 120] - 591.2254665200014
[56, 2, 90, 120] - 590.8192022400008
[2, 24, 38, 120] - 769.9880901800009
[2, 24, 94, 97, 120] - 596.7871319704012
[2, 24, 36, 97, 120] - 594.6268197063004
[2, 24, 90, 97, 120] - 596.7169777066013
[2, 24, 36, 94, 120] - 593.8935213185
[2, 24, 90, 94, 120] - 595.9160409334991
[2, 24, 36, 90, 120] - 594.4759918961996
[2, 38, 94, 97, 120] - 642.2360823006994
[2, 36, 38, 97, 120] - 642.0657634240993
[2, 38, 90, 97, 120] - 641.3250818822999
[2, 36, 38, 94, 120] - 656.6630999218997
[2, 38, 90, 94, 120] - 656.245288622401
[2, 36, 38, 90, 120] - 656.7964059185013
[2, 36, 94, 97, 120] - 656.6604387795004
[2, 90, 94, 97, 120] - 657.9246628914011
[2, 36, 90, 97, 120] - 658.0161843947013
[2, 36, 90, 94, 120] - 672.0272720547002
[88, 2, 38] - 660.0394069999992
[88, 2, 97] - 677.2578730000021
[88, 2, 94] - 699.6545909999996
[88, 2, 36] - 709.2791480000003
[88, 2, 90] - 709.561326999999
[2, 79, 38] - 678.773825
[2, 79, 97] - 693.9834060000009
[2, 79, 94] - 717.2236120000001
[2, 79, 36] - 725.1556530000012
[2, 79, 90] - 722.916378
[56, 24, 2] - 735.6518359999983
[56, 2, 38, 97] - 638.3059029200017
[56, 2, 38, 94] - 635.6016645200006
[56, 2, 36, 38] - 637.3509945200008
[56, 2, 38, 90] - 637.223904289999
[56, 2, 94, 97] - 642.0427767399992
[56, 2, 36, 97] - 643.919007690001
[56, 2, 90, 97] - 644.1029807300001
[56, 2, 36, 94] - 640.9039255400006
[56, 2, 90, 94] - 642.4905779600014
[56, 2, 36, 90] - 643.6956719499996
[2, 24, 38, 94, 97] - 748.3306493929995
[2, 24, 36, 38, 97] - 748.4459886746985
[2, 24, 38, 90, 97] - 748.380788743399
[2, 24, 36, 38, 94] - 752.7929282349013
[2, 24, 38, 90, 94] - 760.0483260719004
[2, 24, 36, 38, 90] - 753.7854399024008
[2, 24, 36, 94, 97] - 774.5272255210988
[2, 24, 90, 94, 97] - 777.1075169054969
[2, 24, 36, 90, 97] - 778.9646196902997
[2, 24, 36, 90, 94] - 781.2568321207025
[2, 38, 71] - 597.291588999999
[2, 71, 97] - 615.336439
[2, 71, 94] - 637.6328530000002
[2, 36, 71] - 642.1391540000004
[2, 90, 71] - 648.168377999999
[67, 2, 38] - 597.7690849999994
[67, 2, 97] - 618.0702160000011
[67, 2, 94] - 642.982095
[67, 2, 36] - 646.7635090000017
[67, 2, 90] - 654.735582
[2, 38, 41] - 717.9279600000001
[2, 41, 97] - 661.4620130000004
[2, 94, 41] - 719.1280669999998
[2, 36, 41] - 704.2381839999993
[2, 90, 41] - 718.7046759999995
[2, 36, 38, 90, 94, 97] - 655.3884367174754
[104, 71, 120] - 633.7591829999984
[67, 104, 120] - 635.37658
[38, 104, 120] - 597.3765500000004
[104, 97, 120] - 621.106171
[104, 94, 120] - 612.9462150000002
[36, 104, 120] - 622.81029
[104, 90, 120] - 661.548272
[88, 1, 104] - 762.9652120000001
[1, 79, 104] - 757.3352249999996
[56, 1, 104] - 759.7026979999999
[1, 67, 104, 71, 41] - 607.2470495645007
[1, 67, 38, 104, 71] - 608.6318436000983
[1, 67, 104, 71, 97] - 622.3398168475993
[1, 67, 104, 71, 94] - 597.8005939761007
[1, 67, 36, 104, 71] - 607.0786550344995
[1, 67, 104, 90, 71] - 650.1546300000007
[1, 38, 104, 71, 41] - 589.3815022056012
[1, 104, 90, 71, 41] - 624.1385200052998
[1, 104, 38, 71, 97] - 596.6086999575002
[1, 104, 38, 90, 71] - 608.0054413457992
[1, 104, 90, 71, 97] - 622.5353860896993
[1, 36, 104, 71, 94] - 622.0975052100989
[1, 104, 90, 71, 94] - 618.1747321772013
[1, 36, 104, 90, 71] - 628.0461841657018
[1, 67, 38, 104, 41] - 635.4760397660004
[1, 67, 104, 41, 97] - 625.4627843269998
[1, 67, 104, 94, 41] - 617.8890424161985
[1, 67, 36, 104, 41] - 627.4156452805
[1, 67, 104, 90, 41] - 670.2526323621012
[1, 67, 104, 38, 97] - 643.8430379018993
[1, 67, 104, 38, 94] - 604.0070326304009
[1, 67, 36, 104, 38] - 613.5911211209996
[1, 67, 104, 38, 90] - 654.7574744465006
[1, 67, 104, 94, 97] - 616.5469028710003
[1, 67, 36, 104, 97] - 625.8506889772002
[1, 67, 104, 90, 97] - 667.4226936766987
[1, 67, 36, 104, 94] - 666.8200168051993
[1, 67, 104, 90, 94] - 662.8962187232999
[1, 67, 36, 104, 90] - 673.8848842118997
[1, 104, 38, 41, 97] - 623.0127717491988
[1, 36, 104, 38, 41] - 595.8369158247989
[1, 104, 38, 90, 41] - 636.972860570701
[1, 104, 90, 41, 97] - 623.7479135654007
[1, 36, 104, 94, 41] - 660.9169501718993
[1, 104, 90, 94, 41] - 655.9097447863003
[1, 36, 104, 90, 41] - 667.467264177099
[1, 104, 38, 94, 97] - 591.3511627423005
[1, 36, 104, 38, 97] - 600.3882158012005
[1, 104, 38, 90, 97] - 641.1332072186995
[1, 36, 104, 38, 94] - 612.8038407425988
[1, 104, 38, 90, 94] - 607.2745628005003
[1, 36, 104, 38, 90] - 618.044534906501
[1, 36, 104, 94, 97] - 622.7331334064002
[1, 104, 90, 94, 97] - 617.4844263331985
[1, 36, 104, 90, 97] - 626.9395570085012
[1, 36, 104, 90, 94] - 708.9625877075996
[88, 67, 79, 104] - 614.545364289999
[88, 79, 104, 94] - 701.8606010500002
[88, 79, 36, 104] - 712.2758590400007
[88, 79, 104, 90] - 713.7748158499995
[88, 67, 104, 71] - 626.330879460001
[88, 104, 71, 97] - 593.9959582999991
[88, 104, 71, 94] - 664.9322576199992
[88, 36, 104, 71] - 677.9280422599996
[88, 104, 90, 71] - 674.3513340200013
[88, 67, 38, 104] - 623.8787239100009
[88, 67, 104, 97] - 652.6869862699999
[88, 67, 104, 94] - 725.4195631099977
[88, 67, 36, 104] - 738.9103355600002
[88, 67, 104, 90] - 736.6865070899995
[88, 104, 94, 41] - 617.8710034200004
[88, 36, 104, 41] - 626.1373177999998
[88, 104, 90, 41] - 622.0779286100003
[88, 104, 38, 97] - 634.8665627699986
[88, 104, 38, 94] - 663.8700330999999
[88, 36, 104, 38] - 675.6357979499992
[88, 104, 38, 90] - 669.7792716100001
[88, 104, 94, 97] - 695.0050097400001
[88, 36, 104, 97] - 707.3435244099996
[88, 104, 90, 97] - 702.5871011400018
[88, 36, 104, 90, 94] - 622.9274645969012
[67, 79, 104, 71] - 628.4663735199993
[79, 104, 71, 97] - 591.6746298000003
[79, 104, 71, 94] - 668.02613004
[79, 36, 104, 71] - 675.8694400300017
[79, 104, 90, 71] - 680.1796240599992
[67, 79, 38, 104] - 627.1965656800012
[67, 79, 104, 97] - 651.5297266400006
[67, 79, 104, 94] - 728.3513009200024
[67, 79, 36, 104] - 735.9308727799993
[67, 79, 104, 90] - 741.5309798600013
[79, 104, 94, 41] - 616.235513080001
[79, 36, 104, 41] - 619.7970522399999
[79, 104, 90, 41] - 623.71021716
[79, 104, 38, 97] - 635.1735503400001
[79, 104, 38, 94] - 667.8071957600013
[79, 36, 104, 38] - 675.3647535899992
[79, 104, 38, 90] - 676.5478746300003
[79, 104, 94, 97] - 694.5558547399997
[79, 36, 104, 97] - 701.2305151800015
[79, 104, 90, 97] - 704.4272062999994
[79, 36, 104, 90, 94] - 624.1629736977998
[67, 56, 104, 71] - 601.4762808200012
[56, 104, 71, 41] - 598.135946109998
[56, 38, 104, 71] - 591.3223946299998
[56, 104, 71, 97] - 626.0800631600003
[56, 104, 71, 94] - 624.8022688800003
[56, 36, 104, 71] - 630.0842295299998
[56, 104, 90, 71] - 626.2448428299987
[56, 67, 104, 41] - 596.3184890300003
[56, 67, 38, 104] - 590.124713980002
[56, 67, 104, 97] - 619.2998741999996
[56, 67, 104, 94] - 619.65112051
[56, 67, 36, 104] - 624.2024677299995
[56, 67, 104, 90] - 621.3586688900002
[56, 38, 104, 41] - 638.5163161699984
[56, 104, 41, 97] - 639.1185472699997
[56, 104, 94, 41] - 638.3641552200003
[56, 36, 104, 41] - 643.5234613699997
[56, 104, 90, 41] - 640.6105753599991
[56, 104, 38, 97] - 633.7957686099993
[56, 104, 38, 94] - 634.50632349
[56, 36, 104, 38] - 639.3261968999992
[56, 104, 38, 90] - 635.7540070400016
[56, 104, 94, 97] - 665.38729353
[56, 36, 104, 97] - 670.6215264800013
[56, 104, 90, 97] - 666.4619024599996
[56, 36, 104, 94] - 672.0079290900001
[56, 104, 90, 94] - 668.4028218999988
[56, 36, 104, 90] - 672.9672525500004
[67, 38, 104, 71, 41] - 630.1647488811993
[67, 104, 71, 41, 97] - 604.2559184425991
[67, 104, 71, 94, 41] - 594.1761623091996
[67, 36, 104, 71, 41] - 601.685096307499
[67, 104, 90, 71, 41] - 648.2279797683999
[67, 104, 38, 71, 97] - 707.3477102910001
[67, 104, 38, 71, 94] - 678.5795591771
[67, 36, 104, 38, 71] - 689.0622377309987
[67, 104, 38, 90, 71] - 733.9498130286008
[67, 104, 71, 94, 97] - 699.3871024694992
[67, 36, 104, 71, 97] - 709.6576580465023
[67, 104, 90, 71, 97] - 755.4585237287022
[67, 36, 104, 71, 94] - 746.5866238377004
[67, 104, 90, 71, 94] - 744.3630385461009
[67, 36, 104, 90, 71] - 757.4841280067009
[104, 38, 71, 41, 97] - 618.4055281098994
[104, 38, 71, 94, 41] - 592.0140226242993
[36, 104, 38, 71, 41] - 599.4347124345996
[104, 38, 90, 71, 41] - 644.8133843129008
[104, 90, 71, 41, 97] - 619.6058005584999
[36, 104, 71, 94, 41] - 630.8605353892989
[104, 90, 71, 94, 41] - 628.1556142161004
[36, 104, 90, 71, 41] - 636.8849293646994
[104, 38, 71, 94, 97] - 666.7694439509996
[36, 104, 38, 71, 97] - 676.6058477392983
[104, 38, 90, 71, 97] - 720.6170597853012
[36, 104, 38, 71, 94] - 698.5226664494985
[104, 38, 90, 71, 94] - 694.1230216292003
[36, 104, 38, 90, 71] - 706.1205386983003
[36, 104, 71, 94, 97] - 719.9496987301001
[104, 90, 71, 94, 97] - 717.1685428143994
[36, 104, 90, 71, 97] - 728.3607756192007
[36, 104, 90, 71, 94] - 783.2845819305016
[67, 104, 38, 41, 97] - 662.9167572403018
[67, 104, 38, 94, 41] - 638.9119360443013
[67, 36, 104, 38, 41] - 645.6748526040014
[67, 104, 38, 90, 41] - 690.822375698999
[67, 104, 94, 41, 97] - 611.272750250201
[67, 36, 104, 41, 97] - 617.4598360690007
[67, 104, 90, 41, 97] - 662.7107348237993
[67, 36, 104, 94, 41] - 675.5840976968011
[67, 104, 90, 94, 41] - 674.463311410401
[67, 36, 104, 90, 41] - 682.5801840498989
[67, 104, 38, 94, 97] - 714.7166419216003
[67, 36, 104, 38, 97] - 724.5363768312014
[67, 104, 38, 90, 97] - 768.1456325223003
[67, 36, 104, 38, 94] - 746.5413414544005
[67, 104, 38, 90, 94] - 743.2269080075006
[67, 36, 104, 38, 90] - 754.8738710316994
[67, 36, 104, 94, 97] - 766.0937685124012
[67, 104, 90, 94, 97] - 763.8897618952998
[67, 36, 104, 90, 97] - 775.5482006814004
[67, 36, 104, 90, 94] - 830.3412575968
[104, 38, 94, 41, 97] - 643.0645726629998
[36, 104, 38, 41, 97] - 649.6957830715003
[104, 38, 90, 41, 97] - 694.0777069910998
[36, 104, 38, 94, 41] - 678.1215374003002
[104, 38, 90, 94, 41] - 674.9357620440993
[36, 104, 38, 90, 41] - 683.0106553489001
[36, 104, 94, 41, 97] - 648.3666088663008
[104, 90, 94, 41, 97] - 645.2497166396008
[36, 104, 90, 41, 97] - 652.4745922417997
[36, 104, 90, 94, 41] - 749.3587110241019
[36, 104, 38, 94, 97] - 752.5369110839996
[104, 38, 90, 94, 97] - 748.2528828316993
[36, 104, 38, 90, 97] - 759.0938324262997
[36, 104, 38, 90, 94] - 785.2269630023027
[36, 104, 90, 94, 97] - 803.4741547509992
[1, 120] - 677.5503000000009
[88, 38, 120] - 669.2155360000002
[88, 97, 120] - 704.4526119999987
[88, 94, 120] - 733.0518410000004
[88, 36, 120] - 743.8547040000001
[88, 90, 120] - 739.6194249999983
[79, 38, 120] - 694.5897339999993
[79, 97, 120] - 752.109690000001
[79, 36, 94, 120] - 590.1717415300005
[79, 36, 90, 120] - 591.5481082399999
[56, 24, 120] - 728.585657
[56, 71, 97, 120] - 598.4003457600002
[56, 71, 94, 120] - 596.2353773300001
[56, 36, 71, 120] - 600.4411257199998
[56, 90, 71, 120] - 599.4074384599993
[56, 67, 97, 120] - 599.3563346999998
[56, 67, 94, 120] - 597.39347309
[56, 67, 36, 120] - 601.7891698399999
[56, 67, 90, 120] - 600.46905623
[56, 38, 94, 97, 120] - 642.1849562622997
[56, 36, 38, 97, 120] - 647.7846977592011
[56, 38, 90, 97, 120] - 642.8431077658995
[56, 36, 38, 94, 120] - 643.4510925512006
[56, 38, 90, 94, 120] - 639.317372278299
[56, 36, 38, 90, 120] - 645.1683617379003
[56, 36, 94, 97, 120] - 673.8438671883997
[56, 90, 94, 97, 120] - 670.710460152601
[56, 36, 90, 97, 120] - 674.9470694343995
[56, 36, 90, 94, 120] - 672.2207901926015
[24, 38, 94, 97, 120] - 596.1966823916998
[24, 36, 38, 97, 120] - 593.0797101599002
[24, 38, 90, 97, 120] - 618.491290850099
[24, 36, 38, 94, 120] - 592.6961805728001
[24, 38, 90, 94, 120] - 595.3051079572996
[24, 36, 38, 90, 120] - 592.2305308770004
[24, 36, 94, 97, 120] - 628.320867653201
[24, 90, 94, 97, 120] - 631.7118859651002
[24, 36, 90, 97, 120] - 628.524379771701
[24, 36, 90, 94, 120] - 627.6835161820994
[67, 90, 71, 120] - 604.5156147200001
[38, 71, 97, 120] - 665.7731313399997
[38, 71, 94, 120] - 655.9966903699998
[36, 38, 71, 120] - 662.1801354899983
[38, 90, 71, 120] - 693.546607749998
[71, 94, 97, 120] - 692.2895172299983
[36, 71, 97, 120] - 697.7016838200007
[90, 71, 97, 120] - 728.7680307100017
[36, 71, 94, 120] - 721.8653863299979
[90, 71, 94, 120] - 720.9384769300012
[36, 90, 71, 120] - 728.9761900100016
[67, 38, 97, 120] - 672.9783605099998
[67, 38, 94, 120] - 663.1036054400015
[67, 36, 38, 120] - 669.7839404200001
[67, 38, 90, 120] - 700.4775114099994
[67, 94, 97, 120] - 700.2342455300012
[67, 36, 97, 120] - 705.4007141399999
[67, 90, 97, 120] - 735.5464027300003
[67, 36, 94, 120] - 728.9005909199984
[67, 90, 94, 120] - 728.5112924300009
[67, 36, 90, 120] - 736.4590901099991
[38, 41, 120] - 771.1767809999992
[41, 97, 120] - 734.7543389999989
[94, 41, 120] - 733.7140769999996
[36, 41, 120] - 735.7316550000013
[90, 41, 120] - 776.4167799999997
[36, 38, 90, 94, 97, 120] - 648.3478113749577
[88, 67, 1, 79] - 599.7117776900004
[88, 1, 79, 41] - 730.6920290999999
[88, 1, 79, 97] - 690.1059854000003
[88, 1, 79, 36, 94] - 609.7574234545983
[88, 1, 79, 90, 94] - 607.6142932749998
[88, 1, 79, 36, 90] - 610.6115367926006
[88, 56, 1] - 716.7724800000008
[88, 1, 24] - 626.7803019999999
[88, 1, 71, 41] - 594.3647133899999
[88, 1, 71, 94] - 655.07776397
[88, 1, 36, 71] - 664.7773729299998
[88, 1, 90, 71] - 656.1333007000003
[88, 1, 67, 41] - 658.5368588300007
[88, 1, 67, 97] - 644.5864619800003
[88, 1, 67, 94] - 729.9326408100011
[88, 1, 67, 36] - 739.6559292500007
[88, 1, 67, 90] - 736.3472367500007
[88, 1, 41, 97] - 734.2925378899998
[88, 1, 36, 94, 41] - 653.9023574763995
[88, 1, 90, 94, 41] - 646.5485641220015
[88, 1, 36, 90, 41] - 651.7600695035
[88, 1, 38] - 656.4590490000015
[88, 1, 36, 94, 97] - 614.0843544022001
[88, 1, 90, 94, 97] - 606.8530650398002
[88, 1, 36, 90, 97] - 611.1018791491985
[88, 1, 36, 90, 94] - 710.4732732066977
[56, 1, 79] - 711.3829640000012
[1, 24, 79] - 655.8557460000003
[1, 79, 71, 41] - 593.9843199999998
[1, 79, 71, 94] - 667.4849643600003
[1, 79, 36, 71] - 673.033039099999
[1, 79, 90, 71] - 671.0764386799999
[1, 67, 79, 41] - 651.6856709899984
[1, 67, 79, 97] - 646.6895882599994
[1, 67, 79, 94] - 736.662886239997
[1, 67, 79, 36] - 741.0473933899992
[1, 67, 79, 90] - 743.3576605400016
[1, 79, 41, 97] - 723.18106992
[1, 79, 36, 94, 41] - 646.0526835642006
[1, 79, 90, 94, 41] - 644.5268721425008
[1, 79, 36, 90, 41] - 647.2633285793003
[1, 79, 38] - 655.9972140000008
[1, 79, 36, 94, 97] - 621.6337395788995
[1, 79, 90, 94, 97] - 619.450460835799
[1, 79, 36, 90, 97] - 620.5881852810992
[1, 79, 36, 90, 94] - 724.1508201290002
[67, 1, 56, 71] - 654.3511027900007
[1, 56, 71, 41] - 705.2953815199994
[1, 56, 71, 97] - 735.2331847100021
[1, 56, 71, 94] - 735.4348019300011
[1, 56, 36, 71] - 741.7760612599992
[1, 56, 90, 71] - 733.1206573600016
[1, 56, 67, 41] - 704.0162452899989
[1, 56, 67, 97] - 730.2300068700001
[1, 56, 67, 94] - 729.4679293500002
[1, 56, 67, 36] - 733.4928491200002
[1, 56, 67, 90] - 729.7470205699985
[1, 56, 94, 41, 97] - 648.9343846496005
[1, 56, 36, 41, 97] - 652.1407783539995
[1, 56, 90, 41, 97] - 646.5593497637994
[1, 56, 36, 94, 41] - 651.0739347075001
[1, 56, 90, 94, 41] - 645.8373678656006
[1, 56, 36, 90, 41] - 648.2655086074005
[1, 56, 38] - 714.811527
[1, 56, 36, 94, 97] - 674.9203271659992
[1, 56, 90, 94, 97] - 669.0994441607994
[1, 56, 36, 90, 97] - 670.9640780966005
[1, 56, 36, 90, 94] - 671.9041491814012
[1, 24, 41] - 645.471061999999
[1, 24, 97] - 613.3918790000005
[1, 24, 94] - 658.692257999998
[1, 24, 36] - 657.086156
[1, 24, 90] - 737.7485129999991
[1, 67, 38, 71, 41] - 635.2588320044026
[1, 67, 71, 41, 97] - 640.6135352098021
[1, 67, 71, 94, 41] - 662.1082456088025
[1, 67, 36, 71, 41] - 673.2355632423995
[1, 67, 90, 71, 41] - 714.0249981336988
[1, 67, 38, 71, 97] - 597.7465434318996
[1, 67, 38, 71, 94] - 601.0529720282004
[1, 67, 36, 38, 71] - 612.1933623007991
[1, 67, 38, 90, 71] - 652.5256073190018
[1, 67, 71, 94, 97] - 636.2160619949012
[1, 67, 36, 71, 97] - 644.5839306915991
[1, 67, 90, 71, 97] - 686.5429079586006
[1, 67, 36, 71, 94] - 715.3724767952003
[1, 67, 90, 71, 94] - 709.3208116531008
[1, 67, 36, 90, 71] - 721.4410780771016
[1, 36, 38, 71, 41] - 592.9133363605995
[1, 38, 90, 71, 41] - 633.0661762045005
[1, 71, 94, 41, 97] - 648.8999144273992
[1, 36, 71, 41, 97] - 657.2272352711007
[1, 90, 71, 41, 97] - 696.9323367080988
[1, 36, 71, 94, 41] - 745.0736955679974
[1, 90, 71, 94, 41] - 736.5136747432002
[1, 36, 90, 71, 41] - 748.2068370739987
[1, 38, 90, 71, 97] - 594.7859564409996
[1, 36, 38, 71, 94] - 606.8396276601017
[1, 38, 90, 71, 94] - 600.3765530205999
[1, 36, 38, 90, 71] - 612.2119807109998
[1, 36, 71, 94, 97] - 708.3588988502005
[1, 90, 71, 94, 97] - 701.0838055407012
[1, 36, 90, 71, 97] - 709.0588495142995
[1, 36, 90, 71, 94] - 798.5400163889
[1, 67, 38, 41, 97] - 623.5423549355007
[1, 67, 38, 94, 41] - 629.1760249690998
[1, 67, 36, 38, 41] - 640.3568097004003
[1, 67, 38, 90, 41] - 678.9887430131995
[1, 67, 94, 41, 97] - 693.2043975070003
[1, 67, 36, 41, 97] - 699.8987255551995
[1, 67, 90, 41, 97] - 742.7609952583997
[1, 67, 36, 90, 94, 41] - 591.5278875091444
[1, 67, 38, 94, 97] - 603.0743753553027
[1, 67, 36, 38, 97] - 613.2443435473999
[1, 67, 38, 90, 97] - 653.1366371622001
[1, 67, 36, 38, 94] - 666.6461806880003
[1, 67, 38, 90, 94] - 659.2613678932001
[1, 67, 36, 38, 90] - 672.6480809162002
[1, 67, 36, 94, 97] - 761.1424460918003
[1, 67, 90, 94, 97] - 756.7386835659014
[1, 67, 36, 90, 97] - 764.3268690944993
[1, 38, 90, 41, 97] - 620.0514209801007
[1, 36, 38, 94, 41] - 638.7059088191991
[1, 38, 90, 94, 41] - 630.7513805194995
[1, 36, 38, 90, 41] - 642.7503961510996
[1, 36, 90, 94, 41, 97] - 614.2480542716872
[1, 36, 38, 94, 97] - 608.9973634407002
[1, 38, 90, 94, 97] - 602.0509784152002
[1, 36, 38, 90, 97] - 612.5813280493012
[1, 36, 38, 90, 94] - 670.4187591235986
[88, 56, 79, 97] - 648.4094549800008
[88, 56, 79, 94] - 649.4109951700004
[88, 56, 79, 36] - 647.7814659100012
[88, 56, 79, 90] - 641.9852683800003
[88, 79, 24, 94] - 665.9738732800006
[88, 79, 24, 36] - 667.5634592799987
[88, 79, 24, 90] - 667.6326033400012
[88, 67, 79, 71] - 642.53651013
[88, 79, 71, 97] - 706.1324676799989
[88, 79, 36, 71, 94] - 600.3392291746986
[88, 79, 90, 71, 94] - 598.9340302920012
[88, 79, 36, 90, 71] - 606.4841166033007
[88, 67, 79, 41] - 589.2237688499997
[88, 67, 79, 38] - 603.2209165200012
[88, 67, 79, 97] - 776.9179298199995
[88, 67, 79, 36, 94] - 652.6901693956978
[88, 67, 79, 90, 94] - 656.0916506712998
[88, 67, 79, 36, 90] - 663.0927644682992
[88, 79, 41, 97] - 699.1229246899985
[88, 79, 36, 94, 41] - 633.2363018923996
[88, 79, 90, 94, 41] - 633.138499701499
[88, 79, 36, 90, 41] - 633.6013556835993
[88, 79, 38, 97] - 669.2014684700002
[88, 79, 38, 94] - 712.7521322299989
[88, 79, 36, 38] - 725.8789705300004
[88, 79, 38, 90] - 720.140510080001
[88, 79, 36, 90, 94, 97] - 597.4572859183681
[88, 56, 24, 97] - 602.3147528200006
[88, 56, 24, 94] - 600.79949128
[88, 56, 24, 36] - 600.7410627500007
[88, 56, 24, 90] - 597.3118625400001
[88, 56, 71] - 741.1159120000005
[88, 67, 56] - 736.3905629999988
[88, 56, 41, 97] - 597.8600745099986
[88, 56, 94, 41] - 598.2498707099992
[88, 56, 36, 41] - 596.9681462600005
[88, 56, 90, 41] - 592.3426105400009
[88, 56, 38] - 718.2744920000005
[88, 56, 36, 94, 97] - 682.5535129621004
[88, 56, 90, 94, 97] - 676.1014360030014
[88, 56, 36, 90, 97] - 677.828320162702
[88, 56, 36, 90, 94] - 676.7162109900994
[88, 67, 24] - 604.0349800000001
[88, 24, 94, 97] - 708.3420718100003
[88, 24, 36, 97] - 710.7747388700012
[88, 24, 90, 97] - 710.4933688400001
[88, 24, 36, 90, 94] - 596.0514650748001
[88, 67, 38, 71] - 635.4420927699999
[88, 67, 71, 97] - 718.6512799700021
[88, 67, 36, 71, 94] - 602.784307406898
[88, 67, 90, 71, 94] - 600.4408551840997
[88, 67, 36, 90, 71] - 612.3669099292995
[88, 71, 94, 41] - 657.8120747500006
[88, 36, 71, 41] - 667.5459982000011
[88, 90, 71, 41] - 658.6534325900012
[88, 38, 71, 97] - 664.6321104400002
[88, 38, 71, 94] - 718.4640209100002
[88, 36, 38, 71] - 732.4295971300019
[88, 38, 90, 71] - 726.0211002400001
[88, 36, 71, 94, 97] - 671.1796773752005
[88, 90, 71, 94, 97] - 665.6495981428999
[88, 36, 90, 71, 97] - 675.3656254964012
[88, 36, 90, 71, 94] - 750.2260319563986
[88, 67, 41, 97] - 610.0776177000007
[88, 67, 94, 41] - 721.2536552099994
[88, 67, 36, 41] - 726.3579782299993
[88, 67, 90, 41] - 725.8075552099992
[88, 67, 38, 97] - 734.6221569599998
[88, 67, 36, 38, 94] - 598.6664868616992
[88, 67, 38, 90, 94] - 594.9169392373002
[88, 67, 36, 38, 90] - 606.8596919721992
[88, 67, 36, 94, 97] - 721.1814098016006
[88, 67, 90, 94, 97] - 721.0234679016987
[88, 67, 36, 90, 97] - 730.454571033698
[88, 67, 36, 90, 94] - 807.0178140614995
[88, 38, 41] - 740.6703000000015
[88, 36, 94, 41, 97] - 620.8036030724004
[88, 90, 94, 41, 97] - 615.2063395536002
[88, 36, 90, 41, 97] - 616.9176104092988
[88, 36, 90, 94, 41] - 733.146085819299
[88, 36, 38, 94, 97] - 693.5679305470995
[88, 38, 90, 94, 97] - 685.0665570501003
[88, 36, 38, 90, 97] - 699.0618356249983
[88, 36, 38, 90, 94] - 738.4277028635007
[56, 79, 24, 97] - 601.1514287799993
[56, 79, 24, 94] - 600.8207546400001
[56, 79, 24, 36] - 599.2683633100003
[56, 79, 24, 90] - 592.5040136700005
[56, 79, 71] - 747.5699829999985
[67, 56, 79] - 733.32191
[56, 79, 41, 97] - 592.9246849500004
[56, 79, 94, 41] - 598.0072932899996
[56, 79, 36, 41] - 592.7642262799994
[56, 79, 90, 41] - 592.4524034099999
[56, 79, 38] - 729.2684049999998
[56, 79, 36, 94, 97] - 676.0640722908016
[56, 79, 90, 94, 97] - 672.1700991123005
[56, 79, 36, 90, 97] - 670.8725405496998
[56, 79, 36, 90, 94] - 671.900621432401
[79, 24, 71] - 595.3670519999988
[67, 79, 24] - 621.3219989999992
[79, 24, 94, 97] - 742.37452313
[79, 24, 36, 97] - 741.9916343800007
[79, 24, 90, 97] - 738.4025573100021
[79, 24, 36, 90, 94] - 618.8519015442006
[67, 79, 38, 71] - 641.58740246
[67, 79, 71, 97] - 722.1669727999993
[67, 79, 36, 71, 94] - 606.5717646332995
[67, 79, 90, 71, 94] - 608.7670493196002
[67, 79, 36, 90, 71] - 616.4915035866003
[79, 71, 94, 41] - 659.7196520700016
[79, 36, 71, 41] - 664.2342824299993
[79, 90, 71, 41] - 663.2406429000004
[79, 38, 71, 97] - 666.1028555700009
[79, 38, 71, 94] - 727.3976831900002
[79, 36, 38, 71] - 734.9503065900013
[79, 38, 90, 71] - 736.0187897399992
[79, 36, 71, 94, 97] - 676.2056919177993
[79, 90, 71, 94, 97] - 675.7036325012018
[79, 36, 90, 71, 97] - 680.4603816371005
[79, 36, 90, 71, 94] - 762.0007783159994
[67, 79, 41, 97] - 602.805400589999
[67, 79, 94, 41] - 717.6501639800001
[67, 79, 36, 41] - 717.5578643200001
[67, 79, 90, 41] - 723.7833076499993
[67, 79, 38, 97] - 736.0284815099999
[67, 79, 36, 38, 94] - 600.3381448387
[67, 79, 38, 90, 94] - 599.5907703527001
[67, 79, 36, 38, 90] - 608.2140509910006
[67, 79, 36, 94, 97] - 725.9121989077016
[67, 79, 90, 94, 97] - 728.214176491099
[67, 79, 36, 90, 97] - 732.6257954804
[67, 79, 36, 90, 94] - 812.8436780573985
[79, 38, 41] - 745.665378
[79, 36, 94, 41, 97] - 612.0720898607018
[79, 90, 94, 41, 97] - 612.4077550302984
[79, 36, 90, 41, 97] - 610.5883823160016
[79, 36, 90, 94, 41] - 730.4949816535006
[79, 36, 38, 94, 97] - 699.4721196798007
[79, 38, 90, 94, 97] - 695.6150945557988
[79, 36, 38, 90, 97] - 704.593668926199
[79, 36, 38, 90, 94] - 748.7956234921999
[56, 24, 38] - 724.6529139999992
[56, 24, 36, 94, 97] - 659.0597727636002
[56, 24, 90, 94, 97] - 658.8082941045993
[56, 24, 36, 90, 97] - 656.418161972501
[56, 24, 36, 90, 94] - 653.8153028127009
[56, 67, 71, 41] - 657.5850843500008
[56, 67, 38, 71] - 703.4662335399994
[56, 67, 71, 94, 97] - 611.7582247298989
[56, 67, 36, 71, 97] - 615.0715740315004
[56, 67, 90, 71, 97] - 614.4660391802021
[56, 67, 36, 71, 94] - 615.1799536532006
[56, 67, 90, 71, 94] - 614.0939428866002
[56, 67, 36, 90, 71] - 617.8221269688994
[56, 38, 71, 41] - 594.3685972000005
[56, 71, 41, 97] - 756.3943608100005
[56, 71, 94, 41] - 756.2732886099976
[56, 36, 71, 41] - 763.1318964099986
[56, 90, 71, 41] - 754.4136428300002
[56, 38, 71, 94, 97] - 644.0124021013002
[56, 36, 38, 71, 97] - 647.7968810790009
[56, 38, 90, 71, 97] - 645.8282870476975
[56, 36, 38, 71, 94] - 645.6967495958005
[56, 38, 90, 71, 94] - 643.6963731494993
[56, 36, 38, 90, 71] - 648.1396842931982
[56, 36, 90, 71, 94, 97] - 597.2733670579757
[56, 67, 38, 41] - 596.1714380100007
[56, 67, 41, 97] - 755.1793215499993
[56, 67, 94, 41] - 756.5965723099996
[56, 67, 36, 41] - 757.5525385900017
[56, 67, 90, 41] - 756.9020806500007
[56, 67, 38, 94, 97] - 643.0740714800014
[56, 67, 36, 38, 97] - 646.7596726561
[56, 67, 38, 90, 97] - 644.6766140235992
[56, 67, 36, 38, 94] - 645.2451100810986
[56, 67, 38, 90, 94] - 644.0967014683001
[56, 67, 36, 38, 90] - 647.6195131357991
[56, 67, 36, 90, 94, 97] - 592.3388568701226
[56, 38, 41, 97] - 637.3286720700013
[56, 38, 94, 41] - 636.9407806099989
[56, 36, 38, 41] - 642.2699857800006
[56, 38, 90, 41] - 637.7006280599999
[56, 36, 94, 41, 97] - 723.1550885010993
[56, 90, 94, 41, 97] - 718.9133533247009
[56, 36, 90, 41, 97] - 719.9585967349976
[56, 36, 90, 94, 41] - 720.945497960999
[56, 36, 38, 90, 94, 97] - 665.136191635186
[24, 90, 71, 97] - 599.3811074100003
[24, 71, 94] - 766.7162000000001
[24, 36, 71] - 769.3996729999991
[67, 24, 90, 97] - 622.4594413000002
[67, 24, 36, 94] - 592.93967362
[67, 24, 90, 94] - 601.23832056
[67, 24, 36, 90] - 602.1254777300002
[24, 38, 41] - 651.8780960000009
[24, 94, 41, 97] - 733.7682319099993
[24, 36, 41, 97] - 726.6085049600007
[24, 90, 41, 97] - 790.5165372999999
[24, 36, 90, 94, 41] - 622.4506108467008
[24, 36, 38, 94, 97] - 777.3534442150004
[24, 38, 90, 94, 97] - 778.6685548059007
[24, 36, 38, 90, 97] - 778.9476359870995
[24, 36, 38, 90, 94] - 786.9245325493999
[24, 36, 90, 94, 97] - 1066.9958359149018
[67, 38, 71, 41, 97] - 602.782270227501
[67, 38, 71, 94, 41] - 619.7177007673989
[67, 36, 38, 71, 41] - 628.2615117342995
[67, 38, 90, 71, 41] - 672.4010093591012
[67, 71, 94, 41, 97] - 611.5348026241995
[67, 36, 71, 41, 97] - 618.152237640701
[67, 90, 71, 41, 97] - 663.2453314850001
[67, 36, 71, 94, 41] - 704.2653916531999
[67, 90, 71, 94, 41] - 700.1103001115995
[67, 36, 90, 71, 41] - 710.4266291562991
[67, 38, 71, 94, 97] - 749.511459821601
[67, 36, 38, 71, 97] - 758.9581224975985
[67, 38, 90, 71, 97] - 804.8508945184999
[67, 36, 38, 90, 71, 94] - 618.0463520955121
[67, 36, 90, 71, 94, 97] - 653.6096658706988
[38, 90, 71, 41, 97] - 615.9599901338996
[36, 38, 71, 94, 41] - 639.7876538077004
[38, 90, 71, 94, 41] - 634.6822868138009
[36, 38, 90, 71, 41] - 644.629299030199
[36, 71, 94, 41, 97] - 692.3532443570016
[90, 71, 94, 41, 97] - 685.7908094925006
[36, 90, 71, 41, 97] - 693.2659624179001
[36, 90, 71, 94, 41] - 795.9029545881986
[36, 38, 90, 71, 94, 97] - 656.6779269135845
[67, 38, 94, 41, 97] - 610.2752840760003
[67, 36, 38, 41, 97] - 616.7825651335005
[67, 38, 90, 41, 97] - 660.4366699347995
[67, 36, 38, 94, 41] - 687.0186802835985
[67, 38, 90, 94, 41] - 682.8295194348985
[67, 36, 38, 90, 41] - 691.7587099278004
[67, 36, 94, 41, 97] - 733.4713993293018
[67, 90, 94, 41, 97] - 732.2288325290021
[67, 36, 90, 41, 97] - 736.1807583844004
[67, 36, 38, 90, 94, 97] - 697.611437390812
[36, 38, 90, 94, 41, 97] - 711.9453735611913
