Total itemsets found: 4000
Elapsed time: 2458ms
[27385] - 24.830000000000002
[18515] - 25.810000000000002
[52961] - 25.96999999999999
[18839] - 26.049999999999994
[52965] - 26.13000000000001
[10893] - 26.459999999999997
[52425] - 27.939999999999994
[18827] - 28.819999999999997
[18467] - 28.949999999999996
[47249] - 29.229999999999993
[30283] - 29.79
[30315] - 30.62
[18535] - 31.49
[18763] - 31.529999999999998
[48647] - 31.65
[18759] - 31.689999999999994
[12359] - 32.86000000000001
[18519] - 34.01000000000002
[18495] - 34.690000000000005
[18715] - 34.99
[47257] - 35.960000000000015
[47261] - 36.32999999999999
[30319] - 40.75999999999999
[18655] - 42.49999999999999
[18719] - 42.77
[18539] - 42.889999999999986
[18751] - 43.71000000000001
[10837] - 44.07
[51929] - 44.79999999999999
[18571] - 45.15999999999999
[48635] - 45.660000000000004
[51937] - 46.690000000000005
[20803] - 46.72999999999999
[12423] - 47.129999999999995
[18747] - 47.679999999999986
[18567] - 47.739999999999974
[30311] - 47.92999999999999
[47703] - 48.8
[48695] - 49.44999999999999
[18631] - 49.84
[47281] - 51.09
[18647] - 51.279999999999994
[18451] - 51.64
[18775] - 52.079999999999984
[47265] - 52.63
[18471] - 53.79999999999999
[18743] - 54.75999999999999
[18483] - 54.910000000000004
[47285] - 55.449999999999974
[18411] - 56.649999999999984
[18475] - 57.35999999999999
[47269] - 57.55000000000002
[18875] - 57.839999999999996
[18679] - 58.86
[18639] - 59.15
[18807] - 59.94000000000003
[35189, 35197] - 29.6514
[35189, 35193] - 29.7804
[35201, 35189] - 25.3743
[35189, 35209] - 27.06040000000001
[35205, 35189] - 28.095200000000002
[18767, 18615] - 24.4674
[18459, 18767] - 28.801199999999998
[18767, 18427] - 28.8435
[18619, 18767] - 25.294599999999996
[18731] - 61.980000000000004
[12695, 12699] - 27.3778
[12703, 12699] - 29.76929999999999
[18579] - 63.22999999999998
[18555, 18563] - 24.655600000000003
[18627] - 64.21000000000001
[18663] - 64.63
[18543] - 64.86
[18735] - 65.13000000000001
[54645] - 65.82000000000002
[12519, 12503] - 24.62650000000001
[18575] - 66.95
[18419, 18427] - 24.838099999999994
[10343] - 67.17999999999996
[18819] - 67.91
[12515, 12511] - 24.7456
[47695] - 68.17000000000002
[18479] - 68.73
[48643] - 69.14999999999999
[48651] - 69.33000000000001
[18439] - 69.34000000000003
[18459, 18615] - 26.198899999999995
[18427, 18615] - 31.9621
[18619, 18615] - 30.4604
[18563, 18559] - 24.3939
[35173] - 71.36999999999999
[35197, 35193] - 34.3385
[35201, 35197] - 28.7112
[35197, 35209] - 31.364299999999997
[35205, 35197] - 34.7558
[12415] - 71.56
[18659] - 72.49000000000001
[47293] - 73.13000000000001
[47253] - 73.9
[48691] - 74.16000000000001
[18651] - 75.56000000000002
[47289] - 76.05
[12539, 12535] - 25.347300000000004
[48703] - 77.19999999999999
[18755] - 78.86999999999999
[47273] - 78.89000000000001
[10877, 10869] - 38.30739999999999
[12375, 12435] - 26.34310000000001
[12443, 12435] - 27.287
[12371, 12435] - 25.563700000000008
[12395, 12435] - 31.6921
[12399, 12435] - 28.343599999999995
[12419, 12435] - 29.395799999999998
[12367, 12435] - 31.1695
[12403, 12435] - 26.186300000000003
[12299, 12435] - 30.3316
[12407, 12435] - 29.1639
[12411, 12435] - 26.24379999999999
[12355, 12435] - 25.8203
[12431, 12435] - 32.9695
[18443, 18431] - 25.626700000000003
[18423, 18431] - 27.327599999999997
[18431, 18427] - 24.3596
[48699] - 80.97
[12443, 12375] - 26.1019
[12371, 12375] - 28.949200000000005
[12375, 12343] - 24.984400000000004
[12395, 12375] - 25.149200000000008
[12451, 12375] - 26.302000000000003
[12399, 12375] - 24.767699999999998
[12419, 12375] - 28.943899999999992
[12367, 12375] - 29.152800000000006
[12375, 12447] - 25.092600000000004
[12375, 12403] - 24.114500000000003
[12299, 12375] - 24.937700000000007
[12407, 12375] - 25.875799999999995
[12411, 12375] - 24.2096
[12355, 12375] - 26.168100000000003
[12375, 12431] - 31.692200000000003
[18811] - 84.72000000000001
[35201, 35193] - 31.389800000000008
[35209, 35193] - 29.886699999999994
[35205, 35193] - 29.0401
[12507] - 86.52999999999999
[35201, 35209] - 26.555299999999992
[35205, 35201] - 30.4835
[35149, 35201] - 28.05569999999999
[35201, 35181] - 27.367300000000007
[10829, 10853] - 39.044
[10865, 10853] - 26.8734
[10849, 10853] - 33.509499999999996
[10857, 10853] - 30.777800000000013
[10861, 10853] - 29.455399999999997
[12355, 10853] - 24.913199999999996
[35205, 35209] - 34.232600000000005
[18587, 18583] - 26.5786
[48639] - 94.10000000000007
[18611, 18427] - 27.968200000000003
[18611, 18619] - 35.9804
[18587, 18671] - 24.930300000000006
[18423, 18595] - 23.9044
[18595, 18619] - 23.9393
[18443, 18551] - 27.6915
[18443, 18599] - 24.028900000000007
[18443, 18447] - 27.210499999999993
[18443, 18423] - 23.959899999999998
[18443, 18619] - 24.743299999999998
[12811] - 98.33000000000006
[18423, 18551] - 24.2191
[18551, 18547] - 26.7382
[12371, 12443] - 26.537699999999997
[12443, 12343] - 24.828400000000002
[12395, 12443] - 25.687500000000004
[12451, 12443] - 30.421499999999995
[12399, 12443] - 31.961699999999993
[12419, 12443] - 39.880800000000015
[12443, 12367] - 28.2393
[12443, 12447] - 27.736000000000008
[12443, 12403] - 31.519800000000004
[12299, 12443] - 37.34129999999999
[12407, 12443] - 33.6481
[12443, 12411] - 29.9684
[12355, 12443] - 28.20959999999999
[12443, 12431] - 37.55070000000001
[54669, 54657] - 33.43690000000001
[54653, 54657] - 36.76199999999998
[54673, 54657] - 40.5729
[48659] - 103.79999999999998
[18795, 18799] - 45.07119999999999
[46285, 46293] - 34.979400000000005
[46289, 46293] - 36.9333
[46293, 46281] - 35.410799999999995
[33441, 46293] - 24.0578
[33465, 46293] - 29.976399999999998
[46293, 33437] - 29.131599999999995
[46293, 33429] - 25.5874
[33453, 46293] - 25.905200000000004
[34905, 46293] - 24.1388
[33433, 46293] - 29.202900000000003
[33469, 46293, 33449] - 23.941177
[54665, 54653] - 25.367699999999992
[54673, 54665] - 32.8375
[18527, 18703] - 24.8227
[20807, 18779] - 30.3072
[18511, 18695] - 25.3517
[10845, 10841] - 33.0167
[10845, 10881] - 33.499299999999984
[10877, 10845] - 34.7773
[35169, 35157, 35161] - 24.305747000000014
[35165, 35153, 35161] - 25.304637999999997
[35169, 35165, 35161] - 24.216150000000006
[35169, 35153, 35161] - 25.504173999999995
[35177, 35161] - 26.151900000000005
[35149, 35161] - 39.721000000000004
[35161, 35181] - 28.281000000000006
[35185, 35161] - 26.966
[12355, 35161] - 25.8462
[12859, 12899] - 25.004599999999996
[12859, 12863] - 27.541700000000006
[12859, 12799] - 28.19040000000001
[12859, 12851] - 24.580000000000002
[12859, 12891] - 26.000799999999998
[12859, 12471] - 28.325100000000003
[12859, 12839] - 26.301400000000008
[12803, 12859] - 28.14760000000001
[12859, 12887] - 35.71040000000001
[12859, 12871] - 24.831700000000005
[12859, 12879] - 25.864399999999996
[12859, 12523] - 24.25
[12847, 12859] - 24.922799999999995
[12859, 12867] - 27.181900000000013
[12859, 12883] - 51.32440000000001
[12859, 12835] - 28.396399999999996
[12859, 12807] - 25.696100000000005
[12859, 12795] - 27.633899999999997
[12859, 12827] - 27.765
[12859, 12831] - 25.427599999999998
[12859, 12875] - 27.986300000000007
[12859, 12703] - 25.3185
[12859, 12895] - 27.2779
[48679] - 113.86000000000006
[10339, 10319] - 29.656799999999993
[46289, 46285] - 36.07889999999999
[33457, 46285] - 24.841999999999995
[46285, 46281] - 38.73409999999999
[33441, 46285] - 25.654299999999992
[33465, 46285] - 30.2132
[46285, 33437] - 27.780900000000006
[46285, 33429] - 26.155699999999996
[33453, 46285] - 33.679399999999994
[33433, 46285] - 30.591399999999997
[33469, 46285, 33449] - 28.694141000000016
[54653, 54669] - 36.9839
[54673, 54669] - 45.40450000000002
[10315, 54669] - 25.657500000000006
[35185, 12387] - 29.2984
[12339, 12387] - 76.65410000000001
[32221, 32217] - 25.669400000000003
[32201, 32217] - 28.330599999999993
[32205, 32217] - 30.3591
[32213, 32217] - 34.221199999999996
[12899, 12863] - 24.919999999999998
[12475, 12899] - 36.25230000000001
[12891, 12899] - 26.328099999999996
[12471, 12899] - 24.2048
[12803, 12899] - 24.74430000000001
[12887, 12899] - 29.37950000000001
[12871, 12899] - 24.123400000000004
[12879, 12899] - 25.2813
[12867, 12899] - 24.378400000000003
[12883, 12899] - 26.375900000000005
[12795, 12899] - 27.78269999999999
[12827, 12899] - 23.957200000000004
[12899, 12831] - 26.26889999999999
[12899, 12875] - 27.49140000000001
[12895, 12899] - 31.687699999999992
[12515, 12519] - 51.819700000000005
[48687] - 120.79000000000008
[12799, 12863] - 32.198899999999995
[12851, 12863] - 26.033799999999996
[12891, 12863] - 32.1708
[12839, 12863] - 26.963899999999995
[12803, 12863] - 29.188499999999998
[12887, 12863] - 28.404299999999996
[12903, 12863] - 24.200000000000003
[12871, 12863] - 30.329600000000006
[12879, 12863] - 29.245399999999993
[12855, 12863] - 24.376
[12847, 12863] - 27.310500000000005
[12867, 12863] - 39.330999999999996
[12883, 12863] - 28.609100000000005
[12835, 12863] - 28.8888
[12807, 12863] - 26.98360000000001
[12683, 12863] - 25.70229999999999
[12795, 12863] - 32.7739
[12827, 12863] - 32.66060000000001
[12863, 12831] - 27.362599999999993
[12863, 12875] - 27.672599999999996
[12695, 12863] - 24.667200000000005
[12679, 12863] - 25.5751
[12703, 12863] - 25.51379999999999
[12895, 12863] - 35.883500000000005
[18635] - 123.19
[18847] - 124.63999999999997
[18599, 18603] - 27.002699999999997
[18675, 18599] - 25.259600000000002
[18599, 18619] - 23.913999999999998
[12635] - 126.00999999999999
[12331, 12323] - 31.336699999999997
[12339, 12323] - 27.565899999999996
[47277] - 126.71999999999997
[18883] - 127.43
[54673, 54653] - 43.205199999999984
[33461, 52973] - 29.0526
[33461, 33449] - 30.630599999999994
[18815] - 130.88
[12851, 12799] - 27.367499999999986
[12891, 12799] - 32.60799999999999
[12839, 12799] - 30.089000000000002
[12803, 12799] - 36.83410000000002
[12903, 12799] - 30.419999999999998
[12871, 12799] - 31.513300000000005
[12879, 12799] - 39.776799999999994
[12531, 12799] - 27.6416
[12799, 12855] - 26.205400000000004
[12799, 12523] - 28.2111
[12527, 12799] - 25.04550000000001
[12847, 12799] - 24.990199999999994
[12799, 12467] - 24.451300000000003
[12867, 12799] - 35.496199999999995
[12883, 12799] - 28.431900000000006
[12835, 12799] - 29.1067
[12807, 12799] - 32.051199999999994
[12823, 12799] - 36.949600000000004
[12799, 12687] - 26.3392
[12683, 12799] - 28.494700000000005
[12795, 12799] - 30.9167
[34885, 12799] - 24.3357
[12691, 12799] - 29.536700000000007
[12827, 12799] - 39.29800000000001
[12799, 12831] - 35.034899999999986
[12799, 12875] - 29.126500000000004
[12695, 12799] - 32.77719999999999
[12799, 12679] - 28.786299999999997
[12703, 12799] - 24.535899999999998
[12895, 12799] - 43.86820000000001
[12799, 33449] - 26.972000000000005
[18459, 18427] - 35.191700000000004
[18619, 18459] - 30.214799999999997
[18523] - 137.20999999999998
[52973, 33449] - 43.1879
[33457, 33445] - 31.223199999999995
[33445, 46281] - 24.591200000000004
[33445, 10829] - 24.059099999999997
[33445, 12471] - 23.895399999999995
[33445, 33465, 33441] - 24.993114000000006
[33445, 33441, 33437] - 26.892962000000004
[33445, 33441, 33429] - 26.127656000000005
[33433, 33445, 33441] - 25.611935000000003
[33445, 33441, 33449] - 24.246997000000004
[33445, 33465, 33437] - 23.866493
[33445, 33465, 33429] - 24.235558000000005
[33433, 33445, 33465] - 24.729206
[34921, 33445] - 25.917500000000004
[33445, 33429, 33437] - 26.227618
[33433, 33445, 33437] - 23.857902
[33445, 33437, 33449] - 24.054850999999996
[33425, 33445] - 24.491599999999995
[10857, 33445] - 24.721799999999998
[33445, 10861] - 24.095000000000006
[33445, 12883] - 26.122300000000003
[33445, 33453, 33429] - 24.130540000000003
[33433, 33445, 33429] - 27.002582999999998
[33445, 33429, 33449] - 26.171539999999997
[33445, 34901] - 34.30660000000001
[33433, 33445, 33453] - 26.633864000000003
[34897, 33445] - 29.055
[33445, 34905] - 30.056600000000003
[33445, 34889] - 28.244600000000002
[33433, 33445, 33449] - 26.328169
[34885, 33445] - 27.3894
[33445, 12355] - 24.230999999999998
[33445, 34893] - 30.934100000000008
[12703, 33445] - 26.576000000000008
[33445, 12483] - 24.089399999999998
[33445, 12487] - 24.019299999999998
[33469, 33445] - 28.231999999999996
[33445, 12895] - 24.704299999999996
[12531, 12535] - 30.2818
[12535, 12523] - 28.5075
[12527, 12535] - 36.68509999999999
[12535, 12655] - 24.104000000000003
[10307, 12535] - 29.069300000000002
[48683] - 140.23000000000005
[48711, 48707] - 30.889299999999984
[48667, 48655] - 39.6441
[48655, 48675] - 30.708999999999993
[12351, 12355] - 49.36230000000002
[33457, 46289] - 24.9463
[46289, 46281] - 40.481500000000004
[33441, 46289] - 28.4917
[33465, 46289] - 31.729100000000006
[46289, 33437] - 32.869400000000006
[46289, 33429] - 26.851699999999997
[46289, 34901] - 25.797100000000004
[33453, 46289] - 34.3536
[46289, 34905] - 27.812399999999997
[46289, 34889] - 27.3093
[33469, 33433, 46289] - 24.869252
[33469, 46289, 33449] - 33.15603600000001
[47965, 47961] - 37.79980000000001
[47961, 47949] - 33.5586
[47953, 47961, 47957] - 27.01731
[47687, 48575] - 44.70129999999999
[18683, 18563] - 25.646600000000003
[48667, 48663, 48671] - 40.42112300000001
[48667, 48675, 48671] - 28.028004000000003
[12651, 12643] - 24.35740000000001
[12647, 12651] - 69.815
[12651, 12667] - 24.2237
[12651, 12655] - 30.688399999999998
[12695, 12651] - 27.779899999999998
[12663, 12651] - 23.842000000000006
[10295, 12651] - 27.332699999999996
[12895, 12651] - 24.15159999999999
[33457, 46281] - 28.538400000000006
[33457, 33465, 33441] - 28.404626999999998
[33457, 33441, 33437] - 26.573355000000003
[33457, 33441, 33429] - 25.239564
[33457, 33453, 33441] - 26.101346999999993
[33457, 33433, 33441] - 28.307623
[33457, 33441, 33449] - 26.59972
[33457, 33465, 33437] - 27.153702000000006
[33457, 33465, 33429] - 25.833685
[33457, 33433, 33453, 33465] - 24.598437329999992
[33457, 33465, 33449] - 30.116660999999997
[33457, 33429, 33437] - 24.441679000000004
[33457, 33453, 33437] - 25.09062400000001
[33457, 33433, 33437] - 28.215747
[33457, 33437, 33449] - 26.456704999999996
[33457, 33425] - 29.759299999999993
[33457, 12527] - 25.170399999999994
[33457, 33453, 33429] - 25.186701000000003
[33457, 33433, 33429] - 25.789345000000004
[33457, 33429, 33449] - 25.005366
[33457, 34901] - 35.72679999999999
[33457, 33469, 33453] - 24.561123000000002
[33457, 33453, 33449] - 29.305579999999996
[33457, 34897] - 24.9647
[33457, 12687] - 23.935200000000002
[33457, 34905] - 34.90999999999999
[33457, 33433, 34889] - 24.563541999999998
[33457, 12683] - 25.210299999999993
[33457, 33469, 33433] - 25.064390000000003
[33457, 33433, 33449] - 29.996838000000015
[33457, 12795] - 24.465300000000003
[33457, 34885] - 26.5955
[33457, 12691] - 28.277899999999995
[33457, 12831] - 27.752999999999997
[33457, 12695] - 25.7416
[33457, 33469, 33449] - 24.975913000000006
[33457, 12895] - 25.478600000000004
[33441, 46281] - 31.739599999999985
[33433, 33465, 46281] - 24.506472999999996
[33469, 33465, 46281] - 24.303345
[33437, 46281] - 37.321899999999985
[33429, 46281] - 31.4731
[34901, 46281] - 27.911399999999997
[33453, 46281] - 37.0508
[34905, 46281] - 26.2862
[34889, 46281] - 25.128900000000005
[33469, 33433, 46281] - 26.412038999999993
[33433, 33449, 46281] - 24.133581999999997
[12695, 46281] - 25.598900000000004
[33469, 33449, 46281] - 30.371886000000003
[10829, 12475] - 24.022199999999998
[12471, 12475] - 40.4145
[12475, 12887] - 27.093700000000005
[10857, 12475] - 24.346999999999994
[12883, 12475] - 27.783400000000007
[12463, 12475] - 27.368799999999997
[12659, 12475] - 26.516399999999997
[12827, 12475] - 24.162899999999997
[12475, 12831] - 24.2697
[12695, 12475] - 25.4395
[12703, 12475] - 25.593
[12483, 12475] - 27.4692
[12487, 12475] - 30.272500000000008
[12895, 12475] - 26.350599999999996
[12475, 33449] - 23.869300000000003
[12327, 12335] - 34.2116
[12339, 12335] - 24.9872
[12355, 12335] - 33.1337
[10877, 12335] - 24.948099999999997
[18643] - 153.88000000000002
[18507] - 154.19
[12471, 10829] - 29.692699999999995
[34917, 10829] - 24.5981
[10829, 12343] - 25.2618
[10829, 34925] - 24.6414
[10829, 34913] - 23.9805
[10865, 10829] - 27.440600000000003
[10833, 10829] - 31.866299999999995
[10849, 10829] - 40.575799999999994
[34929, 10829] - 24.169799999999995
[34921, 10829] - 25.114100000000004
[12491, 10829] - 25.046100000000003
[10857, 10829] - 31.674499999999995
[10829, 10861] - 30.8092
[12883, 10829] - 26.073700000000006
[12495, 10829] - 28.052500000000002
[10829, 12687] - 25.490500000000004
[10829, 12683] - 24.6744
[10829, 12463] - 25.512699999999995
[12795, 10829] - 24.488100000000003
[12827, 10829] - 26.97309999999999
[12355, 10829] - 39.812599999999996
[10829, 12831] - 31.339399999999998
[10829, 12875] - 29.513900000000014
[10829, 12695] - 27.069600000000005
[12703, 10829] - 25.024900000000002
[12483, 10829] - 30.3476
[12487, 10829] - 30.819299999999995
[12895, 10829] - 26.920099999999998
[10829, 33449] - 28.628200000000007
[12339, 12331] - 29.170299999999997
[10877, 12331] - 33.716300000000004
[12407, 12427] - 25.302500000000002
[12427, 12431] - 26.304699999999997
[12891, 12851] - 26.81329999999999
[12835, 12839, 12851] - 24.471630999999995
[12803, 12851] - 26.4222
[12851, 12459] - 26.073899999999995
[12903, 12851] - 27.980499999999992
[12531, 12851] - 26.478199999999994
[12851, 12855] - 32.728899999999996
[12491, 12851] - 25.066
[12851, 12523] - 28.589499999999997
[12527, 12851] - 23.853699999999996
[12847, 12851] - 35.38330000000001
[12851, 12467] - 32.33889999999999
[12867, 12851] - 25.793200000000006
[12883, 12851] - 31.205500000000004
[12807, 12851] - 33.68339999999999
[12823, 12851] - 31.021300000000007
[12851, 12687] - 28.393599999999996
[12851, 12683] - 25.660500000000006
[12795, 12851] - 26.576400000000003
[12691, 12851] - 24.45439999999999
[12827, 12851] - 29.41730000000001
[12851, 12831] - 25.610799999999994
[12851, 12679] - 27.155099999999997
[12703, 12851] - 24.253199999999996
[12487, 12851] - 24.219400000000004
[12895, 12851] - 30.0612
[18683, 18603] - 24.7397
[35157, 35165, 35153] - 27.236969000000002
[35149, 35157, 35165] - 23.933377
[35169, 35157, 35165] - 31.014688000000007
[35149, 35157, 35153] - 27.77071500000001
[35169, 35157, 35153] - 35.189018999999995
[35157, 35177] - 34.05810000000002
[35149, 35169, 35157] - 28.003564000000008
[35157, 35181] - 34.2613
[35157, 35185] - 33.680499999999995
[35157, 12355] - 25.744799999999994
[12891, 12839] - 27.448699999999995
[12803, 12891] - 33.1211
[12903, 12891] - 27.048799999999996
[12891, 12871] - 30.2821
[12879, 12891] - 29.4177
[12891, 12855] - 28.104900000000008
[12491, 12891] - 24.553199999999997
[12527, 12891] - 24.6919
[12847, 12891] - 24.449599999999993
[12867, 12891] - 35.30679999999999
[12891, 12883] - 26.821999999999996
[12835, 12891] - 26.668800000000005
[12495, 12891] - 25.065
[12807, 12891] - 30.69429999999999
[12823, 12891] - 29.337999999999997
[12891, 12687] - 26.1391
[12891, 12683] - 30.773299999999995
[12891, 12463] - 24.2066
[12891, 12795, 12895] - 25.657479999999996
[12891, 12691] - 29.838999999999995
[12891, 12827] - 33.6438
[12891, 12831] - 30.72
[12891, 12875] - 29.2216
[12891, 12695] - 28.4322
[12891, 12679] - 27.958799999999997
[12703, 12891] - 24.561400000000006
[12891, 33449] - 25.668400000000005
[12595] - 162.23999999999992
[18487] - 163.71999999999994
[18727] - 168.07000000000005
[18587, 18547] - 27.013000000000005
[18787, 18603] - 28.336499999999994
[12583, 12579] - 29.94950000000001
[12559, 12583] - 25.147600000000008
[12587] - 170.92000000000002
[12471, 12887] - 35.2895
[12491, 12471] - 32.007099999999994
[12527, 12471] - 23.8781
[12471, 10861] - 24.2274
[12471, 12467] - 24.242
[12471, 12883] - 38.9257
[12495, 12471] - 26.239399999999996
[12471, 12463] - 27.032000000000007
[12659, 12471] - 36.83949999999999
[12471, 12355] - 24.0369
[12471, 12695] - 23.927200000000003
[12483, 12471] - 30.62270000000001
[12471, 12487] - 33.88119999999999
[12471, 12895] - 24.421000000000003
[18675, 18427] - 28.167499999999997
[18675, 18619] - 29.77729999999999
[10327, 10291] - 37.49079999999999
[10327, 10299] - 32.773199999999996
[10327, 12695] - 34.013999999999996
[10327, 10307, 10295] - 24.324653
[10327, 33469] - 29.095399999999998
[10327, 12895] - 28.7624
[10327, 33449] - 45.74230000000001
[18619, 18447] - 37.0063
[35149, 35165, 35153] - 24.711925
[35169, 35165, 35153] - 37.17006900000002
[35177, 35165] - 32.62050000000001
[35149, 35169, 35165] - 28.993847
[35165, 35181] - 34.780499999999996
[34929, 35165] - 25.4427
[34921, 35165] - 23.892099999999996
[35165, 35185] - 44.02749999999998
[12355, 35165] - 26.7774
[32221, 32197] - 32.068799999999996
[32221, 32209] - 30.332900000000006
[32201, 32221, 32205] - 24.085830999999995
[32213, 32221] - 40.16439999999999
[32221, 10295] - 25.379399999999997
[10315, 32221] - 28.582300000000004
[54673, 54661] - 37.324999999999996
[54673, 10315] - 30.74920000000001
[35177, 35153] - 36.72579999999999
[35149, 35169, 35153] - 28.245811000000007
[35153, 35181] - 35.4917
[35153, 35185] - 33.40679999999999
[12355, 35153] - 27.865800000000004
[12615, 12607] - 27.047799999999995
[12615, 12767] - 28.696300000000008
[12615, 12611] - 46.659199999999984
[12615, 12755] - 31.830500000000004
[12615, 12771] - 30.140599999999996
[12615, 12621] - 28.4192
[10307, 12615] - 24.005999999999997
[12371, 12343] - 24.6729
[12395, 12371] - 37.395500000000006
[12451, 12371] - 27.7189
[12371, 12399] - 30.916000000000007
[12419, 12371] - 42.27159999999999
[12371, 12367] - 40.84510000000001
[12371, 12447] - 30.138799999999993
[12371, 12403] - 31.733999999999995
[12371, 12299] - 37.67790000000001
[12407, 12371] - 28.6846
[12371, 12411] - 33.5707
[12371, 12355] - 34.3898
[12371, 12431] - 31.089700000000004
[12563, 12555] - 29.212199999999996
[12559, 12563] - 62.52760000000003
[54661, 34893] - 24.690200000000004
[54661, 32213] - 39.70889999999999
[54661, 12703] - 32.358799999999995
[54661, 12483] - 26.9042
[54661, 12487] - 40.1982
[54661, 10311] - 35.40209999999999
[34909, 34917, 34913] - 26.096678999999998
[34909, 34929, 34917] - 25.024243
[34917, 12343] - 25.652799999999996
[35169, 34917] - 24.166900000000002
[34929, 34917, 34925] - 27.170542000000008
[34921, 34917, 34925] - 27.248092000000003
[34929, 34917, 34913] - 26.916150999999996
[10849, 34917] - 24.908899999999992
[34921, 34929, 34917] - 27.938826000000006
[34917, 34901] - 24.010200000000005
[12355, 34917] - 35.71220000000001
[34909, 35177] - 24.503600000000002
[34909, 12343] - 23.966199999999994
[34909, 34925] - 33.71340000000001
[34921, 34909] - 32.929100000000005
[34909, 12355] - 27.556500000000007
[35149, 35177] - 28.038499999999996
[35169, 35177] - 38.497200000000014
[35177, 35185, 35181] - 26.373265000000004
[12355, 35177] - 26.133399999999995
[33465, 33441, 33437] - 32.520708000000006
[33465, 33441, 33429] - 28.007463000000005
[33465, 33441, 34901] - 25.406374999999997
[33453, 33465, 33441] - 29.870479999999993
[33465, 33441, 34905] - 23.969505
[33433, 33465, 33441] - 32.17612200000001
[33465, 33441, 33449] - 30.507054999999998
[33441, 33429, 33437] - 31.80544
[33441, 34901, 33437] - 24.854971000000003
[33453, 33441, 33437] - 30.260462
[33441, 34905, 33437] - 25.179534
[33433, 33441, 33437] - 30.994901
[33469, 33441, 33437] - 27.929236
[33441, 33437, 33449] - 32.76805000000001
[33425, 33441] - 31.871800000000007
[33441, 12531] - 24.274399999999996
[12491, 33441] - 24.6999
[33441, 12523] - 27.899299999999997
[12527, 33441] - 26.67239999999999
[33441, 10861] - 24.80990000000001
[33441, 12467] - 23.931900000000002
[33453, 33441, 33429] - 26.35022800000001
[33441, 34905, 33429] - 25.632308000000005
[33433, 33441, 33429] - 28.307429000000003
[33441, 33429, 33449] - 30.925037
[33441, 34905, 34901] - 24.07519200000001
[33433, 33453, 33441] - 31.245960999999994
[33469, 33453, 33441] - 23.894613999999994
[33453, 33441, 33449] - 31.80099999999999
[34897, 33441] - 31.708800000000007
[33441, 12687] - 27.09429999999999
[33441, 34905, 33449] - 25.379801999999998
[33441, 34889] - 37.31260000000001
[33441, 12683] - 31.87419999999999
[33469, 33433, 33441] - 24.065994999999997
[33433, 33441, 33449] - 31.238085
[33441, 12795] - 28.278000000000002
[34885, 33441] - 31.91390000000001
[12691, 33441] - 29.180100000000003
[12827, 33441] - 25.0612
[33441, 12355] - 25.883099999999992
[33441, 12831] - 28.205300000000005
[34893, 33441] - 28.383200000000013
[33441, 12875] - 25.09819999999999
[33441, 12695] - 34.87079999999999
[33441, 12679] - 25.422499999999996
[12703, 33441] - 24.877999999999997
[12483, 33441] - 24.143200000000007
[33441, 12487] - 24.285199999999996
[33469, 33441, 33449] - 28.37293800000001
[33441, 12895] - 33.25940000000001
[12803, 12839] - 26.088300000000004
[12839, 12459] - 26.436400000000003
[12839, 12843] - 29.433400000000006
[12879, 12839] - 27.800400000000007
[12839, 12531] - 31.302100000000006
[12839, 12855] - 29.090500000000006
[12491, 12839] - 25.9779
[12839, 12523] - 32.1395
[12527, 12839] - 28.56490000000001
[12847, 12839] - 30.502199999999995
[12839, 12467] - 33.7482
[12867, 12839] - 35.0357
[12839, 12883] - 31.8646
[12807, 12839] - 27.455000000000002
[12823, 12839] - 29.6224
[12839, 12687] - 29.756600000000006
[12839, 12683] - 24.5578
[12839, 12795] - 30.187
[12691, 12839] - 27.317599999999988
[12827, 12839] - 32.4983
[12839, 12831] - 26.761699999999987
[12839, 12875] - 27.3381
[12839, 12679] - 27.545899999999996
[12839, 12663] - 24.117100000000004
[12703, 12839] - 26.493000000000006
[12483, 12839] - 26.76569999999999
[12839, 12487] - 26.476300000000005
[12839, 12895] - 35.280699999999996
[12839, 33449] - 24.197000000000013
[18499, 18787] - 29.540700000000008
[12647, 12667, 12643] - 26.00099900000001
[12647, 12659, 12643] - 24.899252999999995
[12643, 12655] - 31.2368
[12663, 12643] - 27.704800000000002
[10295, 12643] - 26.061199999999992
[33469, 12643] - 32.4118
[12343, 34925] - 32.248599999999996
[12343, 35181] - 23.922
[12343, 34913] - 24.4512
[12395, 12343] - 23.8441
[12451, 12343] - 27.416499999999992
[34929, 12343] - 28.62449999999999
[12399, 12343] - 27.622900000000005
[12419, 12343] - 25.6241
[34921, 12343] - 28.7582
[12367, 12343] - 25.663899999999998
[12343, 12447] - 25.7964
[12343, 12403] - 25.429799999999997
[12299, 12343] - 24.051900000000007
[35185, 12343] - 25.5599
[12407, 12343] - 26.5243
[12411, 12343] - 28.640999999999995
[12355, 12343] - 51.414599999999986
[12431, 12343] - 29.104099999999995
[12591] - 202.49000000000015
[35149, 35181] - 36.50620000000001
[35149, 35185] - 28.144999999999992
[35149, 12355] - 26.083
[33469, 35149] - 25.2341
[12803, 33465] - 25.964999999999996
[12803, 12903] - 24.669000000000004
[12803, 12871] - 28.100400000000004
[12803, 33437] - 25.4111
[12803, 12879] - 28.97039999999999
[12803, 33425] - 24.918400000000002
[12803, 12531, 12523] - 24.208482
[12803, 12491] - 24.3229
[12803, 12527] - 34.04559999999999
[12803, 12867] - 49.99210000000001
[12803, 12883] - 27.884599999999995
[12803, 12835] - 28.4018
[12803, 12495] - 26.460699999999992
[12803, 12807] - 35.0179
[12803, 33429] - 26.0605
[12803, 12823] - 45.75119999999999
[12803, 34901] - 27.557100000000002
[12803, 33453] - 27.489500000000003
[12803, 12815] - 29.3988
[12803, 12683, 12687] - 24.105194
[12803, 12691, 12687] - 25.405852
[12803, 34905] - 30.2403
[12803, 34889] - 28.321499999999997
[12803, 12683, 12831] - 24.596265999999996
[12803, 12463] - 26.745300000000004
[12803, 33433] - 29.725499999999997
[12803, 12795, 12831] - 27.799569999999996
[12803, 12795, 12895] - 25.035448999999996
[12803, 12827] - 35.82099999999999
[12803, 12819] - 39.55570000000001
[12803, 12895, 12831] - 24.041913999999995
[12803, 12875] - 28.467300000000005
[12803, 12695] - 31.2309
[12803, 12679] - 33.622800000000005
[12803, 12703] - 25.967000000000002
[12803, 12483] - 27.274500000000003
[12803, 12487] - 26.5767
[12803, 10307] - 26.273399999999995
[12803, 33449] - 31.538200000000007
[35169, 34925] - 23.8989
[35169, 35181] - 36.94359999999999
[35169, 34913] - 24.318099999999994
[35169, 34929] - 26.622200000000003
[34921, 35169] - 27.12080000000001
[35169, 35185] - 34.806599999999996
[35169, 12355] - 30.8916
[12339, 12347] - 27.049700000000005
[12355, 12347] - 62.509
[48667, 48675, 48663] - 44.875072000000024
[12339, 48663] - 25.980699999999995
[34925, 34913] - 36.20900000000001
[33465, 34925] - 23.8894
[10849, 34925] - 26.5654
[34921, 34929, 34925] - 35.460977
[34925, 34901] - 24.641700000000007
[34897, 34925] - 25.537100000000002
[34905, 34925] - 23.914300000000008
[34925, 34889] - 23.975499999999997
[33433, 34925] - 23.995600000000003
[12355, 34925] - 43.471599999999995
[34893, 34925] - 24.605900000000002
[34925, 33449] - 24.049900000000004
[10857, 32197] - 25.889100000000003
[32197, 10303] - 35.96990000000001
[32201, 32197, 32209] - 28.473477000000003
[32197, 32209, 32205] - 31.038265000000006
[32201, 32197, 32205] - 36.87193499999999
[32197, 12763] - 25.824699999999993
[32197, 12691] - 24.3283
[32197, 12695] - 26.853700000000003
[32213, 32197] - 34.94399999999999
[10295, 32197] - 28.685800000000004
[10307, 32197] - 34.873000000000005
[10315, 32197] - 32.2578
[32197, 33449] - 27.630200000000002
[12355, 35181] - 34.4754
[12627, 12631] - 59.15310000000001
[12691, 12631] - 31.3384
[12631, 12695] - 25.907799999999995
[12631, 12621] - 29.838099999999997
[10295, 12631] - 26.2972
[12487, 12631] - 24.198500000000003
[10307, 12631] - 30.3279
[10315, 12631] - 27.427699999999998
[12895, 12631] - 28.035300000000007
[12631, 33449] - 27.721600000000002
[34921, 34913] - 39.60359999999999
[34913, 34901] - 26.303499999999996
[35185, 34913] - 26.0193
[34897, 34913] - 25.0188
[34905, 34913] - 26.376100000000008
[34913, 34889] - 24.6553
[12355, 34913] - 31.716800000000006
[34893, 34913] - 24.8565
[34913, 33449] - 24.33320000000001
[12395, 12399] - 39.78259999999999
[12419, 12395] - 35.5996
[12395, 12367, 12403] - 29.709519000000004
[12395, 12367, 12431] - 28.906221000000002
[12395, 12447] - 24.364000000000004
[12395, 12299] - 46.4827
[12407, 12395] - 29.322899999999997
[12395, 12411] - 38.70870000000001
[12395, 12355] - 34.64260000000001
[12439, 12299] - 25.757300000000004
[12407, 12439] - 26.400899999999996
[12439, 12411] - 25.004799999999992
[10865, 10849] - 29.778499999999994
[12491, 10865] - 24.609299999999998
[10865, 12523] - 24.307100000000005
[10865, 10857, 10861] - 47.637282000000006
[10865, 10303] - 39.0364
[10865, 12743] - 29.153800000000007
[10865, 12495] - 26.088999999999995
[10865, 32201] - 25.319799999999994
[10865, 34897] - 25.283100000000005
[10865, 12763] - 27.393999999999995
[10865, 12683] - 28.299699999999994
[10865, 12779] - 27.1708
[10865, 12463] - 24.5872
[10865, 33433] - 24.8487
[10865, 12795] - 26.98
[10865, 34885] - 25.154700000000005
[10865, 12691] - 26.57970000000001
[10865, 12827] - 26.342499999999994
[10865, 12355] - 26.533700000000007
[10865, 12831] - 27.603099999999998
[10865, 34893] - 27.0637
[10865, 12695] - 30.2476
[10865, 12703] - 26.709199999999996
[10865, 12483] - 33.3967
[10865, 12487] - 32.62319999999999
[10865, 12895] - 30.139000000000003
[10865, 33449] - 27.430299999999995
[12339, 12327] - 33.255199999999995
[10877, 12327] - 32.919599999999996
[12671, 12459] - 25.007300000000004
[12671, 12531] - 24.792699999999993
[12835, 12671] - 25.3171
[12671, 12663, 12667] - 43.502596000000004
[12671, 12687] - 28.751200000000004
[33465, 33429, 33437] - 28.539132999999993
[33465, 34901, 33437] - 26.788604
[33453, 33465, 33437] - 33.866457000000004
[33465, 34905, 33437] - 26.789891000000008
[33465, 33437, 34889] - 25.353027000000004
[33465, 12683, 33437] - 24.182191
[33433, 33465, 33437, 33449] - 23.901673800000005
[33465, 12695, 33437] - 24.315360000000005
[33469, 33465, 33437] - 28.00762200000001
[33425, 33465] - 34.4963
[33465, 12531] - 24.738699999999998
[12491, 33465] - 24.098999999999993
[33465, 12523] - 29.0473
[10857, 33465] - 24.087500000000006
[12527, 33465] - 32.60969999999999
[33465, 10861] - 24.840899999999998
[33453, 33465, 33429] - 28.986741999999996
[33433, 33465, 33429] - 32.90214400000001
[33465, 33429, 33449] - 31.135909999999996
[33453, 33465, 34901] - 26.25275700000001
[33465, 34905, 34901] - 26.118880999999995
[33465, 34901, 34889] - 25.042796000000003
[33433, 33465, 34901] - 27.539198999999993
[33465, 34901, 33449] - 25.902316000000006
[33469, 33433, 33453, 33465] - 24.95860847
[33433, 33453, 33465, 33449] - 28.43102661999999
[34897, 33465] - 33.06229999999999
[33465, 12687] - 31.5469
[33465, 34905, 34889] - 25.56283100000001
[33433, 33465, 34905] - 26.799531
[33465, 34905, 33449] - 27.118213999999988
[33433, 33465, 34889] - 27.865674000000006
[33465, 33449, 34889] - 26.299388
[33433, 33465, 12683] - 25.685433999999994
[33465, 12683, 33449] - 24.48190799999999
[33433, 33465, 12691] - 24.395909999999997
[33433, 33465, 12695] - 25.111524000000003
[33469, 33433, 33465, 33449] - 28.630786570000005
[33465, 12795] - 31.5858
[34885, 33465] - 36.30249999999998
[33465, 12827] - 28.304799999999993
[33465, 12355] - 24.413600000000002
[33465, 12831] - 34.0305
[33465, 34893] - 28.357900000000008
[33465, 12875] - 23.953199999999995
[33465, 12695, 33449] - 24.67211600000001
[33465, 12679] - 30.105900000000002
[12703, 33465] - 28.6823
[33465, 10295] - 28.36509999999999
[12483, 33465] - 23.9548
[33465, 12487] - 24.5146
[10307, 33465] - 34.4002
[33465, 12895] - 31.4296
[18691, 18527] - 24.1087
[12871, 12887] - 24.083799999999993
[12879, 12887] - 24.12889999999999
[12527, 12887] - 24.015100000000004
[12847, 12887] - 24.074800000000003
[12867, 12887] - 26.310200000000002
[12883, 12887] - 57.74430000000002
[12835, 12887] - 26.438599999999994
[12675, 12887] - 26.1308
[35185, 12887] - 24.8409
[12887, 12687] - 24.2373
[12795, 12887] - 25.1557
[12827, 12887] - 26.75269999999999
[12887, 12831] - 23.987
[12887, 12875] - 27.768599999999992
[12895, 12887] - 27.984499999999997
[10833, 10849] - 37.192299999999996
[10833, 12883] - 25.4074
[10833, 12675] - 35.05309999999999
[10877, 10833] - 38.14899999999999
[12451, 12399] - 31.894099999999998
[12419, 12451] - 28.082300000000004
[12451, 12367] - 26.955899999999996
[12407, 12451, 12447] - 24.349518
[12451, 12403] - 38.43619999999999
[12451, 12299] - 27.5676
[12451, 12411] - 40.23520000000002
[12451, 12355] - 31.703500000000005
[12451, 12431] - 30.0576
[34921, 10849] - 25.921499999999998
[10857, 10849, 10861] - 24.154666000000002
[10849, 12883] - 23.862099999999998
[10849, 12463] - 34.36110000000001
[10849, 12795] - 28.511999999999993
[12691, 10849] - 28.1942
[12827, 10849] - 26.064200000000003
[10849, 12355] - 30.731700000000004
[10849, 12831] - 24.050199999999997
[10849, 12875] - 25.113100000000006
[10849, 12695] - 27.490100000000005
[12703, 10849] - 27.557599999999997
[12483, 10849] - 29.570600000000006
[10849, 12487] - 32.5688
[10849, 12895] - 32.3533
[10849, 33449] - 24.480900000000002
[34929, 34901] - 26.398399999999995
[34897, 34929] - 25.361700000000006
[34929, 34905] - 25.1006
[34929, 34889] - 24.208800000000007
[33433, 34929] - 24.912999999999997
[12355, 34929] - 38.328599999999994
[34893, 34929] - 25.8482
[12483, 34929] - 24.1588
[34929, 33449] - 23.892299999999995
[18723] - 236.74999999999994
[12419, 12399] - 36.87820000000001
[12399, 12367, 12403] - 24.643759999999993
[12299, 12399, 12367] - 23.89268400000001
[12399, 12447] - 34.28599999999998
[12299, 12399, 12403] - 25.47211
[12399, 12411, 12403] - 26.033392999999997
[12407, 12399, 12411] - 26.952249999999992
[12355, 12399] - 29.11979999999999
[12399, 12431] - 37.926700000000004
[47953, 47965, 47949] - 24.535593
[47953, 47965, 47957] - 31.801752000000015
[47945, 47965] - 38.25319999999999
[12419, 12299, 12367] - 25.559170999999996
[12419, 12447] - 32.184200000000004
[12419, 12403] - 37.7205
[12407, 12419] - 40.097500000000004
[12419, 12411] - 38.8091
[12419, 12355] - 26.2618
[12419, 12431] - 43.55960000000001
[10881, 10841] - 63.19010000000001
[10877, 10841] - 54.46389999999998
[18423, 18855] - 26.455
[18855, 18427] - 31.574599999999997
[18619, 18855] - 32.0352
[20807, 18855] - 25.3574
[10857, 48707] - 25.972800000000003
[48707, 10303] - 26.585
[48707, 12743] - 24.3663
[12763, 48707] - 24.359200000000005
[12759, 48707] - 27.07370000000001
[10315, 48707] - 28.131500000000006
[47945, 47973, 47949] - 28.786495000000002
[47953, 47973] - 39.12830000000001
[34921, 34901] - 33.082899999999995
[34921, 34897] - 25.447200000000006
[34921, 34905] - 25.98139999999999
[34921, 34889] - 30.894800000000007
[34921, 34885] - 25.395999999999994
[34921, 12355] - 40.857000000000006
[34921, 34893] - 30.208300000000005
[12531, 12459] - 39.54960000000001
[12491, 12459, 12467] - 28.421882000000004
[12491, 12495, 12459] - 24.374584000000006
[12491, 12463, 12459] - 25.71596999999999
[12459, 12523] - 35.111399999999996
[12527, 12459] - 35.376699999999985
[10861, 12459] - 24.8293
[10291, 12459] - 26.344299999999997
[12847, 12459] - 26.817700000000002
[12883, 12459] - 23.93790000000001
[12835, 12459] - 31.064800000000005
[12495, 12463, 12459] - 25.09479
[12667, 12459] - 30.396399999999996
[34897, 12459] - 26.054999999999996
[12459, 12687] - 51.78220000000001
[10299, 12459] - 25.712499999999995
[12459, 12479] - 34.520599999999995
[12683, 12459] - 34.95340000000001
[33433, 12459] - 25.615699999999993
[12795, 12459] - 25.528899999999997
[34885, 12459] - 25.8718
[12691, 12459] - 31.03239999999999
[12827, 12459] - 29.062099999999997
[12459, 12831] - 27.353599999999997
[12695, 12459] - 37.071699999999986
[12679, 12459] - 31.764499999999998
[12663, 12459] - 32.04589999999999
[12703, 12459] - 26.661899999999996
[12483, 12487, 12459] - 24.090145999999994
[12895, 12459] - 35.30819999999999
[12459, 33449] - 30.896199999999993
[12727, 12723, 12731] - 23.911136
[12747, 12731] - 24.0126
[12771, 12731] - 29.45350000000001
[12715, 12731] - 47.338699999999996
[18423, 18547] - 27.5168
[12647, 18423] - 24.06960000000001
[18423, 18427] - 28.309999999999995
[18423, 12659] - 25.037099999999995
[33469, 18423] - 33.898299999999985
[12903, 12871, 12855] - 25.82104
[12903, 12871, 33429] - 25.299784000000002
[12903, 34885, 12871] - 24.305726000000007
[12903, 12843] - 29.944599999999994
[12903, 12879] - 43.112500000000004
[12903, 33425, 33429] - 26.597350999999993
[12903, 12895, 12855] - 24.101437000000008
[12491, 12903] - 23.9861
[12903, 12523] - 23.858800000000002
[12903, 12527] - 24.359000000000005
[12847, 12903] - 25.679399999999994
[12903, 12495] - 23.944100000000002
[12903, 12807] - 30.874999999999996
[12903, 34885, 33429] - 27.702570999999992
[12903, 33429, 33449] - 27.10910299999999
[12903, 12823] - 26.7418
[12903, 34897] - 26.7481
[12903, 12687] - 25.602599999999992
[12903, 34905] - 25.908599999999996
[12903, 12683] - 29.193799999999996
[12627, 12903] - 27.438700000000004
[12903, 12463] - 25.651000000000007
[12903, 12795] - 29.69729999999999
[12903, 34885, 33449] - 24.874625999999996
[12903, 12691] - 47.83299999999999
[12903, 12827] - 44.92990000000002
[12903, 12831] - 32.96309999999999
[12903, 34893] - 26.640399999999993
[12903, 12875] - 30.832699999999996
[12903, 12695] - 34.434200000000004
[12903, 12679] - 31.874
[12903, 12703] - 28.885699999999993
[12903, 12483] - 30.86999999999999
[12903, 12487] - 30.929600000000004
[18871, 18879] - 30.882199999999994
[18787, 18879] - 24.488100000000003
[35213, 35185] - 30.37910000000001
[12407, 35213] - 49.36
[12339, 35213] - 25.7661
[12607, 12775] - 36.79940000000002
[12607, 12611] - 26.060799999999997
[12603, 12607] - 30.30090000000001
[12607, 12621] - 36.20739999999999
[10307, 12607] - 27.627500000000005
[12871, 12843] - 30.893500000000003
[12879, 12871] - 51.5612
[33425, 12871, 33429] - 31.01737199999999
[33425, 34885, 12871] - 26.288558000000002
[33425, 12871, 33449] - 24.958806
[12867, 12871] - 28.487800000000004
[12835, 12871] - 23.9881
[12807, 12871] - 30.285600000000002
[34885, 12871, 33429] - 28.240589
[12871, 33429, 33449] - 31.00581099999999
[12823, 12871] - 29.640500000000003
[34897, 12871] - 32.049499999999995
[12871, 12687] - 24.451999999999995
[34905, 12871] - 29.508499999999994
[12871, 34889] - 24.2259
[12683, 12871] - 29.055799999999998
[12627, 12871] - 33.9762
[12463, 12871] - 25.08279999999999
[12795, 12871] - 32.8343
[34885, 12895, 12871] - 24.718749000000003
[34885, 12871, 33449] - 27.097667999999995
[12691, 12871] - 54.1867
[12827, 12895, 12871] - 30.044983000000006
[12871, 12831] - 41.22519999999999
[34893, 12871] - 25.507600000000004
[12871, 12875] - 31.675099999999993
[12695, 12871] - 35.0555
[12871, 12679] - 34.67119999999999
[12703, 12871] - 29.153899999999997
[10295, 12871] - 28.551799999999997
[12483, 12871] - 29.234900000000014
[12487, 12871] - 29.376700000000007
[12895, 12871, 33449] - 25.52673800000001
[12735, 12719] - 25.374099999999995
[12719, 12711] - 56.63599999999999
[12719, 12763] - 25.270300000000002
[12779, 12719] - 24.1254
[12759, 12719] - 24.035300000000003
[12715, 12719] - 66.21539999999996
[12719, 12723] - 35.736399999999996
[12367, 12447] - 26.921800000000005
[12299, 12367, 12403] - 24.762223000000006
[12411, 12367, 12403] - 26.66879099999999
[12407, 12367] - 33.720399999999984
[12355, 12367] - 30.676499999999997
[33425, 34905, 33437] - 24.398747
[33425, 33437, 33449] - 24.042337999999997
[12531, 33437] - 29.978699999999996
[12491, 33437] - 27.6098
[33437, 12523] - 28.4301
[10857, 33437] - 25.803000000000004
[12527, 33437] - 32.31400000000001
[10861, 33437] - 25.451700000000002
[12467, 33437] - 24.225099999999998
[12495, 33437] - 29.468600000000002
[33453, 33429, 33437] - 27.485018
[34905, 33429, 33437] - 26.472091999999996
[33433, 33429, 33437] - 30.813594000000005
[33469, 33429, 33437] - 24.860275000000005
[33429, 33437, 33449] - 33.765309000000016
[12823, 33437] - 26.1908
[33453, 33437, 34901] - 25.52732299999999
[34905, 33437, 34901] - 26.623435999999998
[33437, 34901, 34889] - 26.598024
[33433, 33437, 34901] - 25.459500000000002
[33437, 34901, 33449] - 25.94503600000001
[33453, 34905, 33437] - 24.27912799999999
[33453, 33437, 34889] - 24.282752000000002
[33433, 33453, 33437] - 37.06370999999999
[33469, 33453, 33437] - 30.95377700000001
[33453, 33437, 33449] - 33.694300999999996
[34897, 34905, 33437] - 23.868050000000004
[34897, 34885, 33437] - 24.140082
[34897, 33437, 33449] - 24.434941999999996
[12687, 33437] - 31.628999999999994
[34905, 33437, 34889] - 26.145090999999994
[33433, 34905, 33437] - 26.856726999999996
[34905, 33437, 33449] - 29.63559000000001
[33437, 12479] - 24.777399999999997
[33433, 33437, 34889] - 28.24870499999999
[33437, 33449, 34889] - 27.94185400000001
[33433, 12683, 33437] - 25.294644000000005
[12691, 12683, 33437] - 24.05925
[12683, 12695, 33437] - 26.559012999999997
[12683, 33437, 33449] - 26.877799999999993
[12463, 33437] - 30.926399999999994
[33433, 12695, 33437] - 25.20140899999999
[33469, 33433, 33437] - 32.439208
[12795, 33437] - 33.8166
[34885, 33437, 33449] - 24.314317000000003
[12691, 12695, 33437] - 26.342643000000006
[12691, 33437, 33449] - 23.944695000000007
[12827, 33437] - 30.547100000000004
[12355, 33437] - 24.505300000000005
[33437, 12831] - 36.850899999999996
[34893, 33437] - 33.3487
[33437, 12875] - 27.798499999999997
[12695, 33437, 33449] - 30.348039999999997
[12679, 33437] - 29.279699999999995
[12703, 33437] - 30.020199999999996
[10295, 33437] - 37.15390000000001
[12483, 33437] - 27.995100000000004
[12487, 33437] - 32.64379999999999
[10307, 33437] - 36.3921
[10315, 33437] - 28.600700000000003
[33469, 33437, 33449] - 37.51432999999999
[12895, 33437] - 36.6638
[12403, 12447] - 38.237700000000004
[12299, 12447] - 32.5346
[12407, 12411, 12447] - 24.881441
[12355, 12447] - 34.733499999999985
[12431, 12447] - 30.662300000000005
[10877, 10881] - 58.0532
[12879, 12843] - 36.0407
[12843, 12855] - 53.385999999999996
[12847, 12843] - 24.552300000000006
[12835, 12843] - 33.850599999999986
[12667, 12843] - 26.2615
[12843, 33429] - 23.9451
[12627, 12843] - 26.401200000000006
[12779, 12843] - 23.9804
[34885, 12843] - 26.6804
[12691, 12843] - 31.7547
[12827, 12843] - 31.8108
[12663, 12843] - 32.6727
[12895, 12843] - 41.13539999999999
[12843, 33449] - 29.1354
[33425, 12879] - 35.2938
[12879, 12855] - 42.3462
[12879, 12523] - 26.170799999999996
[12527, 12879] - 25.515600000000006
[12867, 12879] - 28.728399999999997
[12879, 12807] - 29.9539
[12879, 33429] - 36.0966
[12823, 12879] - 32.9064
[12879, 12683] - 26.813699999999994
[12879, 12795] - 31.0464
[34885, 12879] - 34.801300000000005
[12879, 12691] - 43.5059
[12879, 12827] - 33.8977
[12879, 12831] - 31.904700000000005
[12879, 12875] - 30.0117
[12879, 12695] - 32.50429999999999
[12879, 12679] - 26.5526
[12703, 12879] - 29.458000000000002
[12879, 10295] - 24.177500000000002
[12879, 12487] - 25.103499999999997
[12879, 12895] - 49.73729999999999
[12879, 33449] - 36.8797
[12735, 12739, 12743] - 32.00995399999999
[12735, 12739, 12763] - 32.411985
[12779, 12735, 12739] - 32.983963
[12759, 12735, 12739] - 32.221451
[10857, 12739] - 31.029800000000005
[12739, 10303] - 30.774599999999996
[12739, 12763, 12743] - 36.974986
[12779, 12739, 12743] - 32.695176
[12759, 12739, 12743] - 31.400157000000007
[12739, 10861] - 29.402200000000004
[12747, 12739] - 25.660500000000006
[12739, 32209] - 25.059299999999997
[32201, 12739] - 28.1743
[12739, 12755] - 32.680299999999995
[12739, 12771] - 45.13880000000002
[12779, 12739, 12763] - 36.99058700000002
[12759, 12739, 12763] - 31.52336199999999
[12627, 12739] - 27.192
[12759, 12779, 12739] - 31.34185000000001
[12739, 32205] - 25.4279
[12739, 12691] - 25.2779
[12739, 12831] - 24.0837
[12715, 12739] - 39.551100000000005
[12739, 12695] - 27.398400000000002
[10295, 12739] - 41.82480000000001
[12483, 12739] - 25.493599999999994
[12739, 10311] - 27.6511
[10307, 12739] - 37.802099999999975
[10315, 12739] - 37.5905
[12739, 12895] - 34.065200000000004
[12739, 33449] - 28.0762
[12407, 12403] - 35.50920000000001
[12355, 12403] - 31.52570000000001
[12431, 12403] - 40.6446
[12895, 12403] - 24.3988
[33425, 12531] - 25.457899999999995
[33425, 33429, 12855] - 29.567630000000005
[33425, 34885, 12855] - 24.581553000000003
[33425, 12855, 33449] - 24.309667000000005
[33425, 12523] - 24.777100000000004
[33425, 10857] - 27.406800000000004
[33425, 12527] - 27.057299999999994
[33425, 33429, 34901] - 24.164504
[33425, 34897, 33429] - 27.517857
[33425, 34905, 33429] - 32.708328
[33425, 33429, 34889] - 25.526639
[33425, 34885, 33429] - 42.21854099999997
[33425, 12691, 33429] - 33.91694
[33425, 12695, 33429] - 23.954992
[33425, 12895, 33429] - 26.143596999999993
[33425, 33429, 33449] - 44.31118299999998
[33425, 12823] - 26.9002
[33425, 34905, 34901] - 26.46257300000001
[33425, 34901, 34889] - 26.049572
[33425, 33453, 33449] - 25.796571999999987
[33425, 34897, 34905] - 23.85865
[33425, 34897, 34885] - 30.989703000000006
[33425, 34897, 33449] - 25.195121000000007
[33425, 12687] - 30.924699999999998
[33425, 34905, 34889] - 29.143907
[33425, 34885, 34905] - 24.808032000000004
[33425, 34905, 33449] - 28.069067
[33425, 33449, 34889] - 26.401603000000005
[33425, 12683, 33449] - 26.940957999999995
[12627, 33425] - 44.5512
[33425, 33433, 33449] - 26.08965
[33425, 12795] - 31.8662
[33425, 34885, 12691] - 29.921015999999998
[33425, 34885, 12895] - 24.66247
[33425, 34885, 33449] - 36.143620999999996
[33425, 12691, 12695] - 24.698856000000003
[33425, 12691, 33449] - 32.46371299999999
[33425, 12827] - 40.42879999999999
[33425, 12355] - 24.244400000000002
[33425, 12831] - 39.43499999999999
[33425, 34893] - 33.4816
[33425, 12875] - 26.1133
[33425, 12695, 33449] - 29.28783399999999
[33425, 12679, 33449] - 25.365791999999995
[33425, 12703] - 36.0245
[33425, 10295] - 32.8637
[33425, 12483] - 35.86470000000001
[33425, 12487] - 35.2125
[33425, 10307] - 26.5831
[33425, 33469, 33449] - 27.292112000000007
[33425, 12895, 33449] - 27.669815000000003
[12407, 12515] - 36.9082
[12515, 12411] - 26.3474
[10877, 12515] - 26.015099999999997
[18707, 18547] - 24.168600000000005
[18547, 18427] - 29.684999999999995
[18619, 18547] - 25.323400000000007
[12767, 12743] - 25.6832
[12727, 12767] - 33.5332
[12767, 12611] - 39.446
[12755, 12767] - 62.352400000000024
[12771, 12767] - 52.03049999999999
[12763, 12767] - 28.652500000000003
[12779, 12767] - 29.572899999999997
[12759, 12767] - 30.039299999999997
[12751, 12767] - 26.200200000000002
[12723, 12767] - 32.12020000000001
[12767, 12621] - 24.4979
[10307, 12767] - 26.7401
[10315, 12767] - 26.378099999999996
[12531, 12855] - 24.433100000000003
[12491, 12527, 12531] - 24.018769
[12527, 12531, 12523] - 47.007172999999995
[12531, 12687, 12523] - 25.10517999999999
[12531, 12683, 12523] - 25.066994999999995
[12691, 12531, 12523] - 28.068002000000003
[12531, 12831, 12523] - 25.731715999999995
[12531, 12695, 12523] - 26.957002000000003
[12531, 12895, 12523] - 27.52154300000001
[10857, 12531] - 25.433300000000003
[12527, 12531, 12687] - 27.801019
[12527, 12531, 12683] - 26.896910000000005
[12527, 12691, 12531] - 30.004325000000005
[12527, 12531, 12831] - 27.070266999999987
[12527, 12531, 12695] - 28.65528
[12527, 12531, 12895] - 26.082357000000005
[12531, 10861] - 25.442099999999993
[10291, 12531] - 32.564600000000006
[12847, 12531] - 30.115399999999994
[12531, 12467] - 38.811699999999995
[12867, 12531] - 28.491700000000005
[12883, 12531] - 28.724600000000002
[12835, 12531] - 37.823200000000014
[12495, 12531] - 37.5745
[12531, 12667] - 30.389499999999998
[12807, 12531] - 32.146899999999995
[12531, 33429] - 28.5049
[12823, 12531] - 39.66379999999998
[12531, 34901] - 30.3932
[33453, 12531] - 29.1065
[12531, 12683, 12687] - 24.01218
[12691, 12531, 12687] - 27.62984699999999
[12531, 12695, 12687] - 24.178450999999995
[12531, 10299] - 35.80699999999999
[12531, 34905] - 31.41310000000001
[12531, 34889] - 30.701599999999996
[12531, 12655] - 32.31970000000001
[12691, 12531, 12683] - 26.227016
[12531, 12683, 12695] - 25.88168400000001
[12531, 12463] - 36.50739999999999
[33433, 12531] - 32.663599999999995
[12531, 12795, 12831] - 25.250663
[12691, 12531, 12831] - 25.560100000000002
[12691, 12531, 12695] - 29.159548000000004
[12691, 12531, 12895] - 24.859152
[12827, 12531] - 34.3635
[12819, 12531] - 32.2781
[12531, 12695, 12831] - 24.169728000000006
[12531, 12875] - 30.056499999999996
[12531, 12895, 12695] - 25.816937000000006
[12531, 12679] - 36.19789999999999
[12663, 12531] - 31.727400000000003
[12703, 12531] - 34.749599999999994
[10295, 12531] - 38.732499999999995
[12483, 12531] - 32.4447
[12487, 12531] - 39.06039999999999
[12531, 10311] - 24.123900000000003
[10307, 12531] - 43.88859999999999
[10315, 12531] - 30.2445
[33469, 12531] - 33.2764
[12531, 33449] - 40.03520000000002
[18831] - 308.42000000000024
[12491, 12647] - 26.589499999999997
[12647, 12667, 12655] - 33.934667999999995
[12647, 12659, 12667] - 29.602297
[32201, 12647] - 26.614700000000003
[12815, 12647] - 24.135300000000004
[12647, 12687] - 26.1566
[12647, 12479] - 34.4014
[12647, 12659, 12655] - 26.341426
[12647, 12683] - 35.07869999999999
[12627, 12647] - 30.818499999999986
[12647, 12463] - 28.9386
[12647, 32205] - 30.831699999999994
[12647, 12795] - 25.523799999999998
[12647, 12691] - 34.44050000000001
[12647, 12827] - 34.9079
[12647, 12819] - 29.854399999999995
[12647, 12831] - 32.314899999999994
[12647, 12695] - 41.83299999999999
[12647, 12679] - 24.451099999999993
[12647, 12663] - 28.572300000000013
[12647, 12703] - 29.287599999999994
[12647, 10295] - 50.84119999999999
[12647, 12483] - 30.941500000000005
[12647, 12487] - 30.522499999999994
[12647, 10311] - 37.4834
[10307, 12647] - 42.26699999999999
[10315, 12647] - 45.0823
[33469, 12647] - 47.888400000000004
[12647, 12895] - 39.26250000000002
[12647, 33449] - 35.36529999999998
[12491, 12855] - 35.5166
[12527, 12855] - 26.6209
[12847, 12855] - 33.315799999999996
[12855, 12467] - 25.497799999999998
[12883, 12855] - 24.788899999999998
[12835, 12855] - 33.170899999999996
[12807, 12855] - 33.4463
[34885, 12855, 33429] - 28.259138000000004
[12855, 33429, 33449] - 27.473936999999992
[12823, 12855] - 29.0999
[34897, 12855] - 27.413
[12855, 12687] - 33.237500000000004
[12683, 12855] - 30.90659999999999
[12627, 12855] - 32.4655
[12463, 12855] - 24.242599999999996
[12795, 12855] - 30.257100000000005
[34885, 12855, 33449] - 26.927528
[12691, 12855] - 48.904199999999996
[12827, 12895, 12855] - 23.889727999999998
[12855, 12831] - 35.73620000000001
[34893, 12855] - 26.243699999999997
[12855, 12875] - 29.379
[12695, 12855] - 35.58980000000001
[12679, 12855] - 30.827500000000004
[12663, 12855] - 28.306199999999997
[12703, 12855] - 26.670999999999996
[10295, 12855] - 27.72759999999999
[12483, 12855] - 32.14320000000001
[12487, 12855] - 25.438799999999997
[33469, 12855] - 28.682099999999995
[12775, 12787] - 26.5401
[12747, 12775] - 37.60810000000001
[12755, 12775] - 28.670999999999992
[12771, 12775] - 29.821299999999997
[12779, 12775] - 25.5689
[12759, 12775] - 32.059599999999996
[12783, 12775] - 26.488799999999998
[12751, 12775] - 36.463800000000006
[12621, 12775] - 32.192699999999995
[10307, 12775] - 31.450100000000006
[12895, 12775] - 30.190399999999997
[10857, 12735] - 29.96890000000001
[12735, 10303] - 37.978300000000004
[12735, 12763, 12743] - 36.836721
[12779, 12735, 12743] - 31.717920000000007
[12759, 12735, 12743] - 34.53271399999999
[12735, 10861] - 24.743299999999998
[12735, 32209] - 30.681499999999996
[32201, 12735] - 32.1564
[12735, 12755] - 35.56730000000001
[12735, 12771] - 35.81390000000002
[12779, 12735, 12763] - 36.434250999999996
[12759, 12735, 12763] - 45.78952299999999
[12815, 12735] - 24.461799999999997
[12759, 12735, 12779] - 32.97035000000001
[12735, 32205] - 30.054700000000004
[12735, 12831] - 24.207000000000004
[12715, 12735] - 31.8886
[12735, 12695] - 24.86949999999999
[12735, 12621] - 25.3141
[12735, 12679] - 28.022000000000006
[12735, 10295] - 37.95889999999999
[12735, 12483] - 29.021499999999993
[12735, 12487] - 30.180799999999994
[12735, 10311] - 26.7002
[10307, 12735] - 39.7718
[10315, 12735] - 39.9791
[33469, 12735] - 24.776999999999994
[12735, 12895] - 35.5323
[12735, 33449] - 26.501700000000003
[12491, 12527, 12523] - 24.818534000000003
[12491, 10857] - 26.416099999999993
[12491, 12527, 12687] - 24.773412
[12491, 10861] - 26.074999999999996
[12847, 12491] - 28.3251
[12491, 12495, 12467] - 25.562215999999996
[12491, 12867] - 28.0624
[12491, 12883] - 24.099199999999996
[12491, 12835] - 32.9017
[12491, 12495, 12463] - 37.386096
[12491, 12495, 12487] - 26.921952000000005
[12491, 12667] - 33.191500000000005
[12491, 12807] - 30.890499999999996
[12491, 33429] - 25.468099999999996
[12491, 12823] - 34.879400000000004
[12491, 34901] - 28.08489999999999
[12491, 33453] - 30.009099999999997
[12491, 34897] - 28.891100000000005
[12491, 12691, 12687] - 24.482643000000003
[12491, 34905] - 30.684900000000003
[12491, 12479] - 41.813199999999995
[12491, 34889] - 33.935099999999984
[12491, 12463, 12683] - 23.887181
[12491, 12691, 12683] - 24.71739600000001
[12491, 12683, 12695] - 24.804320000000004
[12627, 12491] - 23.846700000000002
[12491, 12691, 12463] - 24.626557000000005
[12491, 12463, 12695] - 25.290789999999994
[12491, 12483, 12463] - 25.245627000000002
[12491, 12487, 12463] - 31.394556999999992
[12491, 12895, 12463] - 24.774097
[12491, 33433] - 31.642600000000005
[12491, 12795] - 34.87819999999999
[12491, 34885] - 34.551899999999996
[12491, 12691, 12695] - 25.843467999999994
[12491, 12827] - 35.0741
[12491, 12355] - 24.240400000000008
[12491, 12831] - 46.926500000000004
[12491, 34893] - 29.1841
[12491, 12875] - 26.2297
[12491, 12679] - 35.27700000000001
[12491, 12663] - 38.18470000000001
[12491, 12703] - 37.644800000000004
[12491, 10295] - 38.0882
[12491, 12483, 12487] - 29.714484999999996
[12491, 10311] - 26.775299999999998
[12491, 10307] - 37.054899999999996
[10315, 12491] - 30.100399999999997
[33469, 12491] - 34.777899999999995
[12491, 33449] - 46.99490000000001
[18619, 18427] - 52.070800000000006
[20807, 18427] - 25.449499999999997
[18863, 18427] - 40.705600000000004
[10857, 12523] - 23.977199999999996
[12527, 12687, 12523] - 28.627829000000013
[12527, 12683, 12523] - 27.903875000000003
[12527, 12691, 12523] - 29.689657999999998
[12527, 12831, 12523] - 26.500643
[12527, 12695, 12523] - 29.500911000000006
[12527, 12895, 12523] - 27.808869
[10861, 12523] - 25.026599999999995
[10291, 12523] - 28.201300000000003
[12847, 12523] - 29.717800000000004
[12467, 12523] - 46.880800000000015
[12867, 12523] - 33.2533
[12883, 12523] - 28.034299999999995
[12835, 12523] - 35.89139999999999
[12495, 12523] - 36.77009999999999
[12667, 12523] - 30.84030000000001
[12807, 12523] - 34.37499999999999
[33429, 12523] - 26.752399999999998
[12823, 12523] - 43.63249999999998
[34901, 12523] - 31.301399999999994
[33453, 12523] - 35.770799999999994
[34897, 12523] - 25.1748
[12683, 12687, 12523] - 27.407758
[12691, 12687, 12523] - 27.188657
[10299, 12523] - 35.36250000000002
[34905, 12523] - 32.1469
[12479, 12523] - 26.700800000000005
[34889, 12523] - 31.770000000000003
[12655, 12523] - 39.529999999999994
[12691, 12683, 12523] - 27.047202000000006
[12683, 12831, 12523] - 25.643179999999994
[12683, 12695, 12523] - 26.813083000000006
[12895, 12683, 12523] - 23.930056
[12627, 12523] - 27.091099999999997
[12463, 12523] - 37.33459999999999
[33433, 12523] - 37.630100000000006
[12795, 12831, 12523] - 25.638556
[12691, 12831, 12523] - 24.827599999999997
[12691, 12695, 12523] - 26.510248999999995
[12691, 12895, 12523] - 23.880242000000003
[12827, 12895, 12523] - 25.444820999999997
[12355, 12523] - 23.940400000000004
[12819, 12523] - 35.265299999999996
[12695, 12523, 12831] - 25.877772999999987
[12895, 12523, 12831] - 25.244184999999998
[12875, 12523] - 35.34930000000001
[12895, 12695, 12523] - 26.622392
[12695, 33449, 12523] - 25.325094000000004
[12895, 12679, 12523] - 24.704057000000006
[12663, 12523] - 31.311700000000002
[12703, 12523] - 38.76240000000002
[10307, 10295, 12523] - 24.360584
[12483, 12523] - 34.424699999999994
[12487, 12523] - 48.321100000000015
[10311, 12523] - 29.14430000000001
[10315, 12523] - 37.513000000000005
[33469, 12523] - 37.79600000000001
[12755, 12787] - 23.885600000000007
[12771, 12787] - 25.828099999999996
[12779, 12787] - 62.97290000000001
[12759, 12787] - 27.7786
[12783, 12787] - 79.96420000000002
[12751, 12787] - 28.8371
[12621, 12787] - 35.894
[10307, 12787] - 25.4956
[10857, 12527] - 26.6102
[10857, 10303] - 48.68190000000001
[10857, 10861, 12743] - 23.912035999999997
[10857, 12467] - 26.424999999999997
[10857, 12883] - 24.13500000000001
[10857, 32209] - 30.7129
[10857, 12495] - 24.533800000000006
[10857, 33429] - 29.260599999999986
[12823, 10857] - 24.0793
[32201, 10857] - 31.583499999999994
[10857, 34901] - 26.015500000000007
[10857, 33453] - 24.604
[34897, 10857] - 27.702000000000005
[10857, 12763] - 44.93339999999998
[10857, 12687] - 27.873999999999995
[10857, 10299] - 25.672599999999996
[10857, 34905] - 28.22499999999999
[10857, 12479] - 27.299999999999997
[10857, 34889] - 28.7925
[10857, 12683] - 31.375999999999998
[12779, 10857] - 42.1711
[10857, 12463] - 27.225399999999997
[12759, 10857] - 30.1613
[10857, 32205] - 33.88980000000001
[33433, 10857] - 30.8425
[10857, 12795] - 29.155799999999996
[10857, 34885] - 33.58339999999999
[10857, 12691] - 30.982100000000003
[10857, 12827] - 31.951700000000002
[10857, 12355] - 27.185500000000008
[10857, 12831] - 38.73990000000001
[10857, 34893] - 30.473699999999997
[10857, 12875] - 29.41990000000001
[10857, 12695] - 38.367799999999995
[10857, 12621] - 31.365200000000005
[10857, 12679] - 24.479800000000004
[10857, 12703] - 33.62419999999999
[10857, 10295] - 25.028200000000005
[10857, 12483] - 39.883600000000015
[10857, 12487] - 39.8463
[10307, 10857] - 35.62300000000001
[10315, 10857] - 24.103199999999998
[33469, 10857] - 24.3496
[10857, 12895] - 37.914399999999986
[10857, 33449] - 36.86899999999999
[10315, 10339, 10331] - 28.031910000000003
[10339, 32205] - 25.207699999999996
[10339, 10335] - 33.2226
[32213, 10339] - 30.91540000000001
[12703, 10339] - 28.430899999999998
[10339, 10295] - 34.1056
[10315, 10339, 12483] - 33.633309
[10339, 12487] - 39.692899999999995
[10315, 10339, 10311] - 27.937707999999997
[10307, 10339] - 34.52510000000001
[10339, 12895] - 24.7561
[10339, 33449] - 24.085000000000004
[12867, 12907] - 24.146800000000006
[12807, 12907] - 50.50270000000002
[12823, 12907] - 47.5436
[12907, 12795] - 33.3391
[12819, 12907] - 41.06519999999999
[12907, 12831] - 27.789800000000007
[12907, 12895] - 33.52719999999999
[12527, 10861] - 26.998499999999996
[10291, 12527] - 40.90230000000001
[12847, 12527] - 29.8017
[12527, 12467] - 32.4359
[12867, 12527] - 27.4961
[12527, 12883] - 27.416700000000006
[12835, 12527] - 35.085
[12527, 12495] - 37.364000000000004
[12527, 12667] - 29.567800000000005
[12527, 12807] - 30.015000000000004
[12527, 33429] - 27.275700000000004
[12823, 12527] - 45.1643
[32201, 12527] - 26.7038
[12527, 34901] - 32.73420000000001
[12527, 33453] - 35.561099999999996
[12815, 12527] - 29.6647
[12527, 12683, 12687] - 29.75108399999999
[12527, 12691, 12687] - 31.49312499999999
[12527, 12687, 12831] - 25.137633000000005
[12527, 12695, 12687] - 27.259562999999996
[12703, 12527, 12687] - 24.954473000000004
[12527, 12895, 12687] - 23.940062000000005
[12527, 10299] - 49.20289999999999
[12527, 34905] - 32.216699999999996
[12527, 12479] - 27.0129
[12527, 34889] - 37.27380000000001
[12527, 12655] - 31.4903
[12527, 12795, 12683] - 24.61704300000001
[12527, 12691, 12683] - 33.80159
[12527, 12683, 12831] - 28.17444800000002
[12527, 12683, 12695] - 33.467946999999995
[12527, 12683, 12679] - 25.822757
[12703, 12527, 12683] - 24.734863
[12527, 12895, 12683] - 30.388164999999987
[12527, 12683, 33449] - 27.33344
[12627, 12527] - 30.550000000000004
[12779, 12527] - 25.8528
[12527, 12463] - 39.49879999999999
[33433, 12527] - 40.86360000000001
[12527, 12691, 12795] - 23.984104
[12527, 12795, 12831] - 28.33613300000001
[12527, 12795, 12695] - 24.07287000000001
[12527, 12691, 12831] - 28.07211
[12527, 12691, 12695] - 31.303135000000005
[12703, 12527, 12691] - 23.927995999999993
[12527, 12691, 12895] - 26.251512999999996
[12527, 12691, 33449] - 24.984843999999992
[12527, 12827, 12895] - 26.673226000000003
[12527, 12819] - 42.59370000000001
[12527, 12695, 12831] - 27.170728999999998
[12527, 12895, 12831] - 27.248315999999996
[12527, 33449, 12831] - 24.212909999999994
[12527, 12875] - 32.5191
[12703, 12527, 12695] - 25.40086899999999
[12527, 12895, 12695] - 29.176838999999998
[12527, 12695, 33449] - 28.270687999999996
[12527, 12895, 12679] - 24.648805000000003
[10307, 12527, 10295] - 30.023749999999993
[12527, 12483] - 35.9052
[12527, 12487] - 42.0891
[12527, 10311] - 30.414199999999994
[10315, 12527] - 37.731700000000004
[33469, 12527, 33449] - 27.975129
[12527, 12895, 33449] - 25.213372
[10303, 12743] - 48.07599999999997
[10861, 10303] - 52.003
[10291, 10303] - 25.924199999999992
[32201, 32209, 10303] - 25.273112000000005
[10303, 12611] - 31.697699999999994
[12755, 10303] - 32.5138
[12771, 10303] - 29.7679
[12763, 10303] - 47.3995
[10307, 10299, 10303] - 24.01631500000001
[10303, 12479] - 29.410499999999995
[12683, 10303] - 23.842799999999993
[12779, 10303] - 45.44309999999997
[12759, 10303] - 45.85969999999998
[32205, 10303] - 51.71149999999999
[12695, 10303] - 30.00569999999999
[12621, 10303] - 27.892699999999994
[32213, 10303] - 30.99759999999999
[12703, 10303] - 26.6493
[10307, 10295, 10303] - 30.190137
[12483, 10303] - 30.125699999999995
[12487, 10303] - 32.7727
[10311, 10303] - 44.405600000000014
[10315, 10303] - 48.506400000000006
[12895, 10303] - 32.372299999999996
[10303, 33449] - 25.3464
[12747, 12743] - 25.6335
[32209, 12743] - 32.357199999999985
[12611, 12743] - 24.973000000000003
[32201, 12743] - 30.384699999999995
[12755, 12743] - 39.836200000000005
[12771, 12743] - 40.15989999999999
[12779, 12763, 12743] - 42.641925000000015
[12759, 12763, 12743] - 35.953039999999994
[12479, 12743] - 24.0948
[12759, 12779, 12743] - 29.240536
[32205, 12743] - 29.30729999999999
[12715, 12743] - 29.622499999999988
[12695, 12743] - 24.139699999999994
[12621, 12743] - 28.6656
[10295, 12743] - 32.166999999999994
[12483, 12743] - 28.255599999999994
[10311, 12743] - 25.4293
[10307, 12743] - 42.33219999999999
[10315, 12743] - 34.84270000000001
[12895, 12743] - 39.755100000000006
[33449, 12743] - 24.492000000000004
[12547, 12555] - 64.6007
[12551, 12547] - 61.68050000000001
[12547, 12567] - 26.817799999999995
[12559, 12547] - 58.965399999999995
[10861, 12467] - 25.340799999999998
[32209, 10861] - 32.08599999999999
[12495, 10861] - 28.021100000000004
[33429, 10861] - 26.082299999999996
[12823, 10861] - 25.428400000000003
[32201, 10861] - 32.432599999999994
[10861, 34901] - 27.3832
[33453, 10861] - 28.227899999999995
[12755, 10861] - 24.002299999999998
[34897, 10861] - 27.973200000000006
[12763, 10861] - 39.55310000000001
[10861, 12687] - 34.561200000000014
[34905, 10861] - 29.596900000000012
[10861, 12479] - 26.314999999999998
[10861, 34889] - 31.0431
[12683, 10861] - 36.394600000000004
[12779, 10861] - 34.18780000000001
[12463, 10861] - 29.274800000000006
[12759, 10861] - 31.2304
[10861, 32205] - 29.200799999999997
[33433, 10861] - 31.93159999999999
[12795, 10861] - 29.496799999999993
[34885, 10861] - 28.484399999999997
[12691, 10861] - 34.1111
[12827, 10861] - 29.840899999999998
[12355, 10861] - 30.394599999999993
[10861, 12831] - 34.751999999999995
[34893, 10861] - 27.165400000000005
[10861, 12875] - 27.7524
[12695, 10861] - 41.21149999999999
[12679, 10861] - 31.858400000000003
[12703, 10861] - 40.11010000000001
[10295, 10861] - 30.541900000000005
[12483, 10861] - 39.44890000000002
[12487, 10861] - 41.6694
[10311, 10861] - 24.517200000000006
[10307, 10861] - 33.444700000000005
[10315, 10861] - 27.549900000000004
[33469, 10861] - 26.403499999999998
[12895, 10861] - 42.407199999999996
[10861, 33449] - 39.336999999999996
[10291, 12667] - 26.075699999999998
[10291, 12763] - 25.0556
[10291, 12687] - 47.99720000000002
[10291, 10295, 10299] - 30.615261999999998
[10307, 10291, 10299] - 32.641874
[10291, 12683] - 31.84230000000001
[12779, 10291] - 25.193100000000005
[33433, 10291] - 26.147799999999997
[10291, 12795] - 25.970799999999997
[10291, 12691] - 32.63600000000001
[10291, 12827] - 30.271400000000007
[10291, 12819] - 25.621899999999997
[10291, 12831] - 40.7099
[10291, 10295, 12695] - 26.138186999999995
[10291, 12679] - 35.82260000000001
[10291, 12663] - 39.15070000000001
[10291, 12703] - 24.585
[10307, 10291, 10295] - 35.729616000000014
[10291, 12487] - 24.348999999999997
[10291, 10311] - 39.5064
[10315, 10291] - 35.72440000000001
[33469, 10291] - 34.927399999999984
[10291, 12895] - 41.627900000000004
[10291, 33449] - 41.52289999999999
[18863, 20807] - 39.378499999999995
[12847, 12467] - 28.5511
[12847, 12867] - 26.119999999999997
[12847, 12883] - 31.374500000000005
[12847, 12835] - 60.17929999999999
[12847, 12667] - 30.103500000000004
[12847, 12807] - 31.172099999999997
[12847, 12823] - 27.879800000000003
[12847, 12687] - 42.4415
[12847, 12683] - 30.6432
[12847, 12463] - 24.584199999999992
[12847, 12795] - 28.943099999999994
[12847, 12691] - 30.487800000000007
[12847, 12827] - 34.2506
[12847, 12355] - 27.259900000000002
[12847, 12831] - 34.4978
[12847, 12875] - 30.291800000000002
[12847, 12695] - 29.260999999999996
[12847, 12679] - 34.520700000000005
[12847, 12663] - 47.34760000000001
[12847, 12703] - 30.450999999999993
[12847, 12483] - 30.83739999999999
[12847, 12487] - 27.5769
[12847, 12895] - 42.211800000000004
[12847, 33449] - 26.89999999999999
[12551, 12555] - 50.0697
[12555, 12567] - 35.5399
[12355, 12555] - 23.910400000000003
[12559, 12555] - 44.93519999999999
[12867, 12467] - 24.871
[12883, 12467] - 31.183799999999998
[12835, 12467] - 32.87409999999999
[12667, 12467] - 25.419600000000003
[12807, 12467] - 33.203500000000005
[33429, 12467] - 24.228800000000003
[12823, 12467] - 27.4054
[33453, 12467] - 24.17309999999999
[34897, 12467] - 25.799700000000005
[12687, 12467] - 44.827099999999994
[34905, 12467] - 25.283500000000007
[12467, 12479] - 27.4706
[12467, 34889] - 23.91679999999999
[12683, 12467] - 32.2031
[12463, 12467] - 36.63759999999999
[33433, 12467] - 23.954299999999993
[34885, 12467] - 23.9111
[12691, 12467] - 27.886499999999998
[12827, 12467] - 28.45189999999999
[12467, 12831] - 29.328800000000005
[34893, 12467] - 26.815999999999995
[12467, 12875] - 24.466299999999997
[12695, 12467] - 29.531899999999997
[12679, 12467] - 36.645100000000006
[12663, 12467] - 39.1683
[12703, 12467] - 30.71529999999999
[12483, 12487, 12467] - 25.295563999999988
[12895, 12467] - 35.0958
[12467, 33449] - 31.019699999999993
[12867, 12883] - 28.4249
[12867, 12835] - 33.758599999999994
[12867, 12495] - 27.2772
[12823, 12867, 12807] - 24.061727000000005
[12867, 12823, 12831] - 24.516398000000006
[12867, 12823, 12895] - 24.06519399999999
[12867, 34901] - 23.8999
[12867, 33453] - 25.344299999999993
[12867, 12687] - 25.974699999999995
[12867, 12683] - 35.520500000000006
[12867, 12463] - 33.918499999999995
[12867, 12795, 12831] - 26.198144000000003
[12867, 12795, 12895] - 26.838054999999997
[12867, 12691] - 31.791800000000006
[12867, 12827, 12895] - 24.773533999999998
[12867, 12819] - 25.94290000000001
[12867, 12895, 12831] - 28.71452399999999
[12867, 12895, 12875] - 25.026231
[12867, 12695] - 31.008699999999987
[12867, 12679] - 27.308300000000003
[12867, 12703] - 29.191799999999997
[12867, 12483] - 27.607499999999998
[12867, 12487] - 31.3297
[12867, 33449] - 27.1835
[12727, 12711] - 31.206899999999997
[12727, 12755] - 34.03269999999999
[12727, 12771] - 32.13470000000001
[12715, 12727, 12723] - 28.934446000000005
[12727, 12895] - 26.517400000000016
[12571, 34893, 12575] - 25.886757999999997
[32213, 12571, 12575] - 32.9167
[12703, 12571, 12575] - 32.61416500000001
[12483, 12571, 12575] - 25.111556
[12571, 12487, 12575] - 34.903757000000006
[12571, 12575, 10311] - 31.762948000000005
[32213, 34893, 12575] - 29.584393000000006
[12703, 34893, 12575] - 27.193540000000002
[34893, 12487, 12575] - 27.19497399999999
[34893, 12575, 10311] - 24.445898999999994
[12703, 12575, 12875] - 26.235516000000008
[12487, 12575, 12875] - 29.293390999999996
[12575, 10311, 12875] - 24.842465999999998
[12703, 32213, 12575] - 38.389981
[32213, 12483, 12575] - 24.545237
[32213, 12487, 12575] - 37.137766
[32213, 12575, 10311] - 37.507677
[12703, 12483, 12575] - 25.10322800000001
[12703, 12575, 12487, 10311] - 25.138615610000013
[12483, 12487, 12575] - 28.225890000000007
[12483, 12575, 10311] - 25.201823000000005
[10307, 12575] - 27.186100000000003
[10315, 12575] - 43.695899999999995
[48667, 35185] - 33.54209999999999
[12407, 48667] - 33.87650000000001
[12339, 48667] - 36.859700000000004
[12835, 12883] - 30.7159
[12883, 12675] - 50.28749999999998
[12807, 12883] - 28.569799999999997
[12823, 12883] - 29.062700000000007
[12883, 35185] - 26.856999999999996
[12883, 12687] - 28.291699999999995
[12883, 12683] - 25.990100000000005
[12795, 12883] - 31.49590000000001
[12691, 12883] - 25.312400000000004
[12659, 12883] - 24.7001
[12827, 12883] - 30.011799999999997
[12355, 12883] - 31.4271
[12883, 12831] - 28.153100000000002
[12883, 12875] - 28.606300000000005
[12883, 12695] - 24.451700000000002
[12883, 12679] - 27.669200000000004
[12703, 12883] - 29.4711
[12483, 12883] - 28.503099999999996
[12487, 12883] - 26.667299999999994
[12883, 12895] - 30.702199999999998
[12747, 12611] - 27.9887
[12747, 12755] - 65.4735
[12603, 12747] - 28.209099999999996
[12747, 12771] - 33.711999999999996
[12747, 12763] - 25.0628
[12779, 12747] - 30.947699999999998
[12759, 12747] - 34.4464
[12747, 12783] - 45.792499999999976
[12747, 12751] - 89.19969999999999
[12715, 12747] - 26.280099999999994
[12747, 12723] - 23.992299999999997
[12747, 12621] - 55.4124
[10307, 12747] - 25.9754
[32209, 12611] - 26.8401
[32201, 32209, 32205] - 50.54403200000001
[32201, 32213, 32209] - 29.571897000000003
[10307, 32201, 32209] - 27.63909299999999
[10315, 32201, 32209] - 26.497235999999994
[32209, 12755] - 26.122699999999995
[12771, 32209] - 24.615299999999994
[12763, 32209] - 41.663199999999996
[10299, 32209] - 28.369500000000002
[32209, 12479] - 26.3694
[12779, 32209] - 34.8384
[12759, 32209] - 43.00650000000002
[32213, 32209, 32205] - 31.365100999999996
[10295, 32209, 32205] - 24.929618
[10307, 32209, 32205] - 27.910764
[10315, 32209, 32205] - 27.880109000000008
[33433, 32209] - 24.860900000000004
[12691, 32209] - 30.477000000000004
[12827, 32209] - 26.805800000000012
[12819, 32209] - 28.503099999999993
[32209, 12831] - 27.49430000000001
[32209, 12695] - 39.475899999999996
[32209, 12621] - 30.284199999999995
[12703, 32209] - 33.36759999999999
[10307, 10295, 32209] - 27.534592000000004
[12483, 32209] - 33.654500000000006
[12487, 32209] - 32.7312
[32209, 10311] - 41.42130000000001
[33469, 32209] - 36.182399999999994
[12895, 32209] - 45.1979
[32209, 33449] - 39.72849999999999
[47945, 47953, 47949] - 27.349916000000004
[47953, 47949, 47957] - 32.531175
[12715, 12711] - 67.1815
[12711, 12723] - 59.11679999999999
[12551, 12567] - 33.77210000000001
[12355, 12551] - 34.9453
[12559, 12551] - 37.30389999999999
[10877, 12551] - 29.588900000000002
[12835, 12667] - 31.418499999999995
[12835, 12807] - 28.176399999999997
[12823, 12835] - 30.244599999999995
[12835, 12687] - 45.137800000000006
[12835, 12683] - 29.785999999999994
[33433, 12835] - 24.039
[12835, 12795] - 34.286899999999996
[12835, 12691] - 31.722599999999993
[12835, 12827, 12895] - 23.990435
[12835, 12355] - 25.292399999999997
[12835, 12831] - 37.1434
[12835, 12875] - 30.746499999999997
[12835, 12695] - 27.270300000000002
[12835, 12679] - 35.15100000000001
[12835, 12663] - 59.3032
[12703, 12835] - 33.3368
[12835, 12483] - 31.94830000000001
[12835, 12487] - 33.06409999999999
[12835, 33449] - 28.833899999999993
[12807, 12495] - 31.134699999999995
[12495, 33429] - 26.997499999999995
[12823, 12495] - 30.4157
[12495, 34901] - 27.419500000000006
[33453, 12495] - 30.8061
[34897, 12495] - 25.8927
[12495, 12687] - 36.85549999999999
[12495, 34905] - 30.93669999999999
[12495, 12479] - 50.05879999999999
[12495, 34889] - 25.721700000000002
[12495, 12655] - 25.981999999999992
[12495, 12463, 12683] - 25.16966800000001
[12495, 12691, 12683] - 27.090380999999994
[12495, 12683, 12695] - 26.896396000000014
[12627, 12495] - 25.666800000000006
[12495, 12691, 12463] - 24.654197000000007
[12495, 12463, 12695] - 24.259723
[12483, 12495, 12463] - 25.24464699999999
[12495, 12487, 12463] - 30.268830999999995
[12495, 12895, 12463] - 24.278957999999996
[12495, 32205] - 24.403699999999994
[33433, 12495] - 29.946300000000004
[12495, 12795, 12831] - 24.058227
[34885, 12495] - 30.790200000000002
[12495, 12691, 12695] - 29.043426000000007
[12495, 12827, 12895] - 27.183042000000007
[12819, 12495] - 25.099100000000004
[12495, 12487, 12831] - 24.216379999999997
[12495, 34893] - 24.7746
[12495, 12875] - 38.398799999999994
[12495, 12487, 12695] - 24.540859000000005
[12495, 12679] - 49.521399999999986
[12703, 12495, 12487] - 24.034684999999993
[10307, 12495, 10295] - 24.178617999999997
[12483, 12495, 12487] - 33.26048299999999
[12495, 12487, 12895] - 24.379454000000006
[12495, 10311] - 38.4051
[10315, 12495] - 51.3895
[33469, 12495] - 37.6759
[12495, 33449] - 49.34189999999998
[12663, 12675] - 46.2685
[12407, 12299, 12411] - 25.182106
[12355, 12299] - 28.2968
[12299, 12431] - 51.58070000000001
[12815, 12667] - 26.839799999999997
[12667, 12687] - 44.36929999999998
[10299, 12667] - 28.14500000000001
[12667, 12479] - 27.727999999999994
[12659, 12667, 12655] - 23.879207
[12683, 12667] - 31.0771
[12627, 12667] - 35.5942
[12779, 12667] - 28.9712
[12691, 12667] - 27.559699999999996
[12827, 12667] - 36.73390000000001
[12667, 12831] - 29.458000000000006
[12695, 12667] - 30.071400000000008
[12667, 12679] - 33.867499999999986
[10307, 12663, 12667] - 26.38731300000001
[12663, 12895, 12667] - 31.572484000000003
[12703, 12667] - 29.3531
[10307, 10295, 12667] - 24.103198999999993
[12483, 12667] - 29.56260000000001
[12487, 12667] - 38.0753
[12667, 10311] - 40.56750000000001
[10315, 12667] - 38.18059999999999
[33469, 12667] - 43.04110000000001
[12667, 33449] - 32.2051
[32201, 12611] - 27.629299999999997
[12771, 12755, 12611] - 29.90048
[12603, 12621, 12611] - 32.458424
[12763, 12611] - 33.8784
[12627, 12611] - 30.171
[12779, 12611] - 40.48060000000001
[12759, 12611] - 39.89239999999999
[12715, 12611] - 26.438799999999997
[12723, 12611] - 30.501100000000005
[10295, 12611] - 35.687099999999994
[12483, 12611] - 34.109199999999994
[12487, 12611] - 26.441700000000004
[10311, 12611] - 31.4179
[10307, 12611] - 55.6571
[10315, 12611] - 52.60629999999999
[12895, 12611] - 35.80459999999999
[12807, 33429] - 26.027099999999994
[12823, 12807, 12795] - 25.152112
[12823, 12807, 12831] - 25.878448000000002
[12823, 12807, 12895] - 24.917742000000008
[12807, 34901] - 24.3292
[33453, 12807] - 24.2056
[12807, 12687] - 33.0855
[12807, 34905] - 25.993000000000002
[12807, 12683] - 39.2458
[12807, 12463] - 36.883500000000005
[12807, 12795, 12831] - 25.50071199999999
[12807, 12795, 12895] - 27.141811000000004
[34885, 12807] - 30.419800000000002
[12807, 12691, 12695] - 23.899441
[12807, 12827] - 36.943000000000005
[12807, 12819] - 46.241099999999996
[12807, 12875] - 33.4443
[12807, 12679] - 31.6268
[12703, 12807] - 30.0154
[12807, 10295] - 26.130999999999993
[12483, 12807] - 33.146300000000004
[12807, 12487] - 36.502700000000004
[33469, 12807] - 29.286200000000004
[12807, 33449] - 44.29159999999999
[12823, 33429] - 25.797999999999995
[34905, 33429, 34901] - 26.799528
[33429, 34901, 34889] - 26.152214999999995
[33433, 33429, 34901] - 24.104006
[33429, 34901, 33449] - 27.378007999999994
[33453, 34905, 33429] - 24.153021000000006
[33433, 33453, 33429] - 32.617306000000006
[33469, 33453, 33429] - 25.390477000000008
[33453, 33429, 33449] - 32.113791
[34897, 34885, 33429, 33449] - 24.649252340000004
[33429, 12687] - 34.3005
[34905, 33429, 34889] - 29.024144
[33433, 34905, 33429] - 24.597490000000004
[34885, 34905, 33429] - 27.151164999999995
[34905, 33429, 33449] - 32.224811
[33429, 12479] - 28.053600000000003
[34885, 33429, 34889] - 26.60394
[33429, 33449, 34889] - 29.606042000000006
[12691, 12683, 33429] - 24.136762999999988
[12683, 12695, 33429] - 25.625923
[12683, 33429, 33449] - 30.398928999999995
[12627, 33429] - 48.6594
[12463, 33429] - 27.49000000000001
[33429, 32205] - 28.838
[33433, 34885, 33429] - 24.528883
[33469, 33433, 33429] - 27.915637
[33433, 33429, 33449] - 39.784355999999995
[12795, 33429] - 34.5818
[34885, 12691, 33429] - 32.907715
[34885, 34893, 33429] - 28.581811000000013
[34885, 12695, 33429] - 26.491971999999997
[34885, 12895, 33429] - 28.444282
[12691, 12695, 33429] - 25.71030200000001
[12691, 12895, 33429] - 24.264042
[12691, 33429, 33449] - 39.047283
[12827, 12895, 33429] - 24.33490300000001
[12827, 33429, 33449] - 24.829521000000007
[33429, 12831] - 38.4172
[34893, 33429, 33449] - 28.603955999999993
[33429, 12875] - 31.056799999999992
[12703, 12695, 33429] - 24.679981
[12695, 33429, 33449] - 33.22632699999999
[33429, 12679, 33449] - 26.67615199999999
[12703, 33429, 33449] - 26.143949999999993
[10295, 33429] - 38.415499999999994
[12483, 33429, 33449] - 28.42841899999999
[12487, 33429, 33449] - 25.947844000000003
[10311, 33429] - 31.881900000000005
[10307, 33429] - 29.401400000000002
[10315, 33429] - 37.3001
[33469, 33429, 33449] - 41.24433500000002
[12895, 33429, 33449] - 35.62852500000001
[48675, 47957] - 28.197000000000006
[48675, 35185] - 25.145500000000002
[12407, 48675] - 38.3583
[12339, 48675] - 29.062299999999997
[10877, 48675] - 26.872999999999998
[12823, 34901] - 27.499800000000004
[12823, 33453] - 29.2856
[12815, 12823] - 28.7591
[12823, 12687] - 35.020900000000005
[12823, 10299] - 29.323900000000002
[12823, 34905] - 31.252200000000006
[12823, 12479] - 24.716000000000005
[12823, 34889] - 30.2161
[12823, 12655] - 36.0203
[12823, 12683, 12831] - 25.020848000000004
[12823, 12895, 12683] - 24.357328999999993
[12823, 12463] - 39.412200000000006
[33433, 12823] - 31.92330000000001
[12823, 12795, 12831] - 32.273906
[12823, 34885] - 25.19260000000001
[12823, 12691, 12695] - 26.758437999999998
[12823, 12827, 12895] - 26.035261999999992
[12823, 12819] - 74.57140000000001
[12823, 12895, 12831] - 27.108476000000003
[12823, 34893] - 23.977300000000007
[12823, 12875] - 33.1504
[12823, 12895, 12695] - 24.045446
[12823, 12679] - 38.598600000000005
[12823, 12703] - 39.231300000000005
[12823, 10295] - 42.47149999999999
[12823, 12483] - 38.939600000000006
[12823, 12487] - 43.4102
[12823, 10311] - 28.5342
[10307, 12823] - 43.56069999999999
[10315, 12823] - 24.894799999999996
[33469, 12823] - 32.676
[12823, 33449] - 41.2953
[32201, 33453] - 25.807399999999998
[32201, 12755] - 27.3889
[32201, 12771] - 27.326200000000004
[32201, 12763] - 43.36660000000001
[12815, 32201] - 27.473
[32201, 12687] - 25.82700000000001
[32201, 10299] - 36.8585
[32201, 12479] - 34.479899999999994
[32201, 34889] - 27.468699999999995
[32201, 12655] - 31.745
[32201, 12683] - 28.097499999999997
[12627, 32201] - 31.698700000000002
[12779, 32201] - 43.2898
[12759, 32201] - 38.06860000000002
[32201, 12695, 32205] - 30.331446999999994
[32201, 32213, 32205] - 62.517349
[32201, 12703, 32205] - 29.731971999999995
[32201, 10295, 32205] - 34.48529499999999
[32201, 12483, 32205] - 29.55082200000001
[32201, 12487, 32205] - 29.544430000000016
[32201, 10311, 32205] - 30.891969999999993
[10307, 32201, 32205] - 32.21701199999999
[10315, 32201, 32205] - 34.041068
[33469, 32201, 32205] - 26.654756
[32201, 12895, 32205] - 30.006225999999998
[32201, 32205, 33449] - 28.654486999999996
[33433, 32201] - 35.342499999999994
[32201, 12795] - 27.474499999999992
[32201, 34885] - 27.9811
[32201, 12691] - 41.97069999999998
[32201, 12827] - 30.211199999999998
[32201, 12819] - 35.445600000000006
[32201, 12831] - 38.31250000000001
[32201, 34893] - 24.949099999999994
[32201, 12875] - 26.240799999999993
[32201, 32213, 12695] - 25.103437999999997
[32201, 12703, 12695] - 25.568026999999987
[32201, 12621] - 32.89239999999999
[32201, 12703, 32213] - 31.147685999999993
[32201, 32213, 10295] - 29.415537999999994
[32201, 32213, 12483] - 26.236576999999997
[32201, 32213, 12487] - 35.397208000000006
[32201, 32213, 10311] - 32.87901899999999
[10307, 32201, 32213] - 27.016275999999994
[10315, 32201, 32213] - 31.84012099999999
[32201, 12679] - 27.010500000000008
[32201, 12703, 12487] - 24.435342999999985
[32201, 10295, 10311] - 27.366628999999993
[10307, 32201, 10295] - 32.96412199999999
[10315, 32201, 10295] - 27.627201000000003
[32201, 12483, 12487] - 27.720981
[32201, 12487, 10311] - 26.760173
[10315, 32201, 12487] - 25.041094
[10307, 32201, 10311] - 28.65526000000001
[10315, 32201, 10311] - 27.477618999999997
[10315, 32201, 10307] - 27.932431
[33469, 32201, 33449] - 25.16783
[33453, 34905, 34901] - 29.387669000000002
[33453, 34901, 34889] - 29.555114000000007
[33433, 33453, 34901] - 31.387588000000008
[33453, 34901, 33449] - 26.059951000000005
[34897, 34905, 34901] - 36.75243299999999
[34897, 34901, 34889] - 34.652148
[34897, 34885, 34901] - 30.870142999999995
[34897, 34901, 33449] - 23.847216000000003
[34905, 34901, 12687] - 23.965961999999994
[34901, 12687, 34889] - 24.310175000000005
[34905, 34901, 34889] - 60.620317
[12683, 34905, 34901] - 25.033570000000005
[33433, 34905, 34901] - 30.79282800000001
[34885, 34905, 34901] - 34.325869000000004
[12691, 34905, 34901] - 25.80534099999999
[34893, 34905, 34901] - 26.167244000000004
[34905, 12695, 34901] - 24.716062000000008
[34905, 34901, 33449] - 32.298295
[34901, 12479] - 27.389499999999998
[12683, 34901, 34889] - 25.201413000000006
[33433, 34901, 34889] - 33.847645
[34885, 34901, 34889] - 38.701789
[12691, 34901, 34889] - 25.799568999999995
[34893, 34901, 34889] - 29.899354000000002
[12695, 34901, 34889] - 24.632704999999998
[33469, 34901, 34889] - 27.260039
[34901, 33449, 34889] - 31.994502999999998
[12463, 34901] - 26.291400000000003
[33469, 33433, 34901] - 26.003684000000003
[33433, 34901, 33449] - 30.329383999999994
[12795, 34901] - 36.30700000000002
[34885, 34893, 34901] - 24.660586
[34885, 34901, 33449] - 23.87583
[12827, 34901] - 31.2081
[12355, 34901] - 25.655400000000004
[12819, 34901] - 25.8322
[34901, 12831] - 38.8487
[34901, 12875] - 27.328499999999995
[12679, 34901] - 31.84829999999999
[12703, 34901] - 28.1279
[12483, 34901] - 32.3616
[12487, 34901] - 31.6013
[10307, 34901] - 25.5701
[33469, 34901, 33449] - 24.599939000000003
[12895, 34901] - 41.40370000000001
[47945, 47957] - 58.088300000000004
[47945, 12559] - 23.873500000000007
[18863, 47957] - 31.9473
[12559, 47957] - 29.783200000000004
[10877, 47957] - 36.3588
[12621, 47957] - 32.159
[10307, 47957] - 33.01140000000001
[12407, 35185] - 45.75589999999999
[12411, 35185] - 27.9923
[10877, 12339, 35185] - 24.596694000000003
[12355, 35185] - 29.154400000000003
[12431, 35185] - 27.4692
[35185, 12875] - 24.52940000000001
[12483, 35185] - 24.214100000000002
[33433, 34897, 33453] - 24.81215300000001
[34897, 33453, 33449] - 25.52528100000001
[12815, 33453] - 25.104499999999998
[33453, 12683, 12687] - 24.778348
[33453, 12691, 12687] - 24.29492799999999
[33453, 12687, 33449] - 24.192304999999998
[33453, 10299] - 35.44
[33453, 34905, 34889] - 29.805157000000005
[33433, 33453, 34905] - 30.75541500000001
[33453, 34905, 33449] - 29.22211200000001
[33453, 12479] - 28.731699999999996
[33433, 33453, 34889] - 33.57130100000001
[33453, 33449, 34889] - 26.831281
[33433, 33453, 12683] - 29.287263999999997
[33453, 12691, 12683] - 26.672968000000004
[33453, 12683, 12695] - 25.37396300000001
[33453, 12683, 12679] - 26.676626999999993
[12703, 33453, 12683] - 26.55571600000001
[33469, 33453, 12683] - 25.32780600000001
[33453, 12683, 33449] - 31.312682999999996
[33453, 12463] - 29.841500000000003
[33453, 32205] - 25.492599999999996
[33433, 33453, 12795] - 25.151811999999996
[33433, 34885, 33453] - 26.704480000000004
[33433, 33453, 12691] - 28.950363999999993
[33433, 33453, 12827] - 28.151303999999996
[33433, 33453, 12831] - 28.178704
[33433, 33453, 12695] - 30.707117000000014
[33433, 33453, 12679] - 25.373939000000004
[33433, 12703, 33453] - 26.850036000000003
[33433, 33453, 10295] - 29.844932999999997
[33433, 33453, 12487] - 24.220914999999998
[10307, 33433, 33453] - 30.270557000000007
[33469, 33433, 33453, 33449] - 40.746501620000004
[33433, 33453, 12895] - 37.476535000000005
[33453, 12795, 33449] - 25.10126700000001
[34885, 33453, 33449] - 25.452315000000006
[33453, 12691, 12695] - 25.58300000000001
[33453, 12691, 33449] - 27.90078399999999
[33469, 33453, 12827] - 23.991845999999995
[33453, 12827, 12895] - 29.880637999999994
[33453, 12827, 33449] - 27.188812000000002
[33453, 12355] - 26.062500000000004
[33453, 12819] - 33.58140000000001
[33453, 12895, 12831] - 24.095396
[33453, 33449, 12831] - 29.683128
[33453, 34893] - 31.986299999999993
[33453, 12875] - 29.6351
[12703, 33453, 12695] - 27.378749999999997
[33469, 33453, 12695] - 24.149575999999993
[33453, 12695, 33449] - 29.91844600000001
[33453, 12679, 33449] - 25.568534999999997
[12703, 33453, 12487] - 24.220230999999995
[33469, 12703, 33453] - 24.755311000000006
[12703, 33453, 33449] - 28.84816199999999
[10307, 33453, 10295] - 28.789561000000003
[33469, 33453, 10295] - 25.128119999999996
[12483, 33453] - 33.7556
[33453, 12487, 33449] - 26.180577
[33453, 10311] - 37.16869999999999
[33469, 10307, 33453] - 28.882291000000006
[10307, 33453, 33449] - 23.917886
[10315, 33453] - 32.63549999999999
[33469, 33453, 12895] - 34.55904199999999
[33453, 12895, 33449] - 33.86151799999998
[12603, 12755] - 26.302799999999994
[12763, 12755] - 48.39690000000002
[12779, 12755] - 51.77899999999999
[12759, 12755] - 49.020099999999985
[12755, 32205] - 26.9643
[12751, 12755] - 64.79999999999998
[12755, 12831] - 27.621999999999996
[12715, 12755] - 30.228899999999996
[12755, 12723] - 43.58639999999999
[12695, 12755] - 28.860699999999987
[12755, 12621] - 46.337999999999994
[12703, 12755] - 25.455099999999998
[10295, 12755] - 39.3421
[12483, 12755] - 27.667400000000004
[12487, 12755] - 27.752900000000004
[12755, 10311] - 28.680299999999995
[10307, 12755] - 53.144800000000004
[10315, 12755] - 43.52979999999999
[33469, 12755] - 24.116600000000002
[12895, 12755] - 38.77469999999999
[12755, 33449] - 28.427699999999994
[12603, 12771] - 24.098900000000004
[12627, 12603] - 29.032100000000003
[12759, 12603] - 29.9756
[12603, 12783] - 31.8855
[12603, 12751] - 35.60909999999999
[12603, 12483] - 27.0782
[10307, 12603] - 33.75749999999999
[10315, 12603] - 30.6571
[12763, 12771] - 46.359200000000016
[12779, 12771] - 45.7939
[12759, 12771] - 69.01940000000002
[12771, 32205] - 27.191300000000002
[12827, 12771] - 25.564600000000002
[12751, 12771] - 35.2326
[12771, 12831] - 30.573000000000004
[12715, 12771] - 45.142800000000015
[12771, 12723] - 45.5412
[12771, 12695] - 28.862700000000004
[12771, 12621] - 35.7781
[12703, 12771] - 25.806700000000006
[10295, 12771] - 39.89990000000001
[12483, 12771] - 43.482000000000006
[12487, 12771] - 30.826599999999996
[12771, 10311] - 35.7272
[10307, 12771] - 55.3919
[10315, 12771] - 47.767100000000006
[12895, 12771] - 41.99820000000001
[12771, 33449] - 26.103500000000004
[12571, 32205] - 34.8208
[12571, 34893, 12875] - 30.512559000000003
[32213, 12571, 34893, 12487] - 25.111293409999995
[12703, 12571, 34893, 12487] - 24.29277310999999
[12571, 34893, 10311] - 29.44141699999999
[12703, 32213, 12571, 12875] - 24.582857490000006
[32213, 12571, 12487, 12875] - 25.50567994
[12703, 12571, 12487, 12875] - 31.280862149999983
[12571, 12487, 10311, 12875] - 24.886694340000002
[12571, 12695] - 28.738199999999996
[32213, 12703, 12571, 12487] - 35.54056308000002
[32213, 12703, 12571, 10311] - 26.967828570000005
[32213, 12483, 12571] - 26.472731
[32213, 12571, 12487, 10311] - 28.67866699
[10315, 32213, 12571] - 26.883484000000003
[12703, 12483, 12571] - 28.470165000000005
[12703, 12571, 12487, 10311] - 35.81021388999999
[10315, 12703, 12571] - 28.697706000000007
[12571, 10295] - 28.475200000000005
[12571, 12483, 12487] - 41.06522900000001
[12571, 12483, 10311] - 27.971287000000004
[10315, 12571, 12487] - 30.65816200000001
[10315, 12571, 10311] - 28.807633000000013
[10307, 12571] - 31.6343
[34897, 12687] - 34.04730000000001
[34897, 34905, 34889] - 37.48077300000001
[34897, 34885, 34905] - 36.69847800000001
[34897, 34893, 34905] - 24.49117100000001
[34897, 34905, 33449] - 29.75170600000001
[34897, 12479] - 24.306399999999996
[34897, 34885, 34889] - 38.73736699999999
[34897, 34893, 34889] - 26.330931999999997
[34897, 33449, 34889] - 27.49006300000001
[34897, 12683] - 40.8231
[12627, 34897] - 26.876299999999997
[34897, 12463] - 29.542700000000007
[34897, 32205] - 32.93209999999999
[34897, 33433, 34885] - 25.127631000000004
[34897, 33433, 33449] - 27.139007000000003
[34897, 12795] - 30.69540000000001
[34897, 34885, 12691] - 30.834794000000002
[34897, 34885, 12827] - 23.997166
[34897, 34885, 34893] - 48.937748000000006
[34897, 34885, 12695] - 34.60820799999999
[34897, 12703, 34885] - 27.352485000000005
[34897, 34885, 12483] - 26.584986999999995
[34897, 34885, 12487] - 25.482347
[34897, 34885, 12895] - 37.24383600000001
[34897, 12691, 33449] - 27.89106200000001
[34897, 12827, 12895] - 25.384333
[34897, 12831] - 36.659600000000005
[34897, 34893, 12695] - 23.914559999999998
[34897, 12703, 34893] - 32.868053999999994
[34897, 12483, 34893] - 28.706756
[34897, 34893, 12487] - 31.889387
[34897, 34893, 33449] - 27.749906999999997
[34897, 12875] - 38.23769999999999
[34897, 12703, 12695] - 24.869716000000004
[34897, 12695, 33449] - 30.619824
[34897, 32213] - 29.42479999999999
[34897, 12679] - 42.18459999999998
[34897, 12703, 12487] - 26.756694000000007
[34897, 10295] - 41.29920000000001
[34897, 12483, 12487] - 27.975081000000007
[34897, 10311] - 31.219299999999997
[10307, 34897] - 29.848900000000008
[10315, 34897] - 35.4569
[33469, 34897, 33449] - 27.58257699999999
[34897, 12895, 33449] - 28.418598000000003
[12815, 10331] - 25.752999999999997
[10299, 10331] - 30.779899999999984
[10331, 12479] - 28.995599999999992
[10331, 32205] - 30.361799999999995
[12827, 10331] - 29.389100000000003
[10295, 10331, 10335] - 27.284356000000002
[10307, 10331, 10335] - 25.275495
[10315, 10331, 10335] - 50.37602000000003
[10331, 12831] - 28.0274
[10331, 12875] - 24.146400000000007
[12695, 10331] - 36.76059999999998
[32213, 10331] - 37.3057
[10331, 12679] - 29.322299999999995
[12703, 10331] - 40.06089999999999
[10295, 10331, 10311] - 26.155652999999997
[10307, 10295, 10331] - 33.200759999999995
[10315, 10295, 10331] - 34.394083
[10315, 12483, 10331] - 31.272603000000004
[12487, 10331] - 36.82139999999999
[10315, 10331, 10311] - 32.148729
[10315, 10307, 10331] - 28.474765999999992
[10315, 12895, 10331] - 23.992776000000003
[33469, 10331, 33449] - 24.615263000000002
[12815, 12763] - 27.66410000000001
[12763, 10299] - 32.0588
[12763, 12479] - 26.75680000000001
[12763, 12683] - 31.281999999999996
[12627, 12763] - 35.103699999999996
[12759, 12779, 12763] - 38.227243
[12763, 32205] - 47.55480000000002
[34885, 12763] - 25.990699999999993
[12691, 12763] - 43.19789999999999
[12827, 12763] - 33.36549999999999
[12819, 12763] - 30.028799999999997
[12763, 12831] - 37.609300000000005
[12715, 12763] - 48.643200000000014
[12763, 12695] - 42.42319999999999
[12763, 12621] - 34.1312
[32213, 12763] - 29.116200000000003
[12763, 12679] - 40.82040000000001
[12703, 12763] - 30.512600000000003
[10307, 10295, 12763] - 29.648124999999986
[12483, 12763] - 36.22069999999998
[12487, 12763] - 36.462399999999995
[12763, 10311] - 37.8819
[10315, 12763] - 61.76759999999999
[33469, 12763] - 29.992699999999992
[12895, 12763] - 61.57070000000001
[12763, 33449] - 47.26080000000001
[12815, 12687] - 29.930700000000005
[12815, 10295, 10299] - 28.252686
[12815, 10307, 10299] - 30.512446999999998
[12815, 12895, 10299] - 27.015204000000004
[12815, 12479] - 34.562299999999986
[12815, 34889] - 24.212500000000002
[12815, 12655] - 29.398499999999995
[12815, 12683, 12679] - 24.021856999999994
[12815, 12895, 12683] - 29.17649999999999
[12627, 12815] - 26.882100000000005
[12815, 12463] - 25.740599999999993
[12759, 12815] - 30.373599999999993
[12815, 32205] - 30.2689
[12815, 33433] - 35.353599999999986
[12815, 12795, 12831] - 33.502123
[12815, 10295, 12795] - 24.621793
[12815, 10307, 12795] - 27.659890000000004
[12815, 12795, 12895] - 43.20456699999999
[12815, 12691] - 37.1158
[12815, 12703, 12827] - 25.878994999999993
[12815, 12827, 10295, 12895] - 24.476991209999998
[12815, 12827, 10311] - 27.372886000000005
[12815, 10307, 12827, 12895] - 26.350583380000003
[12815, 12819, 12895] - 31.046568000000004
[12815, 10335] - 24.4498
[12815, 10307, 12831] - 24.565987
[12815, 12895, 12831] - 37.930723000000015
[12815, 12723] - 25.267799999999998
[12815, 12895, 12875] - 24.176142000000002
[12815, 12703, 12695] - 28.482832999999992
[12815, 10295, 12695] - 29.432192000000004
[12815, 10307, 12695] - 28.298893999999997
[12815, 12895, 12695] - 36.38620699999999
[12815, 12621] - 24.725800000000003
[12815, 32213] - 29.263200000000005
[12815, 10307, 12679] - 24.147689999999997
[12815, 12895, 12679] - 34.21561899999999
[12815, 12663, 12895] - 26.353241000000004
[12815, 12703, 10295] - 24.01041500000001
[12815, 10307, 12703] - 23.994237
[12815, 12703, 12895] - 35.363817
[12815, 10295, 12895, 10311] - 26.88677243
[12815, 10307, 10295, 12895] - 35.477740360000006
[10315, 12815, 10295] - 30.300694
[12815, 12483] - 37.68700000000001
[12815, 12487, 12895] - 27.30200099999999
[12815, 10307, 12895, 10311] - 24.09015642
[10315, 12815, 10311] - 26.004182999999998
[10315, 12815, 10307] - 26.313199999999995
[12815, 10315, 12895] - 40.43468399999998
[12815, 33469, 12895] - 36.78864800000001
[12815, 33469, 33449] - 29.78276200000001
[12815, 12895, 33449] - 37.072998
[10299, 12687] - 47.708300000000015
[34905, 12687, 34889] - 26.706507
[12691, 34905, 12687] - 25.911478
[34905, 12695, 12687] - 25.67069
[34905, 12687, 33449] - 24.726931000000004
[12687, 12479] - 39.744899999999994
[12691, 12687, 34889] - 24.648375000000005
[12687, 12655] - 27.626
[33433, 12683, 12687] - 24.99477500000001
[12795, 12683, 12687] - 26.135254000000003
[12691, 12683, 12695, 12687] - 31.116154819999995
[12827, 12683, 12687] - 26.556005999999996
[12683, 12687, 12831] - 30.45513599999999
[12683, 12679, 12687] - 37.070800000000006
[12703, 12683, 12687] - 37.074852
[12487, 12683, 12687] - 26.454062000000004
[12895, 12683, 12687] - 30.93939800000001
[12683, 12687, 33449] - 29.214967999999995
[12627, 12687] - 34.43700000000001
[12779, 12687] - 37.20659999999999
[12463, 12687] - 36.21459999999999
[12759, 12687] - 27.023500000000002
[32205, 12687] - 26.490299999999998
[33433, 12687, 33449] - 26.121837999999993
[12691, 12795, 12687] - 26.497628000000013
[12795, 12687, 12831] - 27.276504
[12795, 12695, 12687] - 24.948655000000002
[12703, 12795, 12687] - 24.178513999999993
[34885, 12687] - 36.134100000000004
[12827, 12691, 12687] - 26.222024999999988
[12691, 12687, 12831] - 31.548672999999997
[12703, 12691, 12695, 12687] - 24.31368756
[12691, 12679, 12687] - 31.091448999999997
[12691, 12487, 12687] - 24.087696000000005
[10307, 12691, 12687] - 24.505771999999997
[12691, 12895, 12687] - 28.281661000000007
[12691, 12687, 33449] - 29.401997
[12827, 12687, 12831] - 28.355089999999993
[12827, 12695, 12687] - 24.33482200000001
[12827, 12679, 12687] - 24.888272000000004
[12703, 12827, 12687] - 27.544895999999998
[12483, 12827, 12687] - 26.786586
[12827, 12895, 12687] - 27.747618000000003
[12355, 12687] - 27.08549999999999
[12819, 12687] - 36.682400000000015
[12695, 12687, 12831] - 30.160209000000005
[12679, 12687, 12831] - 25.37363400000001
[12703, 12687, 12831] - 24.35739
[12483, 12687, 12831] - 27.107584999999997
[12487, 12687, 12831] - 24.119881999999997
[12895, 12687, 12831] - 26.641774000000005
[12687, 33449, 12831] - 26.130003000000006
[34893, 12687] - 34.931
[12703, 12687, 12875] - 28.795039999999997
[12487, 12687, 12875] - 29.194941
[12695, 12679, 12687] - 28.506002000000006
[10295, 12695, 12687] - 26.574917000000003
[12483, 12695, 12687] - 23.927503999999995
[12487, 12695, 12687] - 26.530713000000006
[10307, 12695, 12687] - 24.34284
[33469, 12695, 12687] - 24.826617999999996
[12895, 12695, 12687] - 28.941835000000008
[12695, 12687, 33449] - 31.898168999999996
[32213, 12687] - 28.519799999999996
[12703, 12679, 12687] - 27.597572
[12895, 12679, 12687] - 25.033744
[12663, 12687] - 50.514900000000004
[12703, 12483, 12687] - 29.093192000000005
[12703, 12487, 12687] - 35.873898000000004
[12703, 10311, 12687] - 27.822449999999996
[12703, 12895, 12687] - 25.374702000000003
[12703, 12687, 33449] - 25.026282999999996
[10307, 10295, 12687] - 29.524915000000004
[12483, 12487, 12687] - 31.733004
[10315, 12687] - 54.32460000000003
[33469, 12687, 33449] - 29.803466999999998
[12895, 12687, 33449] - 24.216388
[10307, 10299, 12479] - 28.808726000000004
[10299, 12655] - 28.9767
[10295, 10299, 12683] - 24.348591000000006
[10307, 10299, 12683] - 30.015153999999995
[12627, 10299] - 31.708600000000004
[12779, 10299] - 38.431
[12463, 10299] - 25.0311
[12759, 10299] - 32.12170000000001
[10299, 32205] - 34.465599999999995
[33433, 10295, 10299] - 25.779306
[10307, 33433, 10299] - 27.644668
[33469, 33433, 10299] - 24.256813
[12795, 10299, 12831] - 24.237901999999995
[10295, 12795, 10299] - 30.214959999999998
[10307, 12795, 10299] - 33.45961800000001
[10295, 12691, 10299] - 23.999562
[10307, 12691, 10299] - 27.082053000000005
[10295, 12827, 10299] - 31.544628999999997
[10307, 12827, 10299] - 35.121021999999996
[12827, 12895, 10299] - 30.605387000000004
[12819, 10295, 10299] - 27.58149600000001
[10307, 12819, 10299] - 31.925921
[10295, 10299, 10335] - 25.819349000000006
[10307, 10299, 10335] - 27.532232999999998
[10315, 10299, 10335] - 23.888625
[10295, 10299, 12831] - 31.739993999999996
[10307, 10299, 12831] - 37.023488
[10299, 12875] - 26.237099999999998
[12703, 10299, 12695] - 24.314171
[10307, 10295, 10299, 12695] - 29.551712679999998
[10299, 12621] - 30.550400000000003
[32213, 10299] - 29.6955
[10295, 10299, 12679] - 25.07572200000001
[10307, 10299, 12679] - 30.846442
[10307, 12663, 10299] - 24.328005000000005
[12703, 10295, 10299] - 28.483780999999997
[12703, 10299, 10311] - 30.867282000000003
[10307, 12703, 10299] - 31.977454
[10295, 12487, 10299] - 29.248671
[10307, 10295, 10299, 10311] - 52.63154497
[10315, 10295, 10299, 10311] - 33.86889587000001
[10315, 10307, 10295, 10299] - 41.34742567000001
[10307, 10295, 12895, 10299] - 31.76590508
[33469, 10295, 10299] - 30.579068000000003
[10295, 10299, 33449] - 29.081623999999998
[12483, 12487, 10299] - 24.104944000000003
[12483, 10299, 10311] - 25.331820000000004
[10307, 12483, 10299] - 32.03121599999999
[12487, 10299, 10311] - 31.664393999999998
[10307, 12487, 10299] - 35.847049999999996
[10315, 10307, 10299, 10311] - 35.548708600000005
[12895, 10299, 10311] - 30.169332999999995
[33469, 10307, 10299] - 34.45667899999999
[10307, 10299, 33449] - 31.594636000000005
[10315, 12895, 10299] - 25.822347
[33469, 10299, 33449] - 27.06459999999999
[34905, 12479] - 24.519100000000005
[12683, 34905, 34889] - 26.683858000000008
[33433, 34905, 34889] - 32.14885099999999
[12795, 34905, 34889] - 26.926284
[34885, 34905, 34889] - 43.91702200000001
[12691, 34905, 34889] - 29.265461000000002
[34905, 12831, 34889] - 25.217592
[34893, 34905, 34889] - 26.858736999999998
[34905, 12695, 34889] - 27.47124400000001
[33469, 34905, 34889] - 28.72028099999999
[12895, 34905, 34889] - 24.407435000000003
[34905, 33449, 34889] - 37.478603
[34905, 12683, 12695] - 25.276846
[34905, 12683, 33449] - 27.62298200000001
[12627, 34905] - 24.310500000000005
[12463, 34905] - 33.5733
[34905, 32205] - 25.3277
[33469, 33433, 34905] - 26.620859000000003
[33433, 34905, 33449] - 32.355478000000005
[12795, 34905, 12831] - 24.948215
[34885, 34893, 34905] - 25.385018000000002
[34885, 34905, 33449] - 30.925231
[12691, 34905, 12695] - 27.216306
[12691, 34905, 33449] - 27.015111000000005
[12827, 34905] - 33.8393
[12355, 34905] - 25.6737
[12819, 34905] - 32.973
[34905, 12695, 12831] - 25.644533000000006
[34905, 33449, 12831] - 26.129197999999995
[34905, 12875] - 29.258399999999998
[34905, 12695, 33449] - 28.573154000000002
[34905, 12679] - 41.77869999999999
[12703, 34905] - 34.7203
[10295, 34905] - 38.5917
[12483, 34905] - 40.5448
[12487, 34905] - 39.245
[10307, 34905] - 38.156099999999995
[10315, 34905] - 26.059400000000007
[33469, 34905, 33449] - 33.250724999999996
[12895, 34905, 33449] - 24.667396999999998
[34889, 12479] - 28.867600000000003
[12655, 12479] - 28.0708
[12683, 12479] - 51.83919999999996
[12627, 12479] - 34.13240000000002
[12779, 12479] - 34.59040000000001
[12487, 12463, 12479] - 29.335424000000014
[12759, 12479] - 32.41749999999999
[32205, 12479] - 38.851900000000015
[33433, 12479] - 32.141600000000004
[12795, 12479] - 35.14260000000001
[34885, 12479] - 26.173399999999997
[12691, 12479] - 54.913400000000024
[12827, 12895, 12479] - 26.217599000000007
[12819, 12479] - 41.31060000000001
[10335, 12479] - 26.836199999999995
[12831, 12479] - 58.51940000000001
[34893, 12479] - 29.915700000000005
[12483, 12479, 12875] - 24.434762999999993
[12487, 12479, 12875] - 29.249768
[12703, 12695, 12479] - 28.181155
[10295, 12695, 12479] - 24.292131000000005
[12483, 12695, 12479] - 27.393787
[12487, 12695, 12479] - 31.181635999999997
[12621, 12479] - 26.4592
[32213, 12483, 12479] - 23.93436700000001
[32213, 12487, 12479] - 26.028217999999995
[12679, 12479] - 42.8932
[12663, 12479] - 29.004400000000004
[12703, 12483, 12479] - 29.635844000000002
[12703, 12487, 12479] - 36.487758
[12703, 10311, 12479] - 25.763614
[12483, 10295, 12479] - 37.591116
[10295, 12487, 12479] - 36.94650000000001
[10295, 10311, 12479] - 36.989594000000004
[10307, 10295, 12479] - 38.12915900000001
[10315, 10295, 12479] - 33.43101800000001
[10295, 12895, 12479] - 25.881767000000004
[12483, 12487, 10311, 12479] - 28.676459440000006
[10307, 12483, 12479] - 34.645557999999994
[10315, 12483, 12479] - 41.709083000000014
[12483, 12895, 12479] - 24.413762000000002
[10307, 12487, 12479] - 35.258215
[10315, 12487, 12479] - 41.83361899999999
[12487, 12895, 12479] - 30.175478999999996
[10307, 10311, 12479] - 36.07350600000001
[10315, 10311, 12479] - 34.008947000000006
[10315, 10307, 12479] - 28.889273999999997
[10307, 12895, 12479] - 26.390609
[10315, 12895, 12479] - 24.759391999999995
[33469, 33449, 12479] - 24.195193
[18787, 10311] - 26.548899999999996
[12691, 12683, 34889] - 25.373099000000003
[12683, 12695, 34889] - 25.092482
[12463, 34889] - 32.75129999999999
[32205, 34889] - 30.0396
[33433, 34885, 34889] - 24.622989999999998
[33469, 33433, 34889] - 30.266057
[33433, 33449, 34889] - 31.760256000000005
[12795, 12831, 34889] - 25.069195000000008
[34885, 34893, 34889] - 36.43579999999999
[33469, 34885, 34889] - 26.923651
[34885, 12895, 34889] - 23.959451999999995
[34885, 33449, 34889] - 35.082471999999996
[12691, 12695, 34889] - 28.41267100000001
[12691, 33449, 34889] - 24.863841000000004
[12827, 34889] - 32.52620000000001
[12819, 34889] - 36.2405
[12875, 34889] - 27.6611
[12695, 33449, 34889] - 29.63966900000001
[12679, 34889] - 38.8647
[12703, 34889] - 35.165499999999994
[10295, 34889] - 39.76809999999998
[12483, 12487, 34889] - 24.707838
[10307, 34889] - 45.70740000000001
[10315, 34889] - 32.560599999999994
[33469, 33449, 34889] - 35.920441999999994
[12895, 33449, 34889] - 24.122858000000004
[12407, 12411, 12431] - 25.738415
[12407, 12339] - 45.43629999999999
[12407, 12355] - 27.6428
[10877, 12407] - 24.247799999999994
[12407, 12483] - 24.154400000000003
[12683, 12655] - 29.6837
[12627, 12655] - 31.31249999999999
[12463, 12655] - 42.79860000000001
[12759, 12655] - 24.0762
[33433, 12655] - 24.2556
[12795, 12655] - 39.807300000000005
[12691, 12655] - 45.55940000000001
[12827, 12655] - 28.8741
[12819, 12655] - 50.8974
[10335, 12655] - 26.057800000000007
[12831, 12655] - 35.08389999999999
[12695, 12655] - 45.502
[12679, 12655] - 25.512599999999996
[12663, 12655] - 27.1567
[12703, 12655] - 35.7895
[10307, 10295, 12655] - 26.544829999999997
[12483, 12655] - 27.7931
[12487, 12655] - 34.566700000000004
[10311, 12655] - 39.397299999999994
[10315, 12655] - 58.975999999999985
[33469, 12655] - 62.030799999999985
[12895, 12655] - 52.186499999999995
[33449, 12655] - 42.823100000000004
[12627, 12683] - 53.35210000000002
[12779, 12683] - 25.768000000000008
[12691, 12683, 12463] - 28.650101000000003
[12683, 12463, 12695] - 27.62087199999999
[12487, 12683, 12463] - 24.560975999999993
[12683, 32205] - 34.207699999999996
[33433, 12691, 12683] - 28.329600999999997
[33433, 12683, 12831] - 24.344988999999995
[33433, 12683, 12695] - 29.09976199999999
[33433, 12683, 12679] - 27.746356000000002
[33433, 12703, 12683] - 25.480532
[33469, 33433, 12683] - 29.729173000000003
[33433, 12895, 12683] - 25.304108999999997
[33433, 12683, 33449] - 32.47916099999999
[12691, 12795, 12683] - 26.382088999999997
[12795, 12683, 12831] - 33.225999
[12795, 12683, 12695] - 33.309647000000005
[12795, 12683, 12679] - 27.687973999999997
[12703, 12795, 12683] - 29.48956399999999
[12795, 12895, 12683] - 28.931817
[12795, 12683, 33449] - 25.039405
[34885, 12683] - 42.79430000000001
[12827, 12691, 12683] - 26.89414399999999
[12691, 12683, 12831] - 33.79419299999999
[12703, 12691, 12683, 12695] - 25.83761058000001
[12691, 12683, 12679] - 39.54465799999999
[10295, 12691, 12683] - 24.644842000000004
[12691, 12487, 12683] - 27.818759999999997
[10307, 12691, 12683] - 27.331597000000002
[33469, 12691, 12683] - 29.958146999999993
[12691, 12895, 12683] - 33.97118
[12691, 12683, 33449] - 36.08375499999999
[12827, 12683, 12831] - 32.54513300000001
[12827, 12683, 12695] - 31.689501000000007
[12827, 12895, 12683, 12679] - 25.687087940000005
[12703, 12827, 12683] - 33.829247
[12483, 12827, 12683] - 23.844756999999998
[12827, 12487, 12683] - 24.740983
[12827, 12683, 33449] - 28.280692999999996
[12355, 12683] - 28.3629
[12819, 12683] - 47.019000000000005
[12683, 12875, 12831] - 24.446328999999995
[12683, 12695, 12831] - 41.318919999999984
[12683, 12679, 12831] - 36.76624799999999
[12703, 12683, 12831] - 33.751309
[10295, 12683, 12831] - 24.565661
[12487, 12683, 12831] - 25.711895999999992
[12895, 12683, 12831] - 36.25537099999998
[12683, 33449, 12831] - 29.913825999999986
[12703, 34893, 12683] - 24.24769000000001
[12683, 12695, 12875] - 23.915860000000002
[12703, 12683, 12875] - 30.303602999999992
[12487, 12683, 12875] - 26.308560000000003
[12895, 12683, 12875] - 28.174251999999992
[12703, 12683, 12695, 12679] - 31.547267700000006
[12703, 12895, 12683, 12695] - 24.496263459999998
[10295, 12683, 12695] - 41.81508000000003
[12483, 12683, 12695] - 29.175299000000003
[12487, 12683, 12695] - 34.746200999999985
[12683, 12695, 10311] - 30.51003900000001
[10307, 12683, 12695] - 38.62779100000001
[10315, 12683, 12695] - 30.474089999999993
[33469, 12683, 12695] - 30.781868000000003
[12683, 12695, 33449] - 43.527491999999995
[32213, 12683] - 39.69869999999999
[12663, 12683, 12679] - 28.549920999999998
[12703, 12895, 12683, 12679] - 24.931970770000003
[10295, 12683, 12679] - 37.895523000000004
[12483, 12683, 12679] - 25.74087199999999
[12487, 12683, 12679] - 28.243723
[12683, 10311, 12679] - 29.901401
[10307, 12683, 12679] - 43.281972
[10315, 12683, 12679] - 28.051116999999998
[33469, 12683, 12679] - 28.599886000000005
[12683, 12679, 33449] - 38.43865600000001
[12663, 12895, 12683] - 24.523549999999993
[12703, 10295, 12683] - 32.42159300000001
[12703, 12483, 12683] - 30.671067999999995
[12703, 12487, 12683] - 41.709883000000005
[12703, 12683, 10311] - 33.638302
[10307, 12703, 12683] - 30.379172
[10315, 12703, 12683] - 27.81385400000001
[33469, 12703, 12683] - 25.966906999999992
[12703, 12683, 33449] - 37.879308
[10295, 12683, 10311] - 34.042342
[10307, 10295, 12683] - 51.136743999999986
[10315, 10295, 12683] - 28.429416000000007
[10295, 12895, 12683] - 35.64951299999999
[10295, 12683, 33449] - 27.07514600000002
[12483, 12487, 12683] - 30.608647000000005
[12483, 12895, 12683] - 26.250434000000002
[12487, 12895, 12683] - 30.065495000000013
[12487, 12683, 33449] - 26.747827
[10307, 12683, 10311] - 31.38286299999999
[10315, 12683, 10311] - 28.417524999999998
[12895, 12683, 10311] - 26.90000800000001
[10315, 10307, 12683] - 26.57673900000001
[33469, 10307, 12683] - 25.765259000000004
[10307, 12895, 12683] - 33.455603
[10307, 12683, 33449] - 25.14851400000001
[33469, 12895, 12683] - 26.759729999999987
[33469, 12683, 33449] - 42.287752000000005
[12895, 12683, 33449] - 35.545253
[12627, 12779] - 31.1423
[12627, 12463] - 29.463000000000005
[12759, 12627] - 32.010300000000015
[12627, 32205] - 39.87559999999999
[12627, 12795] - 33.132400000000004
[12627, 34885] - 51.20739999999997
[12627, 12691] - 79.07109999999999
[12627, 12827] - 33.7556
[12627, 12819] - 31.411700000000003
[12627, 12831] - 44.241800000000005
[12715, 12627] - 27.1475
[12627, 12723] - 24.075699999999994
[12627, 12875] - 27.545399999999997
[12627, 10295, 12695] - 26.745404000000004
[12627, 12621] - 45.764100000000006
[12627, 32213] - 26.200899999999997
[12627, 12679] - 42.189600000000006
[12627, 12663] - 37.13499999999999
[12627, 12703] - 40.8869
[12627, 10307, 10295] - 31.816513
[12627, 12483] - 42.69590000000001
[12627, 12487] - 40.3264
[12627, 10311] - 45.87530000000001
[12627, 10315] - 57.463600000000014
[12627, 33469] - 44.3858
[12627, 12895] - 58.84189999999999
[12627, 33449] - 66.7564
[12779, 32205] - 41.373399999999975
[12779, 12783] - 59.29150000000002
[12779, 12691] - 34.1218
[12779, 12827] - 28.164800000000003
[12779, 12831] - 30.580700000000004
[12715, 12779] - 40.529999999999994
[12779, 12723] - 24.84140000000001
[12779, 12695] - 31.026800000000005
[12779, 12621] - 36.360000000000014
[12779, 12679] - 34.412
[12779, 12663] - 38.459300000000006
[12779, 12703] - 27.786400000000008
[12779, 10295] - 48.506600000000006
[12779, 12483] - 37.736300000000014
[12779, 12487] - 31.001499999999993
[12779, 10311] - 43.1194
[10307, 12779] - 59.77029999999998
[10315, 12779] - 47.920100000000005
[12779, 12895] - 43.7506
[12779, 33449] - 30.924299999999995
[12339, 12411] - 24.926
[12355, 12411] - 38.981899999999996
[12411, 12875] - 25.224400000000003
[12483, 12411] - 23.896099999999997
[12487, 12411] - 24.326000000000004
[12895, 12411] - 24.445199999999996
[12463, 32205] - 24.3791
[33433, 12463] - 34.659600000000005
[12691, 12795, 12463] - 25.502005999999998
[12795, 12463, 12831] - 30.004101000000002
[12487, 12795, 12463] - 30.638620999999993
[34885, 12463] - 33.0151
[12691, 12463, 12831] - 27.379807999999997
[12691, 12463, 12695] - 34.30620400000001
[12703, 12691, 12463] - 28.776413999999995
[10295, 12691, 12463] - 27.958244000000008
[12691, 12487, 12463] - 31.001215999999996
[12691, 12895, 12463] - 28.574719
[12827, 12895, 12463] - 27.830096
[12819, 12463] - 59.584999999999994
[12463, 12695, 12831] - 26.505038000000003
[12487, 12463, 12831] - 29.740136000000007
[12895, 12463, 12831] - 24.355342000000007
[34893, 12463] - 26.424
[12463, 12875] - 41.82919999999999
[12703, 12463, 12695] - 29.119613999999995
[12487, 12463, 12695] - 32.190102
[12895, 12463, 12695] - 25.336570000000002
[32213, 12463] - 28.351300000000002
[12463, 12679] - 42.0481
[12703, 12487, 12463] - 28.99878500000001
[10295, 12487, 12463] - 27.237356
[10295, 12463, 10311] - 27.095331999999992
[10307, 10295, 12463] - 32.412495
[10315, 10295, 12463] - 26.798944999999993
[10295, 12895, 12463] - 24.433871
[12483, 12487, 12463] - 41.763347999999986
[12487, 12463, 10311] - 25.243800999999994
[10315, 12487, 12463] - 26.057705999999996
[12487, 12895, 12463] - 30.281294000000003
[12487, 12463, 33449] - 23.980279999999993
[33469, 12463, 33449] - 24.075695000000007
[12895, 12463, 33449] - 24.241191999999998
[12759, 32205] - 43.76410000000001
[12759, 12795] - 28.194900000000004
[12759, 34885] - 24.4346
[12759, 12691] - 35.3401
[12759, 12827] - 39.39160000000001
[12759, 12751] - 28.63439999999999
[12759, 12819] - 24.8004
[12759, 10335] - 26.2469
[12759, 12831] - 36.227900000000005
[12715, 12759] - 55.71969999999999
[12759, 12723] - 43.67180000000002
[12759, 12875] - 31.895699999999987
[12759, 12695] - 44.35080000000001
[12759, 12621] - 49.4515
[12759, 32213] - 41.415400000000005
[12759, 12679] - 44.083299999999994
[12759, 12663] - 35.91539999999999
[12759, 12703] - 45.6488
[12759, 10307, 10295] - 30.55345399999999
[12759, 10315, 10295] - 27.118156
[12759, 12483] - 66.98550000000003
[12759, 12487] - 49.600400000000015
[12759, 10315, 10311] - 25.938395
[12759, 10315, 10307] - 26.855347000000002
[12759, 33469] - 36.806700000000006
[12759, 12895] - 62.944
[12759, 33449] - 52.22709999999997
[18863, 12355, 12895, 12783] - 38.035715760000016
[18863, 12663, 12751, 12355] - 25.195591899999993
[18863, 12751, 12431, 12679] - 27.378425290000006
[18863, 12751, 12895, 12431] - 30.88718088
[18863, 12431, 12621] - 29.467197000000002
[10315, 18863, 12431] - 30.69876599999999
[10307, 18863, 12621] - 27.318123999999997
[10315, 18863, 12621] - 29.878736999999987
[33433, 32205] - 35.40059999999999
[12795, 32205] - 27.4218
[34885, 32205, 33449] - 24.032604000000003
[12691, 32205] - 46.23599999999998
[12827, 32205] - 41.046099999999996
[12819, 32205] - 31.404400000000006
[32205, 10335] - 31.03659999999999
[32205, 12831] - 45.2281
[34893, 32205] - 47.105399999999996
[12715, 32205] - 25.205899999999996
[32205, 12875] - 38.0328
[32213, 12695, 32205] - 33.568385000000006
[12703, 12695, 32205] - 31.094861999999992
[10295, 12695, 32205] - 27.352426000000005
[10307, 12695, 32205] - 24.788801
[12695, 32205, 33449] - 26.963747
[12621, 32205] - 31.53199999999999
[12703, 32213, 32205] - 53.50530000000001
[32213, 10295, 32205] - 35.425889999999995
[32213, 12483, 12487, 32205] - 24.391192639999993
[32213, 10311, 32205] - 49.37490100000001
[10307, 32213, 32205] - 35.45056699999999
[10315, 32213, 32205] - 41.31892
[33469, 32213, 32205] - 24.074228
[32213, 12895, 32205] - 24.438634000000008
[32213, 32205, 33449] - 30.112774999999992
[12679, 32205] - 33.0431
[12703, 10295, 32205] - 23.84436099999999
[12703, 12483, 32205] - 26.173205000000003
[12703, 12487, 32205] - 34.928622
[12703, 10311, 32205] - 32.69309099999998
[10315, 12703, 32205] - 25.827598000000005
[10295, 12487, 32205] - 25.193260999999996
[10295, 10311, 32205] - 32.438079
[10307, 10295, 32205] - 40.70397
[10315, 10295, 32205] - 31.108902999999998
[10295, 32205, 33449] - 27.323601000000007
[12483, 10311, 32205] - 27.860199999999995
[10315, 12483, 32205] - 29.637596000000002
[12487, 10311, 32205] - 36.128275
[10315, 12487, 32205] - 30.35249299999999
[10307, 10311, 32205] - 32.20009199999999
[10315, 10311, 32205] - 32.34729
[10315, 10307, 32205] - 29.40141999999999
[33469, 32205, 33449] - 35.36248199999999
[33433, 12795, 12831] - 27.138631999999994
[33469, 33433, 12795] - 27.857879999999998
[33433, 12795, 12895] - 23.88860800000001
[33433, 12795, 33449] - 32.773210999999996
[33433, 34885, 33449] - 29.56267500000001
[33433, 12691, 12695] - 27.229127999999996
[33469, 33433, 12691] - 29.424419999999998
[33433, 12691, 33449] - 31.587770000000003
[33433, 12827, 12831] - 26.913130000000002
[33469, 33433, 12827] - 28.545001000000003
[33433, 12827, 12895] - 31.69107200000001
[33433, 12827, 33449] - 35.38272400000001
[33433, 12355] - 27.2661
[33433, 12819] - 36.185199999999995
[33469, 33433, 12831] - 29.511434000000012
[33433, 12895, 12831] - 25.543699999999998
[33433, 33449, 12831] - 35.542848
[33433, 34893, 33449] - 26.002530999999998
[33433, 33449, 12875] - 24.308773000000006
[33433, 12703, 12695] - 28.07642399999999
[33469, 33433, 12695] - 33.803467
[33433, 12895, 12695] - 28.351952000000004
[33433, 12695, 33449] - 40.323993
[33433, 32213] - 24.387099999999997
[33433, 12679, 33449] - 28.013293000000004
[33433, 12703, 12487] - 24.314215000000004
[33469, 33433, 12703] - 25.84442
[33433, 12703, 12895] - 24.853731
[33433, 12703, 33449] - 31.855849
[33433, 10295, 10311] - 25.549635
[10307, 33433, 10295] - 42.47558899999999
[10315, 33433, 10295] - 23.844955000000002
[33469, 33433, 10295] - 38.870191000000005
[33433, 10295, 33449] - 39.86557000000001
[33433, 12483, 33449] - 25.364299000000003
[33433, 12487, 33449] - 27.291031999999998
[33469, 33433, 10307] - 37.91323700000002
[33433, 10307, 33449] - 34.397245
[10315, 33433, 33449] - 26.161414999999998
[33469, 33433, 12895, 33449] - 24.10366060999999
[12559, 12567] - 46.973699999999994
[10877, 12567] - 26.037300000000005
[10315, 12567] - 26.461699999999993
[12339, 12355] - 26.469899999999996
[34885, 12795] - 33.72399999999999
[12819, 12691, 12795] - 25.858033000000002
[12691, 12795, 12831] - 34.44664600000001
[12691, 12795, 12695] - 31.060691
[12703, 12691, 12795] - 28.388029000000003
[12691, 12487, 12795] - 25.405507999999998
[12691, 12795, 12895] - 24.845776000000004
[12827, 12795, 12831] - 39.479798
[12703, 12827, 12795] - 25.638475999999997
[12827, 12795, 12895] - 40.39026299999998
[12827, 12795, 33449] - 24.666924000000005
[12355, 12795] - 25.886999999999997
[12819, 12795, 12831] - 61.95852600000002
[12819, 12795, 12695] - 23.862795000000002
[12819, 10295, 12795] - 43.41411899999998
[12819, 12795, 10311] - 26.096652999999996
[10307, 12819, 12795] - 36.555145999999986
[10315, 12819, 12795] - 29.916468999999996
[12819, 12795, 12895] - 35.651735
[12795, 10335] - 39.62859999999999
[12795, 12875, 12831] - 27.108679
[12795, 12695, 12831] - 40.36111499999997
[12795, 12679, 12831] - 32.605459
[12703, 12795, 12831] - 36.046197
[10307, 10295, 12795, 12831] - 28.201620639999998
[12483, 12795, 12831] - 30.854196999999996
[12487, 12795, 12831] - 36.270986
[12795, 10311, 12831] - 31.231460999999996
[10315, 12795, 12831] - 34.034447
[33469, 12795, 12831] - 28.50608900000001
[12795, 12895, 12831] - 51.84325799999996
[12795, 33449, 12831] - 33.65262400000001
[34893, 12795] - 30.28270000000001
[12795, 12723] - 30.480000000000004
[12795, 12895, 12875] - 26.830131000000005
[12795, 12695, 12679] - 26.770457999999994
[12703, 12795, 12695] - 37.63927699999999
[10295, 12795, 12695] - 32.16679099999999
[12487, 12795, 12695] - 24.276369000000003
[10307, 12795, 12695] - 30.371358999999995
[12795, 12895, 12695] - 33.85568099999999
[12795, 12695, 33449] - 28.45860700000001
[32213, 12795] - 26.431199999999997
[12703, 12795, 12679] - 26.112118000000006
[12795, 12895, 12679] - 31.862587
[12663, 12795] - 31.393800000000002
[12703, 10295, 12795] - 24.006730999999995
[12703, 12487, 12795] - 27.27894500000001
[12703, 12795, 12895] - 30.693886000000003
[12703, 12795, 33449] - 23.927174999999984
[10295, 12795, 10311] - 39.441902
[10315, 10295, 12795] - 35.52496300000001
[10295, 12795, 12895] - 35.624653999999985
[12483, 12487, 12795] - 32.44498899999999
[12483, 12795, 12895] - 24.286754999999992
[12795, 12487, 12895] - 23.865206
[10307, 12795, 10311] - 34.77151299999999
[10315, 12795, 10311] - 24.918766999999992
[10315, 10307, 12795] - 28.777264
[10307, 12795, 12895] - 34.28248799999999
[33469, 12795, 12895] - 24.403747000000003
[33469, 12795, 33449] - 36.236301999999995
[12795, 12895, 33449] - 29.908179
[34885, 12691, 12695] - 26.038097000000008
[34885, 12691, 12895] - 25.510745999999997
[34885, 12691, 33449] - 36.415774
[34885, 12827, 12895] - 31.001329999999992
[34885, 12827, 33449] - 25.804440999999986
[34885, 12831] - 43.59269999999999
[34885, 34893, 12875] - 24.663781999999994
[12703, 34885, 34893] - 30.907924999999995
[34885, 12483, 34893] - 24.212971000000003
[34885, 34893, 12487] - 27.61489600000001
[34885, 34893, 12895] - 24.576276999999997
[34885, 34893, 33449] - 30.800363000000004
[12703, 34885, 12695] - 25.117310999999994
[34885, 12695, 33449] - 36.029943999999986
[32213, 34885] - 38.36140000000001
[34885, 12895, 12679] - 26.100932000000007
[34885, 12679, 33449] - 24.397096
[34885, 12663] - 24.642199999999995
[34885, 12703, 12483] - 24.146085000000006
[34885, 12703, 12487] - 26.759965000000005
[34885, 12703, 33449] - 24.880249000000003
[34885, 10295, 33449] - 28.152164000000003
[34885, 12483, 12487] - 27.409940999999996
[34885, 12483, 33449] - 28.151973000000005
[34885, 12487, 33449] - 24.774540000000002
[34885, 10311] - 37.2719
[10307, 34885] - 45.34230000000001
[10315, 34885] - 49.19480000000001
[33469, 34885, 33449] - 39.87644599999999
[34885, 12895, 33449] - 38.975557
[12751, 12783] - 52.42519999999999
[12783, 12621] - 63.64900000000001
[12663, 12783] - 30.852900000000005
[12783, 10311] - 30.570100000000004
[10307, 12783] - 27.415099999999995
[12827, 12691, 12831] - 26.600466999999995
[12827, 12691, 12695] - 30.251201000000005
[12827, 12691, 12679] - 25.019821
[12703, 12827, 12691] - 30.476751999999998
[12827, 12691, 12895] - 35.72633300000001
[12827, 12691, 33449] - 27.969796000000013
[12691, 12355] - 24.56759999999999
[12819, 12691, 12695] - 25.641545999999998
[12819, 10295, 12691] - 30.36411
[12691, 10335] - 29.4957
[12691, 12695, 12831] - 39.15398500000002
[12691, 12679, 12831] - 24.006516
[12703, 12691, 12831] - 30.520486999999992
[12691, 12487, 12831] - 27.273505000000004
[12691, 12895, 12831] - 29.313162
[12691, 33449, 12831] - 28.109854999999992
[34893, 12691] - 36.3314
[12703, 12691, 12875] - 24.867387999999995
[12691, 12895, 12875] - 25.410636000000004
[12691, 12695, 12679] - 34.069599999999994
[10295, 12691, 12695] - 41.02081300000001
[12483, 12691, 12695] - 28.22572199999999
[12691, 12487, 12695] - 36.633811999999985
[12691, 12695, 10311] - 25.379073999999996
[10307, 12691, 12695] - 36.97847300000001
[10315, 12691, 12695] - 29.999009
[33469, 12691, 12695] - 35.430514
[12691, 12895, 12695] - 43.300286000000014
[12691, 12695, 33449] - 46.377898
[32213, 12691] - 35.081599999999995
[12703, 12691, 12679] - 34.08263100000001
[12691, 12895, 12679] - 27.803387
[12691, 12679, 33449] - 27.257011000000006
[12691, 12663] - 37.61820000000001
[12703, 10295, 12691] - 31.758266000000003
[12703, 12483, 12691] - 29.327422
[12703, 12691, 12487] - 39.32056200000002
[12703, 12691, 10311] - 32.339172
[10307, 12703, 12691] - 28.270891999999996
[10315, 12703, 12691] - 27.765107000000018
[12703, 12691, 12895] - 37.418482
[12703, 12691, 33449] - 34.173863000000004
[10295, 12691, 10311] - 28.618721999999998
[10307, 10295, 12691] - 44.5628
[10315, 10295, 12691] - 34.45465400000002
[10295, 12691, 12895] - 29.201431999999997
[10295, 12691, 33449] - 27.78961
[12483, 12691, 12487] - 30.410995999999994
[12691, 12487, 12895] - 29.641643999999992
[12691, 12487, 33449] - 24.667789999999993
[10307, 12691, 10311] - 25.406972999999997
[10315, 12691, 10311] - 29.242344000000006
[10315, 10307, 12691] - 27.325657999999986
[10307, 12691, 12895] - 24.535628999999993
[10307, 12691, 33449] - 24.381116000000006
[33469, 12691, 12895] - 26.191031
[33469, 12691, 33449] - 43.201524000000006
[12691, 12895, 33449] - 34.53586999999999
[33469, 12659] - 28.467100000000006
[12827, 12355] - 28.798999999999996
[12819, 12827, 12895] - 27.041228000000007
[12827, 10335] - 30.637700000000002
[12827, 12875, 12831] - 27.794106
[12827, 12695, 12831] - 29.105876
[12827, 12679, 12831] - 33.67506000000001
[12703, 12827, 12831] - 29.995642000000007
[10295, 12827, 12831] - 24.795645000000004
[12483, 12827, 12831] - 26.95498800000001
[12827, 12487, 12831] - 24.113511000000003
[10307, 12827, 12831] - 28.037829
[12827, 12895, 12831] - 50.853940000000016
[12827, 33449, 12831] - 29.233545999999997
[34893, 12827] - 42.35110000000002
[12715, 12827] - 27.448300000000003
[12827, 12723] - 27.3893
[12827, 12695, 12875] - 23.964238
[12827, 12679, 12875] - 24.732762000000005
[12703, 12827, 12875] - 30.420149999999992
[12483, 12827, 12875] - 32.322789000000014
[12827, 12487, 12875] - 34.87126299999999
[12827, 12895, 12875] - 49.25844400000001
[12827, 33449, 12875] - 24.996308000000006
[12827, 12695, 12679] - 31.799159
[12703, 12827, 12895, 12695] - 28.44319601999999
[10295, 12827, 12695] - 29.82446700000001
[12483, 12827, 12695] - 25.584026000000005
[12827, 12487, 12695] - 30.032903000000008
[12827, 12695, 10311] - 25.081543
[10307, 12827, 12695] - 26.320783000000002
[12827, 12695, 33449] - 32.841231
[12827, 12621] - 28.702999999999996
[32213, 12827] - 41.9929
[12703, 12827, 12895, 12679] - 25.192238350000004
[10295, 12827, 12679] - 25.323293000000003
[12483, 12827, 12679] - 26.998915999999994
[12827, 12487, 12679] - 25.328354999999995
[10307, 12827, 12679] - 29.456813000000004
[12827, 12679, 33449] - 28.50682899999999
[12827, 12663, 12895] - 33.786239
[12703, 10295, 12827] - 28.738816000000007
[12703, 12483, 12827] - 28.459274
[12703, 12827, 12487] - 34.289866999999994
[12703, 12827, 10311] - 31.408877000000004
[10307, 12703, 12827] - 27.594606999999996
[12703, 12827, 33449] - 33.22585300000001
[12827, 10295, 12487] - 24.329751000000005
[10307, 12827, 10295, 10311] - 28.106959269999997
[12827, 10295, 12895, 10311] - 29.451390740000008
[10307, 12827, 10295, 12895] - 37.594638530000026
[10315, 12827, 10295, 12895] - 24.495550470000005
[12827, 10295, 33449] - 26.26803900000001
[12483, 12827, 12487] - 41.51810599999999
[12483, 12827, 10311] - 25.372085999999992
[10315, 12483, 12827] - 25.553487000000004
[12483, 12827, 12895] - 41.520060999999984
[12483, 12827, 33449] - 27.711449
[12827, 12487, 10311] - 28.344151999999994
[10307, 12827, 12487] - 24.085924000000006
[12827, 12487, 12895] - 46.44718999999999
[12827, 12487, 33449] - 25.52142600000001
[10307, 12827, 12895, 10311] - 27.76869503
[10315, 12827, 10311] - 39.221504999999986
[10315, 10307, 12827] - 36.370519
[10307, 12827, 33449] - 24.994707000000002
[33469, 12827, 12895, 33449] - 27.045460079999994
[12715, 12751] - 25.5505
[12751, 12723] - 30.737099999999998
[12751, 12621] - 55.41259999999998
[10295, 12751] - 26.896599999999996
[10307, 12751] - 25.8213
[10315, 12751] - 27.727899999999995
[12559, 12355] - 41.2629
[12355, 12831] - 27.433400000000002
[12355, 12431] - 70.16329999999999
[12355, 12875] - 30.658599999999993
[10877, 12355] - 69.18050000000002
[12355, 12695] - 26.529500000000002
[12355, 12679] - 29.7031
[12703, 12355] - 27.205499999999997
[12483, 12355] - 32.374199999999995
[12487, 12355] - 32.363099999999996
[12355, 33449] - 28.7815
[12559, 12431] - 27.973899999999997
[10877, 12559] - 50.19809999999999
[12559, 12621] - 25.432399999999998
[12559, 12895] - 31.04169999999999
[12819, 10335] - 28.690700000000014
[12819, 12695, 12831] - 24.54316800000001
[12819, 10295, 12831] - 37.40507199999999
[12819, 10311, 12831] - 24.849367000000004
[10307, 12819, 12831] - 32.96438
[10315, 12819, 12831] - 27.402435
[12819, 12895, 12831] - 28.030644000000006
[12819, 12723] - 26.2151
[12819, 12875] - 36.7427
[12703, 12819, 12695] - 25.885287
[12819, 10295, 12695] - 31.35246799999999
[10307, 12819, 12695] - 26.096579000000002
[12819, 12621] - 29.442000000000014
[32213, 12819] - 32.24579999999999
[12819, 12679] - 36.39079999999999
[12819, 12663] - 27.3571
[12703, 12819, 10295] - 24.481692999999986
[12819, 10295, 10311] - 36.82585700000001
[10307, 12819, 10295] - 52.417922000000004
[10315, 12819, 10295] - 35.36388399999999
[12819, 10295, 12895] - 35.047596
[12483, 12819] - 45.5529
[12819, 12487] - 53.635900000000014
[10307, 12819, 10311] - 32.53645099999999
[10315, 12819, 10311] - 25.895338000000002
[10315, 10307, 12819] - 27.79079700000001
[10307, 12819, 12895] - 31.262399
[33469, 12819, 33449] - 29.220941999999994
[12831, 10335] - 39.7271
[12715, 10335] - 27.76350000000001
[12723, 10335] - 24.6488
[12875, 10335] - 46.46059999999997
[12695, 10335] - 33.389599999999994
[32213, 10335] - 46.296800000000005
[12679, 10335] - 34.4499
[10315, 12703, 10335] - 24.294508000000004
[10315, 10295, 10311, 10335] - 28.026154749999993
[10315, 10307, 10295, 10335] - 27.063079820000006
[10315, 12483, 10335] - 31.436964
[10315, 12487, 10335] - 26.41552700000001
[10307, 10311, 10335] - 34.60128699999999
[10315, 12895, 10335] - 26.320369999999997
[33469, 10335] - 30.515600000000003
[33449, 10335] - 38.29550000000001
[34893, 12831] - 34.75000000000001
[12715, 12831] - 28.236399999999996
[12723, 12831] - 31.221300000000003
[12695, 12831, 12875] - 24.659957000000002
[12703, 12831, 12875] - 25.804807999999987
[12483, 12831, 12875] - 28.223369
[12487, 12831, 12875] - 29.192842999999996
[12895, 12831, 12875] - 31.927847999999994
[12695, 12679, 12831] - 32.57110600000001
[12703, 12695, 12831] - 44.804051000000015
[10295, 12695, 12831] - 34.981738
[12483, 12695, 12831] - 25.866653000000003
[12487, 12695, 12831] - 31.609409000000007
[10307, 12695, 12831] - 32.053616999999996
[10315, 12695, 12831] - 25.381162000000003
[12895, 12695, 12831] - 38.24895399999999
[12695, 33449, 12831] - 35.49655500000001
[12621, 12831] - 32.031499999999994
[32213, 12831] - 41.1291
[12703, 12679, 12831] - 34.960535
[10295, 12679, 12831] - 25.067708000000003
[12895, 12679, 12831] - 38.276928000000005
[12679, 33449, 12831] - 25.342914000000004
[12663, 12831] - 44.7558
[12703, 10295, 12831] - 26.094652999999987
[12703, 12483, 12831] - 26.772503
[12703, 12487, 12831] - 34.55669399999999
[12703, 10311, 12831] - 24.42867499999999
[10307, 12703, 12831] - 25.410121999999994
[12703, 12895, 12831] - 33.174989
[12703, 33449, 12831] - 25.877852999999995
[10295, 12487, 12831] - 25.03305299999999
[10307, 10295, 10311, 12831] - 25.876798440000023
[10315, 10295, 12831] - 45.007415
[33469, 10295, 12831] - 23.850662999999997
[10295, 12895, 12831] - 37.00452799999999
[10295, 33449, 12831] - 27.307253000000003
[12483, 12487, 12831] - 44.42507099999999
[12483, 10311, 12831] - 27.867464000000012
[10307, 12483, 12831] - 24.636025999999994
[10315, 12483, 12831] - 29.290344000000005
[12483, 12895, 12831] - 27.067581
[12487, 10311, 12831] - 30.917577999999995
[10307, 12487, 12831] - 27.994322
[10315, 12487, 12831] - 29.808949999999996
[12487, 12895, 12831] - 28.393431999999994
[10315, 10311, 12831] - 39.257667000000005
[12895, 10311, 12831] - 25.792971999999995
[10315, 10307, 12831] - 40.46524900000001
[10307, 12895, 12831] - 37.31792000000001
[10315, 12895, 12831] - 26.673402
[33469, 12895, 12831] - 27.796528000000006
[33469, 33449, 12831] - 45.51756599999998
[12895, 33449, 12831] - 35.57805
[10877, 12431] - 52.57409999999998
[10315, 12431, 12621] - 30.610714999999995
[12483, 12431] - 28.9753
[12703, 32213, 34893, 12875] - 33.07386030999999
[32213, 34893, 12487, 12875] - 35.63476019000001
[32213, 34893, 10311, 12875] - 28.309052380000004
[12703, 34893, 12487, 12875] - 41.82112643999999
[12703, 34893, 10311, 12875] - 27.89654038
[12483, 34893, 12487, 12875] - 31.145745440000006
[34893, 12487, 10311, 12875] - 31.225136509999995
[12703, 34893, 12695] - 36.95837299999997
[12483, 34893, 12695] - 24.117848000000006
[34893, 12487, 12695] - 30.931683000000003
[32213, 12703, 12483, 34893] - 24.303429460000004
[32213, 12703, 34893, 12487, 10311] - 23.897513750399998
[32213, 12483, 34893, 12487] - 27.298475409999998
[10315, 32213, 34893] - 25.911312000000017
[12703, 34893, 12679] - 26.211657000000002
[34893, 12663] - 25.766899999999996
[12703, 12483, 34893, 12487] - 36.37776539999999
[12703, 34893, 33449] - 27.500958000000004
[34893, 10295, 10311] - 26.889617999999995
[12483, 34893, 12487, 10311] - 27.72467538000001
[10315, 34893, 12487] - 28.836446000000002
[34893, 12487, 33449] - 26.873539
[10307, 34893, 10311] - 24.395310999999996
[10315, 34893, 10311] - 28.69805400000001
[33469, 34893, 33449] - 28.456527
[12715, 12695] - 28.042000000000005
[12715, 12621] - 33.956100000000006
[12715, 12679] - 25.879900000000003
[12715, 12703] - 30.424799999999998
[12715, 10295] - 51.12190000000001
[12715, 12483] - 30.4509
[12715, 12487] - 31.03429999999999
[12715, 10311] - 48.396600000000014
[12715, 10307] - 53.52990000000001
[12715, 10315] - 61.89280000000002
[12715, 33469] - 36.0145
[12715, 12895] - 49.09810000000001
[12715, 33449] - 38.8717
[12695, 12723] - 28.234500000000008
[12723, 12621] - 41.2527
[12703, 12723] - 25.781699999999994
[10315, 10295, 12723] - 27.03292300000001
[12483, 12723] - 26.8392
[12487, 12723] - 34.2314
[10311, 12723] - 42.9835
[10307, 12723] - 47.96490000000001
[33469, 12723] - 45.77709999999998
[12895, 12723] - 60.48529999999998
[12723, 33449] - 40.25900000000001
[12695, 12679, 12875] - 25.571858
[12703, 12487, 12695, 12875] - 24.417760380000004
[12483, 12695, 12875] - 27.149250999999996
[12895, 12695, 12875] - 29.613807999999985
[12695, 33449, 12875] - 25.407756999999997
[32213, 12703, 12487, 12875] - 40.44823637
[32213, 12703, 10311, 12875] - 34.07907808
[32213, 12483, 12487, 12875] - 24.50783029000001
[32213, 12487, 10311, 12875] - 35.78509951
[10315, 32213, 12875] - 25.854694999999996
[12703, 12679, 12875] - 31.975851999999996
[12483, 12679, 12875] - 24.68601499999999
[12487, 12679, 12875] - 26.834300000000006
[12895, 12679, 12875] - 28.625023
[12663, 12875] - 31.057699999999997
[12703, 12483, 12487, 12875] - 34.439716120000014
[12703, 12487, 10311, 12875] - 44.07381969999998
[10315, 12703, 12875] - 32.623806
[12703, 12895, 12875] - 32.734073
[12703, 33449, 12875] - 25.013024999999995
[10295, 12487, 12875] - 27.81848700000001
[10295, 10311, 12875] - 41.079039999999985
[10307, 10295, 12875] - 31.601945000000008
[10315, 10295, 12875] - 30.236660000000008
[10295, 12895, 12875] - 31.151854
[12483, 12487, 10311, 12875] - 40.71355441000001
[10315, 12483, 12875] - 37.007306
[12483, 12895, 12875] - 35.17357199999999
[12483, 33449, 12875] - 23.856691999999995
[10315, 12487, 10311, 12875] - 24.485384020000005
[12487, 12895, 12875] - 40.198326
[12487, 33449, 12875] - 26.436711999999993
[10307, 10311, 12875] - 34.820527000000006
[12895, 10311, 12875] - 32.459300999999996
[10315, 10307, 12875] - 25.517232000000003
[10307, 12895, 12875] - 27.21140700000002
[10315, 12895, 12875] - 28.43025000000001
[33469, 33449, 12875] - 24.950878999999997
[12895, 33449, 12875] - 29.674311999999997
[10877, 12663] - 28.546499999999998
[12695, 12621] - 29.9812
[32213, 12703, 12487, 12695] - 27.283263980000008
[32213, 12703, 12695, 10311] - 24.858240239999997
[32213, 10295, 12695] - 25.582819000000004
[10315, 32213, 12695] - 27.112588000000006
[12703, 12895, 12695, 12679] - 28.968544539999996
[10295, 12695, 12679] - 38.20004000000001
[12483, 12695, 12679] - 25.825236000000015
[12487, 12695, 12679] - 31.53678899999999
[12695, 10311, 12679] - 32.333129
[10307, 12695, 12679] - 35.773076
[10315, 12695, 12679] - 25.41906300000001
[12695, 12679, 33449] - 37.27782500000001
[12663, 12695] - 41.73520000000003
[12703, 10295, 12695, 10311] - 36.35678848000001
[10307, 12703, 10295, 12695] - 33.34166277000001
[10315, 12703, 10295, 12695] - 25.970001390000007
[12703, 12483, 12487, 12695] - 36.216441960000004
[12703, 12487, 12695, 10311] - 29.270467270000008
[10315, 12703, 12487, 12695] - 25.52367839
[12703, 12487, 12895, 12695] - 25.622505250000003
[10307, 12703, 12695, 10311] - 30.14702227
[10315, 12703, 12695, 10311] - 29.801904409999985
[12703, 12895, 12695, 10311] - 25.942615970000002
[33469, 12703, 12695] - 37.58271499999999
[12703, 12895, 12695, 33449] - 24.494444079999997
[12483, 10295, 12695] - 30.225981
[10295, 12487, 12695] - 35.974133
[10307, 10295, 12695, 10311] - 33.02375610000001
[10315, 10295, 12695, 10311] - 27.330791520000005
[10315, 10307, 10295, 12695] - 27.059694810000007
[10307, 10295, 12895, 12695] - 29.468017879999998
[33469, 10295, 12695] - 36.01424000000001
[10295, 12695, 33449] - 50.099555
[12483, 12695, 10311] - 34.23373400000002
[10307, 12483, 12695] - 24.341289
[10315, 12483, 12695] - 28.948919000000007
[12483, 12895, 12695] - 29.234028999999996
[12483, 12695, 33449] - 31.164373000000012
[10307, 12487, 12695] - 31.73868900000001
[12487, 12695, 33449] - 33.623332000000005
[12695, 10311, 33449] - 27.941762000000008
[33469, 10307, 12695] - 33.25419600000001
[10307, 12695, 33449] - 37.877513
[10315, 12895, 12695] - 32.76656400000001
[10315, 12695, 33449] - 33.226759
[33469, 12895, 12695] - 33.736189
[33469, 12695, 33449] - 59.112529999999985
[32213, 12621] - 31.523699999999995
[12679, 12621] - 38.4266
[12663, 12621] - 32.687599999999996
[12703, 12621] - 36.0908
[10307, 10295, 12621] - 25.570720000000005
[12483, 12621] - 53.07460000000002
[12487, 12621] - 44.378400000000006
[10311, 12621] - 62.624100000000006
[33469, 12621] - 30.961599999999994
[12895, 12621] - 76.89750000000002
[12621, 33449] - 31.962500000000006
[12703, 32213, 12679] - 25.565319999999996
[32213, 12663] - 28.601400000000005
[32213, 12703, 10295] - 40.033574999999985
[32213, 12703, 12483, 12487] - 41.733917229999975
[32213, 12703, 12483, 10311] - 34.3885164
[10315, 32213, 12703, 12487] - 35.80813377000002
[10315, 32213, 12703, 10311] - 32.52082547000001
[10307, 32213, 12703] - 39.271111999999995
[32213, 12703, 12895] - 26.117802999999988
[32213, 12703, 33449] - 26.562347999999993
[32213, 12483, 10295] - 27.267715999999993
[32213, 10295, 12487] - 38.14828899999999
[32213, 10295, 10311] - 47.364614
[10307, 32213, 10295] - 40.611532000000004
[10315, 32213, 10295] - 40.320097000000004
[32213, 10295, 33449] - 24.776099
[32213, 12483, 12487, 10311] - 39.39281802000002
[10315, 32213, 12483, 12487] - 24.090268639999994
[10307, 32213, 12483] - 26.1082
[10315, 32213, 12487, 10311] - 34.60151673999999
[10307, 32213, 12487] - 39.343047000000006
[32213, 12487, 12895] - 25.060709
[32213, 12487, 33449] - 26.412318999999993
[10307, 32213, 10311] - 51.354853
[33469, 32213, 10311] - 26.819834
[32213, 10311, 33449] - 25.460592
[10315, 10307, 32213] - 37.38812300000001
[33469, 10307, 32213] - 25.770166000000003
[33469, 10315, 32213] - 24.961122
[33469, 32213, 33449] - 26.72168299999999
[12703, 12663, 12679] - 27.273149999999994
[10295, 12663, 12679] - 28.480909000000008
[10307, 12663, 12679] - 35.93890499999999
[12663, 12895, 12679] - 56.11055299999999
[12703, 10295, 12679] - 38.63816800000001
[12703, 12483, 12679] - 34.165275
[12703, 12487, 12679] - 46.58670799999999
[12703, 10311, 12679] - 47.988727999999995
[10307, 12703, 12679] - 41.63560299999999
[10315, 12703, 12679] - 38.055485
[33469, 12703, 12679] - 24.367347000000002
[12703, 12679, 33449] - 37.58542800000001
[10295, 10311, 12679] - 44.22827100000002
[10307, 10295, 12895, 12679] - 26.79682105000001
[10315, 10295, 12679] - 33.863291999999994
[12483, 12487, 12679] - 35.135043
[12483, 10311, 12679] - 25.141183999999992
[12483, 12895, 12679] - 32.21583499999999
[12483, 12679, 33449] - 24.679419999999993
[12487, 10311, 12679] - 31.139263000000014
[10315, 12487, 12679] - 24.727738999999996
[12487, 12895, 12679] - 31.656026999999998
[10307, 12679, 10311] - 38.91444499999998
[10315, 12679, 10311] - 37.832248
[12895, 12679, 10311] - 35.55660300000001
[10315, 10307, 12679] - 27.917207
[10315, 12895, 12679] - 34.64876399999999
[33469, 12679, 33449] - 35.13922800000001
[12895, 12679, 33449] - 37.405132000000016
[10295, 12663, 10311] - 29.011836999999996
[10307, 10295, 12663] - 36.43532099999999
[10295, 12663, 12895] - 29.607000999999997
[12483, 12663] - 49.53090000000002
[12487, 12663] - 53.51550000000001
[10307, 12663, 10311] - 25.295121999999996
[12663, 12895, 10311] - 24.882933999999988
[10307, 12663, 12895] - 40.673030999999995
[10315, 12663, 12895] - 26.178241000000007
[33469, 12663] - 37.06959999999999
[12663, 33449] - 48.071000000000005
[12703, 12483, 10295] - 33.481555000000014
[12703, 10295, 12487, 10311] - 27.471445429999992
[10307, 12703, 10295, 10311] - 36.74737458999999
[10315, 12703, 10295, 10311] - 30.30017954
[10315, 10307, 12703, 10295] - 24.523305220000008
[33469, 12703, 10295] - 24.40508199999999
[12703, 10295, 12895] - 40.181124
[12703, 10295, 33449] - 31.95839599999999
[12703, 12483, 12487, 10311] - 49.74564106000001
[10315, 12703, 12483, 12487] - 28.980753019999995
[10315, 12703, 12483, 10311] - 25.652510109999994
[10307, 12703, 12483] - 31.85537499999999
[12703, 12483, 12895] - 31.775157999999998
[12703, 12483, 33449] - 31.637218000000008
[10307, 12703, 12487, 10311] - 26.676201090000003
[10315, 12703, 12487, 10311] - 40.891194569999996
[33469, 12703, 12487] - 31.713179
[12703, 12487, 33449] - 40.87666200000001
[10315, 10307, 12703, 10311] - 26.785339400000005
[33469, 12703, 10311] - 29.941989000000003
[12703, 10311, 33449] - 32.31314100000001
[33469, 10307, 12703] - 30.372470999999997
[10307, 12703, 12895] - 38.510897
[33469, 10315, 12703] - 25.432689000000003
[10315, 12703, 12895] - 31.221416000000012
[10315, 12703, 33449] - 27.840985000000007
[33469, 12703, 12895] - 27.094078000000007
[33469, 12703, 33449] - 40.921172
[12483, 10295, 12487, 10311] - 32.97984976999999
[10307, 12483, 10295, 12487] - 24.338786840000004
[10315, 12483, 10295, 12487] - 25.74404804000001
[10307, 12483, 10295, 10311] - 27.174825289999976
[10315, 12483, 10295, 10311] - 25.060034890000004
[12483, 10295, 12895] - 27.305364000000008
[12483, 10295, 33449] - 26.064170999999998
[10307, 10295, 12487, 10311] - 33.60110111
[10315, 10295, 12487, 10311] - 33.38827941999999
[10315, 10307, 10295, 12487] - 27.91381991
[10295, 12487, 12895] - 37.44730300000001
[10315, 10307, 10295, 10311] - 64.46578323000003
[10307, 10295, 12895, 10311] - 42.180184440000005
[10315, 10295, 12895, 10311] - 30.762444080000005
[33469, 10295, 10311] - 37.51732199999998
[10295, 10311, 33449] - 45.437744
[10315, 10307, 10295, 12895] - 30.05297331000001
[33469, 10307, 10295, 33449] - 32.67489411
[33469, 10315, 10295] - 39.75876499999999
[10315, 10295, 33449] - 49.513629
[33469, 10295, 12895] - 36.320599
[10295, 12895, 33449] - 43.674601
[10307, 12483, 12487, 10311] - 29.98002308999999
[10315, 12483, 12487, 10311] - 40.75870966999999
[33469, 12483, 12487] - 28.05842600000001
[12483, 12487, 12895] - 46.751349
[12483, 12487, 33449] - 35.649356999999995
[12483, 12895, 10311] - 30.13176
[10315, 10307, 12483] - 45.357528
[10307, 12483, 12895] - 27.775237999999987
[10315, 12483, 12895] - 29.800877
[33469, 12483, 33449] - 31.088884000000004
[12483, 12895, 33449] - 30.780522999999995
[10315, 10307, 12487, 10311] - 31.426745020000013
[33469, 12487, 10311] - 29.117461
[12487, 12895, 10311] - 38.87892600000001
[12487, 10311, 33449] - 28.832206000000003
[33469, 10307, 12487] - 25.06941699999999
[10307, 12487, 12895] - 34.27833
[33469, 10315, 12487] - 25.579761999999995
[10315, 12487, 12895] - 34.54877399999999
[10315, 12487, 33449] - 26.102878000000004
[33469, 12487, 33449] - 36.29201599999999
[12487, 12895, 33449] - 32.011610000000005
[10315, 10307, 12895, 10311] - 24.313250599999996
[33469, 10307, 10311] - 43.77050899999999
[10307, 10311, 33449] - 31.785711000000006
[33469, 10315, 10311] - 33.839040000000004
[10315, 10311, 33449] - 34.214786
[33469, 10311, 33449] - 36.98410400000001
[12895, 10311, 33449] - 27.902390000000004
[33469, 10315, 10307] - 35.70621099999998
[10315, 10307, 33449] - 33.080783000000004
[33469, 10307, 12895] - 34.15636799999999
[10307, 12895, 33449] - 37.02272099999999
[10315, 33469, 12895] - 24.890121999999995
[10315, 33469, 33449] - 47.94379499999999
[10315, 12895, 33449] - 33.027701000000015
