Total itemsets found: 4897
Elapsed time: 5682ms
[64] - 514.22
[68] - 555.2199999999993
[47] - 561.5899999999999
[46] - 593.21
[7] - 625.9999999999998
[123] - 639.7499999999997
[88, 21] - 584.0994000000001
[79, 21] - 591.3639000000004
[94, 21] - 588.1841999999995
[36, 21] - 591.8744999999994
[90, 21] - 599.8233999999993
[55, 22] - 572.2591000000001
[22, 41] - 566.5232999999995
[22, 38] - 576.5353999999999
[22, 97] - 596.7493999999998
[22, 94] - 599.3989999999992
[22, 36] - 604.7612999999997
[22, 90] - 604.4610000000006
[44, 1] - 564.6075999999995
[44, 71] - 517.9348
[44, 67] - 555.5119000000002
[44, 41] - 534.1138999999995
[44, 97] - 622.6347999999987
[44, 94] - 594.5397999999996
[44, 36] - 588.9077
[44, 90] - 624.8185999999995
[2, 125] - 566.2590999999993
[24, 125] - 563.4760999999999
[125, 38] - 638.5596000000014
[125, 97] - 620.8170999999991
[125, 94] - 640.4320999999999
[36, 125] - 648.0973999999998
[125, 90] - 645.1415000000006
[23, 53] - 550.7477000000002
[104, 53] - 551.2951
[1, 53] - 552.5098000000002
[71, 53] - 534.4706000000004
[67, 53] - 578.7213999999998
[41, 53] - 567.4458999999995
[38, 53] - 580.6131000000005
[97, 53] - 531.5153000000004
[36, 94, 53] - 516.1698160000003
[90, 94, 53] - 518.1508260000003
[36, 90, 53] - 523.699183
[110, 102, 29] - 542.3283719999997
[110, 102, 70] - 544.4870340000008
[66, 110, 102] - 546.0667459999997
[55, 110, 102] - 543.042977
[110, 57, 102] - 543.8389430000002
[110, 2, 102] - 547.5846629999999
[110, 24, 102] - 541.4102319999995
[110, 102, 41] - 540.1313390000005
[110, 102, 38] - 544.3782599999998
[110, 102, 97] - 542.827128
[110, 102, 94] - 546.4785050000005
[110, 36, 102] - 543.1928869999995
[110, 102, 90] - 541.110618
[102, 29, 70] - 546.2225210000003
[66, 102, 29] - 547.6688670000004
[55, 102, 29] - 541.7675339999993
[57, 102, 29] - 545.4497960000001
[2, 102, 29] - 547.8306629999995
[24, 102, 29] - 542.0729960000003
[102, 29, 41] - 541.3127209999999
[102, 38, 29] - 545.3552259999997
[102, 29, 97] - 542.6776850000011
[102, 29, 94] - 547.7382539999996
[36, 102, 29] - 543.692385
[102, 90, 29] - 544.480029
[66, 102, 70] - 548.8092969999996
[55, 102, 70] - 545.7290390000002
[57, 102, 70] - 546.8539610000009
[2, 102, 70] - 549.5767220000006
[24, 102, 70] - 545.0483010000005
[102, 70, 41] - 543.7368890000008
[102, 38, 70] - 547.2720189999997
[102, 70, 97] - 544.991619000001
[102, 70, 94] - 550.8859939999992
[36, 102, 70] - 545.2116370000001
[102, 90, 70] - 544.1919089999996
[55, 66, 102] - 547.0959270000006
[66, 57, 102] - 549.7032939999995
[66, 2, 102] - 550.9016310000001
[66, 24, 102] - 547.7693280000001
[66, 102, 41] - 545.1477400000003
[66, 102, 38] - 550.2591239999999
[66, 102, 97] - 546.7694110000003
[66, 102, 94] - 551.5011639999991
[66, 36, 102] - 546.6019560000007
[66, 102, 90] - 547.3200380000011
[55, 57, 102] - 544.3756309999995
[55, 2, 102] - 546.1680420000009
[55, 24, 102] - 540.7609739999996
[55, 102, 41] - 540.0855870000003
[55, 102, 38] - 543.9834839999994
[55, 102, 97] - 542.4052300000003
[55, 102, 94] - 546.055228999999
[55, 36, 102] - 542.755962000001
[55, 102, 90] - 541.817464
[2, 57, 102] - 548.3733639999995
[24, 57, 102] - 545.0094019999999
[57, 102, 41] - 543.7409859999999
[57, 102, 38] - 547.3656709999995
[57, 102, 97] - 544.8356470000007
[57, 102, 94] - 548.6358169999999
[57, 36, 102] - 544.5009839999998
[57, 102, 90] - 545.1395569999991
[24, 2, 102] - 547.3658099999993
[2, 102, 41] - 545.2657209999995
[2, 102, 38] - 550.4065559999993
[2, 102, 97] - 547.2761500000004
[2, 102, 94] - 552.4860240000006
[2, 36, 102] - 547.2699449999998
[2, 102, 90] - 546.1984880000008
[24, 102, 41] - 540.8350399999995
[24, 102, 38] - 544.9876139999994
[24, 102, 97] - 542.5396230000003
[24, 102, 94] - 547.1216319999999
[24, 36, 102] - 542.4906350000007
[24, 102, 90] - 542.1795410000013
[102, 38, 41] - 543.2151120000009
[102, 41, 97] - 539.665024
[102, 94, 41] - 544.8657990000002
[36, 102, 41] - 539.649938
[102, 90, 41] - 540.4319319999995
[102, 38, 97] - 543.9856750000002
[102, 38, 94] - 549.8850520000001
[36, 102, 38] - 544.3336270000004
[102, 38, 90] - 543.2995440000007
[102, 94, 97] - 547.9831010000003
[36, 102, 97] - 542.1454690000006
[102, 90, 97] - 541.6981180000004
[36, 102, 94] - 547.4061969999996
[102, 90, 94] - 546.1892580000009
[102, 36, 90] - 542.317406
[39, 60] - 574.212999999999
[122, 60] - 638.6886000000004
[100, 60] - 577.3995999999999
[60, 31] - 630.1689999999995
[1, 60] - 627.3239999999998
[88, 79, 60] - 579.6975290000005
[88, 60, 97] - 578.616721999999
[88, 60, 94] - 576.3859159999997
[88, 36, 60] - 577.4807140000007
[88, 90, 60] - 575.7074839999995
[79, 60, 97] - 576.1326989999991
[79, 60, 94] - 576.1740610000005
[79, 36, 60] - 576.3751429999998
[79, 90, 60] - 572.8053509999996
[56, 60] - 571.5675999999996
[24, 60] - 634.516
[60, 41] - 571.010699999999
[60, 94, 97] - 574.4740979999997
[36, 60, 97] - 575.577454000001
[90, 60, 97] - 572.9966729999996
[36, 60, 94] - 573.4417029999989
[90, 60, 94] - 570.4361849999998
[36, 90, 60] - 570.6889709999996
[122, 119] - 539.0060000000002
[1, 119] - 573.3129999999998
[88, 79, 119] - 580.2342150000003
[88, 119, 97] - 513.3114790000001
[88, 119, 94] - 577.9281970000002
[88, 36, 119] - 580.9182850000002
[88, 90, 119] - 580.520326000001
[79, 119, 97] - 515.2228580000003
[79, 119, 94] - 582.7251250000003
[79, 36, 119] - 584.2574059999992
[79, 90, 119] - 584.3727620000004
[67, 119] - 549.1163999999995
[119, 41] - 639.5104000000003
[119, 94, 97] - 514.3484669999996
[36, 119, 97] - 516.2606459999994
[90, 119, 97] - 516.9903110000004
[36, 119, 94] - 581.2733320000004
[90, 119, 94] - 582.094186
[36, 90, 119] - 584.3419090000014
[114, 20] - 522.7057000000001
[63, 20] - 515.9167000000001
[20, 120] - 640.0920000000002
[56, 38, 20] - 592.4784790000002
[56, 97, 20] - 601.7435819999992
[56, 94, 20] - 601.0091929999999
[56, 36, 20] - 603.6767510000011
[56, 90, 20] - 606.9141499999997
[71, 20] - 597.9605999999998
[67, 20] - 594.0703999999997
[38, 97, 20] - 594.3923840000003
[38, 94, 20] - 616.5916940000008
[36, 38, 20] - 618.3044160000001
[38, 90, 20] - 624.8308439999998
[94, 20, 97] - 604.233311
[36, 20, 97] - 605.7763639999995
[90, 20, 97] - 610.7062689999993
[36, 94, 20] - 626.7183479999994
[90, 94, 20] - 633.9358320000003
[36, 90, 20] - 635.4191219999997
[57, 50] - 588.6751999999999
[1, 50] - 514.8799999999999
[50, 41, 97] - 540.6469360000003
[94, 50, 41] - 577.131272
[36, 50, 41] - 583.4259069999996
[90, 50, 41] - 579.6034410000003
[38, 50] - 645.5954999999998
[94, 50, 97] - 617.1848959999993
[36, 50, 97] - 622.5229559999998
[90, 50, 97] - 620.0705939999997
[36, 50, 94] - 660.7036690000001
[90, 50, 94] - 659.0293800000004
[36, 90, 50] - 665.0630269999997
[122, 39, 31] - 554.5113389999998
[1, 122, 39] - 551.1106099999994
[88, 122, 39] - 553.9156329999998
[122, 79, 39] - 551.555238
[122, 24, 39] - 556.9149030000005
[122, 39, 41] - 544.9493140000003
[122, 39, 94] - 549.8340700000006
[122, 36, 39] - 546.2246720000002
[122, 39, 90] - 547.5853199999999
[100, 39] - 621.6902000000009
[1, 39, 31] - 591.4819750000005
[88, 39, 31] - 566.2884559999993
[79, 39, 31] - 593.8058060000003
[24, 39, 31] - 600.0878880000012
[39, 41, 31] - 555.2497139999998
[39, 94, 31] - 593.823425999999
[36, 39, 31] - 593.4013249999996
[39, 90, 31] - 592.6048120000008
[88, 1, 39] - 600.7672480000004
[1, 79, 39] - 627.7157540000009
[1, 24, 39] - 593.3888880000019
[1, 39, 41] - 552.027958
[1, 39, 97] - 504.965128
[1, 39, 94] - 628.1814559999999
[1, 36, 39] - 624.443315999999
[1, 39, 90] - 624.1035520000006
[88, 79, 39] - 643.9303209999994
[88, 24, 39] - 605.2780999999998
[88, 39, 41] - 555.2119319999995
[88, 39, 97] - 521.821279000001
[88, 39, 94] - 641.5512040000004
[88, 36, 39] - 637.4520490000004
[88, 39, 90] - 641.0115369999999
[24, 79, 39] - 634.2140980000001
[79, 39, 41] - 552.6666070000003
[79, 39, 97] - 547.1521169999993
[79, 39, 94] - 671.9055020000002
[79, 36, 39] - 665.7525990000005
[79, 39, 90] - 667.8250819999996
[56, 39] - 626.2274999999998
[24, 39, 41] - 557.9276880000004
[24, 39, 97] - 515.0338680000009
[24, 39, 94] - 632.4491879999994
[24, 36, 39] - 631.5796220000003
[24, 39, 90] - 633.2530610000009
[39, 94, 41] - 551.2650659999998
[36, 39, 41] - 547.6726319999998
[39, 90, 41] - 548.813584000001
[39, 94, 97] - 550.2002300000004
[36, 39, 97] - 547.8997140000001
[39, 90, 97] - 547.3546090000011
[36, 39, 94] - 664.0195269999981
[39, 90, 94] - 666.7097410000011
[36, 39, 90] - 665.3612840000008
[110, 29, 70] - 544.1772939999996
[66, 110, 29] - 545.3699190000001
[55, 110, 29] - 542.1377800000007
[110, 57, 29] - 663.7501069999997
[110, 2, 29] - 670.0617780000014
[110, 24, 29] - 540.4688650000005
[110, 29, 41] - 658.9387020000005
[110, 38, 29] - 666.3924309999992
[110, 29, 97] - 661.9321660000005
[110, 29, 94] - 667.5495419999997
[110, 36, 29] - 664.8258569999991
[110, 90, 29] - 667.3239089999993
[66, 110, 70] - 545.4199940000001
[55, 110, 70] - 544.819773000001
[110, 57, 70] - 543.5948490000003
[110, 2, 70] - 548.1080849999996
[110, 24, 70] - 542.381158
[110, 70, 41] - 540.6514489999998
[110, 38, 70] - 544.5493070000003
[110, 70, 97] - 542.7610629999995
[110, 70, 94] - 546.764689
[110, 36, 70] - 544.0913860000003
[110, 90, 70] - 542.9372459999998
[55, 110, 66] - 546.2331000000003
[110, 66, 57] - 546.1899740000007
[110, 66, 2] - 549.2087699999995
[110, 66, 24] - 544.936813999999
[110, 66, 41] - 541.953006000001
[110, 66, 38] - 547.4325899999994
[110, 66, 97] - 544.4335360000001
[110, 66, 94] - 546.8521219999999
[110, 66, 36] - 545.525717
[110, 66, 90] - 545.6252309999998
[110, 55, 57] - 543.3876740000002
[110, 55, 2] - 546.6752089999997
[110, 55, 24] - 561.6560930000005
[110, 55, 41] - 539.3080490000001
[110, 55, 38] - 564.0301750000012
[110, 55, 97] - 562.8603990000004
[110, 55, 94] - 564.2391359999998
[110, 55, 36] - 564.9539289999998
[110, 55, 90] - 564.2027459999996
[110, 2, 57] - 666.9924340000006
[110, 24, 57] - 541.992320999999
[110, 57, 41] - 658.4246960000003
[110, 57, 38] - 665.2739209999993
[110, 57, 97] - 660.7760339999999
[110, 57, 94] - 665.3788609999999
[110, 57, 36] - 661.2248220000001
[110, 57, 90] - 664.8956890000006
[110, 24, 2] - 546.0360809999997
[110, 2, 41] - 663.4657949999995
[110, 2, 38, 94] - 506.2843627199997
[110, 2, 97] - 666.7436200000004
[110, 2, 36] - 668.0663249999989
[110, 2, 90] - 669.6048340000001
[110, 24, 41] - 538.1702270000009
[110, 24, 38] - 563.0739369999994
[110, 24, 97] - 560.8750080000002
[110, 24, 94] - 563.3482209999993
[110, 24, 36] - 562.624858
[110, 24, 90] - 561.8583919999996
[110, 38, 41] - 660.553396
[110, 41, 97] - 656.2268440000004
[110, 94, 41] - 661.2444019999994
[110, 36, 41] - 657.152636
[110, 90, 41] - 659.8607829999994
[110, 38, 94, 97] - 513.5674630400006
[110, 36, 38, 97] - 510.17051741999956
[110, 38, 90, 97] - 510.5594418799995
[110, 36, 38, 94] - 515.5311673400008
[110, 38, 90, 94] - 515.9219397599995
[110, 36, 38, 90] - 513.0066871900003
[110, 36, 94, 97] - 512.3655055700001
[110, 90, 94, 97] - 512.8878108100001
[110, 36, 90, 97] - 510.45070915999986
[110, 36, 90, 94] - 514.9509466500003
[121, 128] - 624.9394000000005
[121, 23] - 548.0860000000002
[121, 57, 41] - 651.4229089999991
[121, 57, 38] - 648.7394629999992
[121, 57, 97] - 632.7265179999991
[121, 57, 94] - 643.3203580000003
[121, 57, 36] - 649.4550729999994
[121, 57, 90] - 646.9755079999995
[121, 31] - 540.4011999999999
[121, 104] - 584.5294999999999
[121, 1] - 600.7662000000004
[121, 71] - 526.9090000000006
[121, 67] - 586.2406000000004
[121, 38, 41, 97] - 508.01220671999994
[121, 38, 94, 41] - 514.4196311599985
[121, 36, 38, 41] - 517.7506408300001
[121, 38, 90, 41] - 517.2009650900002
[121, 94, 41, 97] - 504.9971234900005
[121, 36, 41, 97] - 507.85273651000034
[121, 90, 41, 97] - 506.2418100100004
[121, 36, 94, 41] - 514.8984476000007
[121, 90, 94, 41] - 513.9557719899996
[121, 36, 90, 41] - 517.36933299
[121, 38, 94, 97] - 523.16467405
[121, 36, 38, 97] - 528.4593418000003
[121, 38, 90, 97] - 525.2173593400007
[121, 36, 38, 94] - 536.5128654299996
[121, 38, 90, 94] - 533.668436399999
[121, 36, 38, 90] - 540.1542887599985
[121, 36, 94, 97] - 526.3498135899994
[121, 90, 94, 97] - 522.75722216
[121, 36, 90, 97] - 528.2743749499998
[121, 36, 90, 94] - 537.8100163899995
[45, 114, 63, 42] - 549.6176541599998
[100, 45, 114, 63] - 541.03369735
[45, 2, 114, 63] - 546.1489366600003
[45, 114, 63, 120] - 540.7261292200002
[56, 45, 114, 63] - 548.4122659100001
[45, 24, 114, 63] - 545.0860019800006
[45, 114, 38, 63] - 538.7758896600011
[45, 114, 63, 97] - 549.3327306400002
[45, 114, 94, 63] - 543.6320066299991
[45, 36, 114, 63] - 544.44916057
[45, 114, 90, 63] - 543.4320545599988
[100, 45, 114, 42] - 544.1138893299999
[45, 2, 114, 42] - 550.0203562700005
[45, 114, 42, 120] - 545.1604087200001
[56, 45, 114, 42] - 551.54846686
[45, 24, 114, 42] - 548.6127636199994
[45, 114, 38, 42] - 542.10225227
[45, 114, 97, 42] - 553.5209423399997
[45, 114, 94, 42] - 547.7161390499988
[45, 36, 114, 42] - 548.5713524299994
[45, 114, 90, 42] - 547.2302652499984
[45, 100, 2, 114] - 540.50575666
[45, 100, 114, 120] - 536.4150198800003
[56, 45, 100, 114] - 543.7289425200009
[45, 100, 24, 114] - 540.7972760899993
[45, 100, 114, 38] - 533.6848066900004
[45, 100, 114, 97] - 543.4775131000006
[45, 100, 114, 94] - 538.1354308699995
[45, 100, 36, 114] - 539.37312511
[45, 100, 114, 90] - 538.2996871700009
[45, 2, 114, 120] - 541.6076241399994
[56, 45, 2, 114] - 549.201278870001
[45, 24, 2, 114] - 546.5823821299991
[45, 2, 114, 38] - 539.0876316500006
[45, 2, 114, 97] - 549.0138398199988
[45, 2, 114, 94] - 543.3654712799998
[45, 2, 36, 114] - 545.3903907099993
[45, 2, 114, 90] - 544.9411552800008
[56, 45, 114, 120] - 543.6333879800004
[45, 24, 114, 120] - 540.7604619299992
[45, 114, 38, 120] - 534.4381004100006
[45, 114, 97, 120] - 545.1300715699996
[45, 114, 94, 120] - 539.8935922599992
[45, 36, 114, 120] - 539.41397147
[45, 114, 90, 120] - 538.6927492400005
[45, 56, 24, 114] - 547.7803262099999
[45, 56, 114, 38] - 541.0947662300008
[45, 56, 114, 97] - 551.69272317
[45, 56, 114, 94] - 545.791612610001
[45, 56, 36, 114] - 547.5105484599995
[45, 56, 114, 90] - 545.8198692900006
[45, 24, 114, 38] - 537.6722971399997
[45, 24, 114, 97] - 548.9260138799995
[45, 24, 114, 94] - 543.8773009200002
[45, 24, 36, 114] - 544.3784285199982
[45, 24, 114, 90] - 543.5650573399997
[45, 114, 38, 97] - 542.5493130800006
[45, 114, 38, 94] - 536.2043815300002
[45, 36, 114, 38] - 537.89463143
[45, 114, 38, 90] - 536.2887219600011
[45, 114, 94, 97] - 547.1453264499997
[45, 36, 114, 97] - 548.3139800900011
[45, 114, 90, 97] - 547.1592889999993
[45, 36, 114, 94] - 541.9004926799998
[45, 114, 90, 94] - 541.7283946000003
[45, 36, 114, 90] - 542.5959803399994
[100, 45, 63, 42] - 546.4718694400012
[45, 2, 63, 42] - 550.4457544399988
[45, 63, 42, 120] - 545.3705859499993
[56, 45, 63, 42] - 551.9889403099997
[45, 24, 63, 42] - 548.8873766299996
[45, 38, 63, 42] - 543.1555674500004
[45, 63, 97, 42] - 553.7550592200005
[45, 94, 63, 42] - 548.7972961399998
[45, 36, 63, 42] - 549.2562367799991
[45, 90, 63, 42] - 548.3913769499993
[45, 100, 2, 63] - 543.2862833899992
[45, 100, 63, 120] - 538.9186353799998
[56, 45, 100, 63] - 546.4315925000011
[45, 100, 24, 63] - 543.4152238499998
[45, 100, 38, 63] - 537.1229102700001
[45, 100, 63, 97] - 546.4651658700011
[45, 100, 94, 63] - 541.5040085899998
[45, 100, 36, 63] - 542.3864749
[45, 100, 90, 63] - 541.6817607600005
[45, 2, 63, 120] - 542.07613445
[56, 45, 2, 63] - 549.9936621600003
[45, 24, 2, 63] - 547.3203950500003
[45, 2, 38, 63] - 540.5472860300016
[45, 2, 63, 97] - 549.7183388299991
[45, 2, 94, 63] - 544.9253676699997
[45, 2, 36, 63] - 546.3633745099999
[45, 2, 90, 63] - 546.2752926900006
[56, 45, 63, 120] - 544.3091338700003
[45, 24, 63, 120] - 541.5962853900019
[45, 38, 63, 120] - 535.7658686600001
[45, 63, 97, 120] - 545.875871959999
[45, 94, 63, 120] - 541.2302610900015
[45, 36, 63, 120] - 540.3363903799997
[45, 90, 63, 120] - 539.8792855700008
[45, 56, 24, 63] - 548.3982814500001
[45, 56, 38, 63] - 542.5108371799993
[45, 56, 63, 97] - 552.5336671499997
[45, 56, 94, 63] - 547.2519910500005
[45, 56, 36, 63] - 548.6340409899999
[45, 56, 90, 63] - 547.1831253800011
[45, 24, 38, 63] - 538.9861323399996
[45, 24, 63, 97] - 549.7688712399998
[45, 24, 94, 63] - 545.215993900001
[45, 24, 36, 63] - 545.2420397099993
[45, 24, 90, 63] - 544.8505812999996
[45, 38, 63, 97] - 543.9556997900008
[45, 38, 94, 63] - 538.2142206099999
[45, 36, 38, 63] - 539.7505029399999
[45, 38, 90, 63] - 538.2294679700002
[45, 94, 63, 97] - 548.6742679799996
[45, 36, 63, 97] - 549.4148381999997
[45, 90, 63, 97] - 548.7437948999997
[45, 36, 94, 63] - 543.5125574900002
[45, 90, 94, 63] - 543.7081299299996
[45, 36, 90, 63] - 544.4134636999993
[45, 100, 2, 42] - 545.9011696199999
[45, 100, 42, 120] - 542.4355116599991
[56, 45, 100, 42] - 548.6566564599997
[45, 100, 24, 42] - 545.7691852600004
[45, 100, 38, 42] - 539.4397809600005
[45, 100, 97, 42] - 549.2984103700009
[45, 100, 94, 42] - 544.7470719900009
[45, 100, 36, 42] - 545.0548008800007
[45, 100, 90, 42] - 544.463147399999
[45, 2, 42, 120] - 545.6629077100001
[56, 45, 2, 42] - 552.6348580399983
[45, 24, 2, 42] - 550.1855446399996
[45, 2, 38, 42] - 543.3759132500005
[45, 2, 97, 42] - 553.0986954600008
[45, 2, 94, 42] - 548.2716114300002
[45, 2, 36, 42] - 549.6835661899997
[45, 2, 90, 42] - 549.4775234700011
[56, 45, 42, 120] - 547.5469518799999
[45, 24, 42, 120] - 544.8146840199995
[45, 38, 42, 120] - 539.02183661
[45, 97, 42, 120] - 549.8484165099995
[45, 94, 42, 120] - 545.3863566199993
[45, 36, 42, 120] - 544.1630372400001
[45, 90, 42, 120] - 543.5667237199993
[45, 56, 24, 42] - 550.7789954499995
[45, 56, 38, 42] - 544.7375317700005
[45, 56, 97, 42] - 555.5846851400003
[45, 56, 94, 42] - 550.4235429799993
[45, 56, 36, 42] - 551.49620044
[45, 56, 90, 42] - 549.932823079999
[45, 24, 38, 42] - 541.5769360399997
[45, 24, 97, 42] - 552.8516135300003
[45, 24, 94, 42] - 548.6565662099995
[45, 24, 36, 42] - 548.3005694099994
[45, 24, 90, 42] - 547.7586140999989
[45, 38, 97, 42] - 547.2109771800008
[45, 38, 94, 42] - 541.5089994499995
[45, 36, 38, 42] - 542.6343073200004
[45, 38, 90, 42] - 541.0681358200001
[45, 94, 42, 97] - 552.5279600599998
[45, 36, 42, 97] - 552.9844719099998
[45, 90, 42, 97] - 552.2020764100007
[45, 36, 94, 42] - 547.3987874600009
[45, 90, 94, 42] - 547.4508622899993
[45, 36, 90, 42] - 547.7423701899994
[45, 100, 2, 120] - 538.8657222299988
[56, 45, 100, 2] - 546.1310881299995
[45, 100, 24, 2] - 543.9588438400004
[45, 100, 2, 38] - 536.4050781700006
[45, 100, 2, 97] - 544.7944591099993
[45, 100, 2, 94] - 540.3680282500009
[45, 100, 2, 36] - 541.87838693
[45, 100, 2, 90] - 542.1476874000001
[56, 45, 100, 120] - 541.76902574
[45, 100, 24, 120] - 539.4523496399994
[45, 100, 38, 120] - 532.9786939600003
[45, 100, 97, 120] - 542.3398915199991
[45, 100, 94, 120] - 537.9346908699994
[45, 100, 36, 120] - 537.2267080599999
[45, 100, 90, 120] - 537.1054668799991
[45, 100, 56, 24] - 545.8720649500004
[45, 100, 56, 38] - 539.3383200999999
[45, 100, 56, 97] - 548.949033259999
[45, 100, 56, 94] - 543.6749921800007
[45, 100, 56, 36] - 545.3162333699995
[45, 100, 56, 90] - 544.1467188500005
[45, 100, 24, 38] - 536.1761954100006
[45, 100, 24, 97] - 546.0453264100004
[45, 100, 24, 94] - 542.0537725299987
[45, 100, 24, 36] - 542.0774670699997
[45, 100, 24, 90] - 541.8354504399998
[45, 100, 38, 97] - 539.8072472599993
[45, 100, 38, 94] - 534.4451308299998
[45, 100, 36, 38] - 535.9014796700003
[45, 100, 38, 90] - 534.8363945900005
[45, 100, 94, 97] - 543.64187505
[45, 100, 36, 97] - 545.0363651100006
[45, 100, 90, 97] - 544.45805973
[45, 100, 36, 94] - 539.32191189
[45, 100, 90, 94] - 539.7061159299996
[45, 100, 36, 90] - 540.4067106700007
[56, 45, 2, 120] - 545.1220740399998
[45, 24, 2, 120] - 542.8933353499996
[45, 2, 38, 120] - 536.2043458899991
[45, 2, 97, 120] - 545.3908492499995
[45, 2, 94, 120] - 541.0975633199988
[45, 2, 36, 120] - 541.28168804
[45, 2, 90, 120] - 541.3588432799994
[45, 56, 24, 2] - 550.33848729
[45, 56, 2, 38] - 542.9876528399998
[45, 56, 2, 97] - 552.3408991500006
[45, 56, 2, 94] - 547.3744113599996
[45, 56, 2, 36] - 549.7548324200005
[45, 56, 2, 90] - 548.8675423200001
[45, 2, 24, 38] - 540.1978952599997
[45, 2, 24, 97] - 550.1000522800001
[45, 2, 24, 94] - 546.1608237699987
[45, 2, 24, 36] - 547.1458461899995
[45, 2, 24, 90] - 547.1800132099997
[45, 2, 38, 97] - 543.4971889500005
[45, 2, 38, 94] - 537.7089121799994
[45, 2, 36, 38] - 540.2964249300004
[45, 2, 38, 90] - 539.1482698999998
[45, 2, 94, 97] - 547.20625463
[45, 2, 36, 97] - 549.1983231000008
[45, 2, 90, 97] - 548.8545796499996
[45, 2, 36, 94] - 543.8463114699999
[45, 2, 90, 94] - 544.4927025400006
[45, 2, 36, 90] - 546.0538123499998
[45, 56, 24, 120] - 543.9791110800007
[45, 56, 38, 120] - 538.0663578799994
[45, 56, 97, 120] - 548.2510453799999
[45, 56, 94, 120] - 543.4193603700003
[45, 56, 36, 120] - 543.4535010000003
[45, 56, 90, 120] - 542.1776533200012
[45, 24, 38, 120] - 535.0397778000006
[45, 24, 97, 120] - 545.7905463600002
[45, 24, 94, 120] - 541.7665356700003
[45, 24, 36, 120] - 540.4115973399993
[45, 24, 90, 120] - 540.3179706699995
[45, 38, 97, 120] - 540.1780874899995
[45, 38, 94, 120] - 534.5557870999991
[45, 36, 38, 120] - 535.0867656600002
[45, 38, 90, 120] - 533.7276629200002
[45, 94, 97, 120] - 545.2671923600005
[45, 36, 97, 120] - 544.7993087900002
[45, 90, 97, 120] - 544.3210081700007
[45, 36, 94, 120] - 539.4945127599992
[45, 90, 94, 120] - 539.7921329899991
[45, 36, 90, 120] - 539.0873746899986
[45, 56, 24, 38] - 541.246042429999
[45, 56, 24, 97] - 551.9253165599998
[45, 56, 24, 94] - 547.2293946399993
[45, 56, 24, 36] - 548.2425783899993
[45, 56, 24, 90] - 546.8880410600003
[45, 56, 38, 97] - 546.1652841799997
[45, 56, 38, 94] - 540.0519052
[45, 56, 36, 38] - 542.3711793600003
[45, 56, 38, 90] - 540.0421338300002
[45, 56, 94, 97] - 550.6495749200013
[45, 56, 36, 97] - 552.1348974000009
[45, 56, 90, 97] - 550.5667206899993
[45, 56, 36, 94] - 546.2166185200008
[45, 56, 90, 94] - 545.5638874699997
[45, 56, 36, 90] - 546.9848067199994
[45, 24, 38, 97] - 542.86403897
[45, 24, 38, 94] - 537.8118748300003
[45, 24, 36, 38] - 538.7144888699988
[45, 24, 38, 90] - 537.4030394800009
[45, 24, 94, 97] - 548.8521230000018
[45, 24, 36, 97] - 549.1141284299999
[45, 24, 90, 97] - 548.77329866
[45, 24, 36, 94] - 544.21793865
[45, 24, 90, 94] - 544.6628868100003
[45, 24, 36, 90] - 544.59992448
[45, 38, 94, 97] - 541.70101626
[45, 36, 38, 97] - 544.0263106699997
[45, 38, 90, 97] - 542.06117852
[45, 36, 38, 94] - 537.0657595400003
[45, 38, 90, 94] - 536.5220926900005
[45, 36, 38, 90] - 537.8390829200007
[45, 36, 94, 97] - 547.1319368300002
[45, 90, 94, 97] - 547.3658424599992
[45, 36, 90, 97] - 548.1643967199994
[45, 36, 90, 94] - 542.63151855
[77, 128] - 564.7589999999993
[11, 77] - 526.9313000000004
[77, 57] - 561.3831000000002
[77, 24, 2] - 547.6955560000005
[77, 2, 38] - 541.9678319999992
[77, 2, 97] - 550.4555859999997
[77, 2, 94] - 550.7187299999998
[77, 2, 36] - 543.2697759999995
[77, 2, 90] - 550.6912339999994
[77, 38, 120] - 566.8321090000009
[77, 97, 120] - 577.3274960000005
[77, 94, 120] - 577.9830800000009
[77, 36, 120] - 571.988549
[77, 90, 120] - 576.1019210000007
[77, 56, 38] - 601.0456059999992
[77, 56, 97] - 614.2725270000003
[77, 56, 94] - 610.7439650000002
[77, 56, 36] - 610.8782650000004
[77, 56, 90] - 612.9038899999996
[77, 24, 38] - 541.2058720000003
[77, 24, 97] - 550.5622119999997
[77, 24, 94] - 549.9958979999999
[77, 24, 36] - 543.7482900000007
[77, 24, 90] - 550.8193779999998
[77, 71] - 566.0339000000001
[77, 67] - 573.2201000000009
[77, 41] - 564.5714999999996
[77, 38, 94, 97] - 591.68114286
[77, 36, 38, 97] - 589.8854936699998
[77, 38, 90, 97] - 589.9664745300012
[77, 36, 38, 94] - 587.8879131399995
[77, 38, 90, 94] - 588.7542457600016
[77, 36, 38, 90] - 586.8449986400009
[77, 36, 94, 97] - 596.6859756600012
[77, 90, 94, 97] - 599.6527945199999
[77, 36, 90, 97] - 595.507959180001
[77, 36, 90, 94] - 595.4459683100004
[128, 86] - 568.553299999999
[11, 86] - 536.5615000000001
[57, 86] - 565.5346000000013
[24, 2, 86] - 555.116478
[2, 38, 86] - 546.8099369999986
[2, 97, 86] - 551.9989030000003
[2, 94, 86] - 550.6585939999984
[2, 36, 86] - 548.0937029999998
[2, 90, 86] - 549.4282970000002
[38, 86, 120] - 571.8618859999999
[97, 86, 120] - 574.920369999999
[94, 86, 120] - 578.010294
[36, 86, 120] - 574.524190000001
[90, 86, 120] - 577.4147299999998
[56, 38, 86] - 610.8558610000006
[56, 97, 86] - 615.5756410000001
[56, 94, 86] - 615.6087119999993
[56, 36, 86] - 615.5524069999998
[56, 90, 86] - 616.3917029999997
[24, 38, 86] - 553.1874009999996
[24, 97, 86] - 559.9204050000001
[24, 94, 86] - 559.1318879999997
[24, 36, 86] - 555.7467940000002
[24, 90, 86] - 557.1608079999993
[71, 86] - 567.4338999999998
[67, 86] - 572.8794999999998
[41, 86] - 566.4972999999995
[38, 94, 86, 97] - 595.7119132499995
[36, 38, 86, 97] - 593.8278520600012
[38, 90, 86, 97] - 594.3819393499997
[36, 38, 94, 86] - 595.2439914300006
[38, 90, 94, 86] - 596.4320255100016
[36, 38, 90, 86] - 595.7198249800001
[36, 94, 86, 97] - 597.3983049400011
[90, 94, 86, 97] - 599.4997566900008
[36, 90, 86, 97] - 597.6929554100004
[36, 90, 94, 86] - 599.1207778199996
[128, 107] - 538.5557000000002
[23, 104, 107] - 561.1959840000007
[23, 107, 71] - 521.7795180000004
[67, 23, 107] - 566.4999579999993
[23, 107, 41] - 513.7711339999992
[23, 38, 107] - 563.474175
[23, 107, 97] - 554.4038570000004
[23, 107, 94] - 561.0997730000003
[23, 36, 107] - 572.0952680000005
[23, 90, 107] - 564.9754879999995
[57, 107] - 539.9109000000003
[1, 107, 31] - 592.073941
[56, 107, 31] - 577.8085810000003
[107, 41, 31] - 586.306443
[107, 97, 31] - 596.9384379999996
[107, 94, 31] - 601.4288829999995
[36, 107, 31] - 605.2189810000001
[90, 107, 31] - 601.4563819999998
[5, 107] - 591.5896999999997
[1, 104, 107] - 522.4135220000005
[104, 107, 71] - 581.216703000001
[67, 104, 107] - 628.250263
[104, 107, 41] - 511.3261990000007
[38, 104, 107] - 602.6104859999987
[104, 107, 97] - 618.0601719999989
[104, 107, 94] - 618.5662090000004
[36, 104, 107] - 634.6140199999992
[104, 90, 107] - 628.2709239999997
[56, 1, 107] - 570.7486099999996
[1, 107, 71] - 593.4351790000005
[67, 1, 107] - 631.681901
[1, 107, 41, 97] - 539.6596668000005
[1, 107, 94, 41] - 542.3711010300011
[1, 36, 107, 41] - 549.6528905299999
[1, 90, 107, 41] - 544.2762703499997
[1, 38, 107] - 524.2232770000002
[1, 107, 94, 97] - 548.3082688299996
[1, 36, 107, 97] - 556.9795558899998
[1, 90, 107, 97] - 551.7951133699993
[1, 36, 107, 94] - 559.7690976300004
[1, 90, 107, 94] - 553.221215670001
[1, 36, 90, 107] - 562.0939994100003
[88, 79, 107] - 521.802592000001
[88, 107, 97] - 598.8940739999998
[88, 107, 94] - 595.2778629999997
[88, 36, 107] - 604.4256219999996
[88, 90, 107] - 597.0776260000001
[79, 107, 97] - 596.8896339999995
[79, 107, 94] - 596.5201020000003
[79, 36, 107] - 602.5381089999998
[79, 90, 107] - 599.0475799999999
[56, 107, 41] - 584.4984309999994
[56, 107, 97] - 575.5589709999998
[56, 107, 94] - 579.1839590000001
[56, 36, 107] - 584.0817570000005
[56, 90, 107] - 577.8139840000005
[67, 107, 71] - 639.9785410000003
[107, 71, 41] - 583.393423
[38, 107, 71] - 562.5660439999991
[107, 71, 94, 97] - 510.8184398799994
[36, 107, 71, 97] - 522.6701764199996
[90, 107, 71, 97] - 519.2442658899996
[36, 107, 71, 94] - 522.4685773999998
[90, 107, 71, 94] - 517.3915922300004
[36, 90, 107, 71] - 529.44357032
[67, 107, 41] - 624.0764660000004
[67, 38, 107] - 605.9790599999999
[67, 107, 94, 97] - 542.4893625599987
[67, 36, 107, 97] - 552.2255948800001
[67, 90, 107, 97] - 550.5479711900003
[67, 36, 107, 94] - 552.4443604299997
[67, 90, 107, 94] - 549.1127884800017
[67, 36, 90, 107] - 559.4011936699998
[38, 107, 41] - 513.7209319999998
[107, 94, 41, 97] - 544.6141197999991
[36, 107, 41, 97] - 551.3145896800005
[90, 107, 41, 97] - 546.0915121699995
[36, 107, 94, 41] - 554.7323514699995
[90, 107, 94, 41] - 548.4931672199992
[36, 90, 107, 41] - 554.6838855699983
[38, 107, 97] - 596.5282130000004
[38, 107, 94] - 598.3287940000006
[36, 38, 107] - 613.2240069999995
[38, 90, 107] - 605.6677589999995
[36, 107, 94, 97] - 631.7549341799996
[90, 107, 94, 97] - 625.9329606799994
[36, 90, 107, 97] - 636.9442925700007
[36, 90, 107, 94] - 635.5789563199992
[122, 16] - 519.4537999999993
[16, 9] - 571.5664000000002
[16, 6] - 526.7036999999997
[55, 16] - 510.1056999999994
[57, 16, 41] - 568.7415260000006
[57, 38, 16] - 579.9363030000004
[57, 16, 97] - 591.3367080000005
[57, 16, 94] - 593.5679750000006
[57, 36, 16] - 591.8637470000001
[57, 16, 90] - 590.2543680000002
[1, 16, 31] - 542.5016109999997
[16, 41, 31] - 533.689631
[16, 94, 31] - 545.9124680000008
[36, 16, 31] - 549.409854000001
[16, 90, 31] - 540.6056270000003
[5, 16] - 594.5690000000004
[104, 16] - 526.7429000000003
[1, 16, 41] - 524.4556269999999
[1, 16, 94] - 536.9651960000001
[1, 36, 16] - 542.4263870000003
[1, 16, 90] - 532.7635719999994
[88, 16] - 603.3181999999998
[79, 16] - 602.7387999999996
[56, 16, 41] - 507.75535999999994
[24, 16, 41] - 544.6210340000009
[24, 16, 97] - 540.0519100000002
[24, 16, 94] - 596.4083610000005
[24, 36, 16] - 597.5100399999997
[24, 16, 90] - 591.6662630000005
[16, 71] - 600.9121999999986
[67, 16] - 601.7267999999997
[38, 16, 41] - 564.4968450000002
[16, 94, 41, 97] - 585.9368964700006
[36, 16, 41, 97] - 584.7912101599993
[16, 90, 41, 97] - 577.9531322500001
[36, 16, 94, 41] - 628.4962765600009
[16, 90, 94, 41] - 621.881461549999
[36, 16, 90, 41] - 621.4386245599981
[16, 38, 97] - 591.9549889999995
[16, 38, 94] - 594.3323159999999
[36, 16, 38] - 593.7981699999998
[16, 38, 90] - 589.8046999999996
[36, 16, 94, 97] - 618.85956122
[16, 90, 94, 97] - 613.2755643199989
[36, 16, 90, 97] - 613.7003644
[36, 16, 90, 94] - 656.314991259999
[128, 108] - 574.172600000001
[23, 104, 108] - 586.2542100000002
[1, 23, 108] - 532.6065290000009
[23, 108, 71] - 549.8742520000009
[67, 23, 108] - 584.65429
[23, 108, 41] - 510.21465900000004
[23, 38, 108] - 562.5613179999995
[23, 108, 97] - 584.5850460000001
[23, 108, 94] - 583.6008240000001
[23, 36, 108] - 586.6065769999994
[23, 90, 108] - 585.8200889999991
[57, 108] - 570.3363000000004
[1, 108, 31] - 625.8039660000004
[56, 108, 31] - 582.1653910000008
[108, 71, 31] - 523.8101120000009
[67, 108, 31] - 518.401927
[108, 41, 31] - 601.6378330000005
[108, 97, 31] - 627.6022609999999
[108, 94, 31] - 606.3137100000013
[36, 108, 31] - 603.0394909999995
[90, 108, 31] - 620.1531900000002
[5, 108] - 610.909200000001
[1, 104, 108] - 575.6282299999997
[104, 108, 71] - 632.3559270000013
[67, 104, 108, 97] - 507.5285993299999
[67, 104, 90, 108] - 507.1415725100001
[104, 108, 41] - 535.1099450000005
[38, 104, 108] - 630.9916070000005
[104, 90, 108, 97] - 505.9541256799996
[104, 108, 94] - 650.0850220000004
[36, 104, 108] - 653.6933720000003
[88, 1, 108] - 544.8032439999993
[1, 79, 108] - 534.9845100000003
[56, 1, 108] - 604.8002769999995
[1, 108, 71] - 649.7345079999999
[1, 67, 108, 97] - 516.0370497699998
[1, 67, 90, 108] - 514.8495445899995
[1, 108, 41, 97] - 563.9856199499999
[1, 108, 94, 41] - 548.0961203300009
[1, 36, 108, 41] - 547.3843307600004
[1, 90, 108, 41] - 559.2688720000007
[1, 38, 108] - 551.5290119999993
[1, 108, 94, 97] - 584.7327944999998
[1, 36, 108, 97] - 583.3292240700005
[1, 90, 108, 97] - 596.1383216200006
[1, 36, 108, 94] - 583.7049466999997
[1, 90, 108, 94] - 583.0706825700008
[1, 36, 90, 108] - 581.4496838999996
[88, 79, 108] - 548.6651340000001
[88, 67, 108] - 522.5828119999998
[88, 108, 97] - 632.2873319999994
[88, 108, 94] - 631.4851580000012
[88, 36, 108] - 632.8948969999994
[88, 90, 108] - 632.6098889999996
[67, 79, 108] - 515.1742540000002
[79, 108, 97] - 623.5421959999994
[79, 108, 94] - 625.5282619999997
[79, 36, 108] - 623.6841269999999
[79, 90, 108] - 626.6692139999999
[56, 108, 41] - 578.0978350000003
[56, 108, 97] - 603.5119890000004
[56, 108, 94] - 603.1815079999991
[56, 36, 108] - 599.9202429999997
[56, 90, 108] - 598.8716439999998
[67, 108, 71, 97] - 516.8318735299998
[67, 36, 108, 71] - 504.99471834999935
[67, 90, 108, 71] - 515.94873238
[108, 71, 41] - 606.3214770000002
[38, 108, 71] - 590.377371000001
[108, 71, 94, 97] - 541.6583199699999
[36, 108, 71, 97] - 543.1215650099982
[90, 108, 71, 97] - 554.9019888700009
[36, 108, 71, 94] - 543.001908399999
[90, 108, 71, 94] - 540.16719853
[36, 90, 108, 71] - 543.1951430200003
[67, 108, 41] - 641.8418079999993
[67, 38, 108] - 633.2496779999996
[67, 108, 94, 97] - 569.8582416499997
[67, 36, 108, 97] - 571.9285677399998
[67, 90, 108, 97] - 585.2868853999995
[67, 36, 108, 94] - 570.5714781999993
[67, 90, 108, 94] - 570.1782600899991
[67, 36, 90, 108] - 572.8637228499988
[38, 108, 41] - 532.1929920000003
[108, 94, 41, 97] - 547.06496937
[36, 108, 41, 97] - 545.1397285399997
[90, 108, 41, 97] - 559.1758676500001
[36, 108, 94, 41] - 544.8017776700004
[90, 108, 94, 41] - 545.0708419100001
[36, 90, 108, 41] - 543.2131213399998
[38, 108, 97] - 629.8366230000001
[38, 108, 94] - 606.7452879999996
[36, 38, 108] - 611.3268039999991
[38, 90, 108] - 627.449798
[36, 108, 94, 97] - 652.1729107999992
[90, 108, 94, 97] - 652.0749150299994
[36, 90, 108, 97] - 651.9006687200007
[36, 90, 108, 94] - 651.3786877199997
[66, 29, 70] - 608.055383999999
[55, 29, 70] - 545.4707829999998
[57, 29, 70] - 546.8477129999997
[2, 29, 70] - 670.0923189999999
[24, 29, 70] - 666.0307800000002
[29, 70, 41] - 542.9586569999996
[38, 29, 70] - 668.1621959999995
[29, 70, 97] - 668.7079140000006
[29, 70, 94] - 671.412977
[36, 29, 70] - 667.9391620000014
[90, 29, 70] - 669.0484130000004
[55, 66, 29] - 546.4865529999996
[66, 57, 29] - 549.265807
[66, 2, 38, 29] - 506.2102932000002
[66, 2, 29, 94] - 505.05909281999993
[66, 2, 90, 29] - 505.4582859899996
[66, 24, 29] - 667.3673479999995
[66, 29, 41] - 544.1110870000006
[66, 29, 97] - 669.8427259999995
[66, 36, 29] - 666.933493
[11, 29] - 521.4293000000002
[6, 29] - 558.4714000000001
[55, 57, 29] - 544.0912140000002
[55, 2, 29] - 546.0125189999987
[55, 24, 29] - 540.0730599999998
[55, 29, 41] - 539.027161
[55, 38, 29] - 543.4964769999992
[55, 29, 97] - 541.2249300000002
[55, 29, 94] - 543.7863180000007
[55, 36, 29] - 543.3488819999995
[55, 90, 29] - 545.0155599999985
[57, 2, 38, 29] - 505.1340162200001
[57, 2, 90, 29] - 505.0147572999999
[24, 57, 29] - 544.2360639999999
[57, 29, 41] - 661.8738410000018
[57, 29, 97] - 663.172988999999
[57, 29, 94] - 669.4391360000004
[57, 36, 29] - 665.2926000000001
[5, 29] - 551.8633000000008
[2, 29, 120] - 574.0817609999993
[2, 24, 38, 29] - 589.2231610199996
[2, 24, 29, 97] - 591.2688873499977
[2, 24, 29, 94] - 591.9640336600003
[2, 24, 36, 29] - 588.2048628800004
[2, 24, 90, 29] - 591.1757420599994
[2, 29, 41] - 666.3562110000001
[2, 38, 29, 94, 97] - 512.2996850600003
[2, 36, 38, 29, 97] - 508.3086026421993
[2, 38, 90, 29, 97] - 510.3212567095999
[2, 36, 38, 29, 94] - 511.3536606096993
[2, 38, 90, 29, 94] - 513.7496787945003
[2, 36, 38, 90, 29] - 510.0614636765012
[2, 36, 29, 94, 97] - 510.934657163699
[2, 90, 29, 94, 97] - 514.1116595706994
[2, 36, 90, 29, 97] - 510.63599759270056
[2, 36, 90, 29, 94] - 512.7572850852
[24, 29, 120] - 513.0889610000004
[38, 29, 120] - 568.4300499999996
[29, 97, 120] - 575.9673800000004
[29, 94, 120] - 578.1269389999999
[36, 29, 120] - 570.2854300000008
[90, 29, 120] - 574.7266379999995
[24, 29, 41] - 539.652188000001
[24, 38, 29, 97] - 586.6830655499995
[24, 38, 29, 94] - 587.86974864
[24, 36, 38, 29] - 584.1881820700004
[24, 38, 90, 29] - 585.9304422100003
[24, 29, 94, 97] - 591.4755096400005
[24, 36, 29, 97] - 587.6290628299988
[24, 90, 29, 97] - 590.2679116700001
[24, 36, 29, 94] - 587.4464172899999
[24, 90, 29, 94] - 590.385005189999
[24, 36, 90, 29] - 587.6087772000016
[38, 29, 41] - 663.1835809999994
[29, 41, 97] - 657.4826829999997
[29, 94, 41] - 664.1387409999999
[36, 29, 41] - 660.2574660000016
[90, 29, 41] - 664.8181770000006
[36, 38, 29, 94, 97] - 507.8796192777
[38, 90, 29, 94, 97] - 509.9640471223992
[36, 38, 90, 29, 97] - 506.3915706342995
[36, 38, 90, 29, 94] - 509.0119671367005
[36, 90, 29, 94, 97] - 510.28993195489943
[13, 114] - 565.1326000000003
[13, 63] - 618.4945999999994
[13, 42] - 605.6385999999994
[100, 13, 94] - 516.6632739999998
[100, 13, 36] - 516.4744250000005
[100, 13, 90] - 511.2661760000008
[13, 128] - 506.2724999999993
[11, 13] - 545.4794999999997
[13, 6] - 522.0339999999999
[13, 31] - 667.8745999999996
[13, 5] - 519.2768999999997
[2, 13] - 572.6640000000002
[13, 104] - 600.0833999999999
[13, 38, 120] - 563.7219099999992
[13, 97, 120] - 583.2875330000006
[13, 94, 120] - 547.4488559999993
[13, 36, 120] - 545.751337
[13, 90, 120] - 578.8170979999996
[1, 13, 97] - 505.5450330000006
[1, 13, 90] - 532.0424760000004
[88, 13] - 661.7199999999995
[13, 79, 94] - 518.8190059999997
[13, 79, 36] - 516.6828259999996
[13, 79, 90] - 509.8815019999999
[56, 13, 38] - 601.1720759999989
[56, 13, 94, 97] - 531.2624486500004
[56, 13, 36, 97] - 533.5155179800004
[56, 13, 90, 97] - 526.7167939999998
[56, 13, 36, 94] - 535.0750158599988
[56, 13, 90, 94] - 529.4287442999998
[56, 13, 36, 90] - 530.8044093800003
[13, 24, 97] - 593.827875000001
[13, 24, 94] - 529.5276279999995
[13, 24, 36] - 522.4387140000002
[13, 24, 90] - 604.9827989999995
[67, 13, 71] - 545.2728269999998
[13, 38, 71] - 600.2373619999984
[13, 71, 97] - 635.6769119999998
[13, 71, 94] - 579.4857409999986
[13, 36, 71] - 581.7186999999998
[13, 90, 71] - 656.1570790000007
[67, 13, 38] - 645.3068420000005
[67, 13, 90, 97] - 505.9965210600009
[67, 13, 94] - 626.3818479999998
[67, 13, 36] - 625.332311000001
[13, 41] - 678.2309999999997
[13, 38, 94, 97] - 538.20540487
[13, 36, 38, 97] - 541.1098753999992
[13, 38, 90, 97] - 594.3751249100006
[13, 36, 38, 94] - 569.48545166
[13, 38, 90, 94] - 566.779651410001
[13, 36, 38, 90] - 565.7686063199993
[13, 36, 94, 97] - 635.9484492699997
[13, 90, 94, 97] - 628.56579867
[13, 36, 90, 97] - 628.9775964400001
[13, 36, 90, 94] - 659.2164185100008
[55, 66, 70] - 577.9770450000002
[66, 57, 70] - 548.8997790000001
[66, 24, 2, 70] - 554.0858171199999
[66, 2, 38, 70] - 551.1502683799996
[66, 2, 70, 97] - 550.3918284000001
[66, 2, 70, 94] - 551.7849868899998
[66, 2, 36, 70] - 550.0674191899992
[66, 2, 90, 70] - 549.1101708999994
[66, 24, 38, 70] - 552.5845405399999
[66, 24, 70, 97] - 552.4862917900003
[66, 24, 70, 94] - 575.8036148400012
[66, 24, 36, 70] - 575.15809351
[66, 24, 90, 70] - 575.03686665
[66, 70, 41] - 574.2172990000008
[66, 38, 70, 97] - 548.9313794200009
[66, 38, 70, 94] - 551.4104098700002
[66, 36, 38, 70] - 549.2793257199996
[66, 38, 90, 70] - 548.0051291800003
[66, 70, 94, 97] - 550.9197824500003
[66, 36, 70, 97] - 548.8874748800002
[66, 90, 70, 97] - 548.4064639300008
[66, 36, 70, 94] - 572.802159929999
[66, 90, 70, 94] - 572.5962836799994
[66, 36, 90, 70] - 572.167740110001
[114, 70] - 565.4848000000002
[70, 63] - 566.7682
[11, 70] - 604.9049999999996
[6, 70] - 530.1041999999999
[55, 57, 70] - 546.0656360000002
[55, 2, 70] - 548.4096000000003
[55, 24, 70] - 604.7366850000014
[55, 70, 41] - 603.4292790000006
[55, 38, 70] - 546.0765330000002
[55, 70, 97] - 544.1723929999998
[55, 70, 94] - 607.8627549999993
[55, 36, 70] - 607.3962070000002
[55, 90, 70] - 608.5864709999994
[2, 57, 70] - 548.890557999999
[24, 57, 70] - 545.6909599999999
[57, 70, 41] - 543.9390640000004
[57, 38, 70] - 547.3231859999995
[57, 70, 97] - 544.6466240000001
[57, 70, 94] - 549.0428159999991
[57, 36, 70] - 545.3471740000001
[57, 90, 70] - 547.0410099999998
[5, 70] - 554.7595000000002
[2, 70, 120] - 630.697344000001
[2, 24, 38, 70, 97] - 513.5733185417002
[2, 24, 38, 70, 94] - 514.5891343200994
[2, 24, 36, 38, 70] - 513.8773637915008
[2, 24, 38, 90, 70] - 510.2208443079008
[2, 24, 70, 94, 97] - 516.6059156779005
[2, 24, 36, 70, 97] - 515.5877589320002
[2, 24, 90, 70, 97] - 513.5187883644004
[2, 24, 36, 70, 94] - 516.3777387235002
[2, 24, 90, 70, 94] - 514.0567756958004
[2, 24, 36, 90, 70] - 513.1947737802997
[2, 70, 41] - 546.0398280000004
[2, 38, 70, 94, 97] - 512.6197996156994
[2, 36, 38, 70, 97] - 511.8058778360002
[2, 38, 90, 70, 97] - 508.15484967660063
[2, 36, 38, 70, 94] - 513.0480663317002
[2, 38, 90, 70, 94] - 509.7044769870003
[2, 36, 38, 90, 70] - 508.8427432235001
[2, 36, 70, 94, 97] - 514.2287497332987
[2, 90, 70, 94, 97] - 512.3767236495994
[2, 36, 90, 70, 97] - 511.08492242879976
[2, 36, 90, 70, 94] - 512.163530789101
[24, 70, 120] - 633.070531
[38, 70, 120] - 625.1491250000007
[70, 97, 120] - 632.4822420000005
[70, 94, 120] - 635.0665909999992
[36, 70, 120] - 629.4402159999993
[90, 70, 120] - 626.8299850000002
[24, 70, 41] - 604.0665730000007
[24, 38, 70, 94, 97] - 512.3595581458006
[24, 36, 38, 70, 97] - 510.6538743072005
[24, 38, 90, 70, 97] - 507.51260562479996
[24, 36, 38, 70, 94] - 511.95657765449965
[24, 38, 90, 70, 94] - 509.06447879239886
[24, 36, 38, 90, 70] - 507.44380265709987
[24, 36, 70, 94, 97] - 514.1063992120996
[24, 90, 70, 94, 97] - 512.5911964841008
[24, 36, 90, 70, 97] - 510.56706827139976
[24, 36, 90, 70, 94] - 547.165262839
[38, 70, 41] - 543.5793059999994
[70, 41, 97] - 540.2796280000005
[70, 94, 41] - 606.2000399999996
[36, 70, 41] - 603.4471570000013
[90, 70, 41] - 606.0693109999999
[36, 38, 70, 94, 97] - 510.76645967300004
[38, 90, 70, 94, 97] - 507.7785742269001
[36, 38, 90, 70, 97] - 505.97750487079963
[36, 38, 90, 70, 94] - 507.63202647389977
[36, 90, 70, 94, 97] - 510.28567873800074
[12, 122] - 559.5116000000002
[100, 122] - 571.0993999999996
[122, 6] - 525.6557999999992
[55, 122, 94] - 521.9228299999995
[55, 122, 36] - 523.0677159999999
[55, 122, 90] - 524.4698089999999
[1, 122, 31] - 553.9102700000003
[88, 122, 31] - 572.098063
[122, 79, 31] - 569.4378900000006
[122, 24, 31] - 558.9985390000003
[122, 41, 31] - 562.5728929999991
[122, 94, 31] - 566.6028639999992
[122, 36, 31] - 565.3199299999998
[122, 90, 31] - 565.7878050000005
[122, 5] - 643.664099999999
[122, 104] - 530.7453
[88, 122, 1, 79] - 526.4622305299999
[88, 122, 1, 41] - 522.17325273
[88, 122, 1, 94] - 525.9591491299998
[88, 122, 1, 36] - 525.5564513499994
[88, 122, 1, 90] - 523.8953594100009
[122, 1, 79, 41] - 518.69642834
[122, 1, 79, 94] - 524.76175904
[122, 1, 79, 36] - 522.60443563
[122, 1, 79, 90] - 521.3306389599999
[122, 1, 24] - 555.4581529999996
[122, 1, 94, 41] - 518.2115606099991
[122, 1, 36, 41] - 517.42626409
[122, 1, 90, 41] - 516.3995160599994
[122, 1, 97] - 574.3585349999994
[122, 1, 36, 94] - 521.4920608800003
[122, 1, 90, 94] - 520.4440621900003
[122, 1, 36, 90] - 519.4578073899997
[88, 122, 79, 41] - 578.0179306899998
[88, 122, 79, 97] - 517.5108194300002
[88, 122, 79, 94] - 624.0538456599998
[88, 122, 79, 36] - 623.4840707599983
[88, 122, 79, 90] - 621.7699412400002
[88, 122, 24] - 557.4207740000007
[88, 67, 122] - 526.2630230000007
[88, 122, 94, 41] - 576.0053403899991
[88, 122, 36, 41] - 576.4065433100001
[88, 122, 90, 41] - 575.585262909999
[88, 122, 94, 97] - 517.7188175299999
[88, 122, 36, 97] - 517.6141514200004
[88, 122, 90, 97] - 513.5647589599989
[88, 122, 36, 94] - 619.5602990199993
[88, 122, 90, 94] - 617.9323374799997
[88, 122, 36, 90] - 619.2177810000009
[122, 24, 79] - 555.934103
[67, 122, 79] - 523.3913170000001
[122, 79, 94, 41] - 575.2970066600004
[122, 79, 36, 41] - 573.6011327499991
[122, 79, 90, 41] - 572.5602188400009
[122, 79, 94, 97] - 517.4854472600002
[122, 79, 36, 97] - 514.7686394600003
[122, 79, 90, 97] - 511.38744019999973
[122, 79, 36, 94] - 620.3286925900004
[122, 79, 90, 94] - 619.30050189
[122, 79, 36, 90] - 617.8839400700003
[56, 122] - 650.2908
[122, 24, 94, 41] - 548.7626431799997
[122, 24, 36, 41] - 543.1268163299995
[122, 24, 90, 41] - 545.6635130100005
[122, 24, 97] - 616.5922100000009
[122, 24, 36, 94] - 549.9968495500009
[122, 24, 90, 94] - 551.9007716100004
[122, 24, 36, 90] - 545.3233202599996
[122, 71] - 643.6054999999998
[122, 67, 94] - 520.6410919999998
[122, 67, 36] - 521.680450999999
[122, 67, 90] - 525.1374020000003
[122, 94, 41, 97] - 608.3899301400011
[122, 36, 41, 97] - 602.0130994799995
[122, 90, 41, 97] - 600.9425861899999
[122, 36, 90, 94, 41] - 527.2797864436008
[122, 38] - 613.3859999999994
[122, 36, 94, 97] - 654.2201518100014
[122, 90, 94, 97] - 651.5396466499986
[122, 36, 90, 97] - 646.0580117700008
[66, 114] - 611.0472999999998
[66, 63] - 594.0089
[66, 42] - 506.2812000000006
[66, 100] - 504.97199999999987
[11, 66] - 649.640299999999
[66, 6] - 546.9272000000002
[66, 55, 57] - 548.2911590000001
[66, 55, 2] - 582.8467810000008
[66, 55, 24] - 640.8520050000002
[66, 55, 41] - 620.9485759999994
[66, 55, 38] - 582.5445230000006
[66, 55, 97] - 559.5768210000003
[66, 55, 94] - 642.611831999999
[66, 55, 36] - 631.3124439999998
[66, 55, 90] - 643.6239360000019
[66, 2, 57] - 550.9535659999996
[66, 24, 57] - 549.1277889999998
[66, 57, 41] - 546.2209039999995
[66, 57, 38] - 551.1874840000003
[66, 57, 97] - 547.5649509999992
[66, 57, 94] - 550.2521420000004
[66, 57, 36] - 547.6251299999997
[66, 57, 90] - 550.5255259999997
[66, 5] - 568.0897000000002
[66, 2, 120] - 654.8870290000002
[66, 2, 24, 38, 97] - 526.7616939893013
[66, 2, 24, 38, 94] - 539.8465714587002
[66, 2, 24, 36, 38] - 532.4308626691006
[66, 2, 24, 38, 90] - 538.0834908248997
[66, 2, 24, 94, 97] - 527.1425209516001
[66, 2, 24, 36, 97] - 526.1145761438005
[66, 2, 24, 90, 97] - 525.5593571399002
[66, 2, 24, 36, 94] - 532.6977453434004
[66, 2, 24, 90, 94] - 538.7471346168012
[66, 2, 24, 36, 90] - 531.580280031401
[66, 2, 41] - 567.4091810000007
[66, 2, 38, 94, 97] - 526.6035401576005
[66, 2, 36, 38, 97] - 525.2821637770002
[66, 2, 38, 90, 97] - 524.1643616624999
[66, 2, 36, 38, 94] - 532.3702443114003
[66, 2, 38, 90, 94] - 537.6696232972995
[66, 2, 36, 38, 90] - 530.4499958971996
[66, 2, 36, 94, 97] - 525.4938621985001
[66, 2, 90, 94, 97] - 524.7829412348005
[66, 2, 36, 90, 97] - 523.4104000701994
[66, 2, 36, 90, 94] - 530.6387641416991
[66, 24, 120] - 656.9611199999993
[66, 38, 120] - 654.2601279999996
[66, 97, 120] - 658.0746790000001
[66, 94, 120] - 660.5344430000001
[66, 36, 120] - 655.2659400000002
[66, 90, 120] - 655.6768410000004
[66, 24, 41] - 624.0247589999988
[66, 24, 38, 94, 97] - 526.3908972921007
[66, 24, 36, 38, 97] - 524.9166418352995
[66, 24, 38, 90, 97] - 524.4213018358001
[66, 24, 36, 38, 94] - 531.4094283871993
[66, 24, 38, 90, 94] - 537.7566188492009
[66, 24, 36, 38, 90] - 530.0300239464015
[66, 24, 36, 94, 97] - 526.0228537146014
[66, 24, 90, 94, 97] - 525.8756348532004
[66, 24, 36, 90, 97] - 524.3236358332992
[66, 24, 36, 90, 94] - 567.2556825724009
[66, 38, 41] - 566.3255659999996
[66, 41, 97] - 541.7922089999995
[66, 94, 41] - 624.6500440000008
[66, 36, 41] - 611.9633750000008
[66, 90, 41] - 625.3024720000004
[66, 36, 38, 94, 97] - 525.2417433016001
[66, 38, 90, 94, 97] - 524.5911790907002
[66, 36, 38, 90, 97] - 522.8982041536998
[66, 36, 38, 90, 94] - 530.0831593681
[66, 36, 90, 94, 97] - 523.8704433532002
[100, 114, 63, 42] - 556.4151169100006
[2, 114, 63, 42] - 559.8402350200009
[114, 63, 42, 120] - 555.6655081100009
[56, 114, 63, 42] - 553.1201714100016
[24, 114, 63, 42] - 560.2189047799994
[114, 38, 63, 42] - 554.0584834000006
[114, 63, 97, 42] - 562.8212709100009
[114, 94, 63, 42] - 558.8993919100006
[36, 114, 63, 42] - 559.7765041199997
[114, 90, 63, 42] - 558.5149048299998
[100, 2, 114, 63] - 553.3589994199998
[100, 114, 63, 120] - 549.6692455099994
[56, 100, 114, 63] - 547.967188139999
[100, 24, 114, 63] - 555.6146201499992
[100, 114, 38, 63] - 611.0800106100008
[100, 114, 63, 97] - 556.1825157100009
[100, 114, 94, 63] - 613.3860354300003
[100, 36, 114, 63] - 617.5601674299995
[100, 114, 90, 63] - 615.4729593000008
[2, 114, 63, 120] - 552.7045718199996
[56, 2, 114, 63] - 551.0430114999996
[24, 2, 114, 63] - 558.9919410299999
[2, 114, 38, 63] - 551.3465862900002
[2, 114, 63, 97] - 558.9649772100003
[2, 114, 94, 63] - 555.2998315400008
[2, 36, 114, 63] - 556.6661836100006
[2, 114, 90, 63] - 556.849892490001
[56, 114, 63, 120] - 546.59782885
[24, 114, 63, 120] - 554.3727981100013
[114, 38, 63, 120] - 547.6258761300011
[114, 63, 97, 120] - 555.8960371500009
[114, 94, 63, 120] - 552.4986385900002
[36, 114, 63, 120] - 551.8016960800009
[114, 90, 63, 120] - 551.6071949400008
[88, 114, 63] - 530.8414290000005
[79, 114, 63] - 542.2263140000003
[56, 24, 114, 63] - 550.9121287700007
[56, 114, 38, 63] - 544.5627895400003
[56, 114, 63, 97] - 553.393905280001
[56, 114, 94, 63] - 548.5246538000011
[56, 36, 114, 63] - 550.8480566200001
[56, 114, 90, 63] - 549.2893635599993
[24, 114, 38, 63] - 552.0254696199993
[24, 114, 63, 97] - 561.0941422300004
[24, 114, 94, 63] - 649.00431214
[24, 36, 114, 63] - 650.1549400899995
[24, 114, 90, 63] - 651.6631936399997
[114, 71, 63] - 506.42831399999966
[67, 114, 63] - 508.8983959999994
[114, 38, 63, 97] - 554.3901382199998
[114, 38, 94, 63] - 610.8379658900002
[36, 114, 38, 63] - 614.5609345500008
[114, 38, 90, 63] - 612.8386900799993
[114, 94, 63, 97] - 558.7430173000002
[36, 114, 63, 97] - 559.4439573600006
[114, 90, 63, 97] - 558.8108230700008
[36, 114, 90, 94, 63] - 531.2946507431003
[100, 2, 114, 42] - 557.6398172100005
[100, 114, 42, 120] - 573.8230855300013
[56, 100, 114, 42] - 549.0100972600007
[100, 24, 114, 42] - 580.4285073199993
[100, 114, 38, 42] - 549.4187711799993
[100, 114, 97, 42] - 582.30291019
[100, 114, 94, 42] - 575.8643173500008
[100, 36, 114, 42] - 579.4875026599996
[100, 114, 90, 42] - 577.5156920999993
[2, 114, 42, 120] - 555.0537245600003
[56, 2, 114, 42] - 552.8364096699999
[24, 2, 114, 42] - 563.1526207699997
[2, 114, 38, 42] - 553.2445754100006
[2, 114, 97, 42] - 566.8244536100007
[2, 114, 94, 42] - 559.7557009000002
[2, 36, 114, 42] - 564.3335494900014
[2, 114, 90, 42] - 563.8263434500002
[56, 114, 42, 120] - 548.6722773800001
[24, 114, 42, 120] - 578.8600379500006
[114, 38, 42, 120] - 549.3753884199992
[114, 97, 42, 120] - 581.5321174299992
[114, 94, 42, 120] - 578.2294017400006
[36, 114, 42, 120] - 577.6065439399998
[114, 90, 42, 120] - 576.0113182799995
[56, 24, 114, 42] - 552.2223013700004
[56, 114, 38, 42] - 545.7883575200001
[56, 114, 97, 42] - 555.4996988199995
[56, 114, 94, 42] - 550.4045672400002
[56, 36, 114, 42] - 552.8825242099994
[56, 114, 90, 42] - 550.8252330899998
[24, 114, 38, 42] - 553.0921782999994
[24, 114, 97, 42] - 587.7974046400002
[24, 114, 94, 42] - 582.2002164699974
[24, 36, 114, 42] - 584.5947943600006
[24, 114, 90, 42] - 583.1427364400008
[114, 38, 97, 42] - 556.6018635799996
[114, 38, 94, 42] - 552.0127252899999
[36, 114, 38, 42] - 553.3410460800005
[114, 38, 90, 42] - 551.8950277599989
[114, 94, 42, 97] - 586.5475313899998
[36, 114, 42, 97] - 589.6773523700001
[114, 90, 42, 97] - 587.8130136899993
[36, 114, 94, 42] - 582.604545980001
[114, 90, 94, 42] - 581.690868619999
[36, 114, 90, 42] - 584.7612358699989
[12, 114] - 632.1941999999996
[100, 2, 114, 120] - 548.3765994000007
[56, 100, 2, 114] - 546.60835185
[100, 24, 2, 114] - 557.6233751000004
[100, 2, 114, 38] - 546.4357448000002
[100, 2, 114, 97] - 556.221884229999
[100, 2, 114, 94] - 549.8394718399995
[100, 2, 36, 114] - 554.4681696900002
[100, 2, 114, 90] - 554.4802917499986
[56, 100, 114, 120] - 542.88200559
[100, 24, 114, 120] - 573.0131962600003
[100, 114, 38, 120] - 543.2415104700001
[100, 114, 97, 120] - 573.6679088500007
[100, 114, 94, 120] - 570.0275337899985
[100, 36, 114, 120] - 570.1975217899992
[100, 114, 90, 120] - 569.2711956000006
[100, 56, 24, 114] - 547.5207603499989
[100, 56, 114, 38] - 540.3087453800008
[100, 56, 114, 97] - 548.9815746200002
[100, 56, 114, 94] - 543.9124717900005
[100, 56, 36, 114] - 546.7770523299988
[100, 56, 114, 90] - 545.2411048700001
[100, 24, 114, 38] - 548.0451754700002
[100, 24, 114, 97] - 580.9668965399993
[100, 24, 114, 94] - 575.1567336399999
[100, 24, 36, 114] - 578.26199993
[100, 24, 114, 90] - 577.37418933
[100, 114, 38, 97] - 549.2474104100002
[100, 114, 38, 94] - 602.6962181400008
[100, 36, 114, 38] - 606.991071109999
[100, 114, 38, 90] - 604.9740701099998
[100, 114, 94, 97] - 574.7919163000004
[100, 36, 114, 97] - 579.1779940600009
[100, 114, 90, 97] - 577.6013311500001
[100, 36, 114, 94] - 630.5001266000005
[100, 114, 90, 94] - 628.6688978299995
[100, 36, 114, 90] - 635.6178440899997
[11, 114] - 617.1379999999995
[56, 2, 114, 120] - 546.4354673499987
[24, 2, 114, 120] - 554.4224326800012
[2, 114, 38, 120] - 546.77881552
[2, 114, 97, 120] - 554.5309990799991
[2, 114, 94, 120] - 551.0687707300004
[2, 36, 114, 120] - 551.62334673
[2, 114, 90, 120] - 552.0054126200008
[56, 24, 2, 114] - 551.8838446600002
[56, 2, 114, 38] - 543.9606240299995
[56, 2, 114, 97] - 552.4085059699999
[56, 2, 114, 94] - 547.6537623499996
[56, 2, 36, 114] - 550.8963769399991
[56, 2, 114, 90] - 549.9869792100008
[2, 24, 114, 38] - 568.7431415500006
[2, 24, 114, 97] - 563.1250372300003
[2, 24, 114, 94] - 574.4226771599992
[2, 24, 36, 114] - 569.7431799899997
[2, 24, 114, 90] - 578.5926147199998
[2, 114, 38, 97] - 552.9045783799994
[2, 114, 38, 94] - 565.4407551599999
[2, 36, 114, 38] - 559.57966651
[2, 114, 38, 90] - 567.5102279299996
[2, 114, 94, 97] - 559.0272694400004
[2, 36, 114, 97] - 563.4357285300002
[2, 114, 90, 97] - 563.51384923
[2, 36, 114, 94] - 565.4070353699992
[2, 114, 90, 94] - 575.0556345300001
[2, 36, 114, 90] - 571.1624226300002
[56, 24, 114, 120] - 546.5708234400008
[56, 114, 38, 120] - 539.9752532499996
[56, 114, 97, 120] - 549.04366513
[56, 114, 94, 120] - 544.5506007699992
[56, 36, 114, 120] - 545.7331515099996
[56, 114, 90, 120] - 544.4028136900002
[24, 114, 38, 120] - 547.4749626000004
[24, 114, 97, 120] - 579.8339380799991
[24, 114, 94, 120] - 576.8489109199998
[24, 36, 114, 120] - 576.0395904399992
[24, 114, 90, 120] - 575.5197131000011
[114, 38, 97, 120] - 549.9338994899997
[114, 38, 94, 120] - 550.4310087300008
[36, 114, 38, 120] - 550.6890406100008
[114, 38, 90, 120] - 550.7140194800004
[114, 94, 97, 120] - 577.7932883400006
[36, 114, 97, 120] - 577.7042350099996
[114, 90, 97, 120] - 576.4663694199988
[36, 114, 94, 120] - 577.7162843500001
[114, 90, 94, 120] - 577.8493541800001
[36, 114, 90, 120] - 577.8178390500007
[88, 114, 94] - 538.0326379999999
[88, 36, 114] - 546.2109719999993
[88, 114, 90] - 544.211385
[24, 79, 114] - 531.7381720000001
[79, 114, 94] - 579.9512459999996
[79, 36, 114] - 586.7644739999996
[79, 114, 90] - 582.6194420000003
[56, 24, 114, 38] - 543.5571104900005
[56, 24, 114, 97] - 553.1726628999999
[56, 24, 114, 94] - 548.7578392899989
[56, 24, 36, 114] - 550.9236643199991
[56, 24, 114, 90] - 549.3508595399994
[56, 114, 38, 97] - 546.5954089200004
[56, 114, 38, 94] - 541.1653075200002
[56, 36, 114, 38] - 544.0895957099995
[56, 114, 38, 90] - 542.2079990400005
[56, 114, 94, 97] - 550.6724674700005
[56, 36, 114, 97] - 552.85519411
[56, 114, 90, 97] - 551.1793553799998
[56, 36, 114, 94] - 547.3984999500001
[56, 114, 90, 94] - 546.7002943400008
[56, 36, 114, 90] - 549.0819128300008
[24, 114, 38, 97] - 554.1204518299992
[24, 114, 38, 94] - 572.1631707099999
[24, 36, 114, 38] - 564.56809835
[24, 114, 38, 90] - 572.9094316499992
[24, 114, 94, 97] - 582.4137442299992
[24, 36, 114, 97] - 585.2163348500005
[24, 114, 90, 97] - 584.3233228399989
[24, 36, 114, 90, 94] - 514.979014038
[114, 71, 94] - 529.190187
[36, 114, 71] - 532.5630360000008
[114, 90, 71] - 535.802282
[67, 114, 94] - 531.8148649999993
[67, 36, 114] - 535.4364280000005
[67, 114, 90] - 539.1112189999994
[114, 38, 94, 97] - 551.8752307199995
[36, 114, 38, 97] - 553.81872308
[114, 38, 90, 97] - 552.5748677099992
[36, 114, 38, 94] - 630.4462271699994
[114, 38, 90, 94] - 638.6971621799997
[36, 114, 38, 90] - 634.9764502500003
[36, 114, 94, 97] - 582.19083741
[114, 90, 94, 97] - 581.8183637800004
[36, 114, 90, 97] - 585.1634044800006
[57, 128, 9] - 515.0391219999996
[128, 9, 97] - 526.4770659999999
[128, 9, 94] - 522.2136359999994
[36, 128, 9] - 524.0660300000003
[90, 128, 9] - 525.6558609999993
[6, 9] - 610.3645000000004
[23, 9] - 510.1216999999998
[55, 9] - 580.0501999999988
[57, 9, 41] - 639.0718389999992
[57, 38, 9] - 652.0291990000003
[57, 9, 94, 97] - 534.9634666799996
[57, 36, 9, 97] - 535.8126923799996
[57, 90, 9, 97] - 537.9675435399992
[57, 36, 9, 94] - 530.2049371199996
[57, 90, 9, 94] - 531.8406290999998
[57, 36, 90, 9] - 534.4441919000012
[1, 9, 94, 31] - 527.38191047
[1, 36, 9, 31] - 527.2165443399991
[1, 90, 9, 31] - 529.7671464100001
[56, 9, 31] - 583.0602029999992
[9, 71, 31] - 555.8685470000004
[67, 9, 31] - 558.2882570000003
[9, 41, 31] - 649.9215990000007
[9, 97, 31] - 654.0621909999991
[36, 9, 94, 31] - 534.2663746900002
[90, 9, 94, 31] - 537.2646097300003
[36, 90, 9, 31] - 535.5968499999999
[5, 9, 94] - 519.6164210000004
[36, 5, 9] - 519.6224620000002
[5, 90, 9] - 524.7917120000003
[104, 9, 94] - 520.168566000001
[36, 104, 9] - 526.0275410000004
[104, 90, 9] - 531.2685990000003
[9, 120] - 536.1194999999999
[56, 1, 9] - 596.1606849999996
[1, 9, 71] - 570.6430440000004
[67, 1, 9] - 571.49836
[1, 9, 41] - 638.640338000001
[1, 9, 97] - 660.3788609999997
[1, 36, 9, 94] - 536.8899356699994
[1, 90, 9, 94] - 538.4859691400007
[1, 36, 90, 9] - 540.08402177
[88, 9] - 666.8552999999989
[79, 9, 94] - 520.7244469999995
[79, 36, 9] - 520.1934879999995
[79, 90, 9] - 526.2767969999995
[56, 9, 41] - 578.7128090000012
[56, 9, 97] - 604.3789579999996
[56, 9, 94] - 602.2189010000006
[56, 36, 9] - 601.1061029999995
[56, 90, 9] - 598.4337840000003
[24, 9, 41] - 545.251577
[24, 9, 97] - 596.5522099999993
[24, 9, 94] - 652.2160579999995
[24, 36, 9] - 651.1240950000004
[24, 90, 9] - 655.4580609999998
[67, 9, 71] - 544.4888880000002
[9, 71, 97] - 585.6312490000003
[9, 71, 94] - 609.3244669999998
[36, 9, 71] - 612.6687089999988
[90, 9, 71] - 613.4953820000009
[67, 9, 41] - 505.98286800000017
[67, 9, 97] - 590.9497839999985
[67, 9, 94] - 610.970657
[67, 36, 9] - 613.6751880000008
[67, 90, 9] - 618.3200389999992
[38, 9, 41] - 634.3625140000004
[9, 94, 41, 97] - 641.8762467200004
[36, 9, 41, 97] - 638.5733157000008
[90, 9, 41, 97] - 639.2627501399995
[36, 90, 9, 94, 41] - 511.1292345714001
[38, 9, 94, 97] - 523.4209224299998
[36, 38, 9, 97] - 524.4555019500009
[38, 90, 9, 97] - 525.5586367699995
[36, 38, 9, 94] - 521.3988726199995
[38, 90, 9, 94] - 522.4076307699996
[36, 38, 90, 9] - 524.3354984900001
[36, 90, 9, 94, 97] - 549.4181639880999
[100, 2, 63, 42] - 556.9113399200003
[100, 63, 42, 120] - 553.7693366000008
[56, 100, 63, 42] - 550.894629080001
[100, 24, 63, 42] - 558.3564313400003
[100, 38, 63, 42] - 552.5532674000004
[100, 63, 97, 42] - 560.1674825100007
[100, 94, 63, 42] - 556.9182938500012
[100, 36, 63, 42] - 557.57110243
[100, 90, 63, 42] - 556.7337212799997
[2, 63, 42, 120] - 555.22932304
[56, 2, 63, 42] - 552.8423234399996
[24, 2, 63, 42] - 560.6240420199995
[2, 38, 63, 42] - 554.1884867599995
[2, 63, 97, 42] - 561.5453533500006
[2, 94, 63, 42] - 558.5245314100003
[2, 36, 63, 42] - 559.5497520499999
[2, 90, 63, 42] - 559.62374984
[56, 63, 42, 120] - 548.6361884499996
[24, 63, 42, 120] - 564.6264380400003
[38, 63, 42, 120] - 558.1697937699996
[63, 97, 42, 120] - 567.0117520700005
[94, 63, 42, 120] - 563.8504690000003
[36, 63, 42, 120] - 562.7963631700013
[90, 63, 42, 120] - 562.579601970001
[56, 24, 63, 42] - 552.0533832400005
[56, 38, 63, 42] - 546.5360605100002
[56, 63, 97, 42] - 555.4654506999996
[56, 94, 63, 42] - 551.13842283
[56, 36, 63, 42] - 553.1463766700003
[56, 90, 63, 42] - 551.5186669299991
[24, 38, 63, 42] - 569.6139956000005
[24, 63, 97, 42] - 578.8619480699984
[24, 94, 63, 42] - 575.7314192500013
[24, 36, 63, 42] - 575.976242960001
[24, 90, 63, 42] - 575.7532535700005
[38, 63, 97, 42] - 572.9134457299999
[38, 94, 63, 42] - 568.7478350699995
[36, 38, 63, 42] - 570.2285301899999
[38, 90, 63, 42] - 569.2764730500005
[94, 63, 42, 97] - 577.4403575600005
[36, 63, 42, 97] - 578.3650424000002
[90, 63, 42, 97] - 577.7755844100005
[36, 94, 63, 42] - 574.10370412
[90, 94, 63, 42] - 574.1719463699986
[36, 90, 63, 42] - 575.3092244699994
[12, 24, 63] - 507.29942399999925
[12, 90, 63] - 550.8403770000004
[100, 2, 63, 120] - 550.8842840700007
[56, 100, 2, 63] - 548.9420038000004
[100, 24, 2, 63] - 557.38743766
[100, 2, 38, 63] - 549.8135954599996
[100, 2, 63, 97] - 556.3455828899996
[100, 2, 94, 63] - 553.3388718399996
[100, 2, 36, 63] - 554.4336829800006
[100, 2, 90, 63] - 555.1245347899988
[56, 100, 63, 120] - 545.1801287899999
[100, 24, 63, 120] - 553.7826766000003
[100, 38, 63, 120] - 546.9523953100012
[100, 63, 97, 120] - 554.3438944200004
[100, 94, 63, 120] - 551.2123789500007
[100, 36, 63, 120] - 550.5282201400007
[100, 90, 63, 120] - 550.7543861400005
[100, 56, 24, 63] - 549.7103962000002
[100, 56, 38, 63] - 543.4634919900004
[100, 56, 63, 97] - 551.7788560799997
[100, 56, 94, 63] - 547.00303505
[100, 56, 36, 63] - 549.4308593900001
[100, 56, 90, 63] - 548.2325997800002
[100, 24, 38, 63] - 551.4644514299995
[100, 24, 63, 97] - 559.5865055
[100, 24, 94, 63] - 556.778827150001
[100, 24, 36, 63] - 556.6524289799996
[100, 24, 90, 63] - 556.8255070500006
[100, 38, 63, 97] - 553.1298901500004
[100, 38, 94, 63] - 610.3121819400001
[100, 36, 38, 63] - 613.9369736200001
[100, 38, 90, 63] - 612.3084445300002
[100, 94, 63, 97] - 556.70304981
[100, 36, 63, 97] - 557.8657440399985
[100, 90, 63, 97] - 557.5232556000007
[100, 36, 94, 63] - 615.1842573499995
[100, 90, 94, 63] - 614.8390707699997
[100, 36, 90, 63] - 618.3803722300001
[11, 63] - 575.5621000000012
[56, 2, 63, 120] - 546.7038109000006
[24, 2, 63, 120] - 555.3653998700008
[2, 38, 63, 120] - 548.219919740001
[2, 63, 97, 120] - 555.3523458
[2, 94, 63, 120] - 552.6938168299993
[2, 36, 63, 120] - 552.3533949000008
[2, 90, 63, 120] - 553.2336565600008
[56, 24, 2, 63] - 552.1870719900002
[56, 2, 38, 63] - 545.1239425800005
[56, 2, 63, 97] - 552.9653836299998
[56, 2, 94, 63] - 548.8819395600004
[56, 2, 36, 63] - 551.4821870899998
[56, 2, 90, 63] - 550.92083798
[2, 24, 38, 63] - 553.2040908200003
[2, 24, 63, 97] - 561.2448790100001
[2, 24, 94, 63] - 558.8766498999994
[2, 24, 36, 63] - 559.0839090699995
[2, 24, 90, 63] - 559.9850487399999
[2, 38, 63, 97] - 554.3088049599988
[2, 38, 94, 63] - 550.6820584799995
[2, 36, 38, 63] - 552.3012837199997
[2, 38, 90, 63] - 552.1861743600005
[2, 94, 63, 97] - 557.9526806899997
[2, 36, 63, 97] - 559.0824907600012
[2, 90, 63, 97] - 559.5166318900001
[2, 36, 94, 63] - 555.5152017600004
[2, 90, 94, 63] - 556.8834341600007
[2, 36, 90, 63] - 557.9126383800001
[56, 24, 63, 120] - 547.2209751499998
[56, 38, 63, 120] - 541.1773825400007
[56, 63, 97, 120] - 549.7432453300003
[56, 94, 63, 120] - 545.7157229099996
[56, 36, 63, 120] - 546.4413688699997
[56, 90, 63, 120] - 545.4464496900014
[24, 38, 63, 120] - 587.1810276300004
[24, 63, 97, 120] - 596.8832143100004
[24, 94, 63, 120] - 563.4041890400001
[24, 36, 63, 120] - 561.7242036300014
[24, 90, 63, 120] - 591.8003519099999
[38, 63, 97, 120] - 589.8763235899986
[38, 94, 63, 120] - 555.3854062999999
[36, 38, 63, 120] - 555.48078956
[38, 90, 63, 120] - 584.5670913399988
[94, 63, 97, 120] - 564.3058295399999
[36, 63, 97, 120] - 563.4801211900002
[90, 63, 97, 120] - 593.3351618400003
[36, 94, 63, 120] - 559.5505117800001
[90, 94, 63, 120] - 560.5882688699992
[36, 90, 63, 120] - 559.8078637199997
[88, 94, 63] - 543.6112979999996
[88, 36, 63] - 552.8279359999999
[88, 90, 63] - 550.8546860000009
[24, 79, 63] - 521.5334630000004
[79, 94, 63] - 556.7422819999997
[79, 36, 63] - 564.8173270000004
[79, 90, 63] - 560.1305520000002
[56, 24, 38, 63] - 544.5512156299985
[56, 24, 63, 97] - 553.8204283000002
[56, 24, 94, 63] - 549.7630749799998
[56, 24, 36, 63] - 551.3993520100007
[56, 24, 90, 63] - 550.2895194600002
[56, 38, 63, 97] - 547.9404743300006
[56, 38, 94, 63] - 542.9667483799994
[56, 36, 38, 63] - 545.6931892099999
[56, 38, 90, 63] - 543.8676014499998
[56, 94, 63, 97] - 552.0765954199993
[56, 36, 63, 97] - 553.8339464600009
[56, 90, 63, 97] - 552.6574927700003
[56, 36, 94, 63] - 548.7225694500003
[56, 90, 94, 63] - 548.3882407500006
[56, 36, 90, 63] - 550.5472575900005
[67, 24, 63] - 521.5815219999998
[24, 38, 63, 97] - 631.2946047700009
[24, 38, 94, 63] - 567.7488149400002
[24, 36, 38, 63] - 568.7136040700009
[24, 38, 90, 63] - 625.9046900599997
[24, 94, 63, 97] - 576.9143757799989
[24, 36, 63, 97] - 577.3374776400003
[24, 90, 63, 97] - 636.21504029
[24, 36, 94, 63] - 664.7809099499998
[24, 90, 94, 63] - 667.3267604000001
[24, 36, 90, 63] - 669.1551724100001
[38, 71, 63] - 522.3739300000005
[36, 71, 63] - 505.02710900000005
[90, 71, 63] - 586.5607459999994
[67, 38, 63] - 536.2554679999996
[67, 94, 63] - 519.3226010000009
[67, 36, 63] - 524.1615859999997
[67, 90, 63] - 605.5514589999996
[38, 94, 63, 97] - 569.2265498900001
[36, 38, 63, 97] - 571.4709958099995
[38, 90, 63, 97] - 629.3433686600015
[36, 38, 94, 63] - 627.3944388800006
[38, 90, 94, 63] - 626.8278626800005
[36, 38, 90, 63] - 630.7829542899999
[36, 94, 63, 97] - 574.1269344200005
[90, 94, 63, 97] - 574.7693704000001
[36, 90, 63, 97] - 575.8999358799997
[12, 42] - 643.1486999999987
[100, 2, 42, 120] - 552.0838208499996
[56, 100, 2, 42] - 549.5352106499993
[100, 24, 2, 42] - 560.3247640499995
[100, 2, 38, 42] - 550.4634266900008
[100, 2, 97, 42] - 560.0494245300006
[100, 2, 94, 42] - 554.3276601899998
[100, 2, 36, 42] - 558.0996179699997
[100, 2, 90, 42] - 558.2390061299991
[56, 100, 42, 120] - 546.37103224
[100, 24, 42, 120] - 577.0759418000009
[100, 38, 42, 120] - 547.7626182699996
[100, 97, 42, 120] - 578.9659290500002
[100, 94, 42, 120] - 576.3674094799987
[100, 36, 42, 120] - 575.1031750499994
[100, 90, 42, 120] - 574.4876871300006
[100, 56, 24, 42] - 549.9124208200003
[100, 56, 38, 42] - 543.6868969399999
[100, 56, 97, 42] - 552.6314950599992
[100, 56, 94, 42] - 548.0909587899998
[100, 56, 36, 42] - 550.0647817999994
[100, 56, 90, 42] - 548.7664199800004
[100, 24, 38, 42] - 551.3714166400006
[100, 24, 97, 42] - 584.7325463000014
[100, 24, 94, 42] - 580.0961088499988
[100, 24, 36, 42] - 581.7048929099999
[100, 24, 90, 42] - 581.1972581000001
[100, 38, 97, 42] - 553.9071776599995
[100, 38, 94, 42] - 550.4158852799995
[100, 36, 38, 42] - 551.1111300500002
[100, 38, 90, 42] - 550.3725524800002
[100, 94, 42, 97] - 580.9513371600009
[100, 36, 42, 97] - 584.0994286599997
[100, 90, 42, 97] - 582.8563331099996
[100, 36, 94, 42] - 577.8375459199998
[100, 90, 94, 42] - 577.4238431699995
[100, 36, 90, 42] - 580.0365335799999
[128, 42] - 537.2009999999998
[11, 42] - 615.9697
[5, 42] - 585.8327999999993
[56, 2, 42, 120] - 548.0746302300001
[24, 2, 42, 120] - 586.8719203800013
[2, 38, 42, 120] - 603.6503129700001
[2, 97, 42, 120] - 627.2789861400003
[2, 94, 42, 120] - 621.99461064
[2, 36, 42, 120] - 624.8907816500014
[2, 90, 42, 120] - 623.8765636899999
[88, 2, 42] - 554.989425
[79, 2, 42] - 566.499948
[56, 24, 2, 42] - 552.8556823099998
[56, 2, 38, 42] - 545.9438053899988
[56, 2, 97, 42] - 554.3633691200004
[56, 2, 94, 42] - 550.0919364100012
[56, 2, 36, 42] - 552.8096580700002
[56, 2, 90, 42] - 551.8828693900007
[2, 24, 38, 42] - 585.1416411700003
[2, 24, 97, 42] - 629.917591370001
[2, 24, 94, 42] - 621.1378537700001
[2, 24, 36, 42] - 625.8786352600005
[2, 24, 90, 42] - 626.7676344299997
[2, 71, 42] - 547.4508889999995
[67, 2, 42] - 559.6737910000008
[2, 38, 97, 42] - 666.6552393600007
[2, 38, 94, 42] - 658.748571600001
[2, 36, 38, 42] - 664.9145657600003
[2, 38, 90, 42] - 662.8121672999978
[2, 36, 94, 42, 97] - 526.7284285263007
[2, 90, 94, 42, 97] - 526.9356481316996
[2, 36, 90, 42, 97] - 533.4579782208009
[2, 36, 90, 94, 42] - 525.2395146131998
[88, 42, 120] - 524.1434180000003
[79, 42, 120] - 569.3186989999998
[56, 24, 42, 120] - 548.0221487100006
[56, 38, 42, 120] - 542.1246288499996
[56, 97, 42, 120] - 582.9851566800003
[56, 94, 42, 120] - 578.5494253700011
[56, 36, 42, 120] - 579.1146983599994
[56, 90, 42, 120] - 577.6646187100001
[24, 38, 42, 120] - 587.718518869999
[24, 97, 42, 120] - 636.5692009400007
[24, 94, 42, 120] - 632.6631801299988
[24, 36, 42, 120] - 631.71155332
[24, 90, 42, 120] - 632.6530065399991
[71, 42, 120] - 529.9092150000001
[67, 42, 120] - 547.661608000001
[38, 97, 42, 120] - 630.1916107699999
[38, 94, 42, 120] - 625.1667658399997
[36, 38, 42, 120] - 627.12701901
[38, 90, 42, 120] - 625.7890911699996
[36, 94, 42, 97, 120] - 527.0672366081013
[90, 94, 42, 97, 120] - 526.4757128113998
[36, 90, 42, 97, 120] - 528.3086557073993
[36, 90, 94, 42, 120] - 524.2386892269996
[88, 24, 42] - 505.5030349999997
[88, 38, 42] - 569.3273409999999
[88, 97, 42] - 660.5583529999992
[88, 94, 42] - 647.4407729999988
[88, 36, 42] - 661.4368869999998
[88, 90, 42] - 659.1765899999995
[24, 79, 42] - 553.5387449999996
[79, 38, 42] - 581.9874970000008
[79, 94, 42, 97] - 521.1215889399998
[79, 36, 42, 97] - 529.70057499
[79, 90, 42, 97] - 524.9966044399996
[79, 36, 94, 42] - 521.7175998399997
[79, 90, 94, 42] - 516.6753315799999
[79, 36, 90, 42] - 525.5418689299994
[56, 24, 38, 42] - 544.9329337100004
[56, 24, 97, 42] - 554.7630510799995
[56, 24, 94, 42] - 550.9225845900002
[56, 24, 36, 42] - 552.2950236999991
[56, 24, 90, 42] - 550.7644328300009
[56, 38, 97, 42] - 549.1680825499992
[56, 38, 94, 42] - 544.0768006100004
[56, 36, 38, 42] - 546.5457923500006
[56, 38, 90, 42] - 544.4322938599998
[56, 94, 42, 97] - 585.8641358099997
[56, 36, 42, 97] - 587.5491039400004
[56, 90, 42, 97] - 586.10709009
[56, 36, 94, 42] - 582.3192734500011
[56, 90, 94, 42] - 581.6752743599997
[56, 36, 90, 42] - 583.4056319000009
[67, 24, 42] - 530.1219189999995
[24, 38, 97, 42] - 634.0342600899997
[24, 38, 94, 42] - 627.1832363099992
[24, 36, 38, 42] - 630.3540494699995
[24, 38, 90, 42] - 630.0673042399995
[24, 36, 94, 42, 97] - 519.5042421464
[24, 90, 94, 42, 97] - 520.9680788123003
[24, 36, 90, 42, 97] - 524.8016723871003
[24, 36, 90, 94, 42] - 517.3955820008005
[38, 71, 42] - 542.7853570000007
[71, 97, 42] - 649.3112219999997
[71, 94, 42] - 640.2284539999991
[36, 71, 42] - 646.7355140000001
[90, 71, 42] - 650.5088159999997
[67, 38, 42] - 571.0813250000003
[67, 36, 42, 97] - 509.3345688899999
[67, 90, 42, 97] - 511.9736787999997
[67, 94, 42] - 670.237800000001
[67, 36, 90, 42] - 510.3386749200007
[36, 38, 94, 42, 97] - 533.0640985756004
[38, 90, 94, 42, 97] - 531.5450271255991
[36, 38, 90, 42, 97] - 537.0875525297992
[36, 38, 90, 94, 42] - 529.9967032467014
[36, 90, 94, 42, 97] - 602.975685998599
[56, 12, 100] - 581.8599319999998
[12, 100, 24] - 583.346645
[12, 100, 97] - 577.7310740000004
[12, 100, 94] - 617.440869
[12, 100, 36] - 618.1714479999995
[12, 100, 90] - 619.624753999999
[55, 12] - 547.5584000000001
[12, 31] - 561.4579999999995
[12, 5] - 642.1552000000003
[12, 2, 38] - 571.9258779999993
[12, 2, 97] - 580.0892340000005
[12, 2, 94] - 594.7163719999999
[12, 2, 36] - 597.1520019999995
[12, 2, 90] - 601.9642419999998
[12, 104, 90] - 514.7278279999998
[12, 38, 120] - 513.6631930000007
[12, 97, 120] - 531.0343839999995
[12, 36, 120] - 507.05573600000014
[12, 90, 120] - 548.7664740000004
[12, 1, 41] - 517.1552559999999
[12, 1, 90] - 533.7169160000001
[88, 12, 79, 94] - 557.9326805900004
[88, 12, 79, 36] - 559.0438647700008
[88, 12, 79, 90] - 559.1415041900005
[88, 56, 12] - 536.7483379999996
[88, 12, 71] - 550.315195999999
[88, 67, 12] - 548.5848409999996
[88, 12, 41] - 544.692869
[88, 12, 38] - 523.6052170000006
[88, 12, 94, 97] - 550.9392934800005
[88, 12, 36, 97] - 552.6627644400003
[88, 12, 90, 97] - 554.6046370100003
[88, 12, 36, 94] - 632.2087163399992
[88, 12, 90, 94] - 633.0274162200017
[88, 12, 36, 90] - 634.5252403399992
[56, 12, 79] - 538.6959740000005
[12, 79, 71] - 552.4759270000003
[67, 12, 79] - 546.7674380000002
[12, 79, 41] - 545.3338920000003
[12, 79, 38] - 524.3830389999995
[12, 79, 94, 97] - 548.9774089999992
[12, 79, 36, 97] - 550.51213937
[12, 79, 90, 97] - 548.6200517000001
[12, 79, 36, 94] - 633.0291103700001
[12, 79, 90, 94] - 630.86723322
[12, 79, 36, 90] - 631.7010213599998
[12, 56, 24] - 583.1770290000001
[12, 56, 94, 97] - 540.4644928700002
[12, 56, 36, 97] - 539.2511948199997
[12, 56, 90, 97] - 540.5292071700004
[12, 56, 36, 94] - 541.0363616499997
[12, 56, 90, 94] - 542.8848184999998
[12, 56, 36, 90] - 541.0058717199989
[12, 24, 90, 97] - 531.5679687000003
[12, 24, 36, 94] - 515.5813726300003
[12, 24, 90, 94] - 517.7997530199997
[12, 24, 36, 90] - 517.6227334399996
[67, 12, 71] - 555.9360690000011
[12, 38, 71] - 570.8679209999999
[12, 71, 97] - 654.2883429999998
[12, 71, 94] - 662.6242000000002
[12, 36, 71] - 665.9776619999997
[12, 90, 71] - 753.1623079999999
[12, 67, 38] - 566.2043579999998
[12, 67, 97] - 645.8877429999998
[12, 67, 94] - 658.4464959999998
[12, 67, 36] - 661.1228640000003
[12, 67, 90] - 749.2672719999999
[12, 41, 97] - 521.3524810000004
[12, 94, 41] - 566.9951729999996
[12, 36, 41] - 568.0031689999993
[12, 90, 41] - 650.6826799999998
[12, 38, 90, 97] - 562.5488620800005
[12, 36, 38, 94] - 551.199342349999
[12, 38, 90, 94] - 551.0778958599994
[12, 36, 38, 90] - 556.3122986500002
[12, 36, 90, 94, 97] - 520.3384657556993
[11, 100] - 564.3886999999991
[100, 6] - 665.9428999999985
[1, 100, 31] - 550.7041980000002
[100, 79, 31] - 522.0818589999997
[100, 41, 31] - 516.99288
[100, 94, 31] - 562.282251
[100, 36, 31] - 562.6739709999995
[100, 90, 31] - 558.2043899999999
[100, 5] - 662.4616999999997
[56, 100, 2, 120] - 544.033090979999
[100, 24, 2, 120] - 552.8409125900002
[100, 2, 38, 120] - 544.9674779899998
[100, 2, 97, 120] - 551.5592442200002
[100, 2, 94, 120] - 548.8144999100007
[100, 2, 36, 120] - 548.8168792700002
[100, 2, 90, 120] - 550.0130637499993
[100, 56, 24, 2] - 549.5935735200002
[100, 56, 2, 38] - 541.7278763599996
[100, 56, 2, 97] - 549.3677040799993
[100, 56, 2, 94] - 545.1054587900005
[100, 56, 2, 36] - 547.9244665300004
[100, 56, 2, 90] - 547.8362787999995
[100, 2, 24, 38] - 550.1440513499999
[100, 2, 24, 97] - 560.2078836499999
[100, 2, 24, 94] - 555.3206533999995
[100, 2, 24, 36] - 558.2379804999998
[100, 2, 24, 90] - 559.2216748799999
[100, 2, 38, 97] - 550.0393012800009
[100, 2, 38, 94] - 546.5007018899987
[100, 2, 36, 38] - 548.166028249999
[100, 2, 38, 90] - 548.5698954399996
[100, 2, 94, 97] - 552.7605363099995
[100, 2, 36, 97] - 557.1372046900002
[100, 2, 90, 97] - 557.65811844
[100, 2, 36, 94] - 550.9185802599995
[100, 2, 90, 94] - 552.4632876800006
[100, 2, 36, 90] - 555.9911275100005
[100, 56, 24, 120] - 545.3111647100011
[100, 56, 38, 120] - 538.472917420001
[100, 56, 97, 120] - 546.9256212800001
[100, 56, 94, 120] - 542.6531720200003
[100, 56, 36, 120] - 543.6784927799999
[100, 56, 90, 120] - 542.9924012000014
[100, 24, 38, 120] - 546.8333430099998
[100, 24, 97, 120] - 578.10112119
[100, 24, 94, 120] - 575.7737095399995
[100, 24, 36, 120] - 574.3445169100005
[100, 24, 90, 120] - 574.609733150001
[100, 38, 97, 120] - 548.2614800999997
[100, 38, 94, 120] - 544.6331090299998
[100, 36, 38, 120] - 544.8184012300001
[100, 38, 90, 120] - 544.8369994800004
[100, 94, 97, 120] - 575.6061348899993
[100, 36, 97, 120] - 575.6784911500013
[100, 90, 97, 120] - 575.2183495599991
[100, 36, 94, 120] - 571.7093306099997
[100, 90, 94, 120] - 571.8964563699992
[100, 36, 90, 120] - 571.8203623100006
[100, 1, 79] - 507.1553479999996
[100, 1, 41] - 517.7370760000002
[100, 1, 94] - 547.977273
[100, 1, 36] - 546.4457270000005
[100, 1, 90] - 542.9565230000007
[88, 100, 79] - 640.1251870000004
[88, 100, 56, 24] - 600.0669363699997
[88, 100, 56, 97] - 599.5057710000001
[88, 100, 56, 94] - 597.7733461999999
[88, 100, 56, 36] - 599.0905023099995
[88, 100, 56, 90] - 595.2982808000011
[88, 100, 24, 97] - 602.7447530300008
[88, 100, 24, 94] - 600.4825849600012
[88, 100, 24, 36] - 599.8334408500014
[88, 100, 24, 90] - 597.2675762500002
[88, 100, 94, 97] - 600.5780200700008
[88, 100, 36, 97] - 601.2871083300001
[88, 100, 90, 97] - 597.9682435499998
[88, 100, 36, 94] - 627.0399971699989
[88, 100, 90, 94] - 624.2031205600006
[88, 100, 36, 90] - 623.9847697899999
[100, 56, 24, 79] - 602.2107642299997
[100, 56, 79, 97] - 598.5429921999997
[100, 56, 79, 94] - 597.7964351800007
[100, 56, 79, 36] - 597.7922507099994
[100, 56, 79, 90] - 590.6286808299993
[100, 79, 24, 97] - 635.6980275500006
[100, 79, 24, 94] - 635.9677849899996
[100, 79, 24, 36] - 632.5682825699998
[100, 79, 24, 90] - 626.9314006300001
[100, 79, 94, 97] - 631.1425639499993
[100, 79, 36, 97] - 630.0131399100009
[100, 79, 90, 97] - 623.4159560800007
[100, 79, 36, 94] - 658.9048498800006
[100, 79, 90, 94] - 652.8744976899982
[100, 79, 36, 90] - 652.0426279399983
[100, 56, 24, 38] - 542.11568824
[100, 56, 24, 94, 97] - 659.9312203227995
[100, 56, 24, 36, 97] - 658.6528635174002
[100, 56, 24, 90, 97] - 657.2656353987036
[100, 56, 24, 36, 94] - 655.8653018096016
[100, 56, 24, 90, 94] - 655.1501878131998
[100, 56, 24, 36, 90] - 653.1145507757998
[100, 56, 71] - 579.2271879999996
[67, 100, 56] - 580.9990759999995
[100, 56, 38, 97] - 544.6714073599995
[100, 56, 38, 94] - 539.6229663400003
[100, 56, 36, 38] - 542.3841241699995
[100, 56, 38, 90] - 541.0998336500008
[100, 56, 36, 94, 97] - 654.6195519588011
[100, 56, 90, 94, 97] - 653.8871000068015
[100, 56, 36, 90, 97] - 652.5649706197005
[100, 56, 36, 90, 94] - 649.2932039645007
[100, 24, 71] - 592.3894270000003
[67, 100, 24] - 598.0296759999995
[100, 24, 38, 97] - 552.3718088499999
[100, 24, 38, 94] - 549.3961058699989
[100, 24, 36, 38] - 549.5925552299989
[100, 24, 38, 90] - 549.6703975800009
[100, 24, 36, 90, 94, 97] - 509.77454253654764
[100, 71, 97] - 592.7540269999996
[100, 71, 94] - 669.4687829999996
[100, 36, 71] - 673.2924220000012
[100, 90, 71] - 671.9026960000002
[100, 67, 97] - 592.806904
[100, 67, 94] - 669.6529760000008
[100, 67, 36] - 667.9756559999998
[100, 67, 90] - 673.1783000000004
[100, 94, 41] - 514.7302710000004
[100, 36, 41] - 513.4457620000003
[100, 90, 41] - 509.9171619999999
[100, 38, 94, 97] - 549.7762052299989
[100, 36, 38, 97] - 551.8969235399986
[100, 38, 90, 97] - 551.1451001999999
[100, 36, 38, 94] - 605.5766233999994
[100, 38, 90, 94] - 605.0047229400005
[100, 36, 38, 90] - 608.5964114299994
[11, 38, 128] - 631.3671429999996
[11, 128, 97] - 605.552879000001
[11, 128, 94] - 628.7301049999992
[11, 36, 128] - 624.8177150000002
[11, 90, 128] - 631.3536859999995
[38, 6, 128] - 549.6921649999996
[6, 128, 97] - 564.506504
[6, 128, 94] - 571.8283460000001
[36, 6, 128] - 569.5644689999998
[6, 90, 128] - 574.0841800000006
[23, 57, 128, 31] - 546.9559523299989
[23, 57, 104, 128] - 577.83787064
[1, 23, 57, 128] - 574.039690360001
[56, 23, 57, 128] - 576.9605754300011
[23, 57, 128, 71] - 580.8818782400001
[67, 23, 57, 128] - 578.7368092699999
[23, 57, 128, 41] - 553.7812695100006
[23, 57, 38, 128] - 544.6468070499997
[23, 57, 128, 97] - 577.6888733800005
[23, 57, 128, 94] - 579.2175565699999
[23, 57, 36, 128] - 582.421485740001
[23, 57, 90, 128] - 579.0116611300012
[23, 104, 128, 31] - 548.6238836800003
[1, 23, 128, 31] - 543.0774881800003
[56, 23, 128, 31] - 545.4444745600007
[23, 128, 71, 31] - 549.5649287899994
[67, 23, 128, 31] - 548.9481839399997
[23, 128, 41, 31] - 554.2095741500004
[23, 38, 128, 31] - 545.0989936399999
[23, 128, 97, 31] - 546.8646889000003
[23, 128, 94, 31] - 547.8111182800002
[23, 36, 128, 31] - 552.0348280099998
[23, 90, 128, 31] - 549.7474875199999
[1, 23, 104, 128] - 574.382705959999
[56, 23, 104, 128] - 576.9354402599996
[23, 104, 128, 71] - 581.9873808799999
[67, 23, 104, 128] - 578.9316927099993
[23, 104, 128, 41] - 554.7801412299997
[23, 38, 104, 128] - 546.9613119199996
[23, 104, 128, 97] - 577.9895742299996
[23, 104, 128, 94] - 578.1111295000005
[23, 36, 104, 128] - 583.4799835100001
[23, 104, 90, 128] - 580.7035101699996
[56, 23, 1, 128] - 572.2396778199999
[23, 1, 128, 71] - 577.3446008100001
[67, 23, 1, 128] - 573.8177298700004
[23, 1, 128, 41] - 547.9867934699994
[23, 1, 38, 128] - 540.2729811599994
[23, 1, 128, 97] - 573.3936996599991
[23, 1, 128, 94] - 573.5334464999995
[23, 1, 36, 128] - 579.3524752299996
[23, 1, 90, 128] - 575.5225168099997
[23, 56, 128, 71] - 579.3111351500003
[67, 23, 56, 128] - 576.367316820001
[23, 56, 128, 41] - 551.1887877600014
[23, 56, 38, 128] - 543.1789796600003
[23, 56, 128, 97] - 575.80060018
[23, 56, 128, 94] - 576.0756374399994
[23, 56, 36, 128] - 580.5818587000011
[23, 56, 90, 128] - 576.6695376499997
[67, 23, 128, 71] - 580.7501593500001
[23, 128, 71, 41] - 555.1434969000005
[23, 38, 128, 71] - 546.8186170999996
[23, 128, 71, 97] - 580.86505116
[23, 128, 71, 94] - 580.5604725999999
[23, 36, 128, 71] - 584.7037036200006
[23, 90, 128, 71] - 582.0496776799989
[23, 67, 128, 41] - 555.1432695100004
[23, 67, 38, 128] - 547.2048293699995
[23, 67, 128, 97] - 577.635180500002
[23, 67, 128, 94] - 577.3518083800004
[23, 67, 36, 128] - 582.3209238200009
[23, 67, 90, 128] - 578.4535113399991
[23, 38, 128, 41] - 551.2591217999991
[23, 128, 41, 97] - 552.7400546100004
[23, 128, 94, 41] - 551.99749858
[23, 36, 128, 41] - 557.3135679199994
[23, 90, 128, 41] - 553.9021308800002
[23, 38, 128, 97] - 544.1608947499999
[23, 38, 128, 94] - 544.2747353899996
[23, 36, 38, 128] - 549.8237434200003
[23, 38, 90, 128] - 545.8038539299998
[23, 128, 94, 97] - 576.2355576599995
[23, 36, 128, 97] - 581.2235619699995
[23, 90, 128, 97] - 577.4273245299994
[23, 36, 128, 94] - 582.6535843799994
[23, 90, 128, 94] - 578.9179005700001
[23, 36, 90, 128] - 583.9327034400001
[57, 104, 128, 31] - 548.4320867300005
[1, 57, 128, 31] - 543.8590011700006
[56, 57, 128, 31] - 545.1646054100003
[57, 128, 71, 31] - 547.9540046400004
[67, 57, 128, 31] - 548.4565808300008
[57, 128, 41, 31] - 555.5558645100003
[57, 38, 128, 31] - 546.1928938100004
[57, 128, 97, 31] - 547.3123983999997
[57, 128, 94, 31] - 549.6971457599999
[57, 36, 128, 31] - 553.6602991299995
[57, 90, 128, 31] - 550.5308116600004
[57, 5, 128] - 564.953176
[1, 57, 104, 128] - 575.2302510500011
[56, 57, 104, 128] - 576.8449117099992
[57, 104, 128, 71] - 642.2356736100007
[67, 57, 104, 128] - 642.9458840899997
[57, 104, 128, 41] - 555.4584824299998
[57, 38, 104, 128] - 578.4428001699993
[57, 104, 128, 97] - 644.34386567
[57, 104, 128, 94] - 641.9304398699987
[57, 36, 104, 128] - 648.7707031599997
[57, 104, 90, 128] - 646.6164131200009
[57, 128, 120] - 540.0307029999996
[56, 1, 57, 128] - 573.4237490900016
[1, 57, 128, 71] - 576.6804282899994
[67, 1, 57, 128] - 575.1535802500001
[1, 57, 128, 41] - 549.9115944199992
[1, 57, 38, 128] - 541.7042537000005
[1, 57, 128, 97] - 575.0677215599999
[1, 57, 128, 94] - 576.8755543199995
[1, 57, 36, 128] - 582.3786641300002
[1, 57, 90, 128] - 577.69622734
[56, 57, 128, 71] - 580.335017360001
[67, 56, 57, 128] - 578.5739312900002
[56, 57, 128, 41] - 551.9115633499994
[56, 57, 38, 128] - 543.5252147300004
[56, 57, 128, 97] - 578.754294579999
[56, 57, 128, 94] - 578.8370009700016
[56, 57, 36, 128] - 582.4329248400014
[56, 57, 90, 128] - 577.8327506000007
[67, 57, 128, 71] - 643.37101314
[57, 128, 71, 41] - 554.5762384399995
[57, 38, 128, 71] - 576.0041728700002
[57, 128, 71, 97] - 645.7226518699996
[57, 128, 71, 94] - 640.81167629
[57, 36, 128, 71] - 646.0564255800014
[57, 90, 128, 71] - 644.4004684400004
[67, 57, 128, 41] - 555.8669065299994
[67, 57, 38, 128] - 578.1047381499977
[67, 57, 128, 97] - 646.0425289700006
[67, 57, 128, 94] - 641.3318265899991
[67, 57, 36, 128] - 648.0634245400008
[67, 57, 90, 128] - 644.258730900001
[57, 38, 128, 41, 97] - 513.3789035694991
[57, 38, 128, 94, 41] - 514.6647013839004
[57, 36, 38, 128, 41] - 517.7183443371996
[57, 38, 90, 128, 41] - 513.4565745064018
[57, 128, 94, 41, 97] - 514.1099991523996
[57, 36, 128, 41, 97] - 516.8960081279997
[57, 90, 128, 41, 97] - 512.4854936330997
[57, 36, 128, 94, 41] - 518.862382101399
[57, 90, 128, 94, 41] - 514.7854411309
[57, 36, 90, 128, 41] - 517.9920181503004
[57, 38, 128, 94, 97] - 532.5005319961997
[57, 36, 38, 128, 97] - 536.5511208625004
[57, 38, 90, 128, 97] - 531.3704829888009
[57, 36, 38, 128, 94] - 537.4183654338998
[57, 38, 90, 128, 94] - 532.6553788868989
[57, 36, 38, 90, 128] - 537.4024199364999
[57, 36, 128, 94, 97] - 585.3375654532005
[57, 90, 128, 94, 97] - 582.1022716152002
[57, 36, 90, 128, 97] - 586.5953118774004
[57, 36, 90, 128, 94] - 587.3419358356011
[1, 104, 128, 31] - 544.4403301999996
[56, 104, 128, 31] - 545.54938373
[104, 128, 71, 31] - 549.5972513500001
[67, 104, 128, 31] - 549.2779278600005
[104, 128, 41, 31] - 556.1432121500006
[38, 104, 128, 31] - 548.2293005199992
[104, 128, 97, 31] - 548.1957551099996
[104, 128, 94, 31] - 549.4207993199999
[36, 104, 128, 31] - 555.6806296100007
[104, 90, 128, 31] - 553.1808065799984
[56, 1, 128, 31] - 540.1986462700002
[1, 128, 71, 31] - 544.0599358799996
[67, 1, 128, 31] - 558.2254377999998
[1, 128, 41, 31] - 549.8736248800002
[1, 38, 128, 31] - 557.2196932299993
[1, 128, 97, 31] - 557.3365070399997
[1, 128, 94, 31] - 559.0214705699995
[1, 36, 128, 31] - 566.1529858399999
[1, 90, 128, 31] - 562.7075871200001
[56, 128, 71, 31] - 546.7653160599991
[67, 56, 128, 31] - 546.6170087499999
[56, 128, 41, 31] - 551.5569263600012
[56, 38, 128, 31] - 543.0412427200004
[56, 128, 97, 31] - 545.3492875600004
[56, 128, 94, 31] - 545.3057050699999
[56, 36, 128, 31] - 550.2374036600006
[56, 90, 128, 31] - 546.6334029300011
[67, 128, 71, 31] - 550.0645086999997
[128, 71, 41, 31] - 554.2263974300006
[38, 128, 71, 31] - 545.6303007899998
[128, 71, 97, 31] - 549.386026110001
[128, 71, 94, 31] - 548.9674171099997
[36, 128, 71, 31] - 553.6188815400006
[90, 128, 71, 31] - 550.8882423200007
[67, 128, 41, 31] - 555.2670980500001
[67, 38, 128, 31] - 561.6178521799995
[67, 128, 97, 31] - 563.2255012600006
[67, 128, 94, 31] - 562.2302155199989
[67, 36, 128, 31] - 568.21477172
[67, 90, 128, 31] - 565.2303605799999
[38, 128, 41, 31] - 553.2472993300001
[128, 41, 97, 31] - 554.2388202700012
[128, 94, 41, 31] - 554.7238748799995
[36, 128, 41, 31] - 560.1177851799995
[90, 128, 41, 31] - 557.4011875699989
[38, 128, 97, 31] - 569.8276906199998
[38, 128, 94, 31] - 571.5749492
[36, 38, 128, 31] - 577.31672311
[38, 90, 128, 31] - 574.8005496600007
[128, 94, 31, 97] - 571.2154798800008
[36, 128, 31, 97] - 576.8406330299993
[90, 128, 31, 97] - 573.6069475500002
[36, 128, 94, 31] - 579.9604794000003
[90, 128, 94, 31] - 577.0917152200001
[36, 90, 128, 31] - 582.6638547999999
[5, 128, 71] - 510.4751939999998
[67, 5, 128] - 522.7950949999998
[38, 5, 128] - 602.7451950000004
[5, 128, 97] - 657.8132109999987
[5, 128, 94] - 664.4497360000007
[36, 5, 128] - 667.1426890000006
[5, 90, 128] - 669.0754179999993
[24, 2, 128] - 539.9824120000003
[2, 128, 97] - 520.265434999999
[2, 128, 94] - 539.3190289999997
[2, 36, 128] - 526.5392949999999
[2, 90, 128] - 540.3418389999999
[56, 1, 104, 128] - 572.3579975099998
[1, 104, 128, 71] - 577.245554179999
[67, 1, 104, 128] - 574.3264089100003
[1, 104, 128, 41] - 549.6774185299997
[1, 38, 104, 128] - 542.8345716600006
[1, 104, 128, 97] - 574.4197452599999
[1, 104, 128, 94] - 575.3232606400004
[1, 36, 104, 128] - 582.9737237000007
[1, 104, 90, 128] - 578.69785128
[56, 104, 128, 71] - 580.1947812100004
[67, 56, 104, 128] - 577.6429443299992
[56, 104, 128, 41] - 551.7573559599992
[56, 38, 104, 128] - 544.7619511900002
[56, 104, 128, 97] - 578.0317810900016
[56, 104, 128, 94] - 576.6986911799999
[56, 36, 104, 128] - 582.7157411000005
[56, 104, 90, 128] - 578.6873634599997
[67, 104, 128, 71] - 643.363863799999
[104, 128, 71, 41] - 555.4368248100003
[38, 104, 128, 71] - 578.2611951099992
[104, 128, 71, 97] - 645.7669025700008
[104, 128, 71, 94] - 639.5924381300006
[36, 104, 128, 71] - 647.2231687399996
[104, 90, 128, 71] - 645.8744300400001
[67, 104, 128, 41] - 556.06497582
[67, 38, 104, 128] - 579.7270043300009
[67, 104, 128, 97] - 645.6513008000007
[67, 104, 128, 94] - 639.2671194200009
[67, 36, 104, 128] - 648.4608828400018
[67, 104, 90, 128] - 645.5945788300005
[38, 104, 128, 41] - 554.8508304100005
[104, 128, 41, 97] - 554.7428684999998
[104, 128, 94, 41] - 554.2170148699986
[36, 104, 128, 41] - 561.0987875600003
[104, 90, 128, 41] - 557.88174584
[104, 38, 128, 97] - 579.2823879200005
[104, 38, 128, 94] - 576.9603482400006
[36, 104, 38, 128] - 585.5029269899989
[104, 38, 90, 128] - 581.8316220200002
[104, 128, 94, 97] - 640.9941186700017
[36, 104, 128, 97] - 649.4892219600006
[104, 90, 128, 97] - 646.8238362899993
[36, 104, 128, 94] - 646.6226892499996
[104, 90, 128, 94] - 644.2648945399998
[36, 104, 90, 128] - 653.7043788500009
[56, 128, 120] - 650.2648400000007
[128, 71, 120] - 566.2731789999992
[67, 128, 120] - 580.6465499999985
[38, 128, 97, 120] - 549.6855983599997
[38, 128, 94, 120] - 551.0647078300002
[36, 38, 128, 120] - 551.6162761800003
[38, 90, 128, 120] - 552.1548763100002
[128, 94, 97, 120] - 599.4993581299985
[36, 128, 97, 120] - 599.8105386099994
[90, 128, 97, 120] - 600.6045372099994
[36, 128, 94, 120] - 600.7569371400008
[90, 128, 94, 120] - 602.1511323500007
[36, 90, 128, 120] - 603.4018519900006
[1, 56, 128, 71] - 575.7180914500011
[67, 1, 56, 128] - 572.9702691600005
[1, 56, 128, 41] - 545.2479516900004
[1, 56, 38, 128] - 537.9996591900012
[1, 56, 128, 97] - 573.6001267999997
[1, 56, 128, 94] - 572.3616976399998
[1, 56, 36, 128] - 578.7360411999996
[1, 56, 90, 128] - 573.4770629500002
[67, 1, 128, 71] - 576.764488790001
[1, 128, 71, 41] - 548.732749359999
[1, 38, 128, 71] - 541.1888708300002
[1, 128, 71, 97] - 577.7031365900017
[1, 128, 71, 94] - 576.41875426
[1, 36, 128, 71] - 582.4006960999998
[1, 90, 128, 71] - 578.1222572400007
[1, 67, 128, 41] - 548.9013790099999
[1, 67, 38, 128] - 557.0179742999993
[1, 67, 128, 97] - 590.0403436999995
[1, 67, 128, 94] - 587.8208946000009
[1, 67, 36, 128] - 595.6871235800004
[1, 67, 90, 128] - 590.5136839400002
[1, 38, 128, 41] - 547.1020772399992
[1, 128, 41, 97] - 547.9442490800004
[1, 128, 94, 41] - 547.5679032900002
[1, 36, 128, 41] - 555.1238359599998
[1, 90, 128, 41] - 550.8086135200006
[1, 38, 128, 97] - 555.4560429599993
[1, 38, 128, 94] - 555.8493442400008
[1, 36, 38, 128] - 564.6281336199995
[1, 38, 90, 128] - 559.4265613199997
[1, 128, 94, 97] - 588.6680598199998
[1, 36, 128, 97] - 596.3939121399998
[1, 90, 128, 97] - 590.5994873099997
[1, 36, 128, 94] - 598.3366051299998
[1, 90, 128, 94] - 592.921679110001
[1, 36, 90, 128] - 600.698550250001
[88, 128, 97] - 512.4449050000001
[88, 36, 128] - 511.27118099999933
[88, 90, 128] - 507.762776000001
[79, 128, 97] - 521.2656099999998
[79, 128, 94] - 518.0171109999997
[79, 36, 128] - 517.9378689999999
[79, 90, 128] - 518.7908530000004
[67, 56, 128, 71] - 625.9963469000003
[56, 128, 71, 41] - 552.3822765600005
[56, 38, 128, 71] - 634.2834237200005
[56, 36, 128, 71, 97] - 506.91735821030034
[56, 128, 71, 94] - 668.9097447000007
[56, 36, 90, 128, 71] - 506.2040287960006
[56, 67, 128, 41] - 552.9561582900006
[56, 67, 38, 128] - 636.4249738999995
[56, 67, 36, 128, 97] - 506.55154566659996
[56, 67, 36, 128, 94] - 505.52229455309964
[56, 67, 36, 90, 128] - 505.04207929859984
[56, 38, 128, 41] - 549.2665014600005
[56, 128, 41, 97] - 551.9090927299999
[56, 128, 94, 41] - 549.6660648199993
[56, 36, 128, 41] - 555.5613360899993
[56, 90, 128, 41] - 551.2163660900013
[56, 38, 128, 94, 97] - 543.8236739346984
[56, 36, 38, 128, 97] - 548.6264196974997
[56, 38, 90, 128, 97] - 544.6556656293998
[56, 36, 38, 128, 94] - 546.1061420556
[56, 38, 90, 128, 94] - 542.9421150980004
[56, 36, 38, 90, 128] - 547.7143136226001
[56, 36, 128, 94, 97] - 574.3965267779002
[56, 90, 128, 94, 97] - 571.2254793783998
[56, 36, 90, 128, 97] - 574.829917968301
[56, 36, 90, 128, 94] - 574.2326928342017
[24, 38, 128] - 519.4898309999996
[24, 128, 97] - 539.9586520000008
[24, 128, 94] - 561.3323209999999
[24, 36, 128] - 549.0487360000004
[24, 90, 128] - 564.447343
[67, 128, 71, 41] - 556.0904631899995
[67, 38, 128, 71] - 622.3296175699998
[67, 128, 71, 94, 97] - 515.2160148255996
[67, 36, 128, 71, 97] - 520.6656967081003
[67, 90, 128, 71, 97] - 518.9407998503001
[67, 36, 128, 71, 94] - 515.7158838426994
[67, 90, 128, 71, 94] - 514.1599897495003
[67, 36, 90, 128, 71] - 520.0882277993003
[38, 128, 71, 41] - 551.7000172399993
[128, 71, 41, 97] - 555.6281832899997
[128, 71, 94, 41] - 553.1917882399996
[36, 128, 71, 41] - 558.9098766600002
[90, 128, 71, 41] - 555.0325834600002
[38, 128, 71, 97] - 668.5907889399991
[38, 128, 71, 94] - 661.4244864899989
[36, 38, 128, 71] - 668.6155420399995
[38, 90, 128, 71] - 666.0897441999995
[36, 128, 71, 94, 97] - 550.0906005281996
[90, 128, 71, 94, 97] - 549.5546636949002
[36, 90, 128, 71, 97] - 555.6775479724005
[36, 90, 128, 71, 94] - 549.9192607750992
[67, 38, 128, 41] - 553.9105624600012
[67, 128, 41, 97] - 556.2111815000002
[67, 128, 94, 41] - 553.0464475899998
[67, 36, 128, 41] - 559.4352417500013
[67, 90, 128, 41] - 555.3792266499997
[67, 38, 128, 94, 97] - 510.7891708117002
[67, 36, 38, 128, 97] - 516.6546752211001
[67, 38, 90, 128, 97] - 513.1028617116004
[67, 36, 38, 128, 94] - 512.8257039705004
[67, 38, 90, 128, 94] - 509.5198299252992
[67, 36, 38, 90, 128] - 515.6936853365
[67, 36, 128, 94, 97] - 563.9865028232007
[67, 90, 128, 94, 97] - 561.4120761440993
[67, 36, 90, 128, 97] - 567.9740597942016
[67, 36, 90, 128, 94] - 563.8931231074992
[38, 128, 94, 41, 97] - 512.6901256013997
[36, 38, 128, 41, 97] - 516.9255490892998
[38, 90, 128, 41, 97] - 512.1944550405993
[36, 38, 128, 94, 41] - 524.8338520531992
[38, 90, 128, 94, 41] - 526.454988843401
[36, 38, 90, 128, 41] - 525.3439665004004
[36, 128, 94, 41, 97] - 517.5603067098997
[90, 128, 94, 41, 97] - 513.1001357127
[36, 90, 128, 41, 97] - 517.1575040886999
[36, 90, 128, 94, 41] - 526.4771608177006
[36, 38, 90, 128, 94, 97] - 517.9714580901118
[11, 38, 6] - 553.9146420000002
[11, 6, 97] - 530.1867000000005
[11, 6, 94] - 556.6061250000001
[11, 36, 6] - 559.2242299999996
[11, 6, 90] - 560.215243
[11, 23, 104] - 642.3159830000005
[11, 1, 23] - 605.0613940000005
[11, 23, 71] - 597.3412800000001
[11, 23, 67, 38] - 508.55564959999913
[11, 23, 67, 36] - 513.945304429999
[11, 23, 67, 90] - 507.9408542200003
[11, 23, 41] - 626.7799169999987
[11, 23, 36, 38] - 511.1769201599997
[11, 23, 97] - 608.1998349999992
[11, 23, 36, 94] - 507.7820393500006
[11, 23, 36, 90] - 511.4988985300009
[11, 55, 41] - 543.2227829999996
[11, 55, 38] - 624.1940760000002
[11, 55, 97] - 552.8587640000001
[11, 55, 94] - 637.7041209999987
[11, 55, 36] - 637.3026570000009
[11, 55, 90] - 644.1185869999986
[11, 57, 36, 41] - 505.83584553000026
[11, 57, 38] - 667.258245999999
[11, 57, 97] - 653.1696679999992
[11, 57, 36, 94] - 517.22721873
[11, 57, 90, 94] - 513.156821079999
[11, 57, 36, 90] - 516.7062376200001
[11, 31] - 634.4088
[11, 38, 5] - 603.558488000001
[11, 5, 97] - 576.109784
[11, 5, 94] - 607.0211340000003
[11, 36, 5] - 607.9202510000011
[11, 5, 90] - 603.4103200000003
[11, 2, 120] - 548.3954220000002
[11, 24, 2] - 669.2186879999998
[11, 2, 38, 97] - 524.9803914899995
[11, 2, 38, 94] - 549.9281476400006
[11, 2, 36, 38] - 543.1326239700002
[11, 2, 38, 90] - 548.7249835699995
[11, 2, 94, 97] - 526.1748071600002
[11, 2, 36, 97] - 528.4943639900001
[11, 2, 90, 97] - 526.1273869400001
[11, 2, 36, 94] - 543.99524567
[11, 2, 90, 94] - 551.2616463899999
[11, 2, 36, 90] - 545.9920455199997
[11, 1, 104] - 570.2165979999995
[11, 104, 71] - 559.7967199999996
[11, 67, 104] - 644.9605319999997
[11, 104, 41] - 590.8583580000001
[11, 38, 104] - 645.6893210000005
[11, 104, 97] - 614.9238800000005
[11, 104, 94] - 638.6952839999996
[11, 36, 104] - 652.3757929999999
[11, 104, 90] - 644.0145549999992
[11, 56, 120] - 547.8805150000004
[11, 24, 120] - 527.5019250000001
[11, 38, 97, 120] - 546.7128740300012
[11, 38, 94, 120] - 556.87385277
[11, 36, 38, 120] - 561.0745764699996
[11, 38, 90, 120] - 556.9404142500014
[11, 94, 97, 120] - 556.2098101700002
[11, 36, 97, 120] - 559.7104453800007
[11, 90, 97, 120] - 554.8618869900006
[11, 36, 94, 120] - 571.1663817000001
[11, 90, 94, 120] - 568.0182763400006
[11, 36, 90, 120] - 571.4370364099996
[11, 1, 71] - 532.1562560000001
[11, 67, 1] - 631.3200620000013
[11, 1, 41] - 609.9442039999994
[11, 1, 38] - 626.9373920000002
[11, 1, 97] - 584.4151169999998
[11, 1, 94] - 635.7874610000005
[11, 1, 36] - 651.4368609999997
[11, 1, 90] - 641.6007649999995
[11, 88, 67] - 522.799787
[11, 88, 38] - 608.7422739999987
[11, 88, 97] - 570.8172060000002
[11, 88, 94] - 605.7255540000002
[11, 88, 36] - 621.7560009999994
[11, 88, 90] - 608.8192109999993
[11, 67, 79] - 533.2789390000008
[11, 79, 38] - 621.8762589999999
[11, 79, 97] - 590.7123770000002
[11, 79, 94] - 629.1930679999992
[11, 79, 36] - 640.2330810000005
[11, 79, 90] - 631.318854999999
[11, 56, 71] - 552.564017
[11, 67, 56] - 553.6462209999999
[11, 56, 38, 97] - 551.0899493099993
[11, 56, 38, 94] - 547.2890412499986
[11, 56, 36, 38] - 554.1188258099991
[11, 56, 38, 90] - 547.5174403299992
[11, 56, 94, 97] - 548.9884125599993
[11, 56, 36, 97] - 555.2785555400008
[11, 56, 90, 97] - 548.8894297000004
[11, 56, 36, 94] - 552.0039067800005
[11, 56, 90, 94] - 546.9223279800008
[11, 56, 36, 90] - 552.3427810500001
[11, 24, 38, 94] - 515.0138827000002
[11, 24, 36, 38] - 506.5074188899993
[11, 24, 38, 90] - 513.5735510199999
[11, 24, 94, 97] - 508.59978804000036
[11, 24, 36, 97] - 509.7602642799998
[11, 24, 90, 97] - 508.8198079099996
[11, 24, 36, 94] - 518.5510736299991
[11, 24, 90, 94] - 526.8696328800007
[11, 24, 36, 90] - 519.5814089900002
[11, 67, 38, 71] - 513.3826041600001
[11, 67, 71, 94] - 511.7436284600006
[11, 67, 36, 71] - 522.9100039300008
[11, 67, 90, 71] - 517.0587740399997
[11, 71, 41] - 546.6125360000007
[11, 38, 71, 97] - 534.8333233500006
[11, 38, 71, 94] - 573.9159809099997
[11, 36, 38, 71] - 585.8702570599992
[11, 38, 90, 71] - 578.0564362899988
[11, 71, 94, 97] - 535.2246418299993
[11, 36, 71, 97] - 545.5431532999996
[11, 90, 71, 97] - 538.0129836099995
[11, 36, 71, 94] - 586.9369749600002
[11, 90, 71, 94] - 578.5411056600009
[11, 36, 90, 71] - 591.7628469700013
[11, 67, 41] - 626.230005999999
[11, 67, 38, 97] - 610.6846293300017
[11, 67, 38, 94] - 652.9770992600002
[11, 67, 36, 38] - 663.2799220899991
[11, 67, 38, 90] - 657.2747447099993
[11, 67, 94, 97] - 613.5404580200013
[11, 67, 36, 97] - 622.0323408299997
[11, 67, 90, 97] - 617.4438634499996
[11, 67, 36, 94] - 666.1038401799997
[11, 67, 90, 94] - 660.4152253700001
[11, 67, 36, 90] - 671.975708310001
[11, 38, 41, 97] - 619.9834188499995
[11, 36, 38, 94, 41] - 513.0133165829003
[11, 38, 90, 94, 41] - 514.9362104622996
[11, 36, 38, 90, 41] - 515.3361590393998
[11, 94, 41, 97] - 617.1234295000003
[11, 36, 41, 97] - 623.2789473499992
[11, 90, 41, 97] - 618.5882505600005
[11, 36, 90, 94, 41] - 512.6363649845997
[11, 36, 38, 90, 94, 97] - 535.6239674056112
[23, 104, 6] - 565.5291909999997
[23, 6, 71] - 518.5063100000002
[67, 23, 6] - 556.9260870000005
[23, 6, 41] - 515.4148799999999
[23, 38, 6] - 558.0761269999999
[23, 6, 97] - 539.9287280000005
[23, 6, 94] - 585.5145719999994
[23, 36, 6] - 588.4719599999996
[23, 6, 90] - 590.6696150000004
[55, 6] - 644.2299999999991
[57, 38, 6, 41] - 544.9894500500001
[57, 6, 41, 97] - 529.7544160099998
[57, 6, 94, 41] - 545.8814649900015
[57, 36, 6, 41] - 546.0702810099998
[57, 6, 90, 41] - 547.5525840500006
[57, 38, 6, 97] - 521.7792981700012
[57, 38, 6, 94] - 538.5914102800006
[57, 36, 38, 6] - 539.2706782400004
[57, 38, 6, 90] - 540.1739586100005
[57, 6, 94, 97] - 547.6225021999995
[57, 36, 6, 97] - 547.9706004199992
[57, 6, 90, 97] - 548.5375293399993
[57, 36, 6, 94] - 564.6176413300003
[57, 6, 90, 94] - 565.3093166100011
[57, 36, 6, 90] - 565.8701543400003
[1, 6, 31] - 658.634813999999
[56, 6, 31] - 574.9824760000007
[6, 71, 31] - 555.4541270000004
[67, 6, 31] - 566.0555829999995
[6, 41, 31] - 650.4242820000001
[6, 97, 31] - 636.3820420000013
[6, 94, 31] - 663.7741600000005
[36, 6, 31] - 662.0836459999988
[6, 90, 31] - 683.0076559999986
[24, 2, 6] - 530.8667050000003
[2, 38, 6] - 659.7391369999995
[2, 6, 97] - 644.9895359999998
[2, 6, 94] - 656.7979739999992
[2, 36, 6] - 659.472701
[2, 6, 90] - 661.4859199999987
[104, 6, 71] - 529.4113419999999
[67, 104, 6] - 569.7317849999993
[104, 6, 41] - 511.25753400000013
[38, 104, 6] - 573.5868510000006
[104, 6, 97] - 577.38297
[104, 6, 94] - 576.636585000001
[36, 104, 6] - 580.8240780000006
[104, 6, 90] - 601.5393130000002
[38, 6, 120] - 657.6915540000003
[6, 90, 97, 120] - 508.43730449000003
[36, 6, 94, 120] - 508.3018748499995
[6, 90, 94, 120] - 509.2497972600002
[36, 6, 90, 120] - 511.6031496199991
[56, 1, 6] - 590.8547730000006
[1, 6, 71] - 557.4385739999994
[67, 1, 6] - 605.2729640000002
[1, 6, 41] - 669.4011960000009
[1, 6, 90, 97] - 519.11022214
[1, 36, 6, 94] - 524.9902036800004
[1, 6, 90, 94] - 526.420128790001
[1, 36, 6, 90] - 525.916927410001
[88, 79, 6] - 548.6400000000003
[88, 56, 6] - 544.1578879999996
[88, 36, 6, 97] - 505.27641181000104
[88, 36, 6, 94] - 522.235012110001
[88, 6, 90, 94] - 521.8987598799994
[88, 36, 6, 90] - 524.5048033699993
[56, 79, 6] - 535.8111880000002
[79, 6, 97] - 669.6813269999998
[79, 36, 6, 94] - 522.6803508199996
[79, 6, 90, 94] - 522.7955043699998
[79, 36, 6, 90] - 525.6000808700002
[56, 6, 71] - 645.1206230000012
[67, 56, 6] - 640.4170109999988
[56, 6, 41] - 643.2719489999995
[56, 38, 6] - 662.4132719999991
[56, 36, 6, 94, 97] - 511.6228157273
[56, 6, 90, 94, 97] - 513.5459217764002
[56, 36, 6, 90, 97] - 512.2053640976002
[56, 36, 6, 90, 94] - 509.0405218842997
[24, 6, 41] - 528.6767479999995
[24, 38, 6] - 573.2975800000004
[24, 6, 94, 97] - 584.4533037399993
[24, 36, 6, 97] - 583.7450468700001
[24, 6, 90, 97] - 600.3408494099995
[24, 36, 6, 94] - 581.9990722499995
[24, 6, 90, 94] - 586.3247192999993
[24, 36, 6, 90] - 581.440666880001
[67, 6, 71] - 654.9872689999988
[6, 71, 41] - 574.7191329999994
[38, 6, 71] - 641.3144209999992
[6, 71, 94, 97] - 535.9555443499994
[36, 6, 71, 97] - 538.2203818999997
[6, 90, 71, 97] - 557.5471871500001
[36, 6, 71, 94] - 567.9815572200002
[6, 90, 71, 94] - 571.1496259599998
[36, 6, 90, 71] - 573.8526578300011
[67, 6, 41] - 611.9139140000003
[67, 36, 38, 6] - 506.75664208999854
[67, 38, 6, 90] - 524.219807029999
[67, 6, 94, 97] - 574.9723841000003
[67, 36, 6, 97] - 577.6202741399998
[67, 6, 90, 97] - 597.7428562799995
[67, 36, 6, 94] - 603.3876634699996
[67, 6, 90, 94] - 608.741120620001
[67, 36, 6, 90] - 612.119931720001
[38, 6, 41, 97] - 569.4227689499995
[38, 6, 94, 41] - 592.1558952400009
[36, 38, 6, 41] - 590.860346019999
[38, 6, 90, 41] - 609.4225481800008
[36, 6, 94, 41, 97] - 538.6126809546995
[6, 90, 94, 41, 97] - 539.6630584030993
[36, 6, 90, 41, 97] - 538.7499541230001
[36, 6, 90, 94, 41] - 564.5908625369013
[36, 38, 6, 94, 97] - 594.9888576840001
[38, 6, 90, 94, 97] - 594.713465262198
[36, 38, 6, 90, 97] - 599.6141458704998
[36, 38, 6, 90, 94] - 621.6654813584001
[36, 6, 90, 94, 97] - 739.0202327179979
[55, 67, 23] - 535.6758949999994
[55, 23, 38] - 530.4825310000001
[55, 23, 94] - 526.0709250000003
[55, 23, 36] - 538.5531889999999
[55, 23, 90] - 535.3836120000004
[23, 57, 104, 31] - 578.0375536500001
[1, 23, 57, 31] - 548.6056115300003
[56, 23, 57, 31] - 542.3042010900001
[23, 57, 71, 31] - 580.3361117399988
[67, 23, 57, 31] - 579.9489374900005
[23, 57, 41, 31] - 583.3840575699999
[23, 57, 38, 31] - 572.0689708600013
[23, 57, 97, 31] - 545.8054303099991
[23, 57, 94, 31] - 579.586565930001
[23, 57, 36, 31] - 582.3847677400004
[23, 57, 90, 31] - 579.8045099500002
[1, 23, 57, 104] - 580.6294887099999
[56, 23, 57, 104] - 665.9244667400015
[23, 57, 104, 71] - 661.4455898599995
[67, 23, 57, 104] - 656.3184147399995
[23, 57, 104, 94, 41] - 505.1401374962011
[23, 57, 36, 104, 41] - 507.6499562485998
[23, 57, 104, 90, 41] - 506.65447010410037
[23, 57, 38, 104] - 667.9682510000008
[23, 57, 104, 97] - 666.9543645699993
[23, 57, 36, 104, 94] - 529.5452131197998
[23, 57, 104, 90, 94] - 528.5213699504
[23, 57, 36, 104, 90] - 530.5377666044
[56, 23, 1, 57] - 570.1511650499998
[23, 1, 57, 71] - 584.5641844599991
[67, 23, 1, 57] - 581.4762122300002
[23, 1, 57, 41] - 556.0473625099997
[23, 1, 57, 38] - 547.4628206099994
[23, 1, 57, 97] - 570.7692015499999
[23, 1, 57, 94] - 582.6368794400004
[23, 1, 57, 36] - 587.0571458700007
[23, 1, 57, 90] - 582.6429344400004
[23, 56, 57, 71] - 625.5799604199999
[67, 23, 56, 57] - 621.2929008300001
[23, 56, 57, 41] - 641.1164033200012
[23, 56, 57, 38] - 634.119646450001
[23, 56, 57, 97] - 665.8170934800005
[23, 56, 57, 94] - 669.5781618999996
[23, 56, 57, 36] - 670.0119742799998
[23, 56, 57, 90] - 667.0856076000001
[67, 23, 57, 71] - 639.0041745000002
[23, 57, 71, 41] - 632.7499253400002
[23, 57, 38, 71] - 622.6889986700003
[23, 57, 71, 97] - 627.2553996300002
[23, 57, 71, 94] - 661.9415163599994
[23, 57, 36, 71] - 664.1280234599997
[23, 57, 90, 71] - 662.3362686799991
[23, 67, 57, 41] - 633.5272932399992
[23, 67, 57, 38] - 623.3175569899995
[23, 67, 57, 97] - 622.7730351399995
[23, 67, 57, 94] - 659.241575189999
[23, 67, 57, 36] - 661.0706245599998
[23, 67, 57, 90] - 659.95091895
[23, 57, 36, 38, 41] - 506.1538179401005
[23, 57, 41, 97] - 640.4909052199996
[23, 57, 36, 94, 41] - 508.2466511845005
[23, 57, 90, 94, 41] - 506.55368415399965
[23, 57, 36, 90, 41] - 508.9783935900003
[23, 57, 38, 97] - 633.1528105800007
[23, 57, 38, 94] - 668.3585257499997
[23, 57, 38, 90] - 667.8166793900017
[23, 57, 94, 97] - 669.6872951400006
[23, 57, 36, 97] - 671.5536724699999
[23, 57, 90, 97] - 668.5862723899984
[23, 57, 36, 90, 94] - 532.2076000775993
[1, 23, 104, 31] - 549.5523137900001
[56, 23, 104, 31] - 542.7491998499996
[23, 104, 71, 31] - 582.74012767
[67, 23, 104, 31] - 580.6889178100012
[23, 104, 41, 31] - 584.5052272600002
[23, 38, 104, 31] - 575.3120266400006
[23, 104, 97, 31] - 546.5781607900005
[23, 104, 94, 31] - 579.4105081500014
[23, 36, 104, 31] - 584.5762912799997
[23, 104, 90, 31] - 582.5834277399996
[56, 23, 1, 31] - 537.4405363700002
[23, 1, 71, 31] - 612.7020071800009
[67, 23, 1, 31] - 612.6186670499992
[23, 1, 41, 31] - 618.2848368299992
[23, 1, 38, 31] - 608.0755208399997
[23, 1, 97, 31] - 538.8091471900001
[23, 1, 94, 31] - 609.7048917900014
[23, 1, 36, 31] - 617.7250113299998
[23, 1, 90, 31] - 613.4452473900013
[23, 56, 71, 31] - 544.6725249200003
[67, 23, 56, 31] - 543.3944830899994
[23, 56, 41, 31] - 549.53203923
[23, 56, 38, 31] - 540.2195025699998
[23, 56, 97, 31] - 541.3950528799993
[23, 56, 94, 31] - 543.3564341399999
[23, 56, 36, 31] - 546.9502319299997
[23, 56, 90, 31] - 543.4106802399994
[67, 23, 71, 31] - 641.5512513200006
[23, 71, 41, 31] - 644.7685055500011
[23, 38, 71, 31] - 633.4583545699992
[23, 71, 97, 31] - 549.1556041300004
[23, 71, 94, 31] - 638.4709869400002
[23, 36, 71, 31] - 644.8173952999998
[23, 90, 71, 31] - 641.886166359999
[23, 67, 41, 31] - 646.4404829299991
[23, 67, 38, 31] - 635.4100181700005
[23, 67, 97, 31] - 547.50497637
[23, 67, 94, 31] - 638.4658229299995
[23, 67, 36, 31] - 645.6506527199997
[23, 67, 90, 31] - 642.5357109699999
[23, 38, 41, 31] - 640.5835945099996
[23, 41, 97, 31] - 550.64689034
[23, 94, 41, 31] - 641.8405705499981
[23, 36, 41, 31] - 648.9446084199986
[23, 90, 41, 31] - 645.1287701100001
[23, 38, 97, 31] - 541.1591214800002
[23, 38, 94, 31] - 630.9070275899999
[23, 36, 38, 31] - 638.0462850199997
[23, 38, 90, 31] - 634.1389028399996
[23, 94, 31, 97] - 546.2767445300004
[23, 36, 31, 97] - 550.5330370099999
[23, 90, 31, 97] - 547.2823562400004
[23, 36, 94, 31] - 642.4721183299996
[23, 90, 94, 31] - 639.0065373300012
[23, 36, 90, 31] - 646.2690671700005
[23, 104, 5] - 660.9693470000002
[1, 23, 5] - 572.2751589999997
[23, 5, 71] - 615.7506050000005
[67, 23, 5] - 655.2965760000008
[23, 5, 41] - 615.7331549999994
[23, 36, 5, 38] - 509.7934381200001
[23, 5, 38, 90] - 505.16673481999914
[23, 5, 97] - 645.6504980000005
[23, 36, 5, 94] - 518.4241785199996
[23, 5, 90, 94] - 514.2594319899999
[23, 36, 5, 90] - 520.3014210899995
[23, 104, 120] - 557.3663439999993
[56, 23, 1, 104] - 569.5741586600002
[67, 23, 1, 104, 71] - 560.5341889694998
[23, 1, 104, 71, 41] - 541.7650540401996
[23, 1, 38, 104, 71] - 537.1150783067998
[23, 1, 104, 71, 97] - 551.1158210760997
[23, 1, 104, 71, 94] - 560.2759193410018
[23, 1, 36, 104, 71] - 567.0719402381001
[23, 1, 104, 90, 71] - 563.5926382146988
[23, 1, 67, 104, 41] - 586.5060045364006
[23, 1, 67, 38, 104] - 583.2024269673997
[23, 1, 67, 104, 97] - 594.9092055428988
[23, 1, 67, 104, 94] - 603.3804668208
[23, 1, 67, 36, 104] - 611.451080154201
[23, 1, 67, 104, 90] - 606.7116462846002
[23, 1, 38, 104, 41] - 585.0354749784995
[23, 1, 104, 41, 97] - 574.4294219714994
[23, 1, 104, 94, 41] - 583.0239249115998
[23, 1, 36, 104, 41] - 590.9925643070982
[23, 1, 104, 90, 41] - 586.3866479161985
[23, 1, 104, 38, 97] - 570.256258581001
[23, 1, 104, 38, 94] - 580.0453454813993
[23, 1, 36, 104, 38] - 588.0630883263999
[23, 1, 104, 38, 90] - 582.727982873901
[23, 1, 104, 94, 97] - 592.9929817867995
[23, 1, 36, 104, 97] - 600.7147178776008
[23, 1, 104, 90, 97] - 595.8465064673993
[23, 1, 36, 104, 94] - 610.7787131736009
[23, 1, 104, 90, 94] - 605.2104975210004
[23, 1, 36, 104, 90] - 613.8551477999013
[88, 23, 79, 104] - 524.1120626000003
[88, 23, 104, 71] - 539.7773914799991
[88, 67, 23, 104] - 594.6682069599985
[88, 23, 104, 41] - 531.3698457699991
[88, 23, 38, 104] - 610.7146217799994
[88, 23, 104, 97] - 606.7131093099991
[88, 23, 104, 94] - 640.1979798700003
[88, 23, 36, 104] - 649.8430855299994
[88, 23, 104, 90] - 643.2976790100003
[23, 79, 104, 71] - 540.6125689099987
[67, 23, 79, 104] - 594.8305400700007
[23, 79, 104, 41] - 530.2518101299994
[23, 79, 38, 104] - 614.5197944699987
[23, 79, 104, 97] - 604.5255438899993
[23, 79, 104, 94] - 642.1193650299994
[23, 79, 36, 104] - 646.6864476799994
[23, 79, 104, 90] - 647.94789692
[23, 56, 104, 71] - 627.0303299000002
[67, 23, 56, 104] - 620.5795405100004
[23, 56, 104, 41] - 642.1344812099989
[23, 56, 38, 104] - 636.6573632300011
[23, 56, 104, 97] - 666.9301286700005
[23, 56, 36, 104, 94] - 505.02365287069966
[23, 56, 36, 104, 90] - 505.52973241949945
[23, 67, 104, 71, 41] - 582.6467629987002
[23, 67, 38, 104, 71] - 639.4406764232992
[23, 67, 104, 71, 97] - 633.8350172144006
[23, 67, 104, 71, 94] - 659.2628245713008
[23, 67, 36, 104, 71] - 666.7675759209008
[23, 67, 104, 90, 71] - 664.8022308676997
[23, 38, 104, 71, 41] - 597.2565270975009
[23, 104, 71, 41, 97] - 570.204642713
[23, 104, 71, 94, 41] - 595.9196010783993
[23, 36, 104, 71, 41] - 602.2472800396005
[23, 104, 90, 71, 41] - 600.3716753365995
[23, 104, 38, 71, 97] - 626.0217318799998
[23, 104, 38, 71, 94] - 651.4900202646002
[23, 36, 104, 38, 71] - 659.4253884172983
[23, 104, 38, 90, 71] - 656.0553346289012
[23, 104, 71, 94, 97] - 647.8583557451987
[23, 36, 104, 71, 97] - 655.2821814048003
[23, 104, 90, 71, 97] - 652.3541739917983
[23, 36, 104, 90, 71, 94] - 513.4206687493111
[23, 67, 38, 104, 41] - 642.6857667374
[23, 67, 104, 41, 97] - 612.8966030735004
[23, 67, 104, 94, 41] - 640.1561165108004
[23, 67, 36, 104, 41] - 645.8602912912
[23, 67, 104, 90, 41] - 644.5577531018977
[23, 67, 36, 104, 38, 97] - 507.3718543268168
[23, 67, 104, 38, 90, 97] - 505.0653048701128
[23, 67, 36, 104, 38, 94] - 527.0981278199653
[23, 67, 104, 38, 90, 94] - 524.2133958928669
[23, 67, 36, 104, 38, 90] - 530.972829255004
[23, 67, 36, 104, 94, 97] - 521.5270522784599
[23, 67, 104, 90, 94, 97] - 518.9363465060419
[23, 67, 36, 104, 90, 97] - 525.3603351370331
[23, 67, 36, 104, 90, 94] - 545.4433805963845
[23, 104, 38, 41, 97] - 645.3559036698994
[23, 36, 104, 38, 94, 41] - 506.8902410175667
[23, 36, 104, 38, 90, 41] - 509.962405050264
[23, 104, 94, 41, 97] - 643.8745150188003
[23, 36, 104, 41, 97] - 649.7201362948002
[23, 104, 90, 41, 97] - 647.3396344009989
[23, 36, 104, 90, 94, 41] - 508.85791217334537
[23, 36, 104, 38, 94, 97] - 530.7820345033347
[23, 104, 38, 90, 94, 97] - 527.3740054452367
[23, 36, 104, 38, 90, 97] - 533.7221294785871
[23, 36, 104, 38, 90, 94] - 553.3925952868325
[23, 36, 104, 90, 94, 97] - 549.8341459040752
[23, 71, 120] - 527.4031140000002
[67, 23, 120] - 528.6675159999993
[23, 38, 120] - 512.6612160000004
[23, 97, 120] - 514.3781060000003
[23, 94, 120] - 553.7103699999997
[23, 36, 120] - 560.4211419999988
[23, 90, 120] - 556.3198439999999
[88, 23, 1] - 635.2143619999999
[23, 1, 79] - 635.2806029999998
[23, 1, 56, 71] - 573.1431894599999
[67, 23, 1, 56] - 569.2547808899992
[23, 1, 56, 41] - 543.3336504899997
[23, 1, 56, 38] - 535.5737505099996
[23, 1, 56, 97] - 569.4195691999989
[23, 1, 56, 94] - 569.7567547900013
[23, 1, 56, 36] - 575.2846732299997
[23, 1, 56, 90] - 570.0095309999992
[23, 1, 67, 71, 41] - 587.5602902235001
[23, 1, 67, 38, 71] - 582.4580325764991
[23, 1, 67, 71, 97] - 550.7548360439006
[23, 1, 67, 71, 94] - 602.6630348364001
[23, 1, 67, 36, 71] - 612.0781972596999
[23, 1, 67, 90, 71] - 606.8031037383008
[23, 1, 38, 71, 41] - 585.6570995860991
[23, 1, 71, 41, 97] - 530.6817341036011
[23, 1, 71, 94, 41] - 583.7858877626003
[23, 1, 36, 71, 41] - 593.2066236253012
[23, 1, 90, 71, 41] - 587.9398822832992
[23, 1, 38, 71, 97] - 525.8094313103005
[23, 1, 38, 71, 94] - 578.2210640498995
[23, 1, 36, 38, 71] - 587.6056588447992
[23, 1, 38, 90, 71] - 581.9503402160992
[23, 1, 71, 94, 97] - 549.7545324143002
[23, 1, 36, 71, 97] - 556.3967744903993
[23, 1, 90, 71, 97] - 551.7510407624001
[23, 1, 36, 71, 94] - 610.4879037815007
[23, 1, 90, 71, 94] - 604.7496545060004
[23, 1, 36, 90, 71] - 614.4548041689999
[23, 1, 67, 38, 41] - 632.1902093919001
[23, 1, 67, 41, 97] - 574.9300765935
[23, 1, 67, 94, 41] - 628.894026100099
[23, 1, 67, 36, 41] - 639.2922920955001
[23, 1, 67, 90, 41] - 632.8134886679993
[23, 1, 67, 38, 97] - 571.6805386122005
[23, 1, 67, 38, 94] - 625.2748370218993
[23, 1, 67, 36, 38] - 635.7277011078014
[23, 1, 67, 38, 90] - 628.7997128596999
[23, 1, 67, 94, 97] - 592.7121993491
[23, 1, 67, 36, 97] - 600.6976896019011
[23, 1, 67, 90, 97] - 595.0386440870981
[23, 1, 67, 36, 94] - 655.8264527010003
[23, 1, 67, 90, 94] - 648.5335183369006
[23, 1, 67, 36, 90] - 659.5710143227999
[23, 1, 38, 41, 97] - 572.4131195658995
[23, 1, 38, 94, 41] - 626.6317148939008
[23, 1, 36, 38, 41] - 637.0160677657007
[23, 1, 38, 90, 41] - 630.0211473965016
[23, 1, 94, 41, 97] - 571.6087093802005
[23, 1, 36, 41, 97] - 579.4647577784
[23, 1, 90, 41, 97] - 573.7650471850008
[23, 1, 36, 94, 41] - 635.0638712316983
[23, 1, 90, 94, 41] - 627.9165673312007
[23, 1, 36, 90, 41] - 638.7803053677983
[23, 1, 38, 94, 97] - 568.1666069075999
[23, 1, 36, 38, 97] - 576.0696053579993
[23, 1, 38, 90, 97] - 569.7763288475002
[23, 1, 36, 38, 94] - 631.5267068931018
[23, 1, 38, 90, 94] - 623.7301518118995
[23, 1, 36, 38, 90] - 635.0224988003997
[23, 1, 36, 94, 97] - 599.7738313932992
[23, 1, 90, 94, 97] - 593.4209797996995
[23, 1, 36, 90, 97] - 601.4669343156014
[23, 1, 36, 90, 94] - 657.123977972901
[88, 23, 79, 38] - 507.1256376799999
[88, 23, 79, 94] - 536.5781360200007
[88, 23, 79, 36] - 543.3669041200004
[88, 23, 79, 90] - 540.9617745400001
[88, 67, 23, 71] - 544.3439658700001
[88, 23, 38, 71] - 533.4424831199984
[88, 23, 71, 94] - 564.8953724799998
[88, 23, 36, 71] - 575.6006036300009
[88, 23, 90, 71] - 568.25875518
[88, 23, 67, 41] - 516.0034300100002
[88, 23, 67, 38] - 593.0421610500011
[88, 23, 67, 97] - 556.7936796199997
[88, 23, 67, 94] - 621.0132934500015
[88, 23, 67, 36] - 631.9662602300003
[88, 23, 67, 90] - 625.3698007100004
[88, 23, 38, 41] - 557.4748716900003
[88, 23, 94, 41] - 559.6106334200006
[88, 23, 36, 41] - 566.9969414500003
[88, 23, 90, 41] - 560.1364797399996
[88, 23, 38, 97] - 573.250743
[88, 23, 38, 94] - 635.1446981000001
[88, 23, 36, 38] - 645.4007454600006
[88, 23, 38, 90] - 637.3280197400007
[88, 23, 94, 97] - 603.6679072400002
[88, 23, 36, 97] - 613.9489919399995
[88, 23, 90, 97] - 605.9491332900012
[88, 23, 36, 90, 94] - 507.40385098019993
[67, 23, 79, 71] - 546.3350024399995
[23, 79, 38, 71] - 539.7646697099992
[23, 79, 71, 94] - 569.5631607199989
[23, 79, 36, 71] - 574.9941218400003
[23, 79, 90, 71] - 575.8978312299982
[23, 67, 79, 41] - 515.6756943599996
[23, 67, 79, 38] - 597.7607628800006
[23, 67, 79, 97] - 556.2479551200005
[23, 67, 79, 94] - 624.7098542099995
[23, 67, 79, 36] - 629.5454918700023
[23, 67, 79, 90] - 631.3245716299987
[23, 79, 38, 41] - 562.6685382699992
[23, 79, 94, 41] - 561.3528747699994
[23, 79, 36, 41] - 564.7209875200009
[23, 79, 90, 41] - 565.4767144999988
[23, 79, 38, 97] - 575.6488248900001
[23, 79, 38, 94] - 642.8320889599997
[23, 79, 36, 38] - 648.9760125199999
[23, 79, 38, 90] - 648.195112390001
[23, 79, 94, 97] - 605.4427707499999
[23, 79, 36, 97] - 609.8046281299984
[23, 79, 90, 97] - 610.3500103599993
[23, 79, 36, 90, 94] - 511.4180766473993
[67, 23, 56, 71] - 601.2993538100012
[23, 56, 71, 41] - 599.4076126599999
[23, 56, 38, 71] - 591.0574021799994
[23, 56, 71, 97] - 625.5071980699997
[23, 56, 71, 94] - 625.8392945199994
[23, 56, 36, 71] - 629.4698811800016
[23, 56, 90, 71] - 625.4879154500006
[23, 56, 67, 41] - 598.2359577999997
[23, 56, 67, 38] - 590.53271156
[23, 56, 67, 97] - 619.2111192200002
[23, 56, 67, 94] - 622.0667804499997
[23, 56, 67, 36] - 624.5900530299999
[23, 56, 67, 90] - 621.2401214800004
[23, 56, 38, 41] - 640.092355900001
[23, 56, 41, 97] - 640.0849871900017
[23, 56, 94, 41] - 641.6017269599992
[23, 56, 36, 41] - 645.4091568100002
[23, 56, 90, 41] - 641.5780856900002
[23, 56, 38, 97] - 633.2931750500011
[23, 56, 38, 94] - 636.3191532900005
[23, 56, 36, 38] - 639.5070152900005
[23, 56, 38, 90] - 635.5182239900007
[23, 56, 94, 97] - 666.6539402700013
[23, 56, 36, 97] - 670.13656463
[23, 56, 90, 97] - 665.7836886899986
[23, 56, 36, 90, 94] - 505.938264914599
[23, 67, 38, 71, 41] - 624.4487097107999
[23, 67, 71, 41, 97] - 553.7380226365009
[23, 67, 71, 94, 41] - 622.5858617375997
[23, 67, 36, 71, 41] - 630.4213499693002
[23, 67, 90, 71, 41] - 627.4658683053007
[23, 67, 38, 71, 97] - 609.9744331730005
[23, 67, 36, 38, 71, 94] - 511.5702589731656
[23, 67, 38, 90, 71, 94] - 507.62984289617015
[23, 67, 36, 38, 90, 71] - 515.7318671560122
[23, 67, 71, 94, 97] - 631.0264040462
[23, 67, 36, 71, 97] - 637.982580564499
[23, 67, 90, 71, 97] - 634.6639691645017
[23, 67, 36, 90, 71, 94] - 531.6983005381567
[23, 38, 71, 41, 97] - 567.9799256305
[23, 38, 71, 94, 41] - 635.7968772088014
[23, 36, 38, 71, 41] - 644.2099733433009
[23, 38, 90, 71, 41] - 640.348005910499
[23, 71, 94, 41, 97] - 567.8604084840989
[23, 36, 71, 41, 97] - 573.7325232767012
[23, 90, 71, 41, 97] - 570.2312285688007
[23, 36, 71, 94, 41] - 643.5712821364004
[23, 90, 71, 94, 41] - 639.1975319102993
[23, 36, 90, 71, 41] - 648.1747386556991
[23, 38, 71, 94, 97] - 621.6842289709986
[23, 36, 38, 71, 97] - 629.0969526923991
[23, 38, 90, 71, 97] - 624.8912358687002
[23, 36, 38, 90, 71, 94] - 523.8426101262163
[23, 36, 71, 94, 97] - 653.4959276381004
[23, 90, 71, 94, 97] - 648.7744425042
[23, 36, 90, 71, 97] - 656.6319548580002
[23, 67, 38, 41, 97] - 612.0658318731013
[23, 67, 36, 38, 94, 41] - 515.6699555253336
[23, 67, 38, 90, 94, 41] - 512.5506043702779
[23, 67, 36, 38, 90, 41] - 518.9391207640019
[23, 67, 94, 41, 97] - 610.8491987220995
[23, 67, 36, 41, 97] - 616.3694747065002
[23, 67, 90, 41, 97] - 613.1673677360989
[23, 67, 36, 90, 94, 41] - 517.5255050102134
[23, 67, 38, 94, 97] - 667.2991623023008
[23, 67, 36, 38, 90, 97] - 507.35421342471614
[23, 67, 36, 38, 90, 94] - 559.8777027814132
[23, 67, 36, 90, 94, 97] - 523.0272817276941
[23, 38, 94, 41, 97] - 642.4532463141
[23, 36, 38, 41, 97] - 648.6326135207995
[23, 38, 90, 41, 97] - 644.5784154438988
[23, 36, 38, 90, 94, 41] - 540.076860670679
[23, 36, 94, 41, 97] - 648.7448237547998
[23, 90, 94, 41, 97] - 644.5981273808012
[23, 36, 90, 41, 97] - 651.0199809197998
[23, 36, 38, 90, 94, 97] - 530.8302239713099
[55, 2, 57] - 664.498508
[55, 24, 57] - 661.2067450000002
[55, 57, 41] - 591.4408869999993
[55, 57, 38] - 634.8751810000005
[55, 57, 97] - 661.9656919999998
[55, 57, 36, 94] - 529.0912125499993
[55, 57, 90, 94] - 532.0391171999992
[55, 57, 36, 90] - 534.6642773000004
[55, 31] - 588.9232
[55, 5, 41] - 524.0776979999994
[55, 38, 5] - 609.9266669999998
[55, 5, 97] - 619.0674670000001
[55, 36, 5, 94] - 508.67635888000024
[55, 5, 90, 94] - 518.5289113499997
[55, 36, 5, 90] - 517.6754421100003
[55, 24, 2] - 664.6272630000011
[55, 2, 41] - 594.2012189999999
[55, 2, 38, 97] - 531.9125601999993
[55, 2, 38, 94] - 569.4939952399995
[55, 2, 36, 38] - 563.90019251
[55, 2, 38, 90] - 570.8964683099991
[55, 2, 94, 97] - 562.8756271799991
[55, 2, 36, 97] - 566.4998470099997
[55, 2, 90, 97] - 567.7776729600004
[55, 2, 36, 94] - 593.0923964599993
[55, 2, 90, 94] - 601.4851489699993
[55, 2, 36, 90] - 599.5061649400004
[55, 1, 104] - 561.0791589999998
[55, 88, 79, 104] - 525.0414925100011
[55, 88, 104, 94] - 514.8995844799998
[55, 88, 36, 104] - 525.9036763700002
[55, 88, 104, 90] - 526.9936781100012
[55, 79, 104, 94] - 518.8543526500006
[55, 79, 36, 104] - 528.2228096799998
[55, 79, 104, 90] - 530.8076175899994
[55, 104, 71] - 633.605514
[55, 67, 104, 90] - 544.1006175599998
[55, 104, 41] - 546.8965529999998
[55, 38, 104] - 619.5385340000004
[55, 104, 97] - 608.9357589999984
[55, 36, 104, 94] - 522.4542710599997
[55, 104, 90, 94] - 523.3737017000007
[55, 36, 104, 90] - 535.6316005200002
[55, 90, 120] - 519.9469520000005
[88, 55, 1] - 538.6236959999998
[55, 1, 79] - 571.4668040000004
[55, 1, 71] - 511.7052300000006
[55, 67, 1] - 616.0013919999993
[55, 1, 41] - 604.6074519999999
[55, 1, 38] - 544.1368269999995
[55, 1, 94] - 610.7464199999994
[55, 1, 36] - 624.514109000001
[55, 1, 90] - 700.1757510000001
[55, 88, 67, 79] - 511.9858595499997
[55, 88, 79, 94] - 547.5933678700001
[55, 88, 79, 36] - 558.5845891499995
[55, 88, 79, 90] - 560.8412640000001
[55, 88, 71] - 590.4740299999999
[55, 88, 67, 94] - 516.801681819999
[55, 88, 67, 36] - 529.0564316699991
[55, 88, 67, 90] - 529.4643423000005
[55, 88, 38] - 590.3938760000007
[55, 88, 97] - 545.0205789999993
[55, 88, 36, 94] - 562.881761880001
[55, 88, 90, 94] - 562.0273141900001
[55, 88, 36, 90] - 577.1835623299994
[55, 79, 71] - 611.4611730000006
[55, 67, 79, 94] - 530.2065741200007
[55, 67, 79, 36] - 540.9884775100004
[55, 67, 79, 90] - 543.0040054200008
[55, 79, 38] - 606.292035999999
[55, 79, 97] - 589.8359059999988
[55, 79, 36, 94] - 599.3704104000001
[55, 79, 90, 94] - 600.2133173999993
[55, 79, 36, 90] - 613.0621515699987
[55, 24, 94, 41] - 511.34656209999997
[55, 24, 90, 41] - 573.8312360700014
[55, 24, 38, 97] - 553.4062170100001
[55, 24, 38, 94] - 512.724251500001
[55, 24, 38, 90] - 573.5045998199993
[55, 24, 94, 97] - 546.2735108900008
[55, 24, 36, 97] - 548.3763527500003
[55, 24, 90, 97] - 610.4341482800003
[55, 24, 36, 94] - 646.1328296500006
[55, 24, 90, 94] - 659.043900900001
[55, 24, 36, 90] - 656.4621205700008
[55, 67, 90, 71] - 523.3045358099993
[55, 38, 71] - 611.5567910000009
[55, 71, 97] - 541.1345529999995
[55, 71, 94] - 636.9694189999989
[55, 36, 71] - 651.9375909999991
[55, 67, 41] - 565.1918979999991
[55, 67, 38, 90] - 537.3458733499998
[55, 67, 97] - 645.7646959999996
[55, 67, 36, 94] - 561.3076888900006
[55, 67, 90, 94] - 560.5447984200001
[55, 67, 36, 90] - 575.5189930399991
[55, 38, 90, 41, 97] - 511.93563038349964
[55, 36, 38, 94, 41] - 549.7836483919989
[55, 38, 90, 94, 41] - 554.2761953826998
[55, 36, 38, 90, 41] - 552.9661591398993
[55, 94, 41, 97] - 620.6917222599994
[55, 36, 41, 97] - 620.9813035299986
[55, 36, 90, 94, 41] - 617.757132785499
[55, 36, 38, 94, 97] - 595.8579010358993
[55, 38, 90, 94, 97] - 594.6135300201994
[55, 36, 38, 90, 97] - 599.5800040965001
[55, 36, 38, 90, 94] - 678.7656530780004
[55, 36, 90, 94, 97] - 638.9309639077991
[1, 57, 104, 31] - 552.0529453999992
[56, 57, 104, 31] - 541.2317821599997
[57, 104, 71, 31] - 579.0732153400012
[67, 57, 104, 31] - 578.3810096099993
[57, 104, 41, 31] - 586.1195929499987
[57, 38, 104, 31] - 577.1907752599999
[57, 104, 97, 31] - 546.1096052100004
[57, 104, 94, 31] - 582.07383155
[57, 36, 104, 31] - 587.0674654399988
[57, 104, 90, 31] - 584.0604268899993
[56, 1, 57, 31] - 537.4308766900004
[1, 57, 71, 31] - 561.9988632000004
[67, 1, 57, 31] - 561.7994457699996
[1, 57, 41, 31] - 559.3499591900003
[1, 57, 38, 31] - 550.8508894899987
[1, 57, 97, 31] - 562.40287487
[1, 57, 94, 31] - 578.5554192700009
[1, 57, 36, 31] - 583.15220692
[1, 57, 90, 31] - 578.5880552500009
[56, 57, 71, 31] - 543.6760471700009
[67, 56, 57, 31] - 543.3995642299999
[56, 57, 41, 31] - 549.3339269600008
[56, 57, 38, 31] - 539.99231368
[56, 57, 97, 31] - 542.4224833199999
[56, 57, 94, 31] - 544.2315433500006
[56, 57, 36, 31] - 546.8709355799996
[56, 57, 90, 31] - 542.6660511999997
[67, 57, 71, 31] - 587.0145974200005
[57, 71, 41, 31] - 583.1633040499989
[57, 38, 71, 31] - 572.5721695199998
[57, 71, 97, 31] - 560.1389942799999
[57, 71, 94, 31] - 592.1365215099996
[57, 36, 71, 31] - 595.2824249599988
[57, 90, 71, 31] - 592.2416449500007
[67, 57, 41, 31] - 584.5768242700003
[67, 57, 38, 31] - 574.2360420299992
[67, 57, 97, 31] - 560.4013294299995
[67, 57, 94, 31] - 591.5232661899989
[67, 57, 36, 31] - 595.5115329499997
[67, 57, 90, 31] - 592.0758847399995
[57, 38, 41, 31] - 583.6823738499996
[57, 41, 97, 31] - 551.4399897300012
[57, 94, 41, 31] - 586.7987497000006
[57, 36, 41, 31] - 591.1391459099991
[57, 90, 41, 31] - 587.8129302300006
[57, 38, 97, 31] - 541.8774480599999
[57, 38, 94, 31] - 576.9225748100004
[57, 36, 38, 31] - 581.83774982
[57, 38, 90, 31] - 577.7568240299996
[57, 94, 31, 97] - 570.8888428100012
[57, 36, 31, 97] - 574.4118954199993
[57, 90, 31, 97] - 569.2722541799999
[57, 36, 94, 31] - 611.0528805099996
[57, 90, 94, 31] - 606.8713498299999
[57, 36, 90, 31] - 611.5238675699999
[57, 104, 5] - 540.5959979999997
[57, 5, 71] - 511.77451500000075
[67, 57, 5] - 516.1984930000001
[57, 38, 5, 41] - 532.08839579
[57, 5, 41, 97] - 521.5195225700002
[57, 5, 94, 41] - 530.8570534100007
[57, 36, 5, 41] - 532.7176647
[57, 5, 90, 41] - 531.6553395999999
[57, 5, 38, 97] - 556.2867675500006
[57, 5, 38, 94] - 565.2070925800003
[57, 36, 5, 38] - 567.4076627499998
[57, 5, 38, 90] - 564.7377851000009
[57, 5, 94, 97] - 613.8643228500002
[57, 36, 5, 97] - 616.5501717799989
[57, 5, 90, 97] - 615.39761434
[57, 36, 5, 94] - 623.1220031199995
[57, 5, 90, 94] - 623.1924042500019
[57, 36, 5, 90] - 626.5652230099993
[24, 57, 2] - 631.8761949999998
[57, 2, 38, 41] - 522.3044381200002
[57, 2, 94, 41] - 521.2095963200009
[57, 2, 36, 41] - 517.6160253899997
[57, 2, 90, 41] - 522.3636574999998
[57, 2, 38, 97] - 533.5844255800006
[57, 2, 38, 94] - 557.7920097199991
[57, 2, 36, 38] - 554.6002901700002
[57, 2, 38, 90] - 557.5159227900017
[57, 2, 94, 97] - 568.2329083799991
[57, 2, 36, 97] - 565.1205460199994
[57, 2, 90, 97] - 570.01137259
[57, 2, 36, 94] - 586.7686411800009
[57, 2, 90, 94] - 591.5390510000016
[57, 2, 36, 90] - 589.9809995500001
[57, 104, 120] - 543.6225870000002
[56, 1, 57, 104] - 568.9152033500004
[1, 57, 104, 71] - 584.3761870199994
[67, 1, 57, 104] - 581.0084474900005
[1, 57, 104, 41] - 559.29345057
[1, 57, 38, 104] - 552.6310082000003
[1, 57, 104, 97] - 570.7468244400009
[1, 57, 104, 94] - 585.95860467
[1, 57, 36, 104] - 592.3801262300001
[1, 57, 104, 90] - 587.7294202999991
[88, 57, 104] - 531.8090730000004
[79, 57, 104] - 527.0416280000001
[56, 57, 104, 71] - 623.6917765699995
[67, 56, 57, 104] - 618.5355238999992
[56, 57, 104, 41] - 637.4303105299985
[56, 57, 38, 104] - 632.2913249800007
[56, 57, 104, 97] - 664.0283723900006
[56, 57, 104, 94] - 665.70803281
[56, 57, 36, 104] - 668.0061174500019
[56, 57, 104, 90] - 665.08496762
[67, 57, 104, 71, 94] - 522.1172033395997
[67, 57, 36, 104, 71] - 526.5917015278999
[67, 57, 104, 90, 71] - 526.4391859576998
[57, 104, 71, 41] - 629.7365482099985
[57, 38, 104, 71] - 651.9317550699992
[57, 104, 71, 94, 97] - 515.5476916211996
[57, 36, 104, 71, 97] - 519.4795272076997
[57, 104, 90, 71, 97] - 518.3282228993008
[57, 36, 104, 71, 94] - 540.6025914857004
[57, 104, 90, 71, 94] - 539.8747025801013
[57, 36, 104, 90, 71] - 544.769627913298
[67, 57, 104, 41] - 630.0075934400002
[67, 57, 38, 104] - 652.5298446099991
[67, 57, 104, 94, 97] - 514.2425752433004
[67, 57, 36, 104, 97] - 518.7733044686006
[67, 57, 104, 90, 97] - 517.2066905155996
[67, 57, 36, 104, 94] - 540.2511656353994
[67, 57, 104, 90, 94] - 539.8598079896994
[67, 57, 36, 104, 90] - 545.0015745657997
[57, 36, 104, 38, 41] - 508.5074285049997
[57, 104, 38, 90, 41] - 506.72364086069985
[57, 104, 41, 97] - 638.3297265000011
[57, 36, 104, 94, 41] - 508.7144520530006
[57, 104, 90, 94, 41] - 507.1359197177998
[57, 36, 104, 90, 41] - 511.1295441042006
[57, 104, 38, 97] - 664.9141099699984
[57, 36, 104, 38, 94] - 528.0430620757996
[57, 104, 38, 90, 94] - 525.7975584781996
[57, 36, 104, 38, 90] - 530.7026883974
[57, 36, 104, 94, 97] - 551.0283882957013
[57, 104, 90, 94, 97] - 549.6922613495004
[57, 36, 104, 90, 97] - 553.8960303083998
[57, 36, 104, 90, 94] - 580.3628323353997
[57, 71, 120] - 527.7561230000003
[67, 57, 120] - 530.136725
[57, 38, 41, 120] - 547.0562127900002
[57, 41, 97, 120] - 520.4488790700009
[57, 94, 41, 120] - 552.10271868
[57, 36, 41, 120] - 551.9517355299995
[57, 90, 41, 120] - 551.46170571
[57, 38, 97, 120] - 535.2773263799994
[57, 38, 94, 120] - 565.2347421899999
[57, 36, 38, 120] - 565.293044529999
[57, 38, 90, 120] - 563.1665495300002
[57, 94, 97, 120] - 610.7818269999997
[57, 36, 97, 120] - 609.5459051800003
[57, 90, 97, 120] - 607.9552035999995
[57, 36, 94, 120] - 639.8876452199997
[57, 90, 94, 120] - 638.1051101500004
[57, 36, 90, 120] - 639.4278475400006
[1, 56, 57, 71] - 573.2825113400002
[67, 1, 56, 57] - 571.0702613800005
[1, 56, 57, 41] - 543.9733976599995
[1, 56, 57, 38] - 535.9411576900005
[1, 56, 57, 97] - 571.65296969
[1, 56, 57, 94] - 571.9557658299997
[1, 56, 57, 36] - 576.3754660699987
[1, 56, 57, 90] - 570.5709054200001
[67, 1, 57, 71] - 591.0557209700007
[1, 57, 71, 41] - 557.4773890600004
[1, 57, 38, 71] - 549.1906481499994
[1, 57, 71, 97] - 586.3341809799999
[1, 57, 71, 94] - 597.6178558599998
[1, 57, 36, 71] - 602.2528738000002
[1, 57, 90, 71] - 597.6201505699993
[1, 67, 57, 41] - 557.5935434899993
[1, 67, 57, 38] - 550.1437586800012
[1, 67, 57, 97] - 584.5699956199998
[1, 67, 57, 94] - 594.4398629900012
[1, 67, 57, 36] - 599.9460654000014
[1, 67, 57, 90] - 594.1704454100009
[1, 57, 38, 41] - 558.3337838500005
[1, 57, 41, 97] - 546.4742286800006
[1, 57, 94, 41] - 560.0900033900002
[1, 57, 36, 41] - 566.2422511300001
[1, 57, 90, 41] - 561.3333188000005
[1, 57, 38, 97] - 538.0256347900003
[1, 57, 38, 94] - 552.6226705399996
[1, 57, 36, 38] - 559.6635813400004
[1, 57, 38, 90] - 553.8611262900006
[1, 57, 94, 97] - 596.1661274799991
[1, 57, 36, 97] - 601.3349771000001
[1, 57, 90, 97] - 594.0320870899992
[1, 57, 36, 94] - 618.2546357900022
[1, 57, 90, 94] - 611.9694562399993
[1, 57, 36, 90] - 617.7657668500004
[88, 57, 94] - 531.9176860000001
[88, 57, 36] - 535.5083910000013
[88, 57, 90] - 533.5199489999993
[57, 79, 97] - 515.7778389999996
[57, 79, 94] - 558.8070269999997
[57, 79, 36] - 557.5382749999998
[57, 79, 90] - 562.0884229999999
[67, 56, 57, 71] - 601.4468223400002
[56, 57, 71, 41] - 596.9625286200001
[56, 57, 38, 71] - 588.5889197
[56, 57, 71, 97] - 625.2286707299997
[56, 57, 71, 94] - 625.2769870399997
[56, 57, 36, 71] - 627.5767368999999
[56, 57, 90, 71] - 623.655428120001
[56, 67, 57, 41] - 597.1459346700003
[56, 67, 57, 38] - 589.1892762600006
[56, 67, 57, 97] - 620.3576231600019
[56, 67, 57, 94] - 622.5896895500005
[56, 67, 57, 36] - 624.2305277700025
[56, 67, 57, 90] - 620.8243619400002
[56, 57, 38, 41] - 637.5068762100004
[56, 57, 41, 97] - 638.9885026600001
[56, 57, 94, 41] - 639.6957120000012
[56, 57, 36, 41] - 642.0518189400012
[56, 57, 90, 41] - 638.6581283800002
[56, 57, 38, 97] - 632.0247905399995
[56, 57, 38, 94] - 634.0652108800011
[56, 57, 36, 38] - 636.4163463099999
[56, 57, 38, 90] - 632.1418416100005
[56, 57, 94, 97] - 666.5246509799999
[56, 57, 36, 97] - 669.0950449599989
[56, 57, 90, 97] - 664.2465718900012
[56, 57, 36, 94] - 671.9599342600018
[56, 57, 90, 94] - 668.0958995500005
[56, 57, 36, 90] - 669.5008856499994
[57, 24, 41] - 548.5008760000013
[57, 24, 38] - 594.1927880000009
[57, 24, 97] - 659.3564200000004
[57, 24, 94] - 663.2923669999998
[57, 24, 36] - 663.1658
[57, 24, 90] - 666.5393289999994
[67, 57, 71, 41] - 610.9085992800019
[67, 57, 38, 71] - 630.6126570700003
[67, 57, 71, 94, 97] - 505.22975428170065
[67, 57, 36, 71, 97] - 509.1137376955
[67, 57, 90, 71, 97] - 507.11464920870003
[67, 57, 36, 71, 94] - 529.9506277761
[67, 57, 90, 71, 94] - 528.7630821913991
[67, 57, 36, 90, 71] - 533.4185605737007
[57, 38, 71, 41] - 625.7629600299992
[57, 71, 41, 97] - 598.1168765999993
[57, 71, 94, 41] - 629.1591093000011
[57, 36, 71, 41] - 633.2809270300014
[57, 90, 71, 41] - 630.0968524900003
[57, 38, 71, 97] - 620.2901688900006
[57, 38, 71, 94] - 649.2883185399996
[57, 36, 38, 71] - 654.6600322599993
[57, 38, 90, 71] - 650.663293890002
[57, 36, 71, 94, 97] - 526.8793646467997
[57, 90, 71, 94, 97] - 525.0385667410998
[57, 36, 90, 71, 97] - 528.7060560681011
[57, 36, 90, 71, 94] - 551.4146420499009
[67, 57, 38, 41] - 629.1661533499997
[67, 57, 41, 97] - 598.1363554399996
[67, 57, 94, 41] - 630.63087816
[67, 57, 36, 41] - 634.5897526000001
[67, 57, 90, 41] - 632.6316375099992
[67, 57, 38, 97] - 621.7029344099999
[67, 57, 38, 94] - 651.1189402699987
[67, 57, 36, 38] - 656.6352621099991
[67, 57, 38, 90] - 653.8432924099991
[67, 57, 36, 94, 97] - 527.7834592868004
[67, 57, 90, 94, 97] - 525.8195034921998
[67, 57, 36, 90, 97] - 529.5442636937997
[67, 57, 36, 90, 94] - 552.6682728706994
[57, 36, 38, 94, 41, 97] - 587.6309763919872
[57, 38, 90, 94, 41, 97] - 586.4517186909079
[57, 36, 38, 90, 41, 97] - 587.2336065511764
[57, 36, 38, 90, 94, 41] - 608.9741244768653
[57, 36, 90, 94, 41, 97] - 589.112907862762
[57, 36, 38, 90, 94, 97] - 604.6405932136223
[1, 5, 41, 31] - 513.1479640799998
[1, 5, 94, 31] - 522.3117402600001
[1, 36, 5, 31] - 528.3261530400005
[1, 5, 90, 31] - 538.5233375199989
[56, 5, 31] - 584.5290059999988
[5, 71, 31] - 570.2717809999992
[67, 5, 31] - 576.8687449999999
[5, 90, 41, 31] - 510.90583977999916
[5, 97, 31] - 642.221221
[36, 5, 94, 31] - 527.63212349
[5, 90, 94, 31] - 525.2564452600006
[36, 5, 90, 31] - 528.8014948299992
[56, 1, 104, 31] - 536.4425458700008
[1, 104, 90, 71, 31] - 518.0288373408994
[1, 67, 104, 90, 31] - 517.6808930329001
[1, 104, 90, 41, 31] - 536.0257045401997
[1, 38, 104, 31] - 640.5666225100008
[1, 104, 97, 31] - 628.5638629500003
[1, 36, 104, 94, 31] - 510.72865948890103
[1, 104, 90, 94, 31] - 509.20602495380075
[1, 36, 104, 90, 31] - 517.6416917142993
[56, 104, 71, 31] - 544.5872825099999
[67, 56, 104, 31] - 543.1317709300006
[56, 104, 41, 31] - 549.0088903999996
[56, 38, 104, 31] - 541.0902857199993
[56, 104, 97, 31] - 542.3597034699992
[56, 104, 94, 31] - 542.6955466500007
[56, 36, 104, 31] - 547.9515271500006
[56, 104, 90, 31] - 544.41523121
[67, 104, 90, 71, 31] - 524.4011258272013
[104, 90, 71, 41, 31] - 519.3470931876997
[38, 104, 71, 31] - 666.7346340399989
[104, 71, 97, 31] - 641.3673334299999
[104, 71, 94, 31] - 654.6939870800005
[36, 104, 71, 31] - 661.6049810899993
[67, 104, 90, 41, 31] - 520.0197216621999
[67, 38, 104, 31] - 667.2557629900004
[67, 104, 97, 31] - 639.7820176000005
[67, 104, 94, 31] - 652.718310560001
[67, 36, 104, 31] - 660.9978089599994
[38, 104, 41, 31] - 646.8099091399998
[104, 41, 97, 31] - 613.4992969
[36, 104, 94, 41, 31] - 511.39629838850095
[104, 90, 94, 41, 31] - 509.8189876854003
[36, 104, 90, 41, 31] - 516.6900188502001
[104, 38, 97, 31] - 632.8520340900001
[104, 38, 94, 31] - 606.3825323899997
[36, 104, 38, 31] - 613.7864647199999
[104, 38, 90, 31] - 670.133458890001
[104, 94, 31, 97] - 575.4089487000005
[36, 104, 31, 97] - 581.5045509600018
[104, 90, 31, 97] - 638.2953594599998
[36, 104, 90, 94, 31] - 535.3652544816011
[90, 31, 120] - 513.0947409999997
[88, 1, 79, 31] - 556.6973460900005
[88, 56, 1, 31] - 507.3619056199994
[88, 1, 41, 31] - 644.2338242300001
[88, 1, 97, 31] - 559.9896327400006
[88, 1, 36, 94, 31] - 519.6050276933998
[88, 1, 90, 94, 31] - 515.6851933693999
[88, 1, 36, 90, 31] - 518.0175807919012
[1, 79, 41, 31] - 639.6715347300005
[1, 79, 97, 31] - 572.6114801500008
[1, 79, 36, 94, 31] - 530.6493805459004
[1, 79, 90, 94, 31] - 531.09214992
[1, 79, 36, 90, 31] - 530.9575630897008
[1, 56, 71, 41, 31] - 528.9234968968996
[1, 56, 71, 97, 31] - 525.9277515820997
[1, 56, 71, 94, 31] - 526.9891862218005
[1, 56, 36, 71, 31] - 531.4815487738007
[1, 56, 90, 71, 31] - 525.5328522844999
[1, 56, 67, 41, 31] - 528.2290600307992
[1, 56, 67, 97, 31] - 523.9553388443002
[1, 56, 67, 94, 31] - 523.9501600103998
[1, 56, 67, 36, 31] - 526.5437870039993
[1, 56, 67, 90, 31] - 524.3278974771
[1, 56, 41, 97, 31] - 649.5175627508995
[1, 56, 94, 41, 31] - 649.7160698069994
[1, 56, 36, 41, 31] - 651.8043745482014
[1, 56, 90, 41, 31] - 646.7440881897998
[1, 56, 38, 31] - 534.9438868500006
[1, 56, 94, 31, 97] - 647.6341187387987
[1, 56, 36, 31, 97] - 649.8886314023998
[1, 56, 90, 31, 97] - 644.4463372570013
[1, 56, 36, 94, 31] - 651.2637519578014
[1, 56, 90, 94, 31] - 645.9889914277007
[1, 56, 36, 90, 31] - 647.384574446602
[1, 24, 90, 31] - 554.5714321699994
[1, 67, 71, 41, 31] - 590.5991347058003
[1, 67, 38, 71, 31] - 526.0578547494007
[1, 67, 71, 97, 31] - 541.1747763001001
[1, 67, 71, 94, 31] - 564.3467761308989
[1, 67, 36, 71, 31] - 572.1864673583995
[1, 67, 90, 71, 31] - 612.8475290941983
[1, 38, 71, 41, 31] - 506.49596173240053
[1, 71, 41, 97, 31] - 577.1133975825006
[1, 71, 94, 41, 31] - 616.8947186306991
[1, 36, 71, 41, 31] - 624.1400405739007
[1, 90, 71, 41, 31] - 662.2162265255
[1, 38, 90, 71, 31] - 522.9507634388997
[1, 71, 94, 31, 97] - 558.5435674091987
[1, 36, 71, 31, 97] - 563.3304665996997
[1, 90, 71, 31, 97] - 602.7861496848014
[1, 36, 71, 94, 31] - 651.1385078848015
[1, 90, 71, 94, 31] - 645.8319441282985
[1, 36, 90, 71, 31] - 653.2096377000988
[1, 67, 38, 41, 31] - 509.0122019629994
[1, 67, 41, 97, 31] - 576.7633865043996
[1, 67, 94, 41, 31] - 618.2363523000008
[1, 67, 36, 41, 31] - 624.0645558901997
[1, 67, 90, 41, 31] - 666.368467602197
[1, 67, 38, 90, 31] - 536.4833014407004
[1, 67, 94, 31, 97] - 567.769450878499
[1, 67, 36, 31, 97] - 571.7371101128999
[1, 67, 90, 31, 97] - 613.7556906154988
[1, 67, 36, 94, 31] - 658.194541297399
[1, 67, 90, 94, 31] - 657.1197022913009
[1, 67, 36, 90, 31] - 663.4431353449996
[1, 38, 90, 41, 31] - 509.2681936851002
[1, 94, 41, 31, 97] - 653.2441719991006
[1, 36, 41, 31, 97] - 655.7538018172997
[1, 90, 41, 31, 97] - 695.5329525842983
[1, 36, 90, 94, 41, 31] - 585.1490503880814
[1, 38, 97, 31] - 639.8837025400002
[1, 38, 94, 31] - 654.2093570300005
[1, 36, 38, 31] - 664.8374374700006
[1, 36, 90, 94, 31, 97] - 526.4704577512387
[88, 79, 41, 31] - 532.7012857800003
[88, 79, 94, 31] - 580.6958641399999
[88, 79, 36, 31] - 578.9146523300008
[88, 79, 90, 31] - 580.1233385999996
[88, 56, 41, 31] - 507.5550725800001
[88, 56, 97, 31] - 509.85155955999954
[88, 56, 94, 31] - 509.5400357600007
[88, 56, 36, 31] - 509.34270387000026
[88, 24, 31] - 629.2275029999995
[88, 71, 31] - 646.813031
[88, 67, 90, 31] - 505.40361898999976
[88, 41, 97, 31] - 514.6790190700002
[88, 94, 41, 31] - 665.6595346399993
[88, 36, 41, 31] - 668.2134680099988
[88, 90, 41, 31] - 662.3514026100002
[88, 94, 31, 97] - 562.0641224100008
[88, 36, 31, 97] - 563.1462702100002
[88, 90, 31, 97] - 557.23769505
[88, 36, 90, 94, 31] - 533.4955316856017
[56, 79, 94, 31] - 507.66961212999956
[24, 79, 31] - 671.953692000001
[79, 71, 31] - 662.3018230000013
[67, 79, 94, 31] - 505.3443914600002
[67, 79, 36, 31] - 505.1968360000001
[67, 79, 90, 31] - 511.14327446000044
[79, 41, 97, 31] - 506.47599590000056
[79, 94, 41, 31] - 663.0864768799993
[79, 36, 41, 31] - 661.0632689999997
[79, 90, 41, 31] - 661.9014168800006
[79, 94, 31, 97] - 588.0583409500007
[79, 36, 31, 97] - 582.9468662200006
[79, 90, 31, 97] - 583.5738140600014
[79, 36, 90, 94, 31] - 554.8131909048988
[67, 56, 71, 31] - 627.0773862600005
[56, 71, 41, 97, 31] - 532.3912917236984
[56, 71, 94, 41, 31] - 532.5503149560998
[56, 36, 71, 41, 31] - 537.3590641009997
[56, 90, 71, 41, 31] - 531.1787710582997
[56, 38, 71, 31] - 541.5673342000002
[56, 71, 94, 31, 97] - 529.6780342595011
[56, 36, 71, 31, 97] - 533.8164750121997
[56, 90, 71, 31, 97] - 528.3778512701001
[56, 36, 71, 94, 31] - 535.6427965494996
[56, 90, 71, 94, 31] - 529.7956878354994
[56, 36, 90, 71, 31] - 533.7431944609999
[56, 67, 41, 97, 31] - 533.2051707538999
[56, 67, 94, 41, 31] - 532.9360880761998
[56, 67, 36, 41, 31] - 534.4404459622002
[56, 67, 90, 41, 31] - 532.9846760899998
[56, 67, 38, 31] - 542.6023796900014
[56, 67, 94, 31, 97] - 528.1176490369006
[56, 67, 36, 31, 97] - 530.1532360859004
[56, 67, 90, 31, 97] - 527.8280551804003
[56, 67, 36, 94, 31] - 530.7228891905996
[56, 67, 90, 94, 31] - 529.0834775502999
[56, 67, 36, 90, 31] - 530.0995877259998
[56, 38, 41, 31] - 547.0051070900001
[56, 94, 41, 31, 97] - 654.4534800239
[56, 36, 41, 31, 97] - 656.0164725707984
[56, 90, 41, 31, 97] - 651.3397274696011
[56, 36, 94, 41, 31] - 656.6129949711008
[56, 90, 94, 41, 31] - 652.3144685646996
[56, 36, 90, 41, 31] - 652.573489987599
[56, 38, 97, 31] - 540.3936457899995
[56, 38, 94, 31] - 540.5657484500007
[56, 36, 38, 31] - 545.5839029999994
[56, 38, 90, 31] - 541.0901667200011
[56, 36, 94, 31, 97] - 654.538776207899
[56, 90, 94, 31, 97] - 649.9620471754012
[56, 36, 90, 31, 97] - 650.1811018949
[56, 36, 90, 94, 31] - 652.7088149391996
[24, 41, 31] - 647.1600830000004
[24, 97, 31] - 627.7660430000009
[24, 90, 94, 31] - 505.90553517999825
[24, 36, 90, 31] - 504.9666899299997
[67, 38, 71, 41, 31] - 529.1696966463
[67, 71, 41, 97, 31] - 524.0970282527996
[67, 71, 94, 41, 31] - 560.2838082923995
[67, 36, 71, 41, 31] - 567.6869581763996
[67, 90, 71, 41, 31] - 609.4186510668
[67, 38, 90, 71, 31] - 545.0251600264988
[67, 90, 71, 31, 97] - 547.584232290301
[67, 36, 71, 94, 31] - 588.4478254691991
[67, 90, 71, 94, 31] - 585.7766943761002
[67, 36, 90, 71, 31] - 593.4652644770989
[38, 90, 71, 41, 31] - 525.065318386
[71, 94, 41, 31, 97] - 534.239406856701
[36, 71, 41, 31, 97] - 539.1070683127003
[90, 71, 41, 31, 97] - 579.7014831627995
[36, 71, 94, 41, 31] - 639.6291355694995
[90, 71, 94, 41, 31] - 633.9331763710991
[36, 90, 71, 41, 31] - 641.0192587612001
[38, 71, 97, 31] - 634.1833065999994
[38, 71, 94, 31] - 659.2654801500018
[36, 38, 71, 31] - 667.4605458200003
[36, 71, 94, 31, 97] - 568.1792700153001
[90, 71, 94, 31, 97] - 563.8587203516007
[36, 90, 71, 31, 97] - 567.6835511581012
[36, 90, 71, 94, 31] - 670.1653314280001
[67, 38, 90, 41, 31] - 527.7921101492011
[67, 94, 41, 31, 97] - 535.1158717812995
[67, 36, 41, 31, 97] - 537.6911812005995
[67, 90, 41, 31, 97] - 581.4057683030992
[67, 36, 94, 41, 31] - 639.1940342811029
[67, 90, 94, 41, 31] - 638.3748650568016
[67, 36, 90, 41, 31] - 643.1289826220003
[67, 38, 97, 31] - 649.3432679400007
[67, 36, 38, 94, 31] - 510.40803082720095
[67, 38, 90, 94, 31] - 507.4914144129002
[67, 36, 38, 90, 31] - 515.3794201573997
[67, 36, 94, 31, 97] - 575.7555239330989
[67, 90, 94, 31, 97] - 575.0412416901007
[67, 36, 90, 31, 97] - 577.2032141392001
[67, 36, 90, 94, 31] - 678.9604181283005
[38, 41, 97, 31] - 610.6545601200005
[38, 94, 41, 31] - 642.4020233899992
[36, 38, 41, 31] - 650.6475117800006
[36, 94, 41, 31, 97] - 660.0984615113999
[90, 94, 41, 31, 97] - 656.3818702231007
[36, 90, 41, 31, 97] - 656.7133470978017
[38, 94, 31, 97] - 594.3876944999996
[36, 38, 31, 97] - 600.4031140699994
[38, 90, 31, 97] - 656.2473010900006
[36, 38, 90, 94, 31] - 521.8939473841002
[24, 2, 5] - 616.537257999999
[2, 5, 38, 94] - 515.6685698200008
[2, 36, 5, 38] - 507.89021092999974
[2, 5, 38, 90] - 513.6603127500006
[2, 5, 94, 97] - 540.4710558599998
[2, 36, 5, 97] - 536.93761776
[2, 5, 90, 97] - 541.1497170199997
[2, 36, 5, 94] - 543.6121859600006
[2, 5, 90, 94] - 552.6261158300009
[2, 36, 5, 90] - 545.4999851199999
[1, 5, 104] - 621.9383439999997
[88, 5, 104] - 551.9224040000006
[79, 5, 104] - 544.6439190000002
[67, 5, 104, 71] - 524.8131690899994
[5, 104, 71, 97] - 522.8464589599992
[5, 104, 71, 94] - 521.7820674199994
[36, 5, 104, 71] - 529.4885116199994
[5, 104, 90, 71] - 544.2665230400005
[67, 38, 5, 104] - 518.6866998500004
[67, 5, 104, 97] - 553.17329307
[67, 5, 104, 94] - 557.3523687599996
[67, 36, 5, 104] - 565.4523250100003
[67, 5, 104, 90] - 578.9932245999996
[5, 104, 41] - 652.1677930000001
[5, 104, 38, 97] - 533.7111154400003
[5, 104, 38, 94] - 526.2732754499993
[36, 5, 104, 38] - 532.6503432400012
[5, 104, 38, 90] - 544.0785261699997
[5, 104, 94, 97] - 557.81558529
[36, 5, 104, 97] - 564.8202913600004
[5, 104, 90, 97] - 578.6590132199995
[36, 5, 104, 94] - 600.1159255599999
[5, 104, 90, 94] - 600.7921142400007
[36, 5, 104, 90] - 607.9663816499993
[38, 5, 120] - 663.6233209999988
[5, 94, 97, 120] - 533.3715500900007
[36, 5, 97, 120] - 533.0576418999995
[5, 90, 97, 120] - 539.1483649500002
[36, 5, 94, 120] - 541.2284659900002
[5, 90, 94, 120] - 540.4324521100002
[36, 5, 90, 120] - 540.5480892400002
[88, 1, 5] - 602.30878
[1, 79, 5] - 604.3472100000006
[56, 1, 5] - 604.652305
[1, 5, 71, 94] - 509.5912801499998
[1, 36, 5, 71] - 520.2319235699995
[1, 5, 90, 71] - 526.6788884500004
[1, 67, 5, 41] - 532.37691669
[1, 67, 5, 97] - 519.5142278600007
[1, 67, 5, 94] - 548.7696504500009
[1, 67, 36, 5] - 556.1147160700003
[1, 67, 5, 90] - 566.6756730100004
[1, 5, 41, 97] - 564.5768614199995
[1, 5, 94, 41] - 607.6277027399997
[1, 36, 5, 41] - 616.0250903600005
[1, 5, 90, 41] - 624.8264701000011
[1, 38, 5] - 601.5706500000002
[1, 5, 94, 97] - 590.4347008799998
[1, 36, 5, 97] - 595.9740199600006
[1, 5, 90, 97] - 603.9363678600008
[1, 36, 5, 94] - 657.1373814600004
[1, 5, 90, 94] - 651.1624070800001
[1, 36, 5, 90] - 658.9092437999985
[88, 79, 5, 97] - 533.2737934499992
[88, 79, 5, 94] - 575.7181168199991
[88, 79, 36, 5] - 575.3483357899997
[88, 79, 5, 90] - 577.3139112099998
[88, 56, 5] - 542.0712689999993
[88, 5, 71] - 640.6423920000001
[88, 67, 5, 94] - 518.9641250199996
[88, 67, 36, 5] - 522.8784287899995
[88, 67, 5, 90] - 524.4896608000006
[88, 5, 41] - 609.8794490000006
[88, 38, 5] - 596.142068
[88, 5, 94, 97] - 638.6496803300009
[88, 36, 5, 97] - 641.3440366499999
[88, 5, 90, 97] - 639.3502559399992
[88, 36, 5, 90, 94] - 517.7481086543004
[56, 79, 5] - 542.3420679999997
[24, 79, 5] - 506.4606190000005
[79, 5, 71] - 645.1751390000004
[67, 79, 5, 94] - 520.7250398300007
[67, 79, 36, 5] - 520.7252195800006
[67, 79, 5, 90] - 523.91930746
[79, 5, 41] - 605.470930000001
[79, 38, 5] - 597.3421809999999
[79, 5, 94, 97] - 647.7456885799996
[79, 36, 5, 97] - 647.1700528300013
[79, 5, 90, 97] - 645.5732744500002
[79, 36, 5, 90, 94] - 522.7749225301009
[56, 5, 71] - 644.6157989999995
[67, 56, 5] - 649.1473969999985
[56, 5, 41] - 641.9917560000011
[56, 36, 5, 38] - 506.2807030999996
[56, 36, 5, 94, 97] - 512.7885408375
[56, 5, 90, 94, 97] - 507.48654024899946
[56, 36, 5, 90, 97] - 508.2265904122995
[56, 36, 5, 90, 94] - 514.2376951447002
[24, 5, 41] - 550.2642370000008
[24, 38, 5] - 607.3295670000016
[24, 5, 94, 97] - 646.9245922300013
[24, 36, 5, 97] - 642.9178869199983
[24, 5, 90, 97] - 659.4688690799993
[24, 36, 5, 90, 94] - 512.5852394074002
[67, 38, 5, 71] - 534.5052621800006
[67, 5, 71, 97] - 598.3901667100007
[67, 5, 71, 94] - 611.9066801799994
[67, 36, 5, 71] - 621.4871749799995
[67, 5, 90, 71] - 634.2482470899994
[36, 5, 71, 41] - 511.1022878800002
[5, 90, 71, 41] - 518.8461086
[5, 38, 71, 97] - 565.6692191500005
[5, 38, 71, 94] - 572.4842631600006
[36, 5, 38, 71] - 579.8262775800015
[5, 38, 90, 71] - 592.6075721200001
[36, 5, 71, 94, 97] - 514.8296941316996
[5, 90, 71, 94, 97] - 511.2214306228008
[36, 5, 90, 71, 97] - 516.0256288967994
[36, 5, 90, 71, 94] - 545.8744816770999
[67, 5, 41, 97] - 508.20877680999985
[67, 5, 94, 41] - 535.9860910399998
[67, 36, 5, 41] - 541.5437577099999
[67, 5, 90, 41] - 553.7209388800004
[67, 5, 38, 97] - 600.9585919999987
[67, 5, 38, 94] - 613.3988011600014
[67, 36, 5, 38] - 620.2340068799996
[67, 5, 38, 90] - 631.2463918699987
[67, 36, 5, 94, 97] - 540.2945663626997
[67, 5, 90, 94, 97] - 539.9564007237991
[67, 36, 5, 90, 97] - 542.6497600497004
[67, 36, 5, 90, 94] - 575.5648408882992
[5, 38, 41, 97] - 652.1359383100007
[36, 5, 38, 94, 41] - 507.8761571778994
[5, 38, 90, 94, 41] - 507.59815912800025
[36, 5, 38, 90, 41] - 508.7820083830991
[36, 5, 94, 41, 97] - 598.6518181593013
[5, 90, 94, 41, 97] - 595.7954085441006
[36, 5, 90, 41, 97] - 596.4426318124994
[36, 5, 90, 94, 41] - 647.9624648735
[36, 5, 38, 90, 94, 97] - 515.2281621776057
[88, 2, 120] - 543.1606330000003
[79, 2, 120] - 563.8390250000003
[56, 24, 2, 120] - 547.722658169999
[56, 2, 38, 120] - 585.648785760001
[56, 2, 97, 120] - 593.6717334900009
[56, 2, 94, 120] - 589.3080897099999
[56, 2, 36, 120] - 591.2254665200014
[56, 2, 90, 120] - 590.8192022400008
[2, 24, 38, 97, 120] - 579.2034415381007
[2, 24, 38, 94, 120] - 579.1837132515997
[2, 24, 36, 38, 120] - 577.5204073142994
[2, 24, 38, 90, 120] - 578.0637328830005
[2, 24, 94, 97, 120] - 596.7871319704012
[2, 24, 36, 97, 120] - 594.6268197063004
[2, 24, 90, 97, 120] - 596.7169777066013
[2, 24, 36, 94, 120] - 593.8935213185
[2, 24, 90, 94, 120] - 595.9160409334991
[2, 24, 36, 90, 120] - 594.4759918961996
[2, 71, 120] - 519.2409990000001
[67, 2, 120] - 520.943685
[2, 38, 94, 97, 120] - 642.2360823006994
[2, 36, 38, 97, 120] - 642.0657634240993
[2, 38, 90, 97, 120] - 641.3250818822999
[2, 36, 38, 94, 120] - 656.6630999218997
[2, 38, 90, 94, 120] - 656.245288622401
[2, 36, 38, 90, 120] - 656.7964059185013
[2, 36, 94, 97, 120] - 656.6604387795004
[2, 90, 94, 97, 120] - 657.9246628914011
[2, 36, 90, 97, 120] - 658.0161843947013
[2, 36, 90, 94, 120] - 672.0272720547002
[88, 79, 2] - 530.1211420000003
[88, 2, 38] - 660.0394069999992
[88, 2, 36, 97] - 510.87181950000075
[88, 2, 90, 97] - 510.5043345600011
[88, 2, 36, 94] - 526.67387914
[88, 2, 90, 94] - 526.9196009099996
[88, 2, 36, 90] - 534.7115238999999
[2, 79, 36, 38] - 510.10406701999995
[2, 79, 38, 90] - 506.9365406600003
[2, 79, 94, 97] - 515.6906313500006
[2, 79, 36, 97] - 522.3240559300002
[2, 79, 90, 97] - 519.9260946900004
[2, 79, 36, 94] - 538.6470495000005
[2, 79, 90, 94] - 536.7009921299996
[2, 79, 36, 90] - 543.42625882
[56, 2, 24, 38] - 545.0387437399996
[56, 2, 24, 97] - 553.7634941800001
[56, 2, 24, 94] - 550.3337569900006
[56, 2, 24, 36] - 552.6125174999994
[56, 2, 24, 90] - 551.9518037100006
[56, 2, 38, 97] - 638.3059029200017
[56, 2, 38, 94] - 635.6016645200006
[56, 2, 36, 38] - 637.3509945200008
[56, 2, 38, 90] - 637.223904289999
[56, 2, 94, 97] - 642.0427767399992
[56, 2, 36, 97] - 643.919007690001
[56, 2, 90, 97] - 644.1029807300001
[56, 2, 36, 94] - 640.9039255400006
[56, 2, 90, 94] - 642.4905779600014
[56, 2, 36, 90] - 643.6956719499996
[2, 24, 41] - 565.305366
[2, 24, 36, 38, 94, 97] - 560.7040970536264
[2, 24, 38, 90, 94, 97] - 561.1739485116024
[2, 24, 36, 38, 90, 97] - 561.3181318815142
[2, 24, 36, 38, 90, 94] - 565.2501385861409
[2, 24, 36, 90, 94, 97] - 582.2425520169795
[2, 38, 71] - 597.291588999999
[2, 71, 97] - 615.336439
[2, 71, 94] - 637.6328530000002
[2, 36, 71] - 642.1391540000004
[2, 90, 71] - 648.168377999999
[67, 2, 38] - 597.7690849999994
[67, 2, 97] - 618.0702160000011
[67, 2, 94] - 642.982095
[67, 2, 36] - 646.7635090000017
[67, 2, 90] - 654.735582
[2, 38, 94, 41] - 540.2839382800009
[2, 36, 38, 41] - 528.3694631700001
[2, 38, 90, 41] - 538.8589275900001
[2, 41, 97] - 661.4620130000004
[2, 36, 94, 41] - 529.0442073100012
[2, 90, 94, 41] - 540.2030729499999
[2, 36, 90, 41] - 529.2866215099993
[2, 36, 38, 90, 94, 97] - 655.3884367174754
[104, 71, 120] - 633.7591829999984
[67, 104, 120] - 635.37658
[104, 41, 120] - 510.0064900000002
[38, 104, 120] - 597.3765500000004
[104, 97, 120] - 621.106171
[104, 94, 120] - 612.9462150000002
[36, 104, 120] - 622.81029
[104, 90, 120] - 661.548272
[88, 67, 1, 104] - 524.4787741600004
[88, 1, 104, 41] - 509.9297244999995
[88, 1, 104, 94] - 570.0446844000011
[88, 1, 36, 104] - 580.7668504799993
[88, 1, 104, 90] - 574.7432918499997
[67, 1, 79, 104] - 520.7457926299992
[1, 79, 104, 41] - 504.96776146999997
[1, 79, 104, 94] - 565.4707721800008
[1, 79, 36, 104] - 572.5250895800003
[1, 79, 104, 90] - 573.8288828599997
[1, 56, 104, 71] - 573.2307985899998
[67, 1, 56, 104] - 569.41782236
[1, 56, 104, 41] - 542.5287817600008
[1, 56, 38, 104] - 535.8972049
[1, 56, 104, 97] - 570.3876479399995
[1, 56, 104, 94] - 569.3148654200011
[1, 56, 36, 104] - 576.31283273
[1, 56, 104, 90] - 570.9058003099999
[1, 67, 104, 71, 41] - 607.2470495645007
[1, 67, 38, 104, 71] - 608.6318436000983
[1, 67, 104, 71, 97] - 622.3398168475993
[1, 67, 104, 71, 94] - 597.8005939761007
[1, 67, 36, 104, 71] - 607.0786550344995
[1, 67, 104, 90, 71] - 650.1546300000007
[1, 38, 104, 71, 41] - 589.3815022056012
[1, 104, 71, 41, 97] - 580.6104051744006
[1, 104, 71, 94, 41] - 572.0027526967982
[1, 36, 104, 71, 41] - 580.4415706418993
[1, 104, 90, 71, 41] - 624.1385200052998
[1, 104, 38, 71, 97] - 596.6086999575002
[1, 104, 38, 71, 94] - 556.8594148540998
[1, 36, 104, 38, 71] - 565.7584692699002
[1, 104, 38, 90, 71] - 608.0054413457992
[1, 104, 71, 94, 97] - 571.5973239097001
[1, 36, 104, 71, 97] - 579.7650769148984
[1, 104, 90, 71, 97] - 622.5353860896993
[1, 36, 104, 71, 94] - 622.0975052100989
[1, 104, 90, 71, 94] - 618.1747321772013
[1, 36, 104, 90, 71] - 628.0461841657018
[1, 67, 38, 104, 41] - 635.4760397660004
[1, 67, 104, 41, 97] - 625.4627843269998
[1, 67, 104, 94, 41] - 617.8890424161985
[1, 67, 36, 104, 41] - 627.4156452805
[1, 67, 104, 90, 41] - 670.2526323621012
[1, 67, 104, 38, 97] - 643.8430379018993
[1, 67, 104, 38, 94] - 604.0070326304009
[1, 67, 36, 104, 38] - 613.5911211209996
[1, 67, 104, 38, 90] - 654.7574744465006
[1, 67, 104, 94, 97] - 616.5469028710003
[1, 67, 36, 104, 97] - 625.8506889772002
[1, 67, 104, 90, 97] - 667.4226936766987
[1, 67, 36, 104, 94] - 666.8200168051993
[1, 67, 104, 90, 94] - 662.8962187232999
[1, 67, 36, 104, 90] - 673.8848842118997
[1, 104, 38, 41, 97] - 623.0127717491988
[1, 104, 38, 94, 41] - 586.5936957258995
[1, 36, 104, 38, 41] - 595.8369158247989
[1, 104, 38, 90, 41] - 636.972860570701
[1, 104, 94, 41, 97] - 573.5035047852998
[1, 36, 104, 41, 97] - 581.9424260337992
[1, 104, 90, 41, 97] - 623.7479135654007
[1, 36, 104, 94, 41] - 660.9169501718993
[1, 104, 90, 94, 41] - 655.9097447863003
[1, 36, 104, 90, 41] - 667.467264177099
[1, 104, 38, 94, 97] - 591.3511627423005
[1, 36, 104, 38, 97] - 600.3882158012005
[1, 104, 38, 90, 97] - 641.1332072186995
[1, 36, 104, 38, 94] - 612.8038407425988
[1, 104, 38, 90, 94] - 607.2745628005003
[1, 36, 104, 38, 90] - 618.044534906501
[1, 36, 104, 94, 97] - 622.7331334064002
[1, 104, 90, 94, 97] - 617.4844263331985
[1, 36, 104, 90, 97] - 626.9395570085012
[1, 36, 104, 90, 94] - 708.9625877075996
[88, 79, 104, 71] - 554.4594120699983
[88, 67, 79, 104] - 614.545364289999
[88, 79, 38, 104] - 551.7405888900008
[88, 79, 104, 97] - 578.9980017100003
[88, 79, 36, 104, 94] - 529.4308475129003
[88, 79, 104, 90, 94] - 529.9288351532001
[88, 79, 36, 104, 90] - 539.4976552491996
[88, 67, 104, 71] - 626.330879460001
[88, 38, 104, 71] - 562.58626629
[88, 104, 71, 97] - 593.9959582999991
[88, 104, 71, 94] - 664.9322576199992
[88, 36, 104, 90, 71] - 511.1941977218996
[88, 67, 104, 41] - 528.2547000799999
[88, 67, 38, 104] - 623.8787239100009
[88, 67, 104, 97] - 652.6869862699999
[88, 67, 36, 104, 94] - 548.888067298601
[88, 67, 104, 90, 94] - 546.2848526765
[88, 67, 36, 104, 90] - 557.7883382490012
[88, 38, 104, 41] - 526.5461007800002
[88, 104, 94, 41] - 617.8710034200004
[88, 36, 104, 41] - 626.1373177999998
[88, 104, 90, 41] - 622.0779286100003
[88, 104, 38, 97] - 634.8665627699986
[88, 104, 38, 94] - 663.8700330999999
[88, 36, 104, 38, 90] - 507.48172814360026
[88, 36, 104, 94, 97] - 527.3078984729
[88, 104, 90, 94, 97] - 523.0712628979991
[88, 36, 104, 90, 97] - 533.3011197094004
[88, 36, 104, 90, 94] - 622.9274645969012
[67, 79, 104, 71] - 628.4663735199993
[79, 38, 104, 71] - 566.2986194100001
[79, 104, 71, 97] - 591.6746298000003
[79, 104, 90, 71, 94] - 505.18436034589973
[79, 36, 104, 90, 71] - 512.8126673776994
[67, 79, 104, 41] - 526.2387255
[67, 79, 38, 104] - 627.1965656800012
[67, 79, 104, 97] - 651.5297266400006
[67, 79, 36, 104, 94] - 547.3442763589014
[67, 79, 104, 90, 94] - 550.9148505489009
[67, 79, 36, 104, 90] - 558.5210126829994
[79, 38, 104, 41] - 527.6816520200009
[79, 104, 94, 41] - 616.235513080001
[79, 36, 104, 41] - 619.7970522399999
[79, 104, 90, 41] - 623.71021716
[79, 104, 38, 97] - 635.1735503400001
[79, 104, 38, 94] - 667.8071957600013
[79, 36, 104, 38, 90] - 510.53858607609925
[79, 36, 104, 94, 97] - 523.3725595292998
[79, 104, 90, 94, 97] - 525.4210210896988
[79, 36, 104, 90, 97] - 531.8742214881003
[79, 36, 104, 90, 94] - 624.1629736977998
[67, 56, 104, 71] - 601.4762808200012
[56, 104, 71, 41] - 598.135946109998
[56, 38, 104, 71] - 591.3223946299998
[56, 104, 71, 97] - 626.0800631600003
[56, 104, 71, 94] - 624.8022688800003
[56, 36, 104, 71] - 630.0842295299998
[56, 104, 90, 71] - 626.2448428299987
[56, 67, 104, 41] - 596.3184890300003
[56, 67, 38, 104] - 590.124713980002
[56, 67, 104, 97] - 619.2998741999996
[56, 67, 104, 94] - 619.65112051
[56, 67, 36, 104] - 624.2024677299995
[56, 67, 104, 90] - 621.3586688900002
[56, 38, 104, 41] - 638.5163161699984
[56, 104, 41, 97] - 639.1185472699997
[56, 104, 94, 41] - 638.3641552200003
[56, 36, 104, 41] - 643.5234613699997
[56, 104, 90, 41] - 640.6105753599991
[56, 104, 38, 97] - 633.7957686099993
[56, 104, 38, 94] - 634.50632349
[56, 36, 104, 38] - 639.3261968999992
[56, 104, 38, 90] - 635.7540070400016
[56, 104, 94, 97] - 665.38729353
[56, 36, 104, 97] - 670.6215264800013
[56, 104, 90, 97] - 666.4619024599996
[56, 36, 104, 90, 94] - 505.5930983947004
[67, 38, 104, 71, 41] - 630.1647488811993
[67, 104, 71, 41, 97] - 604.2559184425991
[67, 104, 71, 94, 41] - 594.1761623091996
[67, 36, 104, 71, 41] - 601.685096307499
[67, 104, 90, 71, 41] - 648.2279797683999
[67, 104, 38, 90, 71, 97] - 531.769773742931
[67, 36, 104, 38, 71, 94] - 512.913263616486
[67, 104, 38, 90, 71, 94] - 510.4304111429087
[67, 36, 104, 38, 90, 71] - 519.3009412542962
[67, 36, 104, 71, 94, 97] - 528.6864035715724
[67, 104, 90, 71, 94, 97] - 526.9279799417781
[67, 36, 104, 90, 71, 97] - 535.6219190927766
[67, 36, 104, 90, 71, 94] - 563.0411055337587
[104, 38, 71, 41, 97] - 618.4055281098994
[104, 38, 71, 94, 41] - 592.0140226242993
[36, 104, 38, 71, 41] - 599.4347124345996
[104, 38, 90, 71, 41] - 644.8133843129008
[104, 71, 94, 41, 97] - 567.5484983807004
[36, 104, 71, 41, 97] - 574.0257598505
[104, 90, 71, 41, 97] - 619.6058005584999
[36, 104, 71, 94, 41] - 630.8605353892989
[104, 90, 71, 94, 41] - 628.1556142161004
[36, 104, 90, 71, 41] - 636.8849293646994
[104, 38, 71, 94, 97] - 666.7694439509996
[36, 104, 38, 90, 71, 97] - 509.3578940149839
[36, 104, 38, 90, 71, 94] - 525.4241736794296
[36, 104, 90, 71, 94, 97] - 542.6716564160625
[67, 104, 38, 41, 97] - 662.9167572403018
[67, 104, 38, 94, 41] - 638.9119360443013
[67, 36, 104, 38, 41] - 645.6748526040014
[67, 104, 38, 90, 41] - 690.822375698999
[67, 104, 94, 41, 97] - 611.272750250201
[67, 36, 104, 41, 97] - 617.4598360690007
[67, 104, 90, 41, 97] - 662.7107348237993
[67, 36, 104, 90, 94, 41] - 509.1309091979664
[67, 36, 104, 38, 94, 97] - 540.0905495389658
[67, 104, 38, 90, 94, 97] - 537.5751086258743
[67, 36, 104, 38, 90, 97] - 545.7943442060017
[67, 36, 104, 38, 90, 94] - 561.6851874902646
[67, 36, 104, 90, 94, 97] - 577.6031611232712
[104, 38, 94, 41, 97] - 643.0645726629998
[36, 104, 38, 41, 97] - 649.6957830715003
[104, 38, 90, 41, 97] - 694.0777069910998
[36, 104, 38, 90, 94, 41] - 510.10055695182314
[36, 104, 94, 41, 97] - 648.3666088663008
[104, 90, 94, 41, 97] - 645.2497166396008
[36, 104, 90, 41, 97] - 652.4745922417997
[36, 104, 38, 90, 94, 97] - 566.1622220452026
[1, 90, 120] - 508.2067520000003
[88, 56, 120] - 578.5162409999991
[88, 71, 120] - 522.7479590000003
[88, 67, 120] - 530.7984740000004
[88, 36, 38, 120] - 505.67646726000027
[88, 94, 97, 120] - 524.4231547399997
[88, 36, 97, 120] - 532.8211666
[88, 90, 97, 120] - 527.9847173400001
[88, 36, 94, 120] - 552.9487287899996
[88, 90, 94, 120] - 549.6680842500002
[88, 36, 90, 120] - 558.4630247199999
[56, 79, 120] - 585.8279159999995
[79, 71, 120] - 543.5952890000001
[67, 79, 120] - 550.3122329999998
[79, 38, 94, 120] - 517.7718755199998
[79, 36, 38, 120] - 522.6319640000002
[79, 38, 90, 120] - 518.2738437800004
[79, 94, 97, 120] - 561.9374343699998
[79, 36, 97, 120] - 566.9058592700002
[79, 90, 97, 120] - 560.8049465100007
[79, 36, 94, 120] - 590.1717415300005
[79, 90, 94, 120] - 584.79844102
[79, 36, 90, 120] - 591.5481082399999
[56, 24, 38, 120] - 540.3822499100012
[56, 24, 97, 120] - 549.7310121900002
[56, 24, 94, 120] - 546.1434263200006
[56, 24, 36, 120] - 546.5603051900009
[56, 24, 90, 120] - 545.6352907899999
[56, 38, 71, 120] - 561.8514084199994
[56, 71, 97, 120] - 598.4003457600002
[56, 71, 94, 120] - 596.2353773300001
[56, 36, 71, 120] - 600.4411257199998
[56, 90, 71, 120] - 599.4074384599993
[56, 67, 38, 120] - 564.66323814
[56, 67, 97, 120] - 599.3563346999998
[56, 67, 94, 120] - 597.39347309
[56, 67, 36, 120] - 601.7891698399999
[56, 67, 90, 120] - 600.46905623
[56, 38, 94, 97, 120] - 642.1849562622997
[56, 36, 38, 97, 120] - 647.7846977592011
[56, 38, 90, 97, 120] - 642.8431077658995
[56, 36, 38, 94, 120] - 643.4510925512006
[56, 38, 90, 94, 120] - 639.317372278299
[56, 36, 38, 90, 120] - 645.1683617379003
[56, 36, 90, 94, 97, 120] - 505.7857762622746
[24, 38, 94, 97, 120] - 596.1966823916998
[24, 36, 38, 97, 120] - 593.0797101599002
[24, 38, 90, 97, 120] - 618.491290850099
[24, 36, 38, 94, 120] - 592.6961805728001
[24, 38, 90, 94, 120] - 595.3051079572996
[24, 36, 38, 90, 120] - 592.2305308770004
[24, 36, 94, 97, 120] - 628.320867653201
[24, 90, 94, 97, 120] - 631.7118859651002
[24, 36, 90, 97, 120] - 628.524379771701
[24, 36, 90, 94, 120] - 627.6835161820994
[67, 38, 71, 120] - 547.38664087
[67, 71, 97, 120] - 573.7277086299997
[67, 71, 94, 120] - 565.0970276299998
[67, 36, 71, 120] - 571.9949661699998
[67, 90, 71, 120] - 604.5156147200001
[38, 71, 97, 120] - 665.7731313399997
[38, 71, 94, 120] - 655.9966903699998
[36, 38, 71, 120] - 662.1801354899983
[38, 90, 71, 120] - 693.546607749998
[36, 71, 94, 97, 120] - 521.9264410693
[90, 71, 94, 97, 120] - 520.7654873905994
[36, 90, 71, 97, 120] - 526.0309461296997
[36, 90, 71, 94, 120] - 543.8807793334006
[67, 38, 97, 120] - 672.9783605099998
[67, 38, 94, 120] - 663.1036054400015
[67, 36, 38, 120] - 669.7839404200001
[67, 38, 90, 120] - 700.4775114099994
[67, 36, 94, 97, 120] - 526.7103225983009
[67, 90, 94, 97, 120] - 526.0093641557997
[67, 36, 90, 97, 120] - 531.1749099661996
[67, 36, 90, 94, 120] - 548.6561547056997
[38, 41, 97, 120] - 549.7655224300014
[38, 94, 41, 120] - 547.69740552
[36, 38, 41, 120] - 549.4821804600008
[38, 90, 41, 120] - 579.7485471600008
[94, 41, 97, 120] - 521.8173350600001
[36, 41, 97, 120] - 522.1248897900003
[90, 41, 97, 120] - 552.8656121299999
[36, 94, 41, 120] - 552.7868496000003
[90, 94, 41, 120] - 552.3841908499993
[36, 90, 41, 120] - 554.6376581900007
[36, 38, 90, 94, 97, 120] - 648.3478113749577
[88, 1, 79, 71] - 525.7130938999995
[88, 67, 1, 79] - 599.7117776900004
[88, 1, 79, 94, 41] - 548.6129928201999
[88, 1, 79, 36, 41] - 550.1954351276003
[88, 1, 79, 90, 41] - 547.5217250221001
[88, 1, 79, 94, 97] - 518.2550311587995
[88, 1, 79, 36, 97] - 519.5431633478995
[88, 1, 79, 90, 97] - 516.6247050360001
[88, 1, 79, 36, 94] - 609.7574234545983
[88, 1, 79, 90, 94] - 607.6142932749998
[88, 1, 79, 36, 90] - 610.6115367926006
[88, 1, 56, 41] - 505.91724223999944
[88, 1, 56, 97] - 541.2427944999997
[88, 1, 56, 94] - 539.5968131700005
[88, 1, 56, 36] - 539.7264634300001
[88, 1, 56, 90] - 533.3441285399994
[88, 1, 24] - 626.7803019999999
[88, 67, 1, 71] - 555.1288263600003
[88, 1, 71, 41] - 594.3647133899999
[88, 1, 71, 97] - 570.531008829999
[88, 1, 71, 94] - 655.07776397
[88, 1, 36, 71] - 664.7773729299998
[88, 1, 90, 71] - 656.1333007000003
[88, 1, 67, 41] - 658.5368588300007
[88, 1, 67, 97] - 644.5864619800003
[88, 1, 67, 36, 94] - 551.3076872306992
[88, 1, 67, 90, 94] - 547.9947854558003
[88, 1, 67, 36, 90] - 555.4053684165999
[88, 1, 94, 41, 97] - 551.8037129134999
[88, 1, 36, 41, 97] - 555.3662289263995
[88, 1, 90, 41, 97] - 548.0547754271998
[88, 1, 36, 94, 41] - 653.9023574763995
[88, 1, 90, 94, 41] - 646.5485641220015
[88, 1, 36, 90, 41] - 651.7600695035
[88, 1, 38] - 656.4590490000015
[88, 1, 36, 94, 97] - 614.0843544022001
[88, 1, 90, 94, 97] - 606.8530650398002
[88, 1, 36, 90, 97] - 611.1018791491985
[88, 1, 36, 90, 94] - 710.4732732066977
[1, 56, 79, 97] - 533.9965832799986
[1, 56, 79, 94] - 536.3567720300001
[1, 56, 79, 36] - 532.9277564699994
[1, 56, 79, 90] - 530.8679037099996
[1, 24, 79] - 655.8557460000003
[67, 1, 79, 71] - 558.0898256200011
[1, 79, 71, 41] - 593.9843199999998
[1, 79, 71, 97] - 576.3085840799995
[1, 79, 71, 94] - 667.4849643600003
[1, 79, 36, 90, 71] - 506.7477079427993
[1, 67, 79, 41] - 651.6856709899984
[1, 67, 79, 97] - 646.6895882599994
[1, 67, 79, 36, 94] - 553.2901222277018
[1, 67, 79, 90, 94] - 554.4198551371989
[1, 67, 79, 36, 90] - 558.8726126691005
[1, 79, 94, 41, 97] - 544.0290319488995
[1, 79, 36, 41, 97] - 543.4551581439991
[1, 79, 90, 41, 97] - 542.0519287263999
[1, 79, 36, 94, 41] - 646.0526835642006
[1, 79, 90, 94, 41] - 644.5268721425008
[1, 79, 36, 90, 41] - 647.2633285793003
[1, 79, 38] - 655.9972140000008
[1, 79, 36, 94, 97] - 621.6337395788995
[1, 79, 90, 94, 97] - 619.450460835799
[1, 79, 36, 90, 97] - 620.5881852810992
[1, 79, 36, 90, 94] - 724.1508201290002
[67, 1, 56, 71] - 654.3511027900007
[1, 56, 71, 41, 97] - 528.5157198210006
[1, 56, 71, 94, 41] - 527.899884180301
[1, 56, 36, 71, 41] - 533.9267141970997
[1, 56, 90, 71, 41] - 526.6642250438015
[1, 56, 38, 71] - 537.4134662499994
[1, 56, 71, 94, 97] - 551.0624161082994
[1, 56, 36, 71, 97] - 555.9690376642001
[1, 56, 90, 71, 97] - 549.3189087532986
[1, 56, 36, 71, 94] - 556.7719553697984
[1, 56, 90, 71, 94] - 549.8141500469013
[1, 56, 36, 90, 71] - 554.7177093719987
[1, 56, 67, 41, 97] - 528.1008237242997
[1, 56, 67, 94, 41] - 526.6863989924
[1, 56, 67, 36, 41] - 530.0179219257997
[1, 56, 67, 90, 41] - 527.5983929805996
[1, 56, 67, 38] - 537.7292357300004
[1, 56, 67, 94, 97] - 546.7644672726009
[1, 56, 67, 36, 97] - 550.3812415820998
[1, 56, 67, 90, 97] - 546.7383017726999
[1, 56, 67, 36, 94] - 549.8119120444011
[1, 56, 67, 90, 94] - 546.7044043596001
[1, 56, 67, 36, 90] - 549.5341439722
[1, 56, 38, 41] - 540.9095660000002
[1, 56, 94, 41, 97] - 648.9343846496005
[1, 56, 36, 41, 97] - 652.1407783539995
[1, 56, 90, 41, 97] - 646.5593497637994
[1, 56, 36, 94, 41] - 651.0739347075001
[1, 56, 90, 94, 41] - 645.8373678656006
[1, 56, 36, 90, 41] - 648.2655086074005
[1, 56, 38, 97] - 535.855706459999
[1, 56, 38, 94] - 534.826619850001
[1, 56, 36, 38] - 542.2916064499996
[1, 56, 38, 90] - 535.9331987600009
[1, 56, 36, 94, 97] - 674.9203271659992
[1, 56, 90, 94, 97] - 669.0994441607994
[1, 56, 36, 90, 97] - 670.9640780966005
[1, 56, 36, 90, 94] - 671.9041491814012
[1, 24, 41] - 645.471061999999
[1, 24, 97] - 613.3918790000005
[1, 24, 94] - 658.692257999998
[1, 24, 36] - 657.086156
[1, 67, 38, 71, 41] - 635.2588320044026
[1, 67, 71, 41, 97] - 640.6135352098021
[1, 67, 71, 94, 41] - 662.1082456088025
[1, 67, 36, 90, 71, 41] - 505.50592284578994
[1, 67, 38, 71, 97] - 597.7465434318996
[1, 67, 38, 71, 94] - 601.0529720282004
[1, 67, 36, 38, 71] - 612.1933623007991
[1, 67, 38, 90, 71] - 652.5256073190018
[1, 67, 71, 94, 97] - 636.2160619949012
[1, 67, 36, 71, 97] - 644.5839306915991
[1, 67, 90, 71, 97] - 686.5429079586006
[1, 67, 36, 90, 71, 94] - 537.2533090229706
[1, 38, 71, 41, 97] - 578.1432662255006
[1, 38, 71, 94, 41] - 582.4750743789991
[1, 36, 38, 71, 41] - 592.9133363605995
[1, 38, 90, 71, 41] - 633.0661762045005
[1, 71, 94, 41, 97] - 648.8999144273992
[1, 36, 71, 41, 97] - 657.2272352711007
[1, 90, 71, 41, 97] - 696.9323367080988
[1, 36, 90, 71, 94, 41] - 557.9587795653459
[1, 38, 71, 94, 97] - 545.2991704967997
[1, 36, 38, 71, 97] - 553.9640561525006
[1, 38, 90, 71, 97] - 594.7859564409996
[1, 36, 38, 71, 94] - 606.8396276601017
[1, 38, 90, 71, 94] - 600.3765530205999
[1, 36, 38, 90, 71] - 612.2119807109998
[1, 36, 90, 71, 94, 97] - 530.8048090839305
[1, 67, 38, 41, 97] - 623.5423549355007
[1, 67, 38, 94, 41] - 629.1760249690998
[1, 67, 36, 38, 41] - 640.3568097004003
[1, 67, 38, 90, 41] - 678.9887430131995
[1, 67, 36, 94, 41, 97] - 523.1760453707279
[1, 67, 90, 94, 41, 97] - 520.0723307306628
[1, 67, 36, 90, 41, 97] - 525.3636485557149
[1, 67, 36, 90, 94, 41] - 591.5278875091444
[1, 67, 38, 94, 97] - 603.0743753553027
[1, 67, 36, 38, 97] - 613.2443435473999
[1, 67, 38, 90, 97] - 653.1366371622001
[1, 67, 36, 38, 94] - 666.6461806880003
[1, 67, 38, 90, 94] - 659.2613678932001
[1, 67, 36, 38, 90] - 672.6480809162002
[1, 67, 36, 90, 94, 97] - 571.2175725894408
[1, 38, 94, 41, 97] - 571.1585681432996
[1, 36, 38, 41, 97] - 580.2278049540009
[1, 38, 90, 41, 97] - 620.0514209801007
[1, 36, 38, 94, 41] - 638.7059088191991
[1, 38, 90, 94, 41] - 630.7513805194995
[1, 36, 38, 90, 41] - 642.7503961510996
[1, 36, 90, 94, 41, 97] - 614.2480542716872
[1, 36, 38, 94, 97] - 608.9973634407002
[1, 38, 90, 94, 97] - 602.0509784152002
[1, 36, 38, 90, 97] - 612.5813280493012
[1, 36, 38, 90, 94] - 670.4187591235986
[88, 56, 79, 97] - 648.4094549800008
[88, 56, 79, 94] - 649.4109951700004
[88, 56, 79, 36] - 647.7814659100012
[88, 56, 79, 90] - 641.9852683800003
[88, 79, 24, 97] - 577.8621994700006
[88, 79, 24, 94] - 665.9738732800006
[88, 79, 24, 36] - 667.5634592799987
[88, 79, 24, 90] - 667.6326033400012
[88, 67, 79, 71] - 642.53651013
[88, 79, 71, 41] - 528.9318149700002
[88, 79, 38, 71] - 532.0672076100002
[88, 79, 71, 94, 97] - 526.6820353557995
[88, 79, 36, 71, 97] - 532.7035994294008
[88, 79, 90, 71, 97] - 531.0672290022992
[88, 79, 36, 71, 94] - 600.3392291746986
[88, 79, 90, 71, 94] - 598.9340302920012
[88, 79, 36, 90, 71] - 606.4841166033007
[88, 67, 79, 41] - 589.2237688499997
[88, 67, 79, 38] - 603.2209165200012
[88, 67, 79, 94, 97] - 578.9664016902994
[88, 67, 79, 36, 97] - 583.8195221946997
[88, 67, 79, 90, 97] - 586.6107512165999
[88, 67, 79, 36, 94] - 652.6901693956978
[88, 67, 79, 90, 94] - 656.0916506712998
[88, 67, 79, 36, 90] - 663.0927644682992
[88, 79, 94, 41, 97] - 526.6602036378996
[88, 79, 36, 41, 97] - 525.9217234144007
[88, 79, 90, 41, 97] - 524.2977112276997
[88, 79, 36, 94, 41] - 633.2363018923996
[88, 79, 90, 94, 41] - 633.138499701499
[88, 79, 36, 90, 41] - 633.6013556835993
[88, 79, 36, 38, 97] - 507.84920340409894
[88, 79, 36, 38, 94] - 539.7652109440991
[88, 79, 38, 90, 94] - 534.7241988523006
[88, 79, 36, 38, 90] - 545.7716321802006
[88, 79, 36, 90, 94, 97] - 597.4572859183681
[88, 56, 24, 97] - 602.3147528200006
[88, 56, 24, 94] - 600.79949128
[88, 56, 24, 36] - 600.7410627500007
[88, 56, 24, 90] - 597.3118625400001
[88, 56, 71, 97] - 559.7890396500002
[88, 56, 71, 94] - 555.6991966599988
[88, 56, 36, 71] - 560.1074300000007
[88, 56, 90, 71] - 553.1937184900011
[88, 56, 67, 97] - 552.3956131400003
[88, 56, 67, 94] - 551.4756019199988
[88, 56, 67, 36] - 551.4377454099995
[88, 56, 67, 90] - 553.0233906400003
[88, 56, 41, 97] - 597.8600745099986
[88, 56, 94, 41] - 598.2498707099992
[88, 56, 36, 41] - 596.9681462600005
[88, 56, 90, 41] - 592.3426105400009
[88, 56, 38, 97] - 541.8048384200004
[88, 56, 38, 94] - 537.2809687699994
[88, 56, 36, 38] - 544.0413989299984
[88, 56, 38, 90] - 536.3370035199999
[88, 56, 36, 90, 94, 97] - 509.386450655509
[88, 24, 71] - 573.3844930000001
[88, 67, 24] - 604.0349800000001
[88, 24, 41] - 559.4800809999998
[88, 24, 36, 94, 97] - 530.5627839687005
[88, 24, 90, 94, 97] - 530.8687762530997
[88, 24, 36, 90, 97] - 532.1778839920993
[88, 24, 36, 90, 94] - 596.0514650748001
[88, 67, 71, 41] - 539.3672314099996
[88, 67, 38, 71] - 635.4420927699999
[88, 67, 71, 94, 97] - 533.8287591887002
[88, 67, 36, 71, 97] - 543.4225820671998
[88, 67, 90, 71, 97] - 542.1500901303997
[88, 67, 36, 71, 94] - 602.784307406898
[88, 67, 90, 71, 94] - 600.4408551840997
[88, 67, 36, 90, 71] - 612.3669099292995
[88, 71, 41, 97] - 551.7444580000005
[88, 71, 94, 41] - 657.8120747500006
[88, 36, 71, 41] - 667.5459982000011
[88, 90, 71, 41] - 658.6534325900012
[88, 38, 71, 97] - 664.6321104400002
[88, 36, 38, 71, 94] - 544.6849808098991
[88, 38, 90, 71, 94] - 539.0073688715
[88, 36, 38, 90, 71] - 549.8363087270008
[88, 36, 71, 94, 97] - 671.1796773752005
[88, 90, 71, 94, 97] - 665.6495981428999
[88, 36, 90, 71, 97] - 675.3656254964012
[88, 36, 90, 71, 94] - 750.2260319563986
[88, 67, 38, 41] - 511.6426755099999
[88, 67, 41, 97] - 610.0776177000007
[88, 67, 36, 94, 41] - 543.0428818554011
[88, 67, 90, 94, 41] - 542.115729606699
[88, 67, 36, 90, 41] - 545.7465881436002
[88, 67, 38, 94, 97] - 545.1691123860995
[88, 67, 36, 38, 97] - 556.1577130855007
[88, 67, 38, 90, 97] - 552.9955358851998
[88, 67, 36, 38, 94] - 598.6664868616992
[88, 67, 38, 90, 94] - 594.9169392373002
[88, 67, 36, 38, 90] - 606.8596919721992
[88, 67, 36, 90, 94, 97] - 543.2698710874565
[88, 38, 94, 41] - 554.6878040500002
[88, 36, 38, 41] - 562.06095569
[88, 38, 90, 41] - 555.1856618400001
[88, 36, 94, 41, 97] - 620.8036030724004
[88, 90, 94, 41, 97] - 615.2063395536002
[88, 36, 90, 41, 97] - 616.9176104092988
[88, 36, 90, 94, 41] - 733.146085819299
[88, 36, 38, 90, 94, 97] - 520.5939594655887
[56, 79, 24, 97] - 601.1514287799993
[56, 79, 24, 94] - 600.8207546400001
[56, 79, 24, 36] - 599.2683633100003
[56, 79, 24, 90] - 592.5040136700005
[56, 79, 71, 97] - 558.3886352299987
[56, 79, 71, 94] - 562.2783152200002
[56, 79, 36, 71] - 561.0188038300003
[56, 79, 90, 71] - 558.7183759299996
[56, 67, 79, 97] - 546.5908037200005
[56, 67, 79, 94] - 551.196172080001
[56, 67, 79, 36] - 546.4164469699986
[56, 67, 79, 90] - 548.3532953399995
[56, 79, 41, 97] - 592.9246849500004
[56, 79, 94, 41] - 598.0072932899996
[56, 79, 36, 41] - 592.7642262799994
[56, 79, 90, 41] - 592.4524034099999
[56, 79, 38, 97] - 545.8905606100004
[56, 79, 38, 94] - 546.09435686
[56, 79, 36, 38] - 548.4254140499999
[56, 79, 38, 90] - 543.8973852300005
[56, 79, 36, 94, 97] - 676.0640722908016
[56, 79, 90, 94, 97] - 672.1700991123005
[56, 79, 36, 90, 97] - 670.8725405496998
[56, 79, 36, 90, 94] - 671.900621432401
[79, 24, 71] - 595.3670519999988
[67, 79, 24] - 621.3219989999992
[79, 24, 41] - 557.8375099999992
[79, 24, 36, 94, 97] - 554.8767038197996
[79, 24, 90, 94, 97] - 552.7592921265012
[79, 24, 36, 90, 97] - 552.3287334656005
[79, 24, 36, 90, 94] - 618.8519015442006
[67, 79, 71, 41] - 536.9394843499996
[67, 79, 38, 71] - 641.58740246
[67, 79, 71, 94, 97] - 538.8603021884998
[67, 79, 36, 71, 97] - 542.4972714610994
[67, 79, 90, 71, 97] - 546.100992936301
[67, 79, 36, 71, 94] - 606.5717646332995
[67, 79, 90, 71, 94] - 608.7670493196002
[67, 79, 36, 90, 71] - 616.4915035866003
[79, 71, 41, 97] - 548.3352275399994
[79, 71, 94, 41] - 659.7196520700016
[79, 36, 71, 41] - 664.2342824299993
[79, 90, 71, 41] - 663.2406429000004
[79, 38, 71, 97] - 666.1028555700009
[79, 36, 38, 71, 94] - 547.3172836040012
[79, 38, 90, 71, 94] - 547.1777506118
[79, 36, 38, 90, 71] - 554.2370382931991
[79, 36, 90, 71, 94, 97] - 508.98548368162164
[67, 79, 38, 41] - 513.6711330799995
[67, 79, 41, 97] - 602.805400589999
[67, 79, 36, 94, 41] - 536.4368898894993
[67, 79, 90, 94, 41] - 541.007881946
[67, 79, 36, 90, 41] - 541.7264808591998
[67, 79, 38, 94, 97] - 548.3673694004007
[67, 79, 36, 38, 97] - 553.817199367699
[67, 79, 38, 90, 97] - 554.2245621363008
[67, 79, 36, 38, 94] - 600.3381448387
[67, 79, 38, 90, 94] - 599.5907703527001
[67, 79, 36, 38, 90] - 608.2140509910006
[67, 79, 36, 90, 94, 97] - 546.5221882945087
[79, 38, 94, 41] - 557.6933195699986
[79, 36, 38, 41] - 561.8830567999989
[79, 38, 90, 41] - 562.1445138300004
[79, 36, 94, 41, 97] - 612.0720898607018
[79, 90, 94, 41, 97] - 612.4077550302984
[79, 36, 90, 41, 97] - 610.5883823160016
[79, 36, 90, 94, 41] - 730.4949816535006
[79, 36, 38, 90, 94, 97] - 525.4871361646992
[56, 24, 71] - 574.847827000001
[67, 56, 24] - 585.7269960000006
[56, 24, 38, 97] - 546.9575288100006
[56, 24, 38, 94] - 542.4320429299996
[56, 24, 36, 38] - 544.7291696799997
[56, 24, 38, 90] - 542.9400212300001
[56, 24, 36, 94, 97] - 659.0597727636002
[56, 24, 90, 94, 97] - 658.8082941045993
[56, 24, 36, 90, 97] - 656.418161972501
[56, 24, 36, 90, 94] - 653.8153028127009
[56, 67, 71, 41] - 657.5850843500008
[56, 67, 38, 71, 97] - 528.2739120901989
[56, 67, 38, 71, 94] - 526.1686243734009
[56, 67, 36, 38, 71] - 528.8181145333999
[56, 67, 38, 90, 71] - 528.4621509485006
[56, 67, 71, 94, 97] - 611.7582247298989
[56, 67, 36, 71, 97] - 615.0715740315004
[56, 67, 90, 71, 97] - 614.4660391802021
[56, 67, 36, 71, 94] - 615.1799536532006
[56, 67, 90, 71, 94] - 614.0939428866002
[56, 67, 36, 90, 71] - 617.8221269688994
[56, 38, 71, 41] - 594.3685972000005
[56, 71, 94, 41, 97] - 566.191368779
[56, 36, 71, 41, 97] - 571.5251789462992
[56, 90, 71, 41, 97] - 564.8519701521002
[56, 36, 71, 94, 41] - 571.8122937377002
[56, 90, 71, 94, 41] - 564.9484195658991
[56, 36, 90, 71, 41] - 570.2146507519994
[56, 38, 71, 94, 97] - 644.0124021013002
[56, 36, 38, 71, 97] - 647.7968810790009
[56, 38, 90, 71, 97] - 645.8282870476975
[56, 36, 38, 71, 94] - 645.6967495958005
[56, 38, 90, 71, 94] - 643.6963731494993
[56, 36, 38, 90, 71] - 648.1396842931982
[56, 36, 90, 71, 94, 97] - 597.2733670579757
[56, 67, 38, 41] - 596.1714380100007
[56, 67, 94, 41, 97] - 566.114873742
[56, 67, 36, 41, 97] - 567.7716649601008
[56, 67, 90, 41, 97] - 566.2329148897007
[56, 67, 36, 94, 41] - 568.1069305719989
[56, 67, 90, 94, 41] - 567.7307618761008
[56, 67, 36, 90, 41] - 568.121875506799
[56, 67, 38, 94, 97] - 643.0740714800014
[56, 67, 36, 38, 97] - 646.7596726561
[56, 67, 38, 90, 97] - 644.6766140235992
[56, 67, 36, 38, 94] - 645.2451100810986
[56, 67, 38, 90, 94] - 644.0967014683001
[56, 67, 36, 38, 90] - 647.6195131357991
[56, 67, 36, 90, 94, 97] - 592.3388568701226
[56, 38, 41, 97] - 637.3286720700013
[56, 38, 94, 41] - 636.9407806099989
[56, 36, 38, 41] - 642.2699857800006
[56, 38, 90, 41] - 637.7006280599999
[56, 36, 90, 94, 41, 97] - 540.549864711169
[56, 36, 38, 90, 94, 97] - 665.136191635186
[67, 24, 71] - 531.2041040000001
[24, 38, 71] - 520.263493
[24, 71, 94, 97] - 532.7846841900003
[24, 36, 71, 97] - 534.3518041000002
[24, 90, 71, 97] - 599.3811074100003
[24, 36, 71, 94] - 574.1489471499995
[24, 90, 71, 94] - 577.5700941799995
[24, 36, 90, 71] - 580.2336790999997
[67, 24, 38] - 541.2593250000003
[67, 24, 94, 97] - 555.5640639599991
[67, 24, 36, 97] - 554.5585820399996
[67, 24, 90, 97] - 622.4594413000002
[67, 24, 36, 94] - 592.93967362
[67, 24, 90, 94] - 601.23832056
[67, 24, 36, 90] - 602.1254777300002
[24, 38, 41] - 651.8780960000009
[24, 36, 94, 41, 97] - 546.2692933579008
[24, 90, 94, 41, 97] - 547.671497999301
[24, 36, 90, 41, 97] - 541.7489572437992
[24, 36, 90, 94, 41] - 622.4506108467008
[24, 36, 38, 90, 94, 97] - 583.2598744192579
[67, 38, 71, 41, 97] - 602.782270227501
[67, 38, 71, 94, 41] - 619.7177007673989
[67, 36, 38, 71, 41] - 628.2615117342995
[67, 38, 90, 71, 41] - 672.4010093591012
[67, 71, 94, 41, 97] - 611.5348026241995
[67, 36, 71, 41, 97] - 618.152237640701
[67, 90, 71, 41, 97] - 663.2453314850001
[67, 36, 90, 71, 94, 41] - 529.0332685989925
[67, 36, 38, 71, 94, 97] - 565.248397566648
[67, 38, 90, 71, 94, 97] - 563.5489864150431
[67, 36, 38, 90, 71, 97] - 571.657563102526
[67, 36, 38, 90, 71, 94] - 618.0463520955121
[67, 36, 90, 71, 94, 97] - 653.6096658706988
[38, 71, 94, 41, 97] - 565.1030705168015
[36, 38, 71, 41, 97] - 571.9843413917002
[38, 90, 71, 41, 97] - 615.9599901338996
[36, 38, 71, 94, 41] - 639.7876538077004
[38, 90, 71, 94, 41] - 634.6822868138009
[36, 38, 90, 71, 41] - 644.629299030199
[36, 90, 71, 94, 41, 97] - 518.8396458033797
[36, 38, 90, 71, 94, 97] - 656.6779269135845
[67, 38, 94, 41, 97] - 610.2752840760003
[67, 36, 38, 41, 97] - 616.7825651335005
[67, 38, 90, 41, 97] - 660.4366699347995
[67, 36, 38, 90, 94, 41] - 515.8030947305002
[67, 36, 90, 94, 41, 97] - 550.9351751223178
[67, 36, 38, 90, 94, 97] - 697.611437390812
[36, 38, 90, 94, 41, 97] - 711.9453735611913
